Sursa,Itemul,Problema,Pasii de rezolvare,Raspunsul,Dificultate,Tema,Tema_norm,Domeniu,Dificultate_group,Sursa_type,Sursa_year,Problema_clean,Pasi_clean,Raspuns_clean,problem_chars,problem_words,steps_chars,answer_chars,n_digits,n_math_symbols,has_percent,has_geometry_word,has_equation_word,has_radical,has_function_word,has_real_life_context,problem_hash
Exersare Test 1 - 2025,1.0,"Fie a = 0,25 * 8 si b = 7 - 11. Completati casetele cu numere intregi: a = ?, b = ?, b/a = ?","a = 0,25 * 8 = 2; b = 7 - 11 = -4; b/a = -4/2 = -2",a = 2; b = -4; b/a = -2,1.0,Multimi numerice,Mulțimi numerice,Mulțimi numerice,1 - bază,exersare,2025.0,"fie a = 0,25 * 8 si b = 7 - 11. completati casetele cu numere intregi: a = ?, b = ?, b/a = ?","a = 0,25 * 8 = 2; b = 7 - 11 = -4; b/a = -4/2 = -2",a = 2; b = -4; b/a = -2,92,26,50,23,7,8,0,0,0,0,0,0,"fie a = 0,25 * 8 si b = 7 - 11. completati casetele cu numere intregi: a = ?, b = ?, b/a = ?"
Sesiune de bază 2023,5.0,Calculați expresia -3³ - 27 - 4,-27 - 27 - 4 = -58,-58,1.0,Multimi numerice,Mulțimi numerice,Mulțimi numerice,1 - bază,sesiune_baza,2023.0,calculati expresia -3³ - 27 - 4,-27 - 27 - 4 = -58,-58,31,7,18,3,4,3,0,0,0,0,0,0,calculati expresia -3³ - 27 - 4
Sesiune de baza 2025,1.0,"Fie a = (15/4) · (8/3) și b = −9 + 4. Completați casetele cu numere întregi:
a = __, b = __, a/b = __","Calculăm a:
a = (15/4) · (8/3) = (15 · 8)/(4 · 3) = 120/12 = 10

Calculăm b:
b = −9 + 4 = −5

Calculăm a/b:
a/b = 10/(−5) = −2","a = 10, b = −5, a/b = −2",1.0,Multimi numerice,Mulțimi numerice,Mulțimi numerice,1 - bază,sesiune_baza,2025.0,"fie a = (15/4) · (8/3) si b = -9 + 4. completati casetele cu numere intregi: a = __, b = __, a/b = __",calculam a: a = (15/4) · (8/3) = (15 · 8)/(4 · 3) = 120/12 = 10 calculam b: b = -9 + 4 = -5 calculam a/b: a/b = 10/(-5) = -2,"a = 10, b = -5, a/b = -2",101,26,126,24,7,13,0,0,0,0,0,0,"fie a = (15/4) · (8/3) si b = -9 + 4. completati casetele cu numere intregi: a = __, b = __, a/b = __"
Exersare Test 1 - 2024,6.0,Rezolvati in R ecuatia (2x - 1)^2 - 1 = 0.,Obtinerea ecuatiei 4x^2 - 4x =0; delta= (-4)^2-4*4*0=16; x1=(4-4)/8=0; x2=(4+4)/8=1,S = {0; 1},1.0,Ecuatie de gradul 2,Ecuații de gradul II,"Ecuații, inecuații și sisteme",1 - bază,exersare,2024.0,rezolvati in r ecuatia (2x - 1)^2 - 1 = 0.,obtinerea ecuatiei 4x^2 - 4x =0; delta= (-4)^2-4*4*0=16; x1=(4-4)/8=0; x2=(4+4)/8=1,s = {0; 1},42,11,83,10,5,6,0,0,1,0,0,0,rezolvati in r ecuatia (2x - 1)^2 - 1 = 0.
Pretestare Aprilie - 2019,6.0,Rezolvați (x²−1)/(x−1)=2 pentru x real.,"Pentru x≠1: (x-1)(x+1)/(x-1) = x+1 = 2 → x = 1. Dar x≠1, deci A = ∅",∅ (mulțimea vidă),2.0,Ecuații,Ecuații,"Ecuații, inecuații și sisteme",2 - mediu,pretestare,2019.0,rezolvati (x²-1)/(x-1)=2 pentru x real.,"pentru x=1: (x-1)(x+1)/(x-1) = x+1 = 2 → x = 1. dar x=1, deci a = ∅",∅ (multimea vida),39,5,67,17,3,6,0,0,0,0,0,0,rezolvati (x²-1)/(x-1)=2 pentru x real.
Sesiunea de bază - 2019,11.0,Rezolvați: (x+1)/(x−3) + (x−5)/(x+3) = 2/3.,"Condiții de existență: x ≠ 3, x ≠ -3.
Numitor comun: LCD = 3(x-3)(x+3).
Înmulțim ecuația cu LCD:
3(x+1)(x+3) + 3(x-5)(x-3) = 2(x²-9)
Dezvoltăm:
3(x²+4x+3) + 3(x²-8x+15) = 2x²-18
3x²+12x+9 + 3x²-24x+45 = 2x²-18
6x²-12x+54 = 2x²-18
4x²-12x+72 = 0
x²-3x+18 = 0
Δ = 9 - 72 = -63 < 0
Ecuația nu are soluții reale.",∅ (mulțimea vidă),3.0,Ecuații,Ecuații,"Ecuații, inecuații și sisteme",3 - consolidare,sesiune_baza,2019.0,rezolvati: (x+1)/(x-3) + (x-5)/(x+3) = 2/3.,"conditii de existenta: x = 3, x = -3. numitor comun: lcd = 3(x-3)(x+3). inmultim ecuatia cu lcd: 3(x+1)(x+3) + 3(x-5)(x-3) = 2(x²-9) dezvoltam: 3(x²+4x+3) + 3(x²-8x+15) = 2x²-18 3x²+12x+9 + 3x²-24x+45 = 2x²-18 6x²-12x+54 = 2x²-18 4x²-12x+72 = 0 x²-3x+18 = 0 δ = 9 - 72 = -63 < 0 ecuatia nu are solutii reale.",∅ (multimea vida),43,6,308,17,6,15,0,0,0,0,0,0,rezolvati: (x+1)/(x-3) + (x-5)/(x+3) = 2/3.
Exersare Test 1 - 2017,11.0,E(X)=(X−3)/(2X−3)+(X−1)/(3(X−3)). Găsiți X pentru E(X)=1.,"Condiții: X ≠ 3/2, X ≠ 3. LCD = 3(2X-3)(X-3). Ecuația E(X) = 1 devine: 3(X-3)² + (X-1)(2X-3) = 3(2X-3)(X-3). Dezvoltăm: 3(X²-6X+9) + (2X²-5X+3) = 3(2X²-9X+9). 3X²-18X+27 + 2X²-5X+3 = 6X²-27X+27. 5X²-23X+30 = 6X²-27X+27. 0 = X²-4X-3. X = (4±√28)/2 = 2±√7.",X = 2+√7 sau X = 2-√7,3.0,Ecuații,Ecuații,"Ecuații, inecuații și sisteme",3 - consolidare,exersare,2017.0,e(x)=(x-3)/(2x-3)+(x-1)/(3(x-3)). gasiti x pentru e(x)=1.,"conditii: x = 3/2, x = 3. lcd = 3(2x-3)(x-3). ecuatia e(x) = 1 devine: 3(x-3)² + (x-1)(2x-3) = 3(2x-3)(x-3). dezvoltam: 3(x²-6x+9) + (2x²-5x+3) = 3(2x²-9x+9). 3x²-18x+27 + 2x²-5x+3 = 6x²-27x+27. 5x²-23x+30 = 6x²-27x+27. 0 = x²-4x-3. x = (4±√28)/2 = 2±√7.",x = 2+√7 sau x = 2-√7,57,5,254,21,7,19,0,0,0,0,0,0,e(x)=(x-3)/(2x-3)+(x-1)/(3(x-3)). gasiti x pentru e(x)=1.
Exersare Test 2 - 2017,11.0,Rezolvați 1/(2−x) + 1/x = 1 în ℝ.,"LCD = x(2-x). (x + 2-x)/(x(2-x)) = 1 → 2 = x(2-x) → x² - 2x + 2 = 0. Δ < 0, ∅",∅ (nu are soluții reale),2.0,Ecuații,Ecuații,"Ecuații, inecuații și sisteme",2 - mediu,exersare,2017.0,rezolvati 1/(2-x) + 1/x = 1 in ℝ.,"lcd = x(2-x). (x + 2-x)/(x(2-x)) = 1 → 2 = x(2-x) → x² - 2x + 2 = 0. δ < 0, ∅",∅ (nu are solutii reale),33,8,77,24,4,6,0,0,0,0,0,0,rezolvati 1/(2-x) + 1/x = 1 in ℝ.
Sesiunea de bază - 2015,11.0,Rezolvați (x+1)/(x−3)+(x−2)/x=(x+1)/(x−3)×(x−2)/x.,"Notăm A=(x+1)/(x-3), B=(x-2)/x. A+B=AB→(A-1)(B-1)=1. A-1=4/(x-3), B-1=-2/x. -8/(x(x-3))=1. x²-3x+8=0. Δ=9-32=-23<0.",S=∅ (nu are soluții reale),3.0,Ecuații,Ecuații,"Ecuații, inecuații și sisteme",3 - consolidare,sesiune_baza,2015.0,rezolvati (x+1)/(x-3)+(x-2)/x=(x+1)/(x-3)×(x-2)/x.,"notam a=(x+1)/(x-3), b=(x-2)/x. a+b=ab→(a-1)(b-1)=1. a-1=4/(x-3), b-1=-2/x. -8/(x(x-3))=1. x²-3x+8=0. δ=9-32=-23<0.",s=∅ (nu are solutii reale),50,2,115,26,6,20,0,0,0,0,0,0,rezolvati (x+1)/(x-3)+(x-2)/x=(x+1)/(x-3)×(x-2)/x.
Pretestare - 2014,11.0,Rezolvați (x+2)/(x−2)−10/(x²−4)=(x+1)/(x+2).,"LCD=(x-2)(x+2), x≠±2. (x+2)²-10=(x+1)(x-2). x²+4x+4-10=x²-x-2. 5x=4. x=4/5.",x=4/5,3.0,Ecuații,Ecuații,"Ecuații, inecuații și sisteme",3 - consolidare,pretestare,2014.0,rezolvati (x+2)/(x-2)-10/(x²-4)=(x+1)/(x+2).,"lcd=(x-2)(x+2), x=±2. (x+2)²-10=(x+1)(x-2). x²+4x+4-10=x²-x-2. 5x=4. x=4/5.",x=4/5,44,2,75,5,7,17,0,0,0,0,0,0,rezolvati (x+2)/(x-2)-10/(x²-4)=(x+1)/(x+2).
Exersare Test 2 - 2021,11.0,Determinați X pentru care X/(X-3) = 18/(X²-9),X²-9 = (X-3)(X+3). Ecuația: X/(X-3) = 18/((X-3)(X+3)). Înmulțim cu (X-3): X = 18/(X+3) => X(X+3) = 18 => X² + 3X - 18 = 0. Δ = 9 + 72 = 81. X₁ = (-3+9)/2 = 3; X₂ = (-3-9)/2 = -6. X = 3 nu e valid (numitor = 0). X = -6,X = -6,3.0,Ecuații cu fracții,Ecuații,"Ecuații, inecuații și sisteme",3 - consolidare,exersare,2021.0,determinati x pentru care x/(x-3) = 18/(x²-9),x²-9 = (x-3)(x+3). ecuatia: x/(x-3) = 18/((x-3)(x+3)). inmultim cu (x-3): x = 18/(x+3) => x(x+3) = 18 => x² + 3x - 18 = 0. δ = 9 + 72 = 81. x₁ = (-3+9)/2 = 3; x₂ = (-3-9)/2 = -6. x = 3 nu e valid (numitor = 0). x = -6,x = -6,45,7,217,6,4,9,0,0,0,0,0,0,determinati x pentru care x/(x-3) = 18/(x²-9)
Exersare Test 1 - 2020,6.0,Determinați cea mai mică soluție a ecuației |2x − 3| = 5.,2x - 3 = 5 → x = 4; 2x - 3 = -5 → x = -1. Min = -1,-1,2.0,Ecuații cu modul,Ecuații,"Ecuații, inecuații și sisteme",2 - mediu,exersare,2020.0,determinati cea mai mica solutie a ecuatiei |2x - 3| = 5.,2x - 3 = 5 → x = 4; 2x - 3 = -5 → x = -1. min = -1,-1,57,12,50,2,3,1,0,0,1,0,0,0,determinati cea mai mica solutie a ecuatiei |2x - 3| = 5.
Exersare Test 1 - 2022,6.0,Fie A multimea solutiilor reale ale ecuatiei 3x² + 5x - 2 = 0. Determinati multimea A \ Z (A fara Z),"Δ = 25 + 24 = 49. x₁ = (-5+7)/6 = 1/3; x₂ = (-5-7)/6 = -2. A = {1/3, -2}. A \ Z = {1/3}",{1/3},1.0,Ecuatii de gradul II,Ecuații de gradul II,"Ecuații, inecuații și sisteme",1 - bază,exersare,2022.0,fie a multimea solutiilor reale ale ecuatiei 3x² + 5x - 2 = 0. determinati multimea a \ z (a fara z),"δ = 25 + 24 = 49. x₁ = (-5+7)/6 = 1/3; x₂ = (-5-7)/6 = -2. a = {1/3, -2}. a \ z = {1/3}",{1/3},100,22,87,5,4,5,0,0,1,0,0,0,fie a multimea solutiilor reale ale ecuatiei 3x² + 5x - 2 = 0. determinati multimea a \ z (a fara z)
Exersare Test 1 - 2023,6.0,"Determinati solutiile reale ale ecuatiei 3x^2 + 4x - 4 = 0, care apartin intervalului [-sqrt(2); sqrt(2)].","Δ = 64, x1 = -2, x2 = 2/3 ; -2<(-sqrt(2)) => x1 nu apartine intervalului, doar x2 apartine",2/3,1.0,Ecuatii de gradul II,Ecuații de gradul II,"Ecuații, inecuații și sisteme",1 - bază,exersare,2023.0,"determinati solutiile reale ale ecuatiei 3x^2 + 4x - 4 = 0, care apartin intervalului [-sqrt(2); sqrt(2)].","δ = 64, x1 = -2, x2 = 2/3 ; -2<(-sqrt(2)) => x1 nu apartine intervalului, doar x2 apartine",2/3,106,17,90,3,7,11,0,0,1,1,0,0,"determinati solutiile reale ale ecuatiei 3x^2 + 4x - 4 = 0, care apartin intervalului [-sqrt(2); sqrt(2)]."
Exersare Test 1 - 2025,6.0,Determinati inversul solutiei reale nenule a ecuatiei 4x^2 - 3x = 0.,1) Rezolvam ecuatia: 4x^2 - 3x = 0 => x(4x - 3) = 0. 2) Solutii: x = 0 sau x = 3/4. 3) Solutia nenula: x = 3/4. 4) Inversul lui 3/4 este 4/3.,4/3,2.0,Ecuatii de gradul II,Ecuații de gradul II,"Ecuații, inecuații și sisteme",2 - mediu,exersare,2025.0,determinati inversul solutiei reale nenule a ecuatiei 4x^2 - 3x = 0.,1) rezolvam ecuatia: 4x^2 - 3x = 0 => x(4x - 3) = 0. 2) solutii: x = 0 sau x = 3/4. 3) solutia nenula: x = 3/4. 4) inversul lui 3/4 este 4/3.,4/3,68,12,141,3,4,3,0,0,1,0,0,0,determinati inversul solutiei reale nenule a ecuatiei 4x^2 - 3x = 0.
Exersare Test 2 - 2022,6.0,Determinati suma patratelor solutiilor reale ale ecuatiei x^2 - 2x - 15 = 0,delta=4+60=64; x1=(2+8)/2=5; x2=(2-8)/2=-3; x1^2+x2^2=25+9=34,34,2.0,Ecuatii de gradul II,Ecuații de gradul II,"Ecuații, inecuații și sisteme",2 - mediu,exersare,2022.0,determinati suma patratelor solutiilor reale ale ecuatiei x^2 - 2x - 15 = 0,delta=4+60=64; x1=(2+8)/2=5; x2=(2-8)/2=-3; x1^2+x2^2=25+9=34,34,75,14,61,2,5,4,0,0,1,0,0,0,determinati suma patratelor solutiilor reale ale ecuatiei x^2 - 2x - 15 = 0
Exersare Test 2 - 2023,6.0,Determinati inversul celei mai mici solutii reale ale ecuatiei 12x² - 7x + 1 = 0,Δ = 49 - 48 = 1; x1 = (7-1)/24 = 6/24 = 1/4; x2 = (7+1)/24 = 8/24 = 1/3; Cea mai mică: 1/4; Inversul: 4,4,1.0,Ecuatii de gradul II,Ecuații de gradul II,"Ecuații, inecuații și sisteme",1 - bază,exersare,2023.0,determinati inversul celei mai mici solutii reale ale ecuatiei 12x² - 7x + 1 = 0,δ = 49 - 48 = 1; x1 = (7-1)/24 = 6/24 = 1/4; x2 = (7+1)/24 = 8/24 = 1/3; cea mai mica: 1/4; inversul: 4,4,80,16,103,1,5,3,0,0,1,0,0,1,determinati inversul celei mai mici solutii reale ale ecuatiei 12x² - 7x + 1 = 0
Sesiune de baza 2025,6.0,Determinați pătratul celei mai mici soluții reale a ecuației 2x² − x − 3 = 0.,"Rezolvăm ecuația 2x² − x − 3 = 0:
Δ = 1 + 24 = 25
√Δ = 5

x₁ = (1 + 5)/4 = 6/4 = 3/2
x₂ = (1 − 5)/4 = −4/4 = −1

Cea mai mică soluție: x₂ = −1
Pătratul: (−1)² = 1",1,2.0,Ecuatii de gradul II,Ecuații de gradul II,"Ecuații, inecuații și sisteme",2 - mediu,sesiune_baza,2025.0,determinati patratul celei mai mici solutii reale a ecuatiei 2x² - x - 3 = 0.,rezolvam ecuatia 2x² - x - 3 = 0: δ = 1 + 24 = 25 √δ = 5 x₁ = (1 + 5)/4 = 6/4 = 3/2 x₂ = (1 - 5)/4 = -4/4 = -1 cea mai mica solutie: x₂ = -1 patratul: (-1)² = 1,1,77,16,162,1,3,1,0,0,1,0,0,1,determinati patratul celei mai mici solutii reale a ecuatiei 2x² - x - 3 = 0.
Exersare Test 2 - 2021,6.0,A = mulțimea soluțiilor ecuației 5x² + 3x - 2 = 0. Determinați A ∩ [-1; 3/10),"Δ = 9 + 40 = 49. x₁ = (-3+7)/10 = 2/5; x₂ = (-3-7)/10 = -1. A = {-1, 2/5}. Verificăm: -1 ∈ [-1; 3/10)? Da. 2/5 = 0.4 ∈ [-1; 3/10)? 0.4 > 0.3, nu. A ∩ [-1; 3/10) = {-1}",{-1},2.0,Ecuații de gradul II,Ecuații de gradul II,"Ecuații, inecuații și sisteme",2 - mediu,exersare,2021.0,a = multimea solutiilor ecuatiei 5x² + 3x - 2 = 0. determinati a ∩ [-1; 3/10),"δ = 9 + 40 = 49. x₁ = (-3+7)/10 = 2/5; x₂ = (-3-7)/10 = -1. a = {-1, 2/5}. verificam: -1 ∈ [-1; 3/10)? da. 2/5 = 0.4 ∈ [-1; 3/10)? 0.4 > 0.3, nu. a ∩ [-1; 3/10) = {-1}",{-1},77,17,167,4,8,8,0,0,1,0,0,0,a = multimea solutiilor ecuatiei 5x² + 3x - 2 = 0. determinati a ∩ [-1; 3/10)
Exersare Test 2 - 2024,6.0,"Determinați soluțiile reale ale ecuației 8x² - 10x + 3 = 0, care sunt mai mari decât 2/3.",Δ = 100 - 96 = 4; x₁ = (10-2)/16 = 8/16 = 1/2; x₂ = (10+2)/16 = 12/16 = 3/4. Soluția > 2/3: doar 3/4,3/4,4.0,Ecuații de gradul II,Ecuații de gradul II,"Ecuații, inecuații și sisteme",4 - avansat,exersare,2024.0,"determinati solutiile reale ale ecuatiei 8x² - 10x + 3 = 0, care sunt mai mari decat 2/3.",δ = 100 - 96 = 4; x₁ = (10-2)/16 = 8/16 = 1/2; x₂ = (10+2)/16 = 12/16 = 3/4. solutia > 2/3: doar 3/4,3/4,89,18,100,3,7,4,0,0,1,0,0,0,"determinati solutiile reale ale ecuatiei 8x² - 10x + 3 = 0, care sunt mai mari decat 2/3."
Exersare Test 2 - 2025,6.0,Cubul rădăcinii mai mari a ecuației x² − 2x − 3 = 0,"Rezolvăm x²-2x-3=0: Δ=4+12=16, x₁=(2+4)/2=3, x₂=(2-4)/2=-1. Rădăcina mai mare: x=3. Cubul: 3³=27.",27,3.0,Ecuații de gradul II,Ecuații de gradul II,"Ecuații, inecuații și sisteme",3 - consolidare,exersare,2025.0,cubul radacinii mai mari a ecuatiei x² - 2x - 3 = 0,"rezolvam x²-2x-3=0: δ=4+12=16, x₁=(2+4)/2=3, x₂=(2-4)/2=-1. radacina mai mare: x=3. cubul: 3³=27.",27,51,13,97,2,3,1,0,0,1,0,0,0,cubul radacinii mai mari a ecuatiei x² - 2x - 3 = 0
Pretestare 2024,6.0,Rezolvați x(x-1) - 12 = 0,"x² - x - 12 = 0. Δ = 49. x₁ = 4, x₂ = -3","x₁ = 4, x₂ = -3",3.0,Ecuații de gradul II,Ecuații de gradul II,"Ecuații, inecuații și sisteme",3 - consolidare,pretestare,2024.0,rezolvati x(x-1) - 12 = 0,"x² - x - 12 = 0. δ = 49. x₁ = 4, x₂ = -3","x₁ = 4, x₂ = -3",25,6,40,15,4,5,0,0,0,0,0,0,rezolvati x(x-1) - 12 = 0
Pretestare 2025,3.0,Cel mai mic întreg între rădăcinile ecuației 6x²+7x-3=0,"x₁ = 1/3, x₂ = -3/2. Între -1.5 și 0.33, cel mai mic întreg: -1",-1,3.0,Ecuații de gradul II,Ecuații de gradul II,"Ecuații, inecuații și sisteme",3 - consolidare,pretestare,2025.0,cel mai mic intreg intre radacinile ecuatiei 6x²+7x-3=0,"x₁ = 1/3, x₂ = -3/2. intre -1.5 si 0.33, cel mai mic intreg: -1",-1,55,8,63,2,4,3,0,0,1,0,0,0,cel mai mic intreg intre radacinile ecuatiei 6x²+7x-3=0
Sesiune de bază 2022,6.0,Rezolvați ecuația 6x² + 7x + 2 = 0 pentru cea mai mare rădăcină reală,"Δ = 49 - 48 = 1. x₁ = -1/2, x₂ = -2/3. Cea mai mare: -1/2",x = -1/2,3.0,Ecuații de gradul II,Ecuații de gradul II,"Ecuații, inecuații și sisteme",3 - consolidare,sesiune_baza,2022.0,rezolvati ecuatia 6x² + 7x + 2 = 0 pentru cea mai mare radacina reala,"δ = 49 - 48 = 1. x₁ = -1/2, x₂ = -2/3. cea mai mare: -1/2",x = -1/2,69,15,57,8,4,3,0,0,1,0,0,0,rezolvati ecuatia 6x² + 7x + 2 = 0 pentru cea mai mare radacina reala
Sesiune de bază 2023,6.0,Rezolvați x² - 3x - 4 = 0 și găsiți diferența absolută a soluțiilor,"x₁ = 4, x₂ = -1. Diferența: |4 - (-1)| = 5",5,3.0,Ecuații de gradul II,Ecuații de gradul II,"Ecuații, inecuații și sisteme",3 - consolidare,sesiune_baza,2023.0,rezolvati x² - 3x - 4 = 0 si gasiti diferenta absoluta a solutiilor,"x₁ = 4, x₂ = -1. diferenta: |4 - (-1)| = 5",5,67,14,42,1,3,3,0,0,1,0,0,0,rezolvati x² - 3x - 4 = 0 si gasiti diferenta absoluta a solutiilor
Sesiune de bază 2024,6.0,Rezolvați 3x² - 7x + 2 = 0 pentru soluții mai mari decât √2,"x₁ = 2, x₂ = 1/3. √2 ≈ 1.41. Soluția > √2: x = 2",x = 2,3.0,Ecuații de gradul II,Ecuații de gradul II,"Ecuații, inecuații și sisteme",3 - consolidare,sesiune_baza,2024.0,rezolvati 3x² - 7x + 2 = 0 pentru solutii mai mari decat √2,"x₁ = 2, x₂ = 1/3. √2 ≈ 1.41. solutia > √2: x = 2",x = 2,59,14,48,5,5,4,0,0,1,1,0,0,rezolvati 3x² - 7x + 2 = 0 pentru solutii mai mari decat √2
Exersare Test 2 - 2020,6.0,Determinați |r₁ − r₂| pentru ecuația x² − 5x + 6 = 0.,"x² - 5x + 6 = 0 → (x-2)(x-3) = 0 → x₁ = 2, x₂ = 3. |r₁ - r₂| = |2-3| = 1",1,2.0,Ecuații de gradul II,Ecuații de gradul II,"Ecuații, inecuații și sisteme",2 - mediu,exersare,2020.0,determinati |r₁ - r₂| pentru ecuatia x² - 5x + 6 = 0.,"x² - 5x + 6 = 0 → (x-2)(x-3) = 0 → x₁ = 2, x₂ = 3. |r₁ - r₂| = |2-3| = 1",1,53,13,72,1,3,2,0,0,1,0,0,0,determinati |r₁ - r₂| pentru ecuatia x² - 5x + 6 = 0.
Sesiunea de bază - 2019,6.0,A = soluțiile reale ale x²−x−6=0. Găsiți A∩ℕ.,"x² - x - 6 = 0 → (x-3)(x+2) = 0 → x = 3, x = -2. A∩ℕ = {3}",{3},2.0,Ecuații de gradul II,Ecuații de gradul II,"Ecuații, inecuații și sisteme",2 - mediu,sesiune_baza,2019.0,a = solutiile reale ale x²-x-6=0. gasiti a∩ℕ.,"x² - x - 6 = 0 → (x-3)(x+2) = 0 → x = 3, x = -2. a∩ℕ = {3}",{3},45,8,58,3,2,2,0,0,1,0,0,0,a = solutiile reale ale x²-x-6=0. gasiti a∩ℕ.
Exersare Test 1 - 2018,6.0,Găsiți cea mai mică soluție a ecuației 6x² + 5x + 1 = 0.,"6x² + 5x + 1 = 0. x = (-5±1)/12. x₁ = -1/3, x₂ = -1/2. Min = -1/2",-1/2,2.0,Ecuații de gradul II,Ecuații de gradul II,"Ecuații, inecuații și sisteme",2 - mediu,exersare,2018.0,gasiti cea mai mica solutie a ecuatiei 6x² + 5x + 1 = 0.,"6x² + 5x + 1 = 0. x = (-5±1)/12. x₁ = -1/3, x₂ = -1/2. min = -1/2",-1/2,56,14,65,4,4,3,0,0,1,0,0,0,gasiti cea mai mica solutie a ecuatiei 6x² + 5x + 1 = 0.
Exersare Test 2 - 2018,6.0,Găsiți |diferența rădăcinilor| pentru x² + 2x − 8 = 0.,"x² + 2x - 8 = 0 → (x+4)(x-2) = 0 → x = -4, 2. |−4−2| = 6",6,2.0,Ecuații de gradul II,Ecuații de gradul II,"Ecuații, inecuații și sisteme",2 - mediu,exersare,2018.0,gasiti |diferenta radacinilor| pentru x² + 2x - 8 = 0.,"x² + 2x - 8 = 0 → (x+4)(x-2) = 0 → x = -4, 2. |-4-2| = 6",6,54,11,56,1,3,2,0,0,0,0,0,0,gasiti |diferenta radacinilor| pentru x² + 2x - 8 = 0.
Pretestare - 2018,6.0,Modulul celei mai mici soluții a ecuației 2x² + 5x + 2 = 0.,"2x² + 5x + 2 = 0. x = (-5±3)/4. x₁ = -1/2, x₂ = -2. |min| = |-2| = 2",2,2.0,Ecuații de gradul II,Ecuații de gradul II,"Ecuații, inecuații și sisteme",2 - mediu,pretestare,2018.0,modulul celei mai mici solutii a ecuatiei 2x² + 5x + 2 = 0.,"2x² + 5x + 2 = 0. x = (-5±3)/4. x₁ = -1/2, x₂ = -2. |min| = |-2| = 2",2,59,14,68,1,4,3,0,0,1,0,0,1,modulul celei mai mici solutii a ecuatiei 2x² + 5x + 2 = 0.
Sesiunea de bază - 2018,6.0,Modulul diferenței soluțiilor x² − 7x + 12 = 0.,"(x-3)(x-4) = 0 → x = 3, 4. |3-4| = 1",1,2.0,Ecuații de gradul II,Ecuații de gradul II,"Ecuații, inecuații și sisteme",2 - mediu,sesiune_baza,2018.0,modulul diferentei solutiilor x² - 7x + 12 = 0.,"(x-3)(x-4) = 0 → x = 3, 4. |3-4| = 1",1,47,10,36,1,4,2,0,0,1,0,0,0,modulul diferentei solutiilor x² - 7x + 12 = 0.
Exersare Test 1 - 2017,6.0,"Pentru 3x² − 2x − 8 = 0, determinați A∖ℕ.","x = (2±√(4+96))/6 = (2±10)/6. x₁ = 2, x₂ = -4/3. A = {2, -4/3}. A∖ℕ = {-4/3}",{-4/3},2.0,Ecuații de gradul II,Ecuații de gradul II,"Ecuații, inecuații și sisteme",2 - mediu,exersare,2017.0,"pentru 3x² - 2x - 8 = 0, determinati a∖ℕ.","x = (2±√(4+96))/6 = (2±10)/6. x₁ = 2, x₂ = -4/3. a = {2, -4/3}. a∖ℕ = {-4/3}",{-4/3},41,10,76,6,4,1,0,0,0,0,0,0,"pentru 3x² - 2x - 8 = 0, determinati a∖ℕ."
Exersare Test 2 - 2017,6.0,"Rezolvați -6x²−x+2=0. A∩(-½,1).","6x²+x-2=0. x = (-1±7)/12. x₁ = 1/2, x₂ = -2/3. A∩(-1/2,1) = {1/2}",{1/2},2.0,Ecuații de gradul II,Ecuații de gradul II,"Ecuații, inecuații și sisteme",2 - mediu,exersare,2017.0,"rezolvati -6x²-x+2=0. a∩(-½,1).","6x²+x-2=0. x = (-1±7)/12. x₁ = 1/2, x₂ = -2/3. a∩(-1/2,1) = {1/2}",{1/2},31,3,65,5,4,6,0,0,0,0,0,0,"rezolvati -6x²-x+2=0. a∩(-½,1)."
Pretestare - 2017,6.0,"A = soluțiile lui 2x² + 5x - 3 = 0. Dați A ∪ {-3, 3}.","x = (-5±7)/4. x₁ = 1/2, x₂ = -3. A = {1/2, -3}. A∪{-3,3} = {-3, 1/2, 3}","{-3, 1/2, 3}",2.0,Ecuații de gradul II,Ecuații de gradul II,"Ecuații, inecuații și sisteme",2 - mediu,pretestare,2017.0,"a = solutiile lui 2x² + 5x - 3 = 0. dati a ∪ {-3, 3}.","x = (-5±7)/4. x₁ = 1/2, x₂ = -3. a = {1/2, -3}. a∪{-3,3} = {-3, 1/2, 3}","{-3, 1/2, 3}",53,16,71,12,6,7,0,0,1,0,0,0,"a = solutiile lui 2x² + 5x - 3 = 0. dati a ∪ {-3, 3}."
Sesiunea de bază - 2017,6.0,"A = soluțiile lui 3x² + 7x − 6 = 0. A ∩ [−1, 7/10].","x = (-7±√(49+72))/6 = (-7±11)/6. x₁ = 2/3, x₂ = -3. A∩[-1,7/10] = {2/3}",{2/3},2.0,Ecuații de gradul II,Ecuații de gradul II,"Ecuații, inecuații și sisteme",2 - mediu,sesiune_baza,2017.0,"a = solutiile lui 3x² + 7x - 6 = 0. a ∩ [-1, 7/10].","x = (-7±√(49+72))/6 = (-7±11)/6. x₁ = 2/3, x₂ = -3. a∩[-1,7/10] = {2/3}",{2/3},51,15,71,5,8,6,0,0,1,0,0,0,"a = solutiile lui 3x² + 7x - 6 = 0. a ∩ [-1, 7/10]."
Exersare Test 1 - 2016,6.0,"A∖{-3,2} pentru rădăcinile lui 2x²+5x−3=0.","x = (-5±7)/4. x₁ = 1/2, x₂ = -3. A∖{-3,2} = {1/2}",{1/2},2.0,Ecuații de gradul II,Ecuații de gradul II,"Ecuații, inecuații și sisteme",2 - mediu,exersare,2016.0,"a∖{-3,2} pentru radacinile lui 2x²+5x-3=0.","x = (-5±7)/4. x₁ = 1/2, x₂ = -3. a∖{-3,2} = {1/2}",{1/2},42,5,49,5,6,5,0,0,0,0,0,0,"a∖{-3,2} pentru radacinile lui 2x²+5x-3=0."
Exersare Test 2 - 2016,6.0,|A∩ℕ| pentru rădăcinile lui 4x²+12x+9=0.,(2x+3)² = 0 → x = -3/2. A = {-3/2}. A∩ℕ = ∅. |A∩ℕ| = 0,0,2.0,Ecuații de gradul II,Ecuații de gradul II,"Ecuații, inecuații și sisteme",2 - mediu,exersare,2016.0,|a∩ℕ| pentru radacinile lui 4x²+12x+9=0.,(2x+3)² = 0 → x = -3/2. a = {-3/2}. a∩ℕ = ∅. |a∩ℕ| = 0,0,40,5,54,1,5,3,0,0,0,0,0,0,|a∩ℕ| pentru radacinile lui 4x²+12x+9=0.
Pretestare - 2016,6.0,"A = soluțiile lui 4x²+3x−10=0. Dați A∪{−2,0}.","x = (-3±√(9+160))/8 = (-3±13)/8. x₁ = 5/4, x₂ = -2. A∪{-2,0} = {-2, 0, 5/4}","{-2, 0, 5/4}",2.0,Ecuații de gradul II,Ecuații de gradul II,"Ecuații, inecuații și sisteme",2 - mediu,pretestare,2016.0,"a = solutiile lui 4x²+3x-10=0. dati a∪{-2,0}.","x = (-3±√(9+160))/8 = (-3±13)/8. x₁ = 5/4, x₂ = -2. a∪{-2,0} = {-2, 0, 5/4}","{-2, 0, 5/4}",45,7,75,12,7,5,0,0,1,0,0,0,"a = solutiile lui 4x²+3x-10=0. dati a∪{-2,0}."
Sesiunea de bază - 2016,6.0,"A = soluțiile lui 4x²+3x−10=0. A∪{−2,0}.","x₁ = 5/4, x₂ = -2. A∪{-2,0} = {-2, 0, 5/4}","{-2, 0, 5/4}",2.0,Ecuații de gradul II,Ecuații de gradul II,"Ecuații, inecuații și sisteme",2 - mediu,sesiune_baza,2016.0,"a = solutiile lui 4x²+3x-10=0. a∪{-2,0}.","x₁ = 5/4, x₂ = -2. a∪{-2,0} = {-2, 0, 5/4}","{-2, 0, 5/4}",40,6,42,12,7,5,0,0,1,0,0,0,"a = solutiile lui 4x²+3x-10=0. a∪{-2,0}."
Exersare Test 1 - 2015,6.0,"A∩(0,7) pentru soluțiile lui 3x²+5x−2=0.","x = (-5±7)/6. x₁ = 1/3, x₂ = -2. A∩(0,7) = {1/3}",{1/3},2.0,Ecuații de gradul II,Ecuații de gradul II,"Ecuații, inecuații și sisteme",2 - mediu,exersare,2015.0,"a∩(0,7) pentru solutiile lui 3x²+5x-2=0.","x = (-5±7)/6. x₁ = 1/3, x₂ = -2. a∩(0,7) = {1/3}",{1/3},40,5,48,5,6,4,0,0,1,0,0,0,"a∩(0,7) pentru solutiile lui 3x²+5x-2=0."
Exersare Test 2 - 2015,6.0,A = soluțiile lui 3x²+11x−4=0. A∩ℤ.,"x = (-11±√(121+48))/6 = (-11±13)/6. x₁ = 1/3, x₂ = -4. A∩ℤ = {-4}",{-4},2.0,Ecuații de gradul II,Ecuații de gradul II,"Ecuații, inecuații și sisteme",2 - mediu,exersare,2015.0,a = solutiile lui 3x²+11x-4=0. a∩ℤ.,"x = (-11±√(121+48))/6 = (-11±13)/6. x₁ = 1/3, x₂ = -4. a∩ℤ = {-4}",{-4},35,6,65,4,5,3,0,0,1,0,0,0,a = solutiile lui 3x²+11x-4=0. a∩ℤ.
Pretestare - 2015,6.0,Soluțiile lui x²−4x+3=0 în {x∈ℝ|x>1}.,"(x-1)(x-3)=0 → x=1, x=3. x>1 → {3}",{3},2.0,Ecuații de gradul II,Ecuații de gradul II,"Ecuații, inecuații și sisteme",2 - mediu,pretestare,2015.0,solutiile lui x²-4x+3=0 in {x∈ℝ|x>1}.,"(x-1)(x-3)=0 → x=1, x=3. x>1 → {3}",{3},37,5,34,3,4,5,0,0,1,0,0,0,solutiile lui x²-4x+3=0 in {x∈ℝ|x>1}.
Sesiunea de bază - 2015,6.0,"Rezolvați x²−x−6=0, apoi A∩{x>0}.","(x-3)(x+2)=0 → x=3, x=-2. A∩{x>0} = {3}",{3},2.0,Ecuații de gradul II,Ecuații de gradul II,"Ecuații, inecuații și sisteme",2 - mediu,sesiune_baza,2015.0,"rezolvati x²-x-6=0, apoi a∩{x>0}.","(x-3)(x+2)=0 → x=3, x=-2. a∩{x>0} = {3}",{3},33,4,39,3,3,4,0,0,0,0,0,0,"rezolvati x²-x-6=0, apoi a∩{x>0}."
Exersare Test 2 - 2014,11.0,"Găsiți a real pentru rădăcinile x₁, x₂ ale x²-2x+a-2=0 cu 3x₁+x₂=-4.","x₁+x₂ = 2. 3x₁+x₂ = -4. 2x₁ = -6 → x₁ = -3, x₂ = 5. a-2 = -15 → a = -13",a = -13,2.0,Ecuații de gradul II,Ecuații de gradul II,"Ecuații, inecuații și sisteme",2 - mediu,exersare,2014.0,"gasiti a real pentru radacinile x₁, x₂ ale x²-2x+a-2=0 cu 3x₁+x₂=-4.","x₁+x₂ = 2. 3x₁+x₂ = -4. 2x₁ = -6 → x₁ = -3, x₂ = 5. a-2 = -15 → a = -13",a = -13,68,11,71,7,5,7,0,0,0,0,0,0,"gasiti a real pentru radacinile x₁, x₂ ale x²-2x+a-2=0 cu 3x₁+x₂=-4."
Pretestare 2023,4.0,"Rezolvați sistemul: 2x + 20 = 3(x - 1), găsiți x = 23",2x + 20 = 3x - 3 → x = 23,x = 23,2.0,Ecuații liniare,Ecuații,"Ecuații, inecuații și sisteme",2 - mediu,pretestare,2023.0,"rezolvati sistemul: 2x + 20 = 3(x - 1), gasiti x = 23",2x + 20 = 3x - 3 → x = 23,x = 23,53,13,25,6,7,6,0,0,1,0,0,0,"rezolvati sistemul: 2x + 20 = 3(x - 1), gasiti x = 23"
Exersare Test 2 - 2023,11.0,"Rezolvati in R\{-2, 0, 2} ecuatia: 3/(x^2+2x) + (3x+2)/(x^3-4x) = 1/(x-2)","x^2 + 2x = x(x+2); x^3 - 4x = x(x-2)(x+2). Numitor comun: x(x-2)(x+2). Ecuația devine: 3(x-2) + 3x + 2 = x(x+2); 3x - 6 + 3x + 2 = x^2+ 2x; 6x - 4 = x^2 + 2x; x^2 - 4x + 4 = 0; (x-2)^2 = 0; x = 2, dar x nu apartine {-2, 0, 2}",S=multimea vida,5.0,Ecuații rationale,Ecuații,"Ecuații, inecuații și sisteme",4 - avansat,exersare,2023.0,"rezolvati in r\{-2, 0, 2} ecuatia: 3/(x^2+2x) + (3x+2)/(x^3-4x) = 1/(x-2)","x^2 + 2x = x(x+2); x^3 - 4x = x(x-2)(x+2). numitor comun: x(x-2)(x+2). ecuatia devine: 3(x-2) + 3x + 2 = x(x+2); 3x - 6 + 3x + 2 = x^2+ 2x; 6x - 4 = x^2 + 2x; x^2 - 4x + 4 = 0; (x-2)^2 = 0; x = 2, dar x nu apartine {-2, 0, 2}",s=multimea vida,73,11,225,15,12,22,0,0,1,0,0,0,"rezolvati in r\{-2, 0, 2} ecuatia: 3/(x^2+2x) + (3x+2)/(x^3-4x) = 1/(x-2)"
Sesiune de bază 2022,11.0,Rezolvați ecuația rațională (x²+5x-9)/(5x+15) - x/(x+3) = 1,x≠-3. 5x+15=5(x+3). Numitor comun: 5(x+3). (x²+5x-9-5x)/(5(x+3))=1. (x²-9)/(5(x+3))=1. (x-3)(x+3)/(5(x+3))=1. (x-3)/5=1. x=8.,x = 8,4.0,Ecuații raționale,Ecuații,"Ecuații, inecuații și sisteme",4 - avansat,sesiune_baza,2022.0,rezolvati ecuatia rationala (x²+5x-9)/(5x+15) - x/(x+3) = 1,x=-3. 5x+15=5(x+3). numitor comun: 5(x+3). (x²+5x-9-5x)/(5(x+3))=1. (x²-9)/(5(x+3))=1. (x-3)(x+3)/(5(x+3))=1. (x-3)/5=1. x=8.,x = 8,59,8,125,5,7,14,0,0,1,0,0,0,rezolvati ecuatia rationala (x²+5x-9)/(5x+15) - x/(x+3) = 1
Exersare Test 1 - 2022,11.0,"Fie expresia E(X) = (1/(X-4)) : ((X+4)/(4X-16)) + (X²-4X)/(X²-16). Aratati ca E(X) = 1, pentru orice X ∈ R \ {-4; 4}",Simplificam: 4X-16 = 4(X-4); X²-16 = (X-4)(X+4); X²-4X = X(X-4). Prima fractie: 4/(X+4). A doua: X/(X+4). E(X) = (4+X)/(X+4) = 1,E(X) = 1,3.0,Expresii algebrice,Calcul algebric,Calcul algebric,3 - consolidare,exersare,2022.0,"fie expresia e(x) = (1/(x-4)) : ((x+4)/(4x-16)) + (x²-4x)/(x²-16). aratati ca e(x) = 1, pentru orice x ∈ r \ {-4; 4}",simplificam: 4x-16 = 4(x-4); x²-16 = (x-4)(x+4); x²-4x = x(x-4). prima fractie: 4/(x+4). a doua: x/(x+4). e(x) = (4+x)/(x+4) = 1,e(x) = 1,116,22,128,8,12,32,0,0,0,0,0,0,"fie expresia e(x) = (1/(x-4)) : ((x+4)/(4x-16)) + (x²-4x)/(x²-16). aratati ca e(x) = 1, pentru orice x ∈ r \ {-4; 4}"
Exersare Test 1 - 2023,11.0,"Fie expresia E(X) = (10X^2 - 5X - 15) / (4X^3 + 4X^2 - 9X - 9). Determinati valorile naturale ale lui X, pentru care valoarea expresiei E(X) este un numar natural.","10X^2 - 5X - 15 = 5(2X - 3)(X + 1)
4X^3 + 4X^2 - 9X - 9 = 4X^2(X + 1) - 9(X + 1) = (X + 1)(2X - 3)(2X + 3)
Obtinerea E(X) = 5/(2X + 3)
Obtinerea valorii lui X = 1",X = 1,4.0,Expresii algebrice,Calcul algebric,Calcul algebric,4 - avansat,exersare,2023.0,"fie expresia e(x) = (10x^2 - 5x - 15) / (4x^3 + 4x^2 - 9x - 9). determinati valorile naturale ale lui x, pentru care valoarea expresiei e(x) este un numar natural.",10x^2 - 5x - 15 = 5(2x - 3)(x + 1) 4x^3 + 4x^2 - 9x - 9 = 4x^2(x + 1) - 9(x + 1) = (x + 1)(2x - 3)(2x + 3) obtinerea e(x) = 5/(2x + 3) obtinerea valorii lui x = 1,x = 1,163,32,162,5,12,18,0,0,0,0,0,0,"fie expresia e(x) = (10x^2 - 5x - 15) / (4x^3 + 4x^2 - 9x - 9). determinati valorile naturale ale lui x, pentru care valoarea expresiei e(x) este un numar natural."
Exersare Test 1 - 2024,11.0,"Simplificati fractia [(2x-3)^2 - 3x(x-4) - 13] / [x^2 - x - 6], pentru x apartine R \ {-2; 3}.","(2x - 3)^2 - 3x(x - 4) - 13 = x^2 - 4
x^2 - 4 = (x - 2)(x + 2)
x^2 - x - 6 = (x - 3)(x + 2)
Obtinerea fractiei (x - 2)/(x - 3)",(x - 2)/(x - 3),3.0,Expresii algebrice,Calcul algebric,Calcul algebric,3 - consolidare,exersare,2024.0,"simplificati fractia [(2x-3)^2 - 3x(x-4) - 13] / [x^2 - x - 6], pentru x apartine r \ {-2; 3}.",(2x - 3)^2 - 3x(x - 4) - 13 = x^2 - 4 x^2 - 4 = (x - 2)(x + 2) x^2 - x - 6 = (x - 3)(x + 2) obtinerea fractiei (x - 2)/(x - 3),(x - 2)/(x - 3),94,20,126,15,11,20,0,0,0,0,0,0,"simplificati fractia [(2x-3)^2 - 3x(x-4) - 13] / [x^2 - x - 6], pentru x apartine r \ {-2; 3}."
Exersare Test 2 - 2024,11.0,Fie expresia E(x) = [(3x-1)(3x+1) - (3x-2)² - 10x + 7] / (x² + x). Determinați valorile întregi ale lui x pentru care E(x) ∈ N.,"(3x-1)(3x+1) = 9x² - 1; (3x-2)² = 9x² - 12x + 4; Numărător: 9x² - 1 - 9x² + 12x - 4 - 10x + 7 = 2x + 2; Numitor: x(x+1); E(x) = 2(x+1)/(x(x+1)) = 2/x. Pentru E(x) ∈ N: x ∈ {1, 2}",{1; 2},6.0,Expresii algebrice,Calcul algebric,Calcul algebric,4 - avansat,exersare,2024.0,fie expresia e(x) = [(3x-1)(3x+1) - (3x-2)² - 10x + 7] / (x² + x). determinati valorile intregi ale lui x pentru care e(x) ∈ n.,"(3x-1)(3x+1) = 9x² - 1; (3x-2)² = 9x² - 12x + 4; numarator: 9x² - 1 - 9x² + 12x - 4 - 10x + 7 = 2x + 2; numitor: x(x+1); e(x) = 2(x+1)/(x(x+1)) = 2/x. pentru e(x) ∈ n: x ∈ {1, 2}",{1; 2},127,26,178,6,9,23,0,0,0,0,0,0,fie expresia e(x) = [(3x-1)(3x+1) - (3x-2)² - 10x + 7] / (x² + x). determinati valorile intregi ale lui x pentru care e(x) ∈ n.
Pretestare 2024,11.0,Simplificați (2x³-3x²+2x-3)/(2x²-5x+3),"Numărător: 2x³-3x²+2x-3=x²(2x-3)+1(2x-3)=(2x-3)(x²+1). Numitor: 2x²-5x+3=(2x-3)(x-1). E(x)=(x²+1)/(x-1), x≠3/2.",(x²+1)/(x-1),4.0,Expresii algebrice,Calcul algebric,Calcul algebric,4 - avansat,pretestare,2024.0,simplificati (2x³-3x²+2x-3)/(2x²-5x+3),"numarator: 2x³-3x²+2x-3=x²(2x-3)+1(2x-3)=(2x-3)(x²+1). numitor: 2x²-5x+3=(2x-3)(x-1). e(x)=(x²+1)/(x-1), x=3/2.",(x²+1)/(x-1),38,2,111,12,7,10,0,0,0,0,0,0,simplificati (2x³-3x²+2x-3)/(2x²-5x+3)
Pretestare 2025,10.0,Demonstrați că (2X⁴-2X²) este pătrat perfect pentru X∈ℕ\{1},Se factorizează și se demonstrează proprietatea,Demonstrație,4.0,Expresii algebrice,Calcul algebric,Calcul algebric,4 - avansat,pretestare,2025.0,demonstrati ca (2x⁴-2x²) este patrat perfect pentru x∈ℕ\{1},se factorizeaza si se demonstreaza proprietatea,demonstratie,59,8,47,12,3,5,0,0,0,0,0,0,demonstrati ca (2x⁴-2x²) este patrat perfect pentru x∈ℕ\{1}
Sesiune de bază 2023,11.0,Expresii algebrice cu X: E(X) = 1 + 1/(1-X). Rezolvați ecuații conexe.,"E(X)=1+1/(1-X)=(1-X+1)/(1-X)=(2-X)/(1-X). E(X)=0: 2-X=0, X=2.",E(X)=(2-X)/(1-X); zeroul: X=2,4.0,Expresii algebrice,Calcul algebric,Calcul algebric,4 - avansat,sesiune_baza,2023.0,expresii algebrice cu x: e(x) = 1 + 1/(1-x). rezolvati ecuatii conexe.,"e(x)=1+1/(1-x)=(1-x+1)/(1-x)=(2-x)/(1-x). e(x)=0: 2-x=0, x=2.",e(x)=(2-x)/(1-x); zeroul: x=2,70,12,61,29,3,8,0,0,0,0,0,0,expresii algebrice cu x: e(x) = 1 + 1/(1-x). rezolvati ecuatii conexe.
Sesiune de bază 2024,11.0,E(x) = (2x+1)²-4x(x+2)-x+14 / (9-x²). Găsiți rezultate naturale.,"Numărător: (2x+1)²-4x(x+2)-x+14=4x²+4x+1-4x²-8x-x+14=-5x+15=-5(x-3). Numitor: 9-x²=-(x-3)(x+3). E(x)=5/(x+3). E(x)∈ℕ: x+3|5→x∈{-2,2}. E(-2)=5, E(2)=1.","x∈{-2,2}; E(-2)=5, E(2)=1",4.0,Expresii algebrice,Calcul algebric,Calcul algebric,4 - avansat,sesiune_baza,2024.0,e(x) = (2x+1)²-4x(x+2)-x+14 / (9-x²). gasiti rezultate naturale.,"numarator: (2x+1)²-4x(x+2)-x+14=4x²+4x+1-4x²-8x-x+14=-5x+15=-5(x-3). numitor: 9-x²=-(x-3)(x+3). e(x)=5/(x+3). e(x)∈ℕ: x+3|5→x∈{-2,2}. e(-2)=5, e(2)=1.","x∈{-2,2}; e(-2)=5, e(2)=1",64,8,150,25,7,16,0,0,0,0,0,0,e(x) = (2x+1)²-4x(x+2)-x+14 / (9-x²). gasiti rezultate naturale.
Sesiune de baza 2025,11.0,Fie expresia E(x) = (x + 3)² − 3(2x + 1) − 7. Determinați valorile reale ale lui x pentru care E(x)/(x+1) = 1.,"Simplificăm E(x):
E(x) = (x + 3)² − 3(2x + 1) − 7
E(x) = x² + 6x + 9 − 6x − 3 − 7
E(x) = x² − 1
E(x) = (x − 1)(x + 1)

Ecuația: E(x)/(x+1) = 1
(x − 1)(x + 1)/(x + 1) = 1

Condiție: x ≠ −1

Simplificăm:
x − 1 = 1
x = 2

Verificare: E(2) = 4−1 = 3, E(2)/(2+1) = 3/3 = 1 ✓",x = 2,4.0,Expresii algebrice,Calcul algebric,Calcul algebric,4 - avansat,sesiune_baza,2025.0,fie expresia e(x) = (x + 3)² - 3(2x + 1) - 7. determinati valorile reale ale lui x pentru care e(x)/(x+1) = 1.,"simplificam e(x): e(x) = (x + 3)² - 3(2x + 1) - 7 e(x) = x² + 6x + 9 - 6x - 3 - 7 e(x) = x² - 1 e(x) = (x - 1)(x + 1) ecuatia: e(x)/(x+1) = 1 (x - 1)(x + 1)/(x + 1) = 1 conditie: x = -1 simplificam: x - 1 = 1 x = 2 verificare: e(2) = 4-1 = 3, e(2)/(2+1) = 3/3 = 1 ✓",x = 2,110,24,269,5,7,16,0,0,0,0,0,0,fie expresia e(x) = (x + 3)² - 3(2x + 1) - 7. determinati valorile reale ale lui x pentru care e(x)/(x+1) = 1.
Exersare Test 1 - 2020,4.0,Fie E(x) = (x−3)² − x(x−4). Determinați E(√2).,E(x) = x² - 6x + 9 - x² + 4x = -2x + 9. E(√2) = 9 - 2√2,9 - 2√2,2.0,Expresii algebrice,Calcul algebric,Calcul algebric,2 - mediu,exersare,2020.0,fie e(x) = (x-3)² - x(x-4). determinati e(√2).,e(x) = x² - 6x + 9 - x² + 4x = -2x + 9. e(√2) = 9 - 2√2,9 - 2√2,46,8,55,7,3,10,0,0,0,1,0,0,fie e(x) = (x-3)² - x(x-4). determinati e(√2).
Exersare Test 2 - 2020,11.0,DVA și simplificați (x² − 16)/(x² − 8x + 16).,DVA: x² - 8x + 16 ≠ 0 → (x-4)² ≠ 0 → x ≠ 4. E(x) = (x-4)(x+4)/(x-4)² = (x+4)/(x-4),"(x+4)/(x-4), x ≠ 4",3.0,Expresii algebrice,Calcul algebric,Calcul algebric,3 - consolidare,exersare,2020.0,dva si simplificati (x² - 16)/(x² - 8x + 16).,dva: x² - 8x + 16 = 0 → (x-4)² = 0 → x = 4. e(x) = (x-4)(x+4)/(x-4)² = (x+4)/(x-4),"(x+4)/(x-4), x = 4",45,10,82,18,5,6,0,0,0,0,0,0,dva si simplificati (x² - 16)/(x² - 8x + 16).
Pretestare Aprilie - 2019,11.0,E(x)=(x²−4)/(x²−2x) ÷ ((x+2)/x²). Găsiți n natural pentru E(n) natural.,E(x) = (x-2)(x+2)/x(x-2) · x²/(x+2) = x. E(n) = n natural pentru n ∈ ℕ*,n ∈ ℕ* (orice număr natural pozitiv),3.0,Expresii algebrice,Calcul algebric,Calcul algebric,3 - consolidare,pretestare,2019.0,e(x)=(x²-4)/(x²-2x) ÷ ((x+2)/x²). gasiti n natural pentru e(n) natural.,e(x) = (x-2)(x+2)/x(x-2) · x²/(x+2) = x. e(n) = n natural pentru n ∈ ℕ*,n ∈ ℕ* (orice numar natural pozitiv),71,9,71,36,3,16,0,0,0,0,0,0,e(x)=(x²-4)/(x²-2x) ÷ ((x+2)/x²). gasiti n natural pentru e(n) natural.
Exersare Test 2 - 2018,11.0,Arătați că E(X)=1/(1−X) − (3−2X)/(X²−1) + X/(X+1) = 2.,"E(X) = 1/(1-X) - (3-2X)/(X²-1) + X/(X+1)
Condiții: X ≠ 1, X ≠ -1
Observăm: X²-1 = (X-1)(X+1), 1-X = -(X-1)

Rescriem fracțiile:
1/(1-X) = -1/(X-1)
LCD = (X-1)(X+1)

E(X) = [-（X+1) - (3-2X) + X(X-1)] / [(X-1)(X+1)]
 = [-X-1 - 3 + 2X + X² - X] / (X²-1)
 = (X² - 4) / (X² - 1)
 = (X-2)(X+2) / [(X-1)(X+1)]

Pentru a obține E(X) = 2, verificăm dacă expresia din enunț este corectă sau necesită ajustări.",(X²-4)/(X²-1) sau 2 (conform enunț),3.0,Expresii algebrice,Calcul algebric,Calcul algebric,3 - consolidare,exersare,2018.0,aratati ca e(x)=1/(1-x) - (3-2x)/(x²-1) + x/(x+1) = 2.,"e(x) = 1/(1-x) - (3-2x)/(x²-1) + x/(x+1) conditii: x = 1, x = -1 observam: x²-1 = (x-1)(x+1), 1-x = -(x-1) rescriem fractiile: 1/(1-x) = -1/(x-1) lcd = (x-1)(x+1) e(x) = [-（x+1) - (3-2x) + x(x-1)] / [(x-1)(x+1)] = [-x-1 - 3 + 2x + x² - x] / (x²-1) = (x² - 4) / (x² - 1) = (x-2)(x+2) / [(x-1)(x+1)] pentru a obtine e(x) = 2, verificam daca expresia din enunt este corecta sau necesita ajustari.",(x²-4)/(x²-1) sau 2 (conform enunt),54,9,399,35,7,17,0,0,0,0,0,0,aratati ca e(x)=1/(1-x) - (3-2x)/(x²-1) + x/(x+1) = 2.
Sesiunea de bază - 2018,11.0,Arătați că E(X)=(X³+2X²−4X−8)/(X²+4X+4) este întreg pentru X∈ℕ.,E(X) = (X²(X+2)-4(X+2))/(X+2)² = ((X+2)(X²-4))/(X+2)² = (X²-4)/(X+2) = X-2,X - 2 (întreg),3.0,Expresii algebrice,Calcul algebric,Calcul algebric,3 - consolidare,sesiune_baza,2018.0,aratati ca e(x)=(x³+2x²-4x-8)/(x²+4x+4) este intreg pentru x∈ℕ.,e(x) = (x²(x+2)-4(x+2))/(x+2)² = ((x+2)(x²-4))/(x+2)² = (x²-4)/(x+2) = x-2,x - 2 (intreg),63,7,74,14,5,11,0,0,0,0,0,0,aratati ca e(x)=(x³+2x²-4x-8)/(x²+4x+4) este intreg pentru x∈ℕ.
Pretestare - 2017,11.0,Demonstrați că E(X)=6/(X²−9)−1/(X−3)−(2X+5)/(X+3) este constantă.,LCD=(X-3)(X+3). E(X)=[6-(X+3)-(2X+5)(X-3)]/[(X-3)(X+3)]. Numărător: 6-X-3-(2X²-X-15)=6-X-3-2X²+X+15=-2X²+18=-2(X²-9)=-2(X-3)(X+3). E(X)=-2.,E(X) = -2,3.0,Expresii algebrice,Calcul algebric,Calcul algebric,3 - consolidare,pretestare,2017.0,demonstrati ca e(x)=6/(x²-9)-1/(x-3)-(2x+5)/(x+3) este constanta.,lcd=(x-3)(x+3). e(x)=[6-(x+3)-(2x+5)(x-3)]/[(x-3)(x+3)]. numarator: 6-x-3-(2x²-x-15)=6-x-3-2x²+x+15=-2x²+18=-2(x²-9)=-2(x-3)(x+3). e(x)=-2.,e(x) = -2,65,5,139,9,7,16,0,0,0,0,0,0,demonstrati ca e(x)=6/(x²-9)-1/(x-3)-(2x+5)/(x+3) este constanta.
Exersare Test 1 - 2016,11.0,Demonstrați că E(X)=(X³+2X²−3X)/(X²+3X) este număr natural pentru X∈ℕ*.,E(X) = X(X²+2X-3)/(X(X+3)) = (X+3)(X-1)/(X+3) = X-1,X - 1 (natural),3.0,Expresii algebrice,Calcul algebric,Calcul algebric,3 - consolidare,exersare,2016.0,demonstrati ca e(x)=(x³+2x²-3x)/(x²+3x) este numar natural pentru x∈ℕ*.,e(x) = x(x²+2x-3)/(x(x+3)) = (x+3)(x-1)/(x+3) = x-1,x - 1 (natural),71,8,51,15,3,11,0,0,0,0,0,0,demonstrati ca e(x)=(x³+2x²-3x)/(x²+3x) este numar natural pentru x∈ℕ*.
Exersare Test 2 - 2016,11.0,Arătați că E(X)=1 pentru E(X)=[(X²−25)/(X²+5X)+10/(X²−5X)]÷[X/(X−5)].,X²+5X=X(X+5); X²-5X=X(X-5). (X²-25)/(X(X+5))=(X-5)/X. 10/(X(X-5))=10/(X(X-5)). Suma: ((X-5)²+10)/(X(X-5)). Împărțim la X/(X-5): ((X-5)²+10)/(X²). Cu X=2: (9+10)/4≠1. Enunțul necesită reverificare.,Expresia nu se simplifică la 1,3.0,Expresii algebrice,Calcul algebric,Calcul algebric,3 - consolidare,exersare,2016.0,aratati ca e(x)=1 pentru e(x)=[(x²-25)/(x²+5x)+10/(x²-5x)]÷[x/(x-5)].,x²+5x=x(x+5); x²-5x=x(x-5). (x²-25)/(x(x+5))=(x-5)/x. 10/(x(x-5))=10/(x(x-5)). suma: ((x-5)²+10)/(x(x-5)). impartim la x/(x-5): ((x-5)²+10)/(x²). cu x=2: (9+10)/4=1. enuntul necesita reverificare.,expresia nu se simplifica la 1,69,5,196,30,8,23,0,0,0,0,0,0,aratati ca e(x)=1 pentru e(x)=[(x²-25)/(x²+5x)+10/(x²-5x)]÷[x/(x-5)].
Pretestare - 2016,11.0,Găsiți x natural pentru E(x)=(x²+2x−8)/(x²−2x)−(x+2)/x este număr natural.,E(x) = ((x+4)(x-2)-x(x+2))/(x(x-2)) = -8/(x(x-2)). Pentru E(x) natural: x(x-2) | 8,x = 4,3.0,Expresii algebrice,Calcul algebric,Calcul algebric,3 - consolidare,pretestare,2016.0,gasiti x natural pentru e(x)=(x²+2x-8)/(x²-2x)-(x+2)/x este numar natural.,e(x) = ((x+4)(x-2)-x(x+2))/(x(x-2)) = -8/(x(x-2)). pentru e(x) natural: x(x-2) | 8,x = 4,74,8,82,5,4,13,0,0,0,0,0,0,gasiti x natural pentru e(x)=(x²+2x-8)/(x²-2x)-(x+2)/x este numar natural.
Sesiunea de bază - 2016,11.0,E(x)=(x²+2x−8)/(x²−2x)−(x+2)/x natural. Găsiți x natural.,"E(x) = (x+4)(x-2)/(x(x-2)) - (x+2)/x = (x+4)/x - (x+2)/x = (x+4-x-2)/x = 2/x. E(x) natural pentru x | 2, x ∈ ℕ* → x ∈ {1, 2}. x ≠ 0, x ≠ 2. Deci x = 1 (E(1) = 2)",x = 1,3.0,Expresii algebrice,Calcul algebric,Calcul algebric,3 - consolidare,sesiune_baza,2016.0,e(x)=(x²+2x-8)/(x²-2x)-(x+2)/x natural. gasiti x natural.,"e(x) = (x+4)(x-2)/(x(x-2)) - (x+2)/x = (x+4)/x - (x+2)/x = (x+4-x-2)/x = 2/x. e(x) natural pentru x | 2, x ∈ ℕ* → x ∈ {1, 2}. x = 0, x = 2. deci x = 1 (e(1) = 2)",x = 1,57,5,161,5,4,13,0,0,0,0,0,0,e(x)=(x²+2x-8)/(x²-2x)-(x+2)/x natural. gasiti x natural.
Exersare Test 1 - 2015,11.0,"Simplificați (X³−3X²−X+3)/(9−X²), X∈ℝ\{-3,3}.",Numărător: X²(X-3)-(X-3) = (X-3)(X²-1) = (X-3)(X-1)(X+1). Numitor: -(X²-9) = -(X-3)(X+3). Rezultat = -(X-1)(X+1)/(X+3) = -(X²-1)/(X+3),-(X²-1)/(X+3),3.0,Expresii algebrice,Calcul algebric,Calcul algebric,3 - consolidare,exersare,2015.0,"simplificati (x³-3x²-x+3)/(9-x²), x∈ℝ\{-3,3}.",numarator: x²(x-3)-(x-3) = (x-3)(x²-1) = (x-3)(x-1)(x+1). numitor: -(x²-9) = -(x-3)(x+3). rezultat = -(x-1)(x+1)/(x+3) = -(x²-1)/(x+3),-(x²-1)/(x+3),45,3,134,13,5,9,0,0,0,0,0,0,"simplificati (x³-3x²-x+3)/(9-x²), x∈ℝ\{-3,3}."
Exersare Test 2 - 2015,11.0,"Arătați că E(X)=[X/(X²−4):1/(X−2)]+1/(4−X²) este număr natural pentru X∈ℝ\{-2,2}.",X/(X²-4)÷1/(X-2)=X(X-2)/((X-2)(X+2))=X/(X+2). 1/(4-X²)=-1/((X-2)(X+2)). E(X)=X/(X+2)-1/((X-2)(X+2))=(X(X-2)-1)/((X-2)(X+2))=(X²-2X-1)/(X²-4).,(X²-2X-1)/(X²-4),3.0,Expresii algebrice,Calcul algebric,Calcul algebric,3 - consolidare,exersare,2015.0,"aratati ca e(x)=[x/(x²-4):1/(x-2)]+1/(4-x²) este numar natural pentru x∈ℝ\{-2,2}.",x/(x²-4)÷1/(x-2)=x(x-2)/((x-2)(x+2))=x/(x+2). 1/(4-x²)=-1/((x-2)(x+2)). e(x)=x/(x+2)-1/((x-2)(x+2))=(x(x-2)-1)/((x-2)(x+2))=(x²-2x-1)/(x²-4).,(x²-2x-1)/(x²-4),81,8,141,16,7,18,0,0,0,0,0,0,"aratati ca e(x)=[x/(x²-4):1/(x-2)]+1/(4-x²) este numar natural pentru x∈ℝ\{-2,2}."
Pretestare - 2015,11.0,Scrieți E(x)=[1/(x−1)−1/(x+1)]÷[2/(x²−1)] ca fracție ireductibilă.,E(x) = [(x+1-x+1)/((x-1)(x+1))] × [(x²-1)/2] = 2/(x²-1) × (x²-1)/2 = 1,1,3.0,Expresii algebrice,Calcul algebric,Calcul algebric,3 - consolidare,pretestare,2015.0,scrieti e(x)=[1/(x-1)-1/(x+1)]÷[2/(x²-1)] ca fractie ireductibila.,e(x) = [(x+1-x+1)/((x-1)(x+1))] × [(x²-1)/2] = 2/(x²-1) × (x²-1)/2 = 1,1,66,5,70,1,6,17,0,0,0,0,0,0,scrieti e(x)=[1/(x-1)-1/(x+1)]÷[2/(x²-1)] ca fractie ireductibila.
Exersare Test 1 - 2025,5.0,Calculati valoarea expresiei: (1/3)^(-25) * 9^(-12) + (1/3)^0,(3^25)∙(3^(-24))+1=4,4,2.0,Expresii algebrice - Puteri,Puteri,Mulțimi numerice,2 - mediu,exersare,2025.0,calculati valoarea expresiei: (1/3)^(-25) * 9^(-12) + (1/3)^0,(3^25)∙(3^(-24))+1=4,4,61,8,20,1,10,17,0,0,0,0,0,0,calculati valoarea expresiei: (1/3)^(-25) * 9^(-12) + (1/3)^0
Exersare Test 1 - 2025,11.0,"Fie expresia E(X) = (2X^3 + 3X^2 - 2X) / ((2X+1)(1-X)-1). Aratati ca pentru orice valoare naturala nenula a lui X, valoarea E(X) este un numar intreg negativ.","1) Numaratorul: 2X^3 + 3X^2 - 2X = X(2X-1)(X+2). 2) Numitorul: (2X+1)(1-X) - 1 = -X(2X-1). 3) Simplificare: E(X) = -(X+2). 4) Pentru X natural nenul, E(X) < 0.","E(X) = -(X+2), intreg negativ pentru X natural nenul",5.0,Expresii algebrice - Simplificare,Calcul algebric,Calcul algebric,4 - avansat,exersare,2025.0,"fie expresia e(x) = (2x^3 + 3x^2 - 2x) / ((2x+1)(1-x)-1). aratati ca pentru orice valoare naturala nenula a lui x, valoarea e(x) este un numar intreg negativ.","1) numaratorul: 2x^3 + 3x^2 - 2x = x(2x-1)(x+2). 2) numitorul: (2x+1)(1-x) - 1 = -x(2x-1). 3) simplificare: e(x) = -(x+2). 4) pentru x natural nenul, e(x) < 0.","e(x) = -(x+2), intreg negativ pentru x natural nenul",158,28,159,52,9,21,0,0,0,0,0,0,"fie expresia e(x) = (2x^3 + 3x^2 - 2x) / ((2x+1)(1-x)-1). aratati ca pentru orice valoare naturala nenula a lui x, valoarea e(x) este un numar intreg negativ."
Exersare Test 2 - 2022,11.0,Determinati valorile naturale ale lui x pentru care suma fractiei 5/(x+3) si a inversului acesteia este egala cu 2.,5/(x+3) + (x+3)/5 = 2; (25 + (x+3)^2)/(5(x+3)) = 2; 25 + x^2 + 6x + 9 = 10x + 30; x^2 - 4x + 4 = 0; (x-2)^2 = 0; x = 2,x = 2,4.0,Fractii algebrice,Calcul algebric,Calcul algebric,4 - avansat,exersare,2022.0,determinati valorile naturale ale lui x pentru care suma fractiei 5/(x+3) si a inversului acesteia este egala cu 2.,5/(x+3) + (x+3)/5 = 2; (25 + (x+3)^2)/(5(x+3)) = 2; 25 + x^2 + 6x + 9 = 10x + 30; x^2 - 4x + 4 = 0; (x-2)^2 = 0; x = 2,x = 2,115,19,118,5,3,4,0,0,0,0,0,0,determinati valorile naturale ale lui x pentru care suma fractiei 5/(x+3) si a inversului acesteia este egala cu 2.
Exersare Test 1 - 2022,12.0,"Fie functia f: R → R, f(x) = mx² + x - m² + 2. Determinati valorile reale ale lui m, pentru care graficul functiei f este o parabola, care trece prin punctul A(-1; 1)","Parabola => m ≠ 0. f(-1) = 1 => m - 1 - m² + 2 = 1 => -m² + m = 0 => m(1-m) = 0. Cum m ≠ 0, rezulta m = 1",m = 1,3.0,Functia de gradul II,Funcția de gradul II,Funcții,3 - consolidare,exersare,2022.0,"fie functia f: r → r, f(x) = mx² + x - m² + 2. determinati valorile reale ale lui m, pentru care graficul functiei f este o parabola, care trece prin punctul a(-1; 1)","parabola => m = 0. f(-1) = 1 => m - 1 - m² + 2 = 1 => -m² + m = 0 => m(1-m) = 0. cum m = 0, rezulta m = 1",m = 1,166,35,105,5,3,9,0,0,0,0,1,0,"fie functia f: r → r, f(x) = mx² + x - m² + 2. determinati valorile reale ale lui m, pentru care graficul functiei f este o parabola, care trece prin punctul a(-1; 1)"
Exersare Test 1 - 2023,3.0,"Se considera functia f : R → R, f(x) = ax² + bx + c, unde a ≠ 0.Graficul functiei este o parabola deschisa in jos care intersecteaza axa Ox in doua puncte distincte.Completati cu unul dintre semnele „<” sau „>” astfel incat afirmatia sa fie adevarata: b² − 4ac ... 0","Deoarece functia intersecteaza axa Ox in 2 puncte distincte, putem deduce ca b^2-4ac>0",>,1.0,Functia de gradul II,Funcția de gradul II,Funcții,1 - bază,exersare,2023.0,"se considera functia f : r → r, f(x) = ax² + bx + c, unde a = 0.graficul functiei este o parabola deschisa in jos care intersecteaza axa ox in doua puncte distincte.completati cu unul dintre semnele „<” sau „>” astfel incat afirmatia sa fie adevarata: b² - 4ac ... 0","deoarece functia intersecteaza axa ox in 2 puncte distincte, putem deduce ca b^2-4ac>0",>,266,52,86,1,3,7,0,0,0,0,1,0,"se considera functia f : r → r, f(x) = ax² + bx + c, unde a = 0.graficul functiei este o parabola deschisa in jos care intersecteaza axa ox in doua puncte distincte.completati cu unul dintre semnele „<” sau „>” astfel incat afirmatia sa fie adevarata: b² - 4ac ... 0"
Exersare Test 1 - 2024,3.0,"In desenul alaturat este reprezentat graficul functiei f:R->R, f(x) = ax^2 + bx + c, a ≠ 0. Utilizand datele din desen, scrieti in caseta una dintre expresiile ""pozitiv"" sau ""negativ"", astfel incat propozitia obtinuta sa fie adevarata: Produsul zerourilor functiei f este un numar ... ?    Graficul reprezinta o parabola cu deschiderea in jos, ceea ce indica faptul ca coeficientul a este negativ. Parabola intersecteaza axa Ox in doua puncte distincte: x1=-1; x2=2","Deoarece x1 este negativ si x2 este pozitiv, produsul lor este negativ, astfel raspunsul este ,,negativ""",negativ,1.0,Functia de gradul II,Funcția de gradul II,Funcții,1 - bază,exersare,2024.0,"in desenul alaturat este reprezentat graficul functiei f:r->r, f(x) = ax^2 + bx + c, a = 0. utilizand datele din desen, scrieti in caseta una dintre expresiile ""pozitiv"" sau ""negativ"", astfel incat propozitia obtinuta sa fie adevarata: produsul zerourilor functiei f este un numar ... ? graficul reprezinta o parabola cu deschiderea in jos, ceea ce indica faptul ca coeficientul a este negativ. parabola intersecteaza axa ox in doua puncte distincte: x1=-1; x2=2","deoarece x1 este negativ si x2 este pozitiv, produsul lor este negativ, astfel raspunsul este ,,negativ""",negativ,465,74,104,7,6,11,0,0,0,0,1,0,"in desenul alaturat este reprezentat graficul functiei f:r->r, f(x) = ax^2 + bx + c, a = 0. utilizand datele din desen, scrieti in caseta una dintre expresiile ""pozitiv"" sau ""negativ"", astfel incat propozitia obtinuta sa fie adevarata: produsul zerourilor functiei f este un numar ... ? graficul reprezinta o parabola cu deschiderea in jos, ceea ce indica faptul ca coeficientul a este negativ. parabola intersecteaza axa ox in doua puncte distincte: x1=-1; x2=2"
Exersare Test 1 - 2025,3.0,"Fie functia f:R -> R, f(x) = x^2 - 4x + ?. Scrieti in caseta un numar real, astfel incat parabola sa intersecteze axa Ox in doua puncte.","Pentru 2 puncte de intersectie cu Ox, discriminantul trebuie sa fie pozitiv: Delta > 0. Delta = 16 - 4c > 0 => c < 4. Orice numar real mai mic decat 4 este corect.","Orice numar real mai mic decat 4 (ex: 3, 0, -1)",2.0,Functia de gradul II,Funcția de gradul II,Funcții,2 - mediu,exersare,2025.0,"fie functia f:r -> r, f(x) = x^2 - 4x + ?. scrieti in caseta un numar real, astfel incat parabola sa intersecteze axa ox in doua puncte.","pentru 2 puncte de intersectie cu ox, discriminantul trebuie sa fie pozitiv: delta > 0. delta = 16 - 4c > 0 => c < 4. orice numar real mai mic decat 4 este corect.","orice numar real mai mic decat 4 (ex: 3, 0, -1)",136,28,163,47,2,8,0,0,0,0,1,0,"fie functia f:r -> r, f(x) = x^2 - 4x + ?. scrieti in caseta un numar real, astfel incat parabola sa intersecteze axa ox in doua puncte."
Exersare Test 2 - 2023,12.0,"Fie functia f: R->R, f(x) = mx^2 - mx + 2. Determinati valorile reale ale lui m pentru care graficul functiei f este o parabola care intersecteaza axa Ox intr-un singur punct.","Pentru parabolă: m != 0. Un singur punct pe Ox înseamnă delta= 0; delta = m^2 - 4·m·2 = m^2 - 8m = 0; m(m - 8) = 0; m = 0 sau m = 8. Cum m != 0, rezultă m = 8",m = 8,5.0,Functia de gradul II,Funcția de gradul II,Funcții,4 - avansat,exersare,2023.0,"fie functia f: r->r, f(x) = mx^2 - mx + 2. determinati valorile reale ale lui m pentru care graficul functiei f este o parabola care intersecteaza axa ox intr-un singur punct.","pentru parabola: m != 0. un singur punct pe ox inseamna delta= 0; delta = m^2 - 4·m·2 = m^2 - 8m = 0; m(m - 8) = 0; m = 0 sau m = 8. cum m != 0, rezulta m = 8",m = 8,175,32,158,5,2,9,0,0,0,0,1,0,"fie functia f: r->r, f(x) = mx^2 - mx + 2. determinati valorile reale ale lui m pentru care graficul functiei f este o parabola care intersecteaza axa ox intr-un singur punct."
Sesiune de baza 2025,3.0,"Fie funcția f: ℝ → ℝ, f(x) = x² − 2x − 4. Scrieți numărul de zerouri ale funcției f.","Calculăm discriminantul:
Δ = b² − 4ac = (−2)² − 4·1·(−4) = 4 + 16 = 20

Deoarece Δ = 20 > 0, ecuația f(x) = 0 are două soluții reale distincte.

Numărul de zerouri = 2",2,2.0,Functia de gradul II,Funcția de gradul II,Funcții,2 - mediu,sesiune_baza,2025.0,"fie functia f: ℝ → ℝ, f(x) = x² - 2x - 4. scrieti numarul de zerouri ale functiei f.","calculam discriminantul: δ = b² - 4ac = (-2)² - 4·1·(-4) = 4 + 16 = 20 deoarece δ = 20 > 0, ecuatia f(x) = 0 are doua solutii reale distincte. numarul de zerouri = 2",2,84,20,167,1,2,3,0,0,0,0,1,0,"fie functia f: ℝ → ℝ, f(x) = x² - 2x - 4. scrieti numarul de zerouri ale functiei f."
Exersare Test 2 - 2021,3.0,"f(x) = ax² + bx + c, a ≠ 0. Din grafic, scrieți semnul (<, > sau =) pentru: a ? Δ, unde Δ = b² - 4ac","Din grafic: parabola are vârful deasupra axei Ox și nu intersectează axa Ox => Δ < 0. Parabola cu ramurile în sus => a > 0. Deci a > 0 > Δ, adică a > Δ",>,2.0,Funcția de gradul II,Funcția de gradul II,Funcții,2 - mediu,exersare,2021.0,"f(x) = ax² + bx + c, a = 0. din grafic, scrieti semnul (<, > sau =) pentru: a ? δ, unde δ = b² - 4ac","din grafic: parabola are varful deasupra axei ox si nu intersecteaza axa ox => δ < 0. parabola cu ramurile in sus => a > 0. deci a > 0 > δ, adica a > δ",>,100,28,151,1,2,12,0,0,0,0,1,0,"f(x) = ax² + bx + c, a = 0. din grafic, scrieti semnul (<, > sau =) pentru: a ? δ, unde δ = b² - 4ac"
Exersare Test 2 - 2024,12.0,"Fie funcția f: R→R, f(x) = mx² - mx + 1, m ∈ R. Abscisa vârfului parabolei care reprezintă graficul funcției f este egală cu 3. Determinați ordonata vârfului parabolei.","f(x)=mx²-mx+1. Abscisa vârfului: xᵥ = m/(2m) = 1/2 (pentru orice m≠0). Enunțul cere xᵥ=3, dar xᵥ=1/2 întotdeauna. Posibil f(x)=mx²-(6m)x+1, caz în care xᵥ=6m/(2m)=3. Atunci yᵥ=m·9-6m·3+1=9m-18m+1=-9m+1. Conform barem: m=1, yᵥ=-8.",-8,4.0,Funcția de gradul II,Funcția de gradul II,Funcții,4 - avansat,exersare,2024.0,"fie functia f: r→r, f(x) = mx² - mx + 1, m ∈ r. abscisa varfului parabolei care reprezinta graficul functiei f este egala cu 3. determinati ordonata varfului parabolei.","f(x)=mx²-mx+1. abscisa varfului: xᵥ = m/(2m) = 1/2 (pentru orice m=0). enuntul cere xᵥ=3, dar xᵥ=1/2 intotdeauna. posibil f(x)=mx²-(6m)x+1, caz in care xᵥ=6m/(2m)=3. atunci yᵥ=m·9-6m·3+1=9m-18m+1=-9m+1. conform barem: m=1, yᵥ=-8.",-8,168,30,229,2,2,5,0,0,0,0,1,1,"fie functia f: r→r, f(x) = mx² - mx + 1, m ∈ r. abscisa varfului parabolei care reprezinta graficul functiei f este egala cu 3. determinati ordonata varfului parabolei."
Pretestare 2024,3.0,Funcția f(x) = x² - 4x + 4. Câte puncte de intersecție cu axa Ox?,"f(x) = (x-2)². Δ = 0, deci un singur punct de intersecție",1 punct,2.0,Funcția de gradul II,Funcția de gradul II,Funcții,2 - mediu,pretestare,2024.0,functia f(x) = x² - 4x + 4. cate puncte de intersectie cu axa ox?,"f(x) = (x-2)². δ = 0, deci un singur punct de intersectie",1 punct,65,15,57,7,2,5,0,0,0,0,1,0,functia f(x) = x² - 4x + 4. cate puncte de intersectie cu axa ox?
Pretestare 2025,12.0,Vârful parabolei f(x)=mx²+2x+1 pe axa Ox. Determinați m.,Vârful pe Ox → y_v = 0. Se calculează m,Valoarea lui m,4.0,Funcția de gradul II,Funcția de gradul II,Funcții,4 - avansat,pretestare,2025.0,varful parabolei f(x)=mx²+2x+1 pe axa ox. determinati m.,varful pe ox → y_v = 0. se calculeaza m,valoarea lui m,56,8,39,14,2,5,0,0,0,0,1,1,varful parabolei f(x)=mx²+2x+1 pe axa ox. determinati m.
Exersare Test 1 - 2020,12.0,f(x) = -x² + 4x + m. Găsiți m pentru valoare maximă = 2.,Vârf la x = 2. f(2) = 4 + m = 2 → m = -2,m = -2,2.0,Funcția de gradul II,Funcția de gradul II,Funcții,2 - mediu,exersare,2020.0,f(x) = -x² + 4x + m. gasiti m pentru valoare maxima = 2.,varf la x = 2. f(2) = 4 + m = 2 → m = -2,m = -2,56,14,40,6,2,7,0,0,0,0,1,0,f(x) = -x² + 4x + m. gasiti m pentru valoare maxima = 2.
Exersare Test 2 - 2020,3.0,Găsiți m ≠ 0 astfel încât parabola f(x) = mx² + 3x − 1 să aibă ramurile în jos.,"Ramuri în jos când m < 0. Deci m ∈ (-∞, 0)",m < 0,1.0,Funcția de gradul II,Funcția de gradul II,Funcții,1 - bază,exersare,2020.0,gasiti m = 0 astfel incat parabola f(x) = mx² + 3x - 1 sa aiba ramurile in jos.,"ramuri in jos cand m < 0. deci m ∈ (-∞, 0)",m < 0,79,19,42,5,3,4,0,0,0,0,1,0,gasiti m = 0 astfel incat parabola f(x) = mx² + 3x - 1 sa aiba ramurile in jos.
Pretestare Aprilie - 2019,9.0,"Pentru f(x)=x²−4x pe [0,4], determinați cel mai mare m cu f(x)≥m pentru orice x.",f(x) = x² - 4x = (x-2)² - 4. Min la x=2: f(2) = -4. m_max = -4,-4,2.0,Funcția de gradul II,Funcția de gradul II,Funcții,2 - mediu,pretestare,2019.0,"pentru f(x)=x²-4x pe [0,4], determinati cel mai mare m cu f(x)≥m pentru orice x.",f(x) = x² - 4x = (x-2)² - 4. min la x=2: f(2) = -4. m_max = -4,-4,80,14,62,2,3,8,0,0,0,0,1,0,"pentru f(x)=x²-4x pe [0,4], determinati cel mai mare m cu f(x)≥m pentru orice x."
Pretestare Aprilie - 2019,12.0,"f(x)=x²−4x+3, g(x)=−x+1. h(x)=f(x)+m. Găsiți m astfel încât vârful lui h să fie pe graficul lui g.","Vârful: x=2, h(2)=f(2)+m=-1+m. g(2)=-1. -1+m=-1 → m=0",m = 0,2.0,Funcția de gradul II,Funcția de gradul II,Funcții,2 - mediu,pretestare,2019.0,"f(x)=x²-4x+3, g(x)=-x+1. h(x)=f(x)+m. gasiti m astfel incat varful lui h sa fie pe graficul lui g.","varful: x=2, h(2)=f(2)+m=-1+m. g(2)=-1. -1+m=-1 → m=0",m = 0,98,16,53,5,3,14,0,0,0,0,1,0,"f(x)=x²-4x+3, g(x)=-x+1. h(x)=f(x)+m. gasiti m astfel incat varful lui h sa fie pe graficul lui g."
Exersare Test 1 - 2018,12.0,f(x)=x²−a. Găsiți a pentru f(x) > 0 pentru orice x.,f(x) = x² - a > 0 pentru orice x → a < 0,a < 0,2.0,Funcția de gradul II,Funcția de gradul II,Funcții,2 - mediu,exersare,2018.0,f(x)=x²-a. gasiti a pentru f(x) > 0 pentru orice x.,f(x) = x² - a > 0 pentru orice x → a < 0,a < 0,51,10,40,5,1,6,0,0,0,0,1,0,f(x)=x²-a. gasiti a pentru f(x) > 0 pentru orice x.
Pretestare - 2018,12.0,f(x)=x²+(2m+1)x+m²−3. Găsiți m pentru min(f) = −1/4.,Vârf: y_v = c - b²/(4a) = m²-3 - (2m+1)²/4 = -1/4. Rezolvând: m = -1 sau m = 2,m = -1 sau m = 2,2.0,Funcția de gradul II,Funcția de gradul II,Funcții,2 - mediu,pretestare,2018.0,f(x)=x²+(2m+1)x+m²-3. gasiti m pentru min(f) = -1/4.,varf: y_v = c - b²/(4a) = m²-3 - (2m+1)²/4 = -1/4. rezolvand: m = -1 sau m = 2,m = -1 sau m = 2,52,7,78,16,5,12,0,0,0,0,1,0,f(x)=x²+(2m+1)x+m²-3. gasiti m pentru min(f) = -1/4.
Sesiunea de bază - 2018,12.0,"f(x)=x²−2. Găsiți m pentru A(m,1) pe graficul f în cadranul I.","f(m) = 1: m² - 2 = 1 → m² = 3 → m = ±√3. Cadranul I: m > 0, y > 0 → m = √3",m = √3,2.0,Funcția de gradul II,Funcția de gradul II,Funcții,2 - mediu,sesiune_baza,2018.0,"f(x)=x²-2. gasiti m pentru a(m,1) pe graficul f in cadranul i.","f(m) = 1: m² - 2 = 1 → m² = 3 → m = ±√3. cadranul i: m > 0, y > 0 → m = √3",m = √3,62,11,74,6,2,5,0,0,0,0,1,0,"f(x)=x²-2. gasiti m pentru a(m,1) pe graficul f in cadranul i."
Exersare Test 1 - 2017,12.0,f(x)=4x²+4mx+m²+m. Găsiți m pentru vârful parabolei deasupra axei Ox.,Vârf: y_v = m²+m - (4m)²/(4×4) = m²+m - m² = m. m > 0 pentru vârf deasupra Ox,m > 0,2.0,Funcția de gradul II,Funcția de gradul II,Funcții,2 - mediu,exersare,2017.0,f(x)=4x²+4mx+m²+m. gasiti m pentru varful parabolei deasupra axei ox.,varf: y_v = m²+m - (4m)²/(4×4) = m²+m - m² = m. m > 0 pentru varf deasupra ox,m > 0,69,9,77,5,2,6,0,0,0,0,1,1,f(x)=4x²+4mx+m²+m. gasiti m pentru varful parabolei deasupra axei ox.
Exersare Test 2 - 2017,12.0,f(x)=ax²+a²−9. Găsiți a pentru grafic prin origine și unghi obtuz cu Ox⁺.,f(0) = 0 → a² - 9 = 0 → a = ±3. Unghi obtuz cu Ox⁺ → a < 0. Deci a = -3,a = -3,2.0,Funcția de gradul II,Funcția de gradul II,Funcții,2 - mediu,exersare,2017.0,f(x)=ax²+a²-9. gasiti a pentru grafic prin origine si unghi obtuz cu ox⁺.,f(0) = 0 → a² - 9 = 0 → a = ±3. unghi obtuz cu ox⁺ → a < 0. deci a = -3,a = -3,73,12,71,6,1,4,0,1,0,0,1,0,f(x)=ax²+a²-9. gasiti a pentru grafic prin origine si unghi obtuz cu ox⁺.
Pretestare - 2017,12.0,f(x)=mx²+(m²−4m−1)x+m. Găsiți m pentru x=2 zero și parabolă cu ramuri în jos.,f(2) = 0: 4m + 2(m²-4m-1) + m = 2m² - 3m - 2 = 0. m = 2 sau m = -1/2. Ramuri în jos: m < 0 → m = -1/2,m = -1/2,2.0,Funcția de gradul II,Funcția de gradul II,Funcții,2 - mediu,pretestare,2017.0,f(x)=mx²+(m²-4m-1)x+m. gasiti m pentru x=2 zero si parabola cu ramuri in jos.,f(2) = 0: 4m + 2(m²-4m-1) + m = 2m² - 3m - 2 = 0. m = 2 sau m = -1/2. ramuri in jos: m < 0 → m = -1/2,m = -1/2,77,12,101,8,3,8,0,0,0,0,1,0,f(x)=mx²+(m²-4m-1)x+m. gasiti m pentru x=2 zero si parabola cu ramuri in jos.
Exersare Test 1 - 2016,12.0,f(x)=ax²+10−a cu x=−3 rădăcină și intersecție pozitivă cu Oy.,f(-3) = 0: 9a + 10 - a = 0 → 8a = -10 → a = -5/4. f(0) = 10 - a > 0 verificat,a = -5/4,2.0,Funcția de gradul II,Funcția de gradul II,Funcții,2 - mediu,exersare,2016.0,f(x)=ax²+10-a cu x=-3 radacina si intersectie pozitiva cu oy.,f(-3) = 0: 9a + 10 - a = 0 → 8a = -10 → a = -5/4. f(0) = 10 - a > 0 verificat,a = -5/4,61,9,77,8,3,5,0,0,0,0,1,0,f(x)=ax²+10-a cu x=-3 radacina si intersectie pozitiva cu oy.
Exersare Test 2 - 2016,12.0,f(x)=x²+(m−2)x+m²−4. Găsiți m pentru vârful parabolei la origine.,Vârf la origine: x_v = -(m-2)/2 = 0 → m = 2. y_v = m²-4 - (m-2)²/4 = 0. Verificare: m = 2,m = 2,2.0,Funcția de gradul II,Funcția de gradul II,Funcții,2 - mediu,exersare,2016.0,f(x)=x²+(m-2)x+m²-4. gasiti m pentru varful parabolei la origine.,varf la origine: x_v = -(m-2)/2 = 0 → m = 2. y_v = m²-4 - (m-2)²/4 = 0. verificare: m = 2,m = 2,65,8,89,5,2,7,0,0,0,0,1,1,f(x)=x²+(m-2)x+m²-4. gasiti m pentru varful parabolei la origine.
Pretestare - 2016,12.0,"f(x)=m²x+2x+1, m≠0. Găsiți m pentru parabolă cu ramuri în sus și două puncte distincte pe Ox.","f(x)=m²x²+2x+1 (parabolă). a=m²>0 mereu(m≠0)→ramuri sus. Δ=4-4m²>0→m²<1→m∈(-1,0)∪(0,1).","m∈(-1,0)∪(0,1)",2.0,Funcția de gradul II,Funcția de gradul II,Funcții,2 - mediu,pretestare,2016.0,"f(x)=m²x+2x+1, m=0. gasiti m pentru parabola cu ramuri in sus si doua puncte distincte pe ox.","f(x)=m²x²+2x+1 (parabola). a=m²>0 mereu(m=0)→ramuri sus. δ=4-4m²>0→m²<1→m∈(-1,0)∪(0,1).","m∈(-1,0)∪(0,1)",93,16,87,14,3,5,0,0,0,0,1,0,"f(x)=m²x+2x+1, m=0. gasiti m pentru parabola cu ramuri in sus si doua puncte distincte pe ox."
Sesiunea de bază - 2016,12.0,f(x)=m²x+2x+1. Găsiți m pentru parabolă cu ramuri în sus și 2 puncte pe Ox.,"f(x) = m²x² + 2x + 1. Ramuri în sus: a = m² > 0 pentru m ≠ 0. 2 puncte pe Ox: Δ > 0 → 4 - 4m² > 0 → m² < 1 → -1 < m < 1, m ≠ 0","-1 < m < 1, m ≠ 0",2.0,Funcția de gradul II,Funcția de gradul II,Funcții,2 - mediu,sesiune_baza,2016.0,f(x)=m²x+2x+1. gasiti m pentru parabola cu ramuri in sus si 2 puncte pe ox.,"f(x) = m²x² + 2x + 1. ramuri in sus: a = m² > 0 pentru m = 0. 2 puncte pe ox: δ > 0 → 4 - 4m² > 0 → m² < 1 → -1 < m < 1, m = 0","-1 < m < 1, m = 0",75,14,126,17,3,5,0,0,0,0,1,0,f(x)=m²x+2x+1. gasiti m pentru parabola cu ramuri in sus si 2 puncte pe ox.
Exersare Test 1 - 2015,12.0,f(x)=x²+2(m+2)x+m². Găsiți m pentru vârful parabolei pe axa Ox.,y_v = 0: m² - (m+2)² = 0 → m² - m² - 4m - 4 = 0 → m = -1,m = -1,2.0,Funcția de gradul II,Funcția de gradul II,Funcții,2 - mediu,exersare,2015.0,f(x)=x²+2(m+2)x+m². gasiti m pentru varful parabolei pe axa ox.,y_v = 0: m² - (m+2)² = 0 → m² - m² - 4m - 4 = 0 → m = -1,m = -1,63,9,56,6,2,8,0,0,0,0,1,1,f(x)=x²+2(m+2)x+m². gasiti m pentru varful parabolei pe axa ox.
Exersare Test 2 - 2015,12.0,"f(x)=x²+2mx+m², g(x)=x. Găsiți m pentru un singur punct de intersecție.",x²+2mx+m² = x → x²+(2m-1)x+m² = 0. Δ = 0: (2m-1)² - 4m² = 0 → -4m+1 = 0 → m = 1/4,m = 1/4,2.0,Funcția de gradul II,Funcția de gradul II,Funcții,2 - mediu,exersare,2015.0,"f(x)=x²+2mx+m², g(x)=x. gasiti m pentru un singur punct de intersectie.",x²+2mx+m² = x → x²+(2m-1)x+m² = 0. δ = 0: (2m-1)² - 4m² = 0 → -4m+1 = 0 → m = 1/4,m = 1/4,71,10,81,7,1,8,0,0,0,0,1,0,"f(x)=x²+2mx+m², g(x)=x. gasiti m pentru un singur punct de intersectie."
Pretestare - 2015,12.0,"f(x)=x²−2(m−1)x+m²−2m pe [0,2]. Găsiți m pentru cel puțin un zero.","f(0)=m²-2m=m(m-2). f(2)=4-4(m-1)+m²-2m=m²-6m+8=(m-2)(m-4). Pentru zero pe [0,2]: f(0)·f(2)≤0. m(m-2)·(m-2)(m-4)≤0. m(m-2)²(m-4)≤0. (m-2)²≥0 mereu, deci m(m-4)≤0 → m∈[0,4].","m ∈ [0, 4]",2.0,Funcția de gradul II,Funcția de gradul II,Funcții,2 - mediu,pretestare,2015.0,"f(x)=x²-2(m-1)x+m²-2m pe [0,2]. gasiti m pentru cel putin un zero.","f(0)=m²-2m=m(m-2). f(2)=4-4(m-1)+m²-2m=m²-6m+8=(m-2)(m-4). pentru zero pe [0,2]: f(0)·f(2)≤0. m(m-2)·(m-2)(m-4)≤0. m(m-2)²(m-4)≤0. (m-2)²≥0 mereu, deci m(m-4)≤0 → m∈[0,4].","m ∈ [0, 4]",66,10,171,10,5,8,0,0,0,0,1,0,"f(x)=x²-2(m-1)x+m²-2m pe [0,2]. gasiti m pentru cel putin un zero."
Exersare Test 1 - 2014,12.0,h(t)=6t−(3/2)t² pentru minge. Înălțimea maximă și timpul.,h'(t) = 6-3t = 0 → t = 2 s. h(2) = 12-6 = 6 m,6 m la t = 2 s,2.0,Funcția de gradul II,Funcția de gradul II,Funcții,2 - mediu,exersare,2014.0,h(t)=6t-(3/2)t² pentru minge. inaltimea maxima si timpul.,h'(t) = 6-3t = 0 → t = 2 s. h(2) = 12-6 = 6 m,6 m la t = 2 s,57,7,45,14,3,6,0,0,0,0,0,0,h(t)=6t-(3/2)t² pentru minge. inaltimea maxima si timpul.
Exersare Test 2 - 2014,6.0,Intervalele de monotonie ale f(x) = -x²-4x+5.,"f(x) = -(x²+4x-5) = -(x+2)²+9. Crescătoare pe (-∞,-2], descrescătoare pe [-2,+∞)","Cresc. (-∞,-2], Desc. [-2,+∞)",2.0,Funcția de gradul II,Funcția de gradul II,Funcții,2 - mediu,exersare,2014.0,intervalele de monotonie ale f(x) = -x²-4x+5.,"f(x) = -(x²+4x-5) = -(x+2)²+9. crescatoare pe (-∞,-2], descrescatoare pe [-2,+∞)","cresc. (-∞,-2], desc. [-2,+∞)",45,7,80,29,2,6,0,0,0,0,1,0,intervalele de monotonie ale f(x) = -x²-4x+5.
Pretestare - 2014,12.0,f(x)=x²−2(m−1)x+m+1. Găsiți m pentru grafic tangent la Ox.,Δ = 0: 4(m-1)² - 4(m+1) = 0 → (m-1)² = m+1 → m² - 3m = 0 → m(m-3) = 0 → m = 0 sau m = 3,m = 0 sau m = 3,2.0,Funcția de gradul II,Funcția de gradul II,Funcții,2 - mediu,pretestare,2014.0,f(x)=x²-2(m-1)x+m+1. gasiti m pentru grafic tangent la ox.,δ = 0: 4(m-1)² - 4(m+1) = 0 → (m-1)² = m+1 → m² - 3m = 0 → m(m-3) = 0 → m = 0 sau m = 3,m = 0 sau m = 3,58,8,87,15,3,7,0,0,0,0,1,0,f(x)=x²-2(m-1)x+m+1. gasiti m pentru grafic tangent la ox.
Sesiunea de bază - 2014,8.0,"f(x)=x²-4x. a) Trece prin origine? b) Grafic, intercepte, vârf. c) A(a,a+6) pe grafic, găsiți a.","a) f(0)=0, Da. b) x=0,4; vârf (2,-4). c) a²-4a = a+6 → a²-5a-6=0 → a=6 sau a=-1",a = 6 sau a = -1,2.0,Funcția de gradul II,Funcția de gradul II,Funcții,2 - mediu,sesiune_baza,2014.0,"f(x)=x²-4x. a) trece prin origine? b) grafic, intercepte, varf. c) a(a,a+6) pe grafic, gasiti a.","a) f(0)=0, da. b) x=0,4; varf (2,-4). c) a²-4a = a+6 → a²-5a-6=0 → a=6 sau a=-1",a = 6 sau a = -1,96,15,79,16,2,10,0,0,0,0,1,0,"f(x)=x²-4x. a) trece prin origine? b) grafic, intercepte, varf. c) a(a,a+6) pe grafic, gasiti a."
Exersare Test 1 - 2022,3.0,"Se considera functia f: R → R, f(x) = -3x + 7. Scrieti in spatiul liber una dintre expresiile 'strict crescatoare' sau 'strict descrescatoare', astfel incat propozitia obtinuta sa fie adevarata: Functia f este ... pe R","Coeficientul lui x este -3 < 0, deci functia este strict descrescatoare",strict descrescatoare,1.0,Functii,Funcții,Funcții,1 - bază,exersare,2022.0,"se considera functia f: r → r, f(x) = -3x + 7. scrieti in spatiul liber una dintre expresiile 'strict crescatoare' sau 'strict descrescatoare', astfel incat propozitia obtinuta sa fie adevarata: functia f este ... pe r","coeficientul lui x este -3 < 0, deci functia este strict descrescatoare",strict descrescatoare,218,37,71,21,2,5,0,0,0,0,1,0,"se considera functia f: r → r, f(x) = -3x + 7. scrieti in spatiul liber una dintre expresiile 'strict crescatoare' sau 'strict descrescatoare', astfel incat propozitia obtinuta sa fie adevarata: functia f este ... pe r"
Exersare Test 1 - 2024,12.0,"Fie functia f:R->R, f(x) = 2x + m - 1, m apartine R. Graficul functiei f intersecteaza axa Oy intr-un punct cu ordonata egala cu -3. Determinati zeroul functiei f.","Graficul functiei interseacteaza ordonata -3, atunci cand x = 0 => Avem ecuatia m - 1 = -3 => m = -2. Asadar, f(x) = 2x -3. Aflam zeroul functiei cu ajutorul ecuatiei 2x - 3 = 0 => x = 3/2 este zeroul functiei",x = 3/2,3.0,Functii,Funcții,Funcții,3 - consolidare,exersare,2024.0,"fie functia f:r->r, f(x) = 2x + m - 1, m apartine r. graficul functiei f intersecteaza axa oy intr-un punct cu ordonata egala cu -3. determinati zeroul functiei f.","graficul functiei interseacteaza ordonata -3, atunci cand x = 0 => avem ecuatia m - 1 = -3 => m = -2. asadar, f(x) = 2x -3. aflam zeroul functiei cu ajutorul ecuatiei 2x - 3 = 0 => x = 3/2 este zeroul functiei",x = 3/2,163,30,209,7,3,9,0,0,0,0,1,0,"fie functia f:r->r, f(x) = 2x + m - 1, m apartine r. graficul functiei f intersecteaza axa oy intr-un punct cu ordonata egala cu -3. determinati zeroul functiei f."
Sesiunea de bază - 2015,12.0,f(x)=(x²+(m−1)x−m)/(x−1). Găsiți m pentru f(−2)=0 și f crescătoare.,"f(-2)=0: (4-2(m-1)-m)/(-3)=0→6-3m=0→m=2. f(x)=(x²+x-2)/(x-1)=(x+2)(x-1)/(x-1)=x+2, x≠1. Crescătoare (panta=1>0).",m=2; f(x)=x+2 crescătoare,2.0,Funcții,Funcții,Funcții,2 - mediu,sesiune_baza,2015.0,f(x)=(x²+(m-1)x-m)/(x-1). gasiti m pentru f(-2)=0 si f crescatoare.,"f(-2)=0: (4-2(m-1)-m)/(-3)=0→6-3m=0→m=2. f(x)=(x²+x-2)/(x-1)=(x+2)(x-1)/(x-1)=x+2, x=1. crescatoare (panta=1>0).",m=2; f(x)=x+2 crescatoare,67,8,112,25,4,14,0,0,0,0,1,0,f(x)=(x²+(m-1)x-m)/(x-1). gasiti m pentru f(-2)=0 si f crescatoare.
Exersare Test 2 - 2021,9.0,Determinați domeniul de definiție al funcției f(x) = √(-4x - 1),Condiția: -4x - 1 ≥ 0 => -4x ≥ 1 => x ≤ -1/4,"D = (-∞, -1/4]",2.0,Funcții - Domeniu,Funcții,Funcții,2 - mediu,exersare,2021.0,determinati domeniul de definitie al functiei f(x) = √(-4x - 1),conditia: -4x - 1 ≥ 0 => -4x ≥ 1 => x ≤ -1/4,"d = (-∞, -1/4]",63,11,44,14,2,8,0,0,0,1,1,0,determinati domeniul de definitie al functiei f(x) = √(-4x - 1)
Exersare Test 1 - 2020,9.0,Determinați domeniul funcției f(x) = √((6−2x)/(x+2)).,"(6-2x)/(x+2) ≥ 0, x ≠ -2. Soluția: x ∈ (-2, 3]","(-2, 3]",3.0,Funcții - Domeniu,Funcții,Funcții,3 - consolidare,exersare,2020.0,determinati domeniul functiei f(x) = √((6-2x)/(x+2)).,"(6-2x)/(x+2) ≥ 0, x = -2. solutia: x ∈ (-2, 3]","(-2, 3]",53,6,46,7,3,12,0,0,0,1,1,0,determinati domeniul functiei f(x) = √((6-2x)/(x+2)).
Exersare Test 2 - 2018,9.0,Domeniul funcției f(x)=√(−9−4x).,"−9−4x ≥ 0 → x ≤ −9/4. D = (−∞, −9/4]","(−∞, −9/4]",2.0,Funcții - Domeniu,Funcții,Funcții,2 - mediu,exersare,2018.0,domeniul functiei f(x)=√(-9-4x).,"-9-4x ≥ 0 → x ≤ -9/4. d = (-∞, -9/4]","(-∞, -9/4]",32,3,36,10,2,6,0,0,0,1,1,0,domeniul functiei f(x)=√(-9-4x).
Sesiunea de bază - 2018,9.0,Domeniul funcției f(x)=√(7−2x).,"7 - 2x ≥ 0 → x ≤ 7/2. D = (-∞, 7/2]","(-∞, 7/2]",2.0,Funcții - Domeniu,Funcții,Funcții,2 - mediu,sesiune_baza,2018.0,domeniul functiei f(x)=√(7-2x).,"7 - 2x ≥ 0 → x ≤ 7/2. d = (-∞, 7/2]","(-∞, 7/2]",31,3,35,9,2,6,0,0,0,1,1,0,domeniul functiei f(x)=√(7-2x).
Exersare Test 2 - 2015,9.0,Domeniul funcției f(x)=√(x−2)/(x+3).,"(x-2)/(x+3) ≥ 0, x ≠ -3. Soluția: x ∈ (-∞,-3) ∪ [2,+∞)","(-∞,-3) ∪ [2,+∞)",2.0,Funcții - Domeniu,Funcții,Funcții,2 - mediu,exersare,2015.0,domeniul functiei f(x)=√(x-2)/(x+3).,"(x-2)/(x+3) ≥ 0, x = -3. solutia: x ∈ (-∞,-3) ∪ [2,+∞)","(-∞,-3) ∪ [2,+∞)",36,3,54,16,2,10,0,0,0,1,1,0,domeniul functiei f(x)=√(x-2)/(x+3).
Exersare Test 1 - 2014,9.0,Domeniul funcției f(x)=√(x²−x−12)+1/(x+4).,x²-x-12 ≥ 0 și x ≠ -4. (x-4)(x+3) ≥ 0 → x ≤ -3 sau x ≥ 4,"(-∞,-3] ∪ [4,+∞)",3.0,Funcții - Domeniu,Funcții,Funcții,3 - consolidare,exersare,2014.0,domeniul functiei f(x)=√(x²-x-12)+1/(x+4).,x²-x-12 ≥ 0 si x = -4. (x-4)(x+3) ≥ 0 → x ≤ -3 sau x ≥ 4,"(-∞,-3] ∪ [4,+∞)",42,3,56,16,4,11,0,0,0,1,1,0,domeniul functiei f(x)=√(x²-x-12)+1/(x+4).
Sesiunea de bază - 2013,6.0,card(A) unde A = ℕ∩D și D = domeniul √(11-3x).,"11-3x ≥ 0 → x ≤ 11/3 ≈ 3.67. D∩ℕ = {0,1,2,3}. card = 4",4,2.0,Funcții - Domeniu,Funcții,Funcții,2 - mediu,sesiune_baza,2013.0,card(a) unde a = ℕ∩d si d = domeniul √(11-3x).,"11-3x ≥ 0 → x ≤ 11/3 ≈ 3.67. d∩ℕ = {0,1,2,3}. card = 4",4,46,10,54,1,3,8,0,0,0,1,0,0,card(a) unde a = ℕ∩d si d = domeniul √(11-3x).
Exersare Test 1 - 2023,12.0,"Fie functia f:R->R, f(x) = 2ax - 9, a ≠ 0. Determinati valorile reale ale lui a, pentru care graficul functiei f trece prin punctul A(a; a^2) si functia f este monoton descrescatoare.","Obtinerea ecuatiei 2a^2 - 9 = a^2
Rezolvarea ecuatiei 2a^2 - 9 = a^2
a^2-9=0; a^2=9; a=+-3; a=-3, deoarece functia f devine crescatoare daca a>0",a = -3,3.0,Functii cu parametru,Funcții,Funcții,3 - consolidare,exersare,2023.0,"fie functia f:r->r, f(x) = 2ax - 9, a = 0. determinati valorile reale ale lui a, pentru care graficul functiei f trece prin punctul a(a; a^2) si functia f este monoton descrescatoare.","obtinerea ecuatiei 2a^2 - 9 = a^2 rezolvarea ecuatiei 2a^2 - 9 = a^2 a^2-9=0; a^2=9; a=+-3; a=-3, deoarece functia f devine crescatoare daca a>0",a = -3,183,33,144,6,4,9,0,0,0,0,1,0,"fie functia f:r->r, f(x) = 2ax - 9, a = 0. determinati valorile reale ale lui a, pentru care graficul functiei f trece prin punctul a(a; a^2) si functia f este monoton descrescatoare."
Exersare Test 2 - 2022,12.0,"Fie f, g: R->R, f(x) = mx + m^2 - 2m, g(x) = x + 2. Determinati valorile reale ale lui m, pentru care graficele functiilor f si g se intersecteaza in punctul de abscisa x = 2, iar functia f este strict descrescatoare.","f(2) = g(2): 2m + m^2 - 2m = 4; m^2=4; m = +-2. Dar f strict descrescatoare -> m < 0, asadar m = -2",m = -2,4.0,Functii cu parametru,Funcții,Funcții,4 - avansat,exersare,2022.0,"fie f, g: r->r, f(x) = mx + m^2 - 2m, g(x) = x + 2. determinati valorile reale ale lui m, pentru care graficele functiilor f si g se intersecteaza in punctul de abscisa x = 2, iar functia f este strict descrescatoare.","f(2) = g(2): 2m + m^2 - 2m = 4; m^2=4; m = +-2. dar f strict descrescatoare -> m < 0, asadar m = -2",m = -2,217,44,99,6,4,13,0,0,0,0,1,0,"fie f, g: r->r, f(x) = mx + m^2 - 2m, g(x) = x + 2. determinati valorile reale ale lui m, pentru care graficele functiilor f si g se intersecteaza in punctul de abscisa x = 2, iar functia f este strict descrescatoare."
Pretestare 2024,12.0,"Funcția liniară f(x)=mx+2m+5 (m≠0) trece prin A(2,1). Determinați monotonia.",f(2) = 2m + 2m + 5 = 1 → 4m = -4 → m = -1. f descrescătoare,"Descrescătoare, m = -1",4.0,Funcții cu parametru,Funcții,Funcții,4 - avansat,pretestare,2024.0,"functia liniara f(x)=mx+2m+5 (m=0) trece prin a(2,1). determinati monotonia.",f(2) = 2m + 2m + 5 = 1 → 4m = -4 → m = -1. f descrescatoare,"descrescatoare, m = -1",76,9,59,22,5,9,0,0,0,0,1,0,"functia liniara f(x)=mx+2m+5 (m=0) trece prin a(2,1). determinati monotonia."
Exersare Test 1 - 2025,9.0,"Fie functia f:D -> R, f(x) = sqrt(3 - 2x). Determinati valorile reale ale lui x din domeniul D, astfel incat 2x > x.",1) Conditia pentru domeniu: 3 - 2x >= 0 => x <= 3/2. 2) Conditia 2x > x => x > 0. 3) Intersectia: x apartine (0; 3/2] .,x apartine (0; 3/2],3.0,Functii irationale,Funcții,Funcții,3 - consolidare,exersare,2025.0,"fie functia f:d -> r, f(x) = sqrt(3 - 2x). determinati valorile reale ale lui x din domeniul d, astfel incat 2x > x.",1) conditia pentru domeniu: 3 - 2x >= 0 => x <= 3/2. 2) conditia 2x > x => x > 0. 3) intersectia: x apartine (0; 3/2] .,x apartine (0; 3/2],116,24,119,19,3,9,0,0,0,1,1,0,"fie functia f:d -> r, f(x) = sqrt(3 - 2x). determinati valorile reale ale lui x din domeniul d, astfel incat 2x > x."
Exersare Test 2 - 2022,9.0,"Determinati domeniul de definitie al functiei f: R->R, f(x) = sqrt(-7x + 2)",Conditia: -7x + 2 >= 0; -7x >= -2; x <= 2/7,D = (-∞; 2/7],3.0,Functii irationale,Funcții,Funcții,3 - consolidare,exersare,2022.0,"determinati domeniul de definitie al functiei f: r->r, f(x) = sqrt(-7x + 2)",conditia: -7x + 2 >= 0; -7x >= -2; x <= 2/7,d = (-∞; 2/7],75,13,43,13,2,9,0,0,0,1,1,0,"determinati domeniul de definitie al functiei f: r->r, f(x) = sqrt(-7x + 2)"
Exersare Test 2 - 2023,9.0,"Fie functia f: R->R, f(x) = sqrt(-2x - 7). Determinati cea mai mare valoare intreaga a lui x, care apartine domeniului de definitie al functiei f.","Conditia: -2x - 7 >= 0; -2x >= 7; x <= -3,5. Cea mai mare valoare intreaga <= -3,5 este -4",x = -4,3.0,Functii irationale,Funcții,Funcții,3 - consolidare,exersare,2023.0,"fie functia f: r->r, f(x) = sqrt(-2x - 7). determinati cea mai mare valoare intreaga a lui x, care apartine domeniului de definitie al functiei f.","conditia: -2x - 7 >= 0; -2x >= 7; x <= -3,5. cea mai mare valoare intreaga <= -3,5 este -4",x = -4,146,26,90,6,2,9,0,0,0,1,1,0,"fie functia f: r->r, f(x) = sqrt(-2x - 7). determinati cea mai mare valoare intreaga a lui x, care apartine domeniului de definitie al functiei f."
Exersare Test 2 - 2024,9.0,"Fie funcțiile f: D₁→R, f(x) = √(2x + 6) și g: D₂→R, g(x) = √(-x). Determinați D₁ ∩ D₂.","D₁: 2x + 6 ≥ 0 → x ≥ -3; D₂: -x ≥ 0 → x ≤ 0; D₁ ∩ D₂ = [-3, 0]",[-3; 0],5.0,Funcții iraționale,Funcții,Funcții,4 - avansat,exersare,2024.0,"fie functiile f: d₁→r, f(x) = √(2x + 6) si g: d₂→r, g(x) = √(-x). determinati d₁ ∩ d₂.","d₁: 2x + 6 ≥ 0 → x ≥ -3; d₂: -x ≥ 0 → x ≤ 0; d₁ ∩ d₂ = [-3, 0]",[-3; 0],86,19,62,7,2,14,0,0,0,1,1,0,"fie functiile f: d₁→r, f(x) = √(2x + 6) si g: d₂→r, g(x) = √(-x). determinati d₁ ∩ d₂."
Pretestare 2024,9.0,Domeniul funcției f(x) = √(-3x + 6),-3x + 6 ≥ 0 → x ≤ 2,x ≤ 2,3.0,Funcții iraționale,Funcții,Funcții,3 - consolidare,pretestare,2024.0,domeniul functiei f(x) = √(-3x + 6),-3x + 6 ≥ 0 → x ≤ 2,x ≤ 2,35,7,19,5,2,8,0,0,0,1,1,0,domeniul functiei f(x) = √(-3x + 6)
Exersare Test 1 - 2025,12.0,"Capitalul f al unei companii este descris de functia f(x) = mx + 3, unde x >= 0 este numarul de ani de activitate. La 2 ani de activitate, capitalul era de 7 mln lei. Determinati la cati ani capitalul va fi de 21 mln lei.",1) Din f(2) = 7: 2m + 3 = 7 => m = 2. 2) Functia: f(x) = 2x + 3. 3) Pentru f(x) = 21: 2x + 3 = 21. 4) Rezolvare: 2x = 18 => x = 9 ani.,9 ani,5.0,Functii liniare,Funcții liniare,Funcții,4 - avansat,exersare,2025.0,"capitalul f al unei companii este descris de functia f(x) = mx + 3, unde x >= 0 este numarul de ani de activitate. la 2 ani de activitate, capitalul era de 7 mln lei. determinati la cati ani capitalul va fi de 21 mln lei.",1) din f(2) = 7: 2m + 3 = 7 => m = 2. 2) functia: f(x) = 2x + 3. 3) pentru f(x) = 21: 2x + 3 = 21. 4) rezolvare: 2x = 18 => x = 9 ani.,9 ani,221,46,134,5,6,6,0,0,0,0,1,1,"capitalul f al unei companii este descris de functia f(x) = mx + 3, unde x >= 0 este numarul de ani de activitate. la 2 ani de activitate, capitalul era de 7 mln lei. determinati la cati ani capitalul va fi de 21 mln lei."
Exersare Test 2 - 2023,3.0,"Fie functia f: R->R, f(x) = ax + b, a != 0. Utilizand desenul, scrieti unul dintre semnele <, > sau = astfel incat propozitia obtinuta sa fie adevărat: a*b ? 0. (Desenul arata o functie monoton descrescatoare care intersecteaza axa Oy in punctul (0;4) si axa Ox in punctul (4;0))","Din grafic se determina semnul expresiei, rezulta <",<,1.0,Functii liniare,Funcții liniare,Funcții,1 - bază,exersare,2023.0,"fie functia f: r->r, f(x) = ax + b, a != 0. utilizand desenul, scrieti unul dintre semnele <, > sau = astfel incat propozitia obtinuta sa fie adevarat: a*b ? 0. (desenul arata o functie monoton descrescatoare care intersecteaza axa oy in punctul (0;4) si axa ox in punctul (4;0))","din grafic se determina semnul expresiei, rezulta <",<,279,51,51,1,6,17,0,0,0,0,1,0,"fie functia f: r->r, f(x) = ax + b, a != 0. utilizand desenul, scrieti unul dintre semnele <, > sau = astfel incat propozitia obtinuta sa fie adevarat: a*b ? 0. (desenul arata o functie monoton descrescatoare care intersecteaza axa oy in punctul (0;4) si axa ox in punctul (4;0))"
Sesiune de baza 2025,9.0,"Fie funcția f: ℝ → ℝ, f(x) = −3x + 6. Determinați valorile reale ale lui x, care sunt mai mici sau egale cu 4, și pentru care f(x) − 2 < x.","f(x) = −3x + 6

Inecuația: f(x) − 2 < x
−3x + 6 − 2 < x
−3x + 4 < x
4 < x + 3x
4 < 4x
1 < x

Condiția: x ≤ 4

Combinând: 1 < x ≤ 4

Soluția: x ∈ (1, 4]","x ∈ (1, 4]",2.0,Functii liniare,Funcții liniare,Funcții,2 - mediu,sesiune_baza,2025.0,"fie functia f: ℝ → ℝ, f(x) = -3x + 6. determinati valorile reale ale lui x, care sunt mai mici sau egale cu 4, si pentru care f(x) - 2 < x.","f(x) = -3x + 6 inecuatia: f(x) - 2 < x -3x + 6 - 2 < x -3x + 4 < x 4 < x + 3x 4 < 4x 1 < x conditia: x ≤ 4 combinand: 1 < x ≤ 4 solutia: x ∈ (1, 4]","x ∈ (1, 4]",139,33,151,10,4,7,0,0,0,0,1,0,"fie functia f: ℝ → ℝ, f(x) = -3x + 6. determinati valorile reale ale lui x, care sunt mai mici sau egale cu 4, si pentru care f(x) - 2 < x."
Sesiune de baza 2025,12.0,"Fie funcția f: ℝ → ℝ, f(x) = (m − 2)x + 3, astfel încât punctul A(1; 2m) aparține graficului funcției f. Stabiliți monotonia funcției f.","Punctul A(1; 2m) aparține graficului:
f(1) = 2m
(m − 2) · 1 + 3 = 2m
m − 2 + 3 = 2m
m + 1 = 2m
1 = m
m = 1

Funcția devine:
f(x) = (1 − 2)x + 3 = −x + 3

Coeficientul lui x este −1 < 0

Funcția f este STRICT DESCRESCĂTOARE pe ℝ.","m = 1
f este strict descrescătoare",3.0,Functii liniare,Funcții liniare,Funcții,3 - consolidare,sesiune_baza,2025.0,"fie functia f: ℝ → ℝ, f(x) = (m - 2)x + 3, astfel incat punctul a(1; 2m) apartine graficului functiei f. stabiliti monotonia functiei f.",punctul a(1; 2m) apartine graficului: f(1) = 2m (m - 2) · 1 + 3 = 2m m - 2 + 3 = 2m m + 1 = 2m 1 = m m = 1 functia devine: f(x) = (1 - 2)x + 3 = -x + 3 coeficientul lui x este -1 < 0 functia f este strict descrescatoare pe ℝ.,m = 1 f este strict descrescatoare,136,26,228,34,4,8,0,0,0,0,1,0,"fie functia f: ℝ → ℝ, f(x) = (m - 2)x + 3, astfel incat punctul a(1; 2m) apartine graficului functiei f. stabiliti monotonia functiei f."
Exersare Test 2 - 2021,12.0,"f(x) = x + 3, g(x) = 2x - m + 4. Punctul de intersecție al graficului f cu axa Oy aparține și graficului g. m = ?","Intersecția f cu Oy: x = 0 => f(0) = 3. Punctul este (0, 3). Acest punct aparține g: g(0) = 3 => -m + 4 = 3 => m = 1",m = 1,2.0,Funcții liniare,Funcții liniare,Funcții,2 - mediu,exersare,2021.0,"f(x) = x + 3, g(x) = 2x - m + 4. punctul de intersectie al graficului f cu axa oy apartine si graficului g. m = ?","intersectia f cu oy: x = 0 => f(0) = 3. punctul este (0, 3). acest punct apartine g: g(0) = 3 => -m + 4 = 3 => m = 1",m = 1,113,28,116,5,3,10,0,0,0,0,1,0,"f(x) = x + 3, g(x) = 2x - m + 4. punctul de intersectie al graficului f cu axa oy apartine si graficului g. m = ?"
Exersare Test 2 - 2024,3.0,"Fie funcția f: R→R, f(x) = -3x + 2. Scrieți în casetă un număr real, astfel încât punctul (__, 5) să aparțină graficului funcției f.",f(x) = 5; -3x + 2 = 5; -3x = 3; x = -1,-1,2.0,Funcții liniare,Funcții liniare,Funcții,2 - mediu,exersare,2024.0,"fie functia f: r→r, f(x) = -3x + 2. scrieti in caseta un numar real, astfel incat punctul (__, 5) sa apartina graficului functiei f.",f(x) = 5; -3x + 2 = 5; -3x = 3; x = -1,-1,132,25,38,2,3,7,0,0,0,0,1,0,"fie functia f: r→r, f(x) = -3x + 2. scrieti in caseta un numar real, astfel incat punctul (__, 5) sa apartina graficului functiei f."
Sesiune de bază 2022,3.0,Identificați zeroul funcției f(x) = 2x - 5 sau discutați semnul,f(x) = 0 → 2x - 5 = 0 → x = 2.5,x = 2.5,2.0,Funcții liniare,Funcții liniare,Funcții,2 - mediu,sesiune_baza,2022.0,identificati zeroul functiei f(x) = 2x - 5 sau discutati semnul,f(x) = 0 → 2x - 5 = 0 → x = 2.5,x = 2.5,63,11,31,7,2,4,0,0,0,0,1,0,identificati zeroul functiei f(x) = 2x - 5 sau discutati semnul
Sesiune de bază 2024,9.0,"Pentru f(x) = -3x + 6, listați x > 1 unde f(x) este pozitiv","f(x) > 0 → -3x + 6 > 0 → x < 2. x > 1 și x < 2 → x ∈ (1, 2)","x ∈ (1, 2)",3.0,Funcții liniare,Funcții liniare,Funcții,3 - consolidare,sesiune_baza,2024.0,"pentru f(x) = -3x + 6, listati x > 1 unde f(x) este pozitiv","f(x) > 0 → -3x + 6 > 0 → x < 2. x > 1 si x < 2 → x ∈ (1, 2)","x ∈ (1, 2)",59,14,59,10,3,8,0,0,0,0,1,0,"pentru f(x) = -3x + 6, listati x > 1 unde f(x) este pozitiv"
Exersare Test 1 - 2020,3.0,"Fie f: R → R, f(x) = 2x + 6. Găsiți zeroul funcției f.",f(x) = 0: 2x + 6 = 0 → x = -3,-3,1.0,Funcții liniare,Funcții liniare,Funcții,1 - bază,exersare,2020.0,"fie f: r → r, f(x) = 2x + 6. gasiti zeroul functiei f.",f(x) = 0: 2x + 6 = 0 → x = -3,-3,54,14,29,2,2,4,0,0,0,0,1,0,"fie f: r → r, f(x) = 2x + 6. gasiti zeroul functiei f."
Exersare Test 2 - 2020,12.0,"f(x) = 2x + k, g(x) = x − 2. Găsiți k astfel încât punctul de intersecție al lui g cu axa x să aparțină graficului lui f.","g(x) = 0: x - 2 = 0 → x = 2. Punct: (2, 0). f(2) = 0: 2(2) + k = 0 → k = -4",k = -4,2.0,Funcții liniare,Funcții liniare,Funcții,2 - mediu,exersare,2020.0,"f(x) = 2x + k, g(x) = x - 2. gasiti k astfel incat punctul de intersectie al lui g cu axa x sa apartina graficului lui f.","g(x) = 0: x - 2 = 0 → x = 2. punct: (2, 0). f(2) = 0: 2(2) + k = 0 → k = -4",k = -4,121,28,75,6,2,7,0,0,0,0,1,0,"f(x) = 2x + k, g(x) = x - 2. gasiti k astfel incat punctul de intersectie al lui g cu axa x sa apartina graficului lui f."
Sesiunea de bază - 2019,12.0,f(x)=(m²−4)x+m²−3m+2. Găsiți m pentru grafic prin origine și f descrescătoare.,f(0) = 0: m²-3m+2 = 0 → m=1 sau m=2. f descrescătoare: m²-4 < 0 → -2<m<2. Soluție: m = 1,m = 1,2.0,Funcții liniare,Funcții liniare,Funcții,2 - mediu,sesiune_baza,2019.0,f(x)=(m²-4)x+m²-3m+2. gasiti m pentru grafic prin origine si f descrescatoare.,f(0) = 0: m²-3m+2 = 0 → m=1 sau m=2. f descrescatoare: m²-4 < 0 → -2<m<2. solutie: m = 1,m = 1,78,10,88,5,3,7,0,0,0,0,1,0,f(x)=(m²-4)x+m²-3m+2. gasiti m pentru grafic prin origine si f descrescatoare.
Exersare Test 2 - 2018,12.0,f(x)=x−2 și g(x)=2x+a−1. Găsiți a pentru intersecția pe axa x.,f∩g: x-2 = 2x+a-1 → x = -a-1. Pe Ox: x = 2. −a−1 = 2 → a = −3,a = −3,2.0,Funcții liniare,Funcții liniare,Funcții,2 - mediu,exersare,2018.0,f(x)=x-2 si g(x)=2x+a-1. gasiti a pentru intersectia pe axa x.,f∩g: x-2 = 2x+a-1 → x = -a-1. pe ox: x = 2. -a-1 = 2 → a = -3,a = -3,62,10,61,6,3,7,0,0,0,0,1,0,f(x)=x-2 si g(x)=2x+a-1. gasiti a pentru intersectia pe axa x.
Sesiunea de bază - 2017,12.0,"f(x)=(m²−2)x+m. Găsiți m pentru grafic prin A(1,4) și intersecție cu Oy la ordonată negativă.",f(1) = 4: m²-2+m = 4 → m²+m-6 = 0 → m = 2 sau m = -3. f(0) = m < 0 → m = -3,m = -3,2.0,Funcții liniare,Funcții liniare,Funcții,2 - mediu,sesiune_baza,2017.0,"f(x)=(m²-2)x+m. gasiti m pentru grafic prin a(1,4) si intersectie cu oy la ordonata negativa.",f(1) = 4: m²-2+m = 4 → m²+m-6 = 0 → m = 2 sau m = -3. f(0) = m < 0 → m = -3,m = -3,93,14,75,6,3,8,0,0,0,0,1,0,"f(x)=(m²-2)x+m. gasiti m pentru grafic prin a(1,4) si intersectie cu oy la ordonata negativa."
Sesiunea de bază - 2015,9.0,"f(x)=(2m−4)x+5. Găsiți m pentru f(x)≥0 pe [1,2].","f(x)=(2m-4)x+5. f(1)=2m-4+5=2m+1≥0→m≥-1/2. f(2)=4m-8+5=4m-3≥0→m≥3/4. Dacă 2m-4>0(m>2): f cresc, minim la x=1. Dacă 2m-4<0(m<2): f desc, minim la x=2. Rezultat: m≥3/4.",m ≥ 3/4,2.0,Funcții liniare,Funcții liniare,Funcții,2 - mediu,sesiune_baza,2015.0,"f(x)=(2m-4)x+5. gasiti m pentru f(x)≥0 pe [1,2].","f(x)=(2m-4)x+5. f(1)=2m-4+5=2m+1≥0→m≥-1/2. f(2)=4m-8+5=4m-3≥0→m≥3/4. daca 2m-4>0(m>2): f cresc, minim la x=1. daca 2m-4<0(m<2): f desc, minim la x=2. rezultat: m≥3/4.",m ≥ 3/4,48,7,166,7,6,11,0,0,0,0,1,0,"f(x)=(2m-4)x+5. gasiti m pentru f(x)≥0 pe [1,2]."
Exersare Test 1 - 2014,3.0,"Punctul A(?, 1) pe graficul f(x)=2x+7.","f(x) = 1: 2x + 7 = 1 → x = -3. A(-3, 1)",-3,1.0,Funcții liniare,Funcții liniare,Funcții,1 - bază,exersare,2014.0,"punctul a(?, 1) pe graficul f(x)=2x+7.","f(x) = 1: 2x + 7 = 1 → x = -3. a(-3, 1)",-3,38,6,39,2,3,6,0,0,0,0,1,0,"punctul a(?, 1) pe graficul f(x)=2x+7."
Exersare Test 2 - 2014,12.0,"Cost transport tonă pe x km: auto f(x)=(3/500)x+7, tren g(x)=(7/500)x+3. De la ce distanță trenul e mai ieftin?",g(x) < f(x): 4x < 2000 → x < 500. Trenul mai ieftin pentru x > 500 km,x > 500 km,2.0,Funcții liniare,Funcții liniare,Funcții,2 - mediu,exersare,2014.0,"cost transport tona pe x km: auto f(x)=(3/500)x+7, tren g(x)=(7/500)x+3. de la ce distanta trenul e mai ieftin?",g(x) < f(x): 4x < 2000 → x < 500. trenul mai ieftin pentru x > 500 km,x > 500 km,111,18,69,10,10,14,0,0,0,0,1,0,"cost transport tona pe x km: auto f(x)=(3/500)x+7, tren g(x)=(7/500)x+3. de la ce distanta trenul e mai ieftin?"
Sesiunea de bază - 2013,2.0,f(x)=4−2x. Panta graficului.,Panta = -2,-2,1.0,Funcții liniare,Funcții liniare,Funcții,1 - bază,sesiune_baza,2013.0,f(x)=4-2x. panta graficului.,panta = -2,-2,28,3,10,2,2,3,0,0,0,0,1,0,f(x)=4-2x. panta graficului.
Test 1 - 2013,2.0,f(x)=4-2x. Panta graficului.,"Pentru funcția liniară f(x) = ax + b, panta (coeficientul angular) este a. În f(x) = 4 - 2x = -2x + 4, panta este -2. Aceasta înseamnă că graficul coboară de la stânga la dreapta.",-2,1.0,Funcții liniare,Funcții liniare,Funcții,1 - bază,alta,2013.0,f(x)=4-2x. panta graficului.,"pentru functia liniara f(x) = ax + b, panta (coeficientul angular) este a. in f(x) = 4 - 2x = -2x + 4, panta este -2. aceasta inseamna ca graficul coboara de la stanga la dreapta.",-2,28,3,179,2,2,4,0,0,0,0,1,0,f(x)=4-2x. panta graficului.
Exersare Test 2 - 2022,3.0,"Fie functia f: R->R, f(x) = ax^2 + bx + c, a != 0. Utilizand desenul, completati cu <, > sau =: f(0)·f(4) .... 0. In desen este reprezentat graficul functiei, o parabola deschisa in jos, care intersecteaza axa Ox in doua puncte: unul cu abscisa negativa si unul cu abscisa pozitiva mai mica decat 4.","Din grafic: f(0) > 0 si f(4) < 0, deci f(0)·f(4) < 0",<,2.0,Functii patratice,Funcția de gradul II,Funcții,2 - mediu,exersare,2022.0,"fie functia f: r->r, f(x) = ax^2 + bx + c, a != 0. utilizand desenul, completati cu <, > sau =: f(0)·f(4) .... 0. in desen este reprezentat graficul functiei, o parabola deschisa in jos, care intersecteaza axa ox in doua puncte: unul cu abscisa negativa si unul cu abscisa pozitiva mai mica decat 4.","din grafic: f(0) > 0 si f(4) < 0, deci f(0)·f(4) < 0",<,299,56,52,1,6,16,0,0,0,0,1,0,"fie functia f: r->r, f(x) = ax^2 + bx + c, a != 0. utilizand desenul, completati cu <, > sau =: f(0)·f(4) .... 0. in desen este reprezentat graficul functiei, o parabola deschisa in jos, care intersecteaza axa ox in doua puncte: unul cu abscisa negativa si unul cu abscisa pozitiva mai mica decat 4."
Exersare Test 1 - 2022,7.0,"Fie ABCD un paralelogram, in care m(∠BAD) = 30°, iar inaltimea BK este de 3√3 cm si imparte latura AD in doua segmente congruente. Determinati aria paralelogramului ABCD","In triunghiul ABK: ∠BAK = 30°, BK = 3√3. AK = BK/tan(30°) = 9. AD = 2×AK = 18. Aria = AD × BK = 18 × 3√3 = 54√3 cm²",54√3 cm²,3.0,Geometrie - Arii,Geometrie - Arii,Geometrie,3 - consolidare,exersare,2022.0,"fie abcd un paralelogram, in care m(∠bad) = 30°, iar inaltimea bk este de 3√3 cm si imparte latura ad in doua segmente congruente. determinati aria paralelogramului abcd","in triunghiul abk: ∠bak = 30°, bk = 3√3. ak = bk/tan(30°) = 9. ad = 2×ak = 18. aria = ad × bk = 18 × 3√3 = 54√3 cm²",54√3 cm²,169,28,115,8,4,4,0,1,0,1,0,0,"fie abcd un paralelogram, in care m(∠bad) = 30°, iar inaltimea bk este de 3√3 cm si imparte latura ad in doua segmente congruente. determinati aria paralelogramului abcd"
Exersare Test 2 - 2025,7.0,Baza triunghiului isoscel cu A=60cm² și h=12cm,Aria = (baza × înălțimea)/2. 60 = (b × 12)/2. b = 120/12 = 10 cm.,10 cm,2.0,Geometrie - Arii,Geometrie - Arii,Geometrie,2 - mediu,exersare,2025.0,baza triunghiului isoscel cu a=60cm² si h=12cm,aria = (baza × inaltimea)/2. 60 = (b × 12)/2. b = 120/12 = 10 cm.,10 cm,46,7,65,5,4,2,0,1,0,0,0,0,baza triunghiului isoscel cu a=60cm² si h=12cm
Pretestare 2024,7.0,Aria unui romb cu unghi de 60° și diagonala mică de 4 cm,"Într-un romb cu unghi de 60°, diagonala mică = latura. Deci l=4cm. Diag mare: d₂=l√3=4√3cm. Aria=d₁·d₂/2=4·4√3/2=8√3 cm².",8√3 cm²,3.0,Geometrie - Arii,Geometrie - Arii,Geometrie,3 - consolidare,pretestare,2024.0,aria unui romb cu unghi de 60° si diagonala mica de 4 cm,"intr-un romb cu unghi de 60°, diagonala mica = latura. deci l=4cm. diag mare: d₂=l√3=4√3cm. aria=d₁·d₂/2=4·4√3/2=8√3 cm².",8√3 cm²,56,13,121,7,3,0,0,1,0,0,0,0,aria unui romb cu unghi de 60° si diagonala mica de 4 cm
Pretestare 2025,4.0,Dreptunghi cu diagonala 6 cm și unghi de 30° cu o latură. Calculați aria.,"L = 6·cos30° = 3√3, l = 6·sin30° = 3. A = 9√3 cm²",A = 9√3 cm²,3.0,Geometrie - Arii,Geometrie - Arii,Geometrie,3 - consolidare,pretestare,2025.0,dreptunghi cu diagonala 6 cm si unghi de 30° cu o latura. calculati aria.,"l = 6·cos30° = 3√3, l = 6·sin30° = 3. a = 9√3 cm²",a = 9√3 cm²,73,14,49,11,3,0,0,1,0,0,0,0,dreptunghi cu diagonala 6 cm si unghi de 30° cu o latura. calculati aria.
Sesiune de bază 2024,7.0,Triunghi isoscel cu unghi la bază 30° și înălțime 1 cm. Calculați aria.,Unghi vârf=180°-2×30°=120°. h=1cm cade pe bază. b/2=h/tan30°=1/(√3/3)=√3. Baza=2√3cm. Aria=(2√3×1)/2=√3cm².,√3 cm²,3.0,Geometrie - Arii,Geometrie - Arii,Geometrie,3 - consolidare,sesiune_baza,2024.0,triunghi isoscel cu unghi la baza 30° si inaltime 1 cm. calculati aria.,unghi varf=180°-2×30°=120°. h=1cm cade pe baza. b/2=h/tan30°=1/(√3/3)=√3. baza=2√3cm. aria=(2√3×1)/2=√3cm².,√3 cm²,71,13,107,6,3,0,0,1,0,0,0,0,triunghi isoscel cu unghi la baza 30° si inaltime 1 cm. calculati aria.
Sesiune de baza 2025,7.0,"Aria pătratului ABCD este egală cu 100 cm². Determinați lungimea segmentului AM, unde punctul M este mijlocul laturii BC.","Aria pătratului = 100 cm²
Latura pătratului: l² = 100 → l = 10 cm

În triunghiul dreptunghic ABM:
• AB = 10 cm (latura pătratului)
• BM = 5 cm (jumătate din BC)

Aplicăm teorema lui Pitagora:
AM² = AB² + BM²
AM² = 10² + 5² = 100 + 25 = 125
AM = √125 = √(25·5) = 5√5 cm",5√5 cm ≈ 11.18 cm,4.0,Geometrie - Arii,Geometrie - Arii,Geometrie,4 - avansat,sesiune_baza,2025.0,"aria patratului abcd este egala cu 100 cm². determinati lungimea segmentului am, unde punctul m este mijlocul laturii bc.",aria patratului = 100 cm² latura patratului: l² = 100 → l = 10 cm in triunghiul dreptunghic abm: • ab = 10 cm (latura patratului) • bm = 5 cm (jumatate din bc) aplicam teorema lui pitagora: am² = ab² + bm² am² = 10² + 5² = 100 + 25 = 125 am = √125 = √(25·5) = 5√5 cm,5√5 cm ≈ 11.18 cm,121,19,268,17,3,0,0,1,0,0,0,0,"aria patratului abcd este egala cu 100 cm². determinati lungimea segmentului am, unde punctul m este mijlocul laturii bc."
Pretestare 2024,2.0,"În triunghiul ABC, MN ∥ AC, BC = 12 cm, NC = 8 cm, BM = 5 cm. Găsiți BN și AM.","Din teorema lui Tales: BN/BC = BM/BA. BN = 4 cm, AM se calculează",BN = 4 cm,3.0,Geometrie - Asemănare,Geometrie,Geometrie,3 - consolidare,pretestare,2024.0,"in triunghiul abc, mn ∥ ac, bc = 12 cm, nc = 8 cm, bm = 5 cm. gasiti bn si am.","din teorema lui tales: bn/bc = bm/ba. bn = 4 cm, am se calculeaza",bn = 4 cm,78,22,65,9,4,3,0,1,0,0,0,0,"in triunghiul abc, mn ∥ ac, bc = 12 cm, nc = 8 cm, bm = 5 cm. gasiti bn si am."
Exersare Test 1 - 2023,7.0,Intr-un cerc cu raza de 6 cm este dusa coarda AB congruenta cu raza. Determinati distanta de la centrul cercului la coarda AB.,"Construirea triunghiului OAB si a inaltimii OH, unde O este centrul cercului
AH = 3 cm
Obtinerea OH = 3√3 cm",3√3 cm,3.0,Geometrie - Cercul,Geometrie - Cercul,Geometrie,3 - consolidare,exersare,2023.0,intr-un cerc cu raza de 6 cm este dusa coarda ab congruenta cu raza. determinati distanta de la centrul cercului la coarda ab.,"construirea triunghiului oab si a inaltimii oh, unde o este centrul cercului ah = 3 cm obtinerea oh = 3√3 cm",3√3 cm,126,23,108,6,1,1,0,1,0,0,0,0,intr-un cerc cu raza de 6 cm este dusa coarda ab congruenta cu raza. determinati distanta de la centrul cercului la coarda ab.
Exersare Test 1 - 2024,2.0,"In desenul alaturat este reprezentat un cerc cu centrul O de raza R. Coarda AB este de 8 cm si este situata la distanta de 3 cm de la punctul O. Fie K apartine (AB), astfel incat OK perpendicular AB. Scrieti in casete: a) AK = ? cm; b) R = ? cm",In triunghiul dreptunghic OKA: OA^2 = OK^2 + AK^2 => R^2 = 3^2 + 4^2 = 25 ⇒ R = 5. AK=AB/2=8/2=4cm,"4 cm, 5 cm",2.0,Geometrie - Cercul,Geometrie - Cercul,Geometrie,2 - mediu,exersare,2024.0,"in desenul alaturat este reprezentat un cerc cu centrul o de raza r. coarda ab este de 8 cm si este situata la distanta de 3 cm de la punctul o. fie k apartine (ab), astfel incat ok perpendicular ab. scrieti in casete: a) ak = ? cm; b) r = ? cm",in triunghiul dreptunghic oka: oa^2 = ok^2 + ak^2 => r^2 = 3^2 + 4^2 = 25 ⇒ r = 5. ak=ab/2=8/2=4cm,"4 cm, 5 cm",244,53,98,10,2,6,0,1,0,0,0,0,"in desenul alaturat este reprezentat un cerc cu centrul o de raza r. coarda ab este de 8 cm si este situata la distanta de 3 cm de la punctul o. fie k apartine (ab), astfel incat ok perpendicular ab. scrieti in casete: a) ak = ? cm; b) r = ? cm"
Exersare Test 1 - 2025,7.0,Lungimea unui cerc este de 26*pi cm. La distanta 5 cm de la centrul cercului este dusa o coarda. Determinati lungimea coardei.,1) Din C = 2*pi*r = 26*pi => r = 13 cm. 2) Distanta de la centru la coarda d = 5 cm. 3) Jumatatea coardei: sqrt(r^2 - d^2) = sqrt(169 - 25) = sqrt(144) = 12 cm. 4) Lungimea coardei: 2 * 12 = 24 cm.,24 cm,4.0,Geometrie - Cercul,Geometrie - Cercul,Geometrie,4 - avansat,exersare,2025.0,lungimea unui cerc este de 26*pi cm. la distanta 5 cm de la centrul cercului este dusa o coarda. determinati lungimea coardei.,1) din c = 2*pi*r = 26*pi => r = 13 cm. 2) distanta de la centru la coarda d = 5 cm. 3) jumatatea coardei: sqrt(r^2 - d^2) = sqrt(169 - 25) = sqrt(144) = 12 cm. 4) lungimea coardei: 2 * 12 = 24 cm.,24 cm,126,22,197,5,3,1,0,1,0,0,0,0,lungimea unui cerc este de 26*pi cm. la distanta 5 cm de la centrul cercului este dusa o coarda. determinati lungimea coardei.
Exersare Test 2 - 2021,7.0,Cerc cu raza 6 cm. Coarda AC formează 30° cu diametrul AB. AC = ?,"În triunghiul ABC inscris în cerc, AB = diametru = 12 cm. ∠ACB = 90° (unghi înscris ce subîntinde diametrul). ∠BAC = 30°. AC = AB × cos(30°) = 12 × (√3/2) = 6√3 cm",6√3 cm,3.0,Geometrie - Cercul,Geometrie - Cercul,Geometrie,3 - consolidare,exersare,2021.0,cerc cu raza 6 cm. coarda ac formeaza 30° cu diametrul ab. ac = ?,"in triunghiul abc inscris in cerc, ab = diametru = 12 cm. ∠acb = 90° (unghi inscris ce subintinde diametrul). ∠bac = 30°. ac = ab × cos(30°) = 12 × (√3/2) = 6√3 cm",6√3 cm,65,15,163,6,3,1,0,1,0,0,0,0,cerc cu raza 6 cm. coarda ac formeaza 30° cu diametrul ab. ac = ?
Exersare Test 2 - 2023,2.0,In desenul alaturat arcul ABC este de 280°. Scrieti in caseta masura in grade a unghiului ABC. m(unghi)ABC= ?,Unghiul inscris ABC= (360° - 280°)/2 = 80°/2 = 40°,m(unghi ABC)= 40°,1.0,Geometrie - Cercul,Geometrie - Cercul,Geometrie,1 - bază,exersare,2023.0,in desenul alaturat arcul abc este de 280°. scrieti in caseta masura in grade a unghiului abc. m(unghi)abc= ?,unghiul inscris abc= (360° - 280°)/2 = 80°/2 = 40°,m(unghi abc)= 40°,109,19,50,17,3,3,0,1,0,0,0,0,in desenul alaturat arcul abc este de 280°. scrieti in caseta masura in grade a unghiului abc. m(unghi)abc= ?
Sesiune de bază 2024,2.0,Linia AM tangentă la cerc în A. ∠AMO = 40°. Găsiți ∠OAM și ∠AOM.,∠OAM = 90° (tangenta⊥raza). ∠AOM = 180° - 90° - 40° = 50°,"∠OAM=90°, ∠AOM=50°",3.0,Geometrie - Cercul,Geometrie - Cercul,Geometrie,3 - consolidare,sesiune_baza,2024.0,linia am tangenta la cerc in a. ∠amo = 40°. gasiti ∠oam si ∠aom.,∠oam = 90° (tangenta⊥raza). ∠aom = 180° - 90° - 40° = 50°,"∠oam=90°, ∠aom=50°",64,14,57,18,2,1,0,1,0,0,0,0,linia am tangenta la cerc in a. ∠amo = 40°. gasiti ∠oam si ∠aom.
Exersare Test 1 - 2020,7.0,"Cerc cu rază 6 cm, coarda AB = raza. Găsiți distanța de la O la AB.",Triunghi echilateral OAB. h = 6√3/2 = 3√3 cm,3√3 cm,2.0,Geometrie - Cercuri,Geometrie - Cercul,Geometrie,2 - mediu,exersare,2020.0,"cerc cu raza 6 cm, coarda ab = raza. gasiti distanta de la o la ab.",triunghi echilateral oab. h = 6√3/2 = 3√3 cm,3√3 cm,67,16,44,6,1,1,0,1,0,0,0,0,"cerc cu raza 6 cm, coarda ab = raza. gasiti distanta de la o la ab."
Exersare Test 2 - 2020,2.0,Aria discului = 25π cm². Determinați lungimea cercului.,A = πr² = 25π → r² = 25 → r = 5 cm. L = 2πr = 2π×5 = 10π cm,10π cm,1.0,Geometrie - Cercuri,Geometrie - Cercul,Geometrie,1 - bază,exersare,2020.0,aria discului = 25π cm². determinati lungimea cercului.,a = πr² = 25π → r² = 25 → r = 5 cm. l = 2πr = 2π×5 = 10π cm,10π cm,55,8,59,6,2,1,0,1,0,0,0,0,aria discului = 25π cm². determinati lungimea cercului.
Exersare Test 1 - 2018,2.0,"Punctele A, B, C aparțin cercului cu ∠ABC = 45°. Măsura arcului mic AC.",Unghiul înscris = jumătate din arcul subîntins. Arc AC = 2×45° = 90°,90°,1.0,Geometrie - Cercuri,Geometrie - Cercul,Geometrie,1 - bază,exersare,2018.0,"punctele a, b, c apartin cercului cu ∠abc = 45°. masura arcului mic ac.",unghiul inscris = jumatate din arcul subintins. arc ac = 2×45° = 90°,90°,71,14,68,3,2,1,0,1,0,0,0,0,"punctele a, b, c apartin cercului cu ∠abc = 45°. masura arcului mic ac."
Exersare Test 2 - 2018,2.0,"Cerc rază 5 cm, dreapta a la 3 cm de centru. Relația dreptei cu cercul.","Distanța < raza, deci dreapta este secantă",secantă,1.0,Geometrie - Cercuri,Geometrie - Cercul,Geometrie,1 - bază,exersare,2018.0,"cerc raza 5 cm, dreapta a la 3 cm de centru. relatia dreptei cu cercul.","distanta < raza, deci dreapta este secanta",secanta,71,15,42,7,2,0,0,1,0,0,0,0,"cerc raza 5 cm, dreapta a la 3 cm de centru. relatia dreptei cu cercul."
Exersare Test 1 - 2017,2.0,"Punctele A, B, C pe cerc cu AB diametru și AC=BC. Măsura ∠ABC.",∠ACB = 90° (unghi înscris pe diametru). AC=BC → triunghi isoscel dreptunghic. ∠ABC = 45°,45°,1.0,Geometrie - Cercuri,Geometrie - Cercul,Geometrie,1 - bază,exersare,2017.0,"punctele a, b, c pe cerc cu ab diametru si ac=bc. masura ∠abc.",∠acb = 90° (unghi inscris pe diametru). ac=bc → triunghi isoscel dreptunghic. ∠abc = 45°,45°,62,13,88,3,0,1,0,1,0,0,0,0,"punctele a, b, c pe cerc cu ab diametru si ac=bc. masura ∠abc."
Exersare Test 2 - 2016,2.0,"Punctele A, B, C pe cerc, ∠ACB=60°. Găsiți ∠AOB.",∠AOB = 2×∠ACB = 2×60° = 120° (unghi la centru),120°,1.0,Geometrie - Cercuri,Geometrie - Cercul,Geometrie,1 - bază,exersare,2016.0,"punctele a, b, c pe cerc, ∠acb=60°. gasiti ∠aob.",∠aob = 2×∠acb = 2×60° = 120° (unghi la centru),120°,48,9,46,4,2,1,0,1,0,0,0,0,"punctele a, b, c pe cerc, ∠acb=60°. gasiti ∠aob."
Pretestare - 2016,2.0,"Lungimea cercului = 4π cm, punct O pe coarda AB. Determinați lungimea AB.",L = 2πr = 4π → r = 2 cm. AB = diametru = 4 cm (dacă O este centrul),4 cm,1.0,Geometrie - Cercuri,Geometrie - Cercul,Geometrie,1 - bază,pretestare,2016.0,"lungimea cercului = 4π cm, punct o pe coarda ab. determinati lungimea ab.",l = 2πr = 4π → r = 2 cm. ab = diametru = 4 cm (daca o este centrul),4 cm,73,13,67,4,1,1,0,1,0,0,0,0,"lungimea cercului = 4π cm, punct o pe coarda ab. determinati lungimea ab."
Exersare Test 1 - 2020,2.0,Unghiuri de 75° și 105° interne de aceeași parte. Dreptele a și b [ ] (sunt/nu sunt paralele).,75° + 105° = 180°. Suma = 180° → dreptele sunt paralele.,sunt paralele,1.0,Geometrie - Drepte paralele,Geometrie,Geometrie,1 - bază,exersare,2020.0,unghiuri de 75° si 105° interne de aceeasi parte. dreptele a si b [ ] (sunt/nu sunt paralele).,75° + 105° = 180°. suma = 180° → dreptele sunt paralele.,sunt paralele,94,18,56,13,5,5,0,1,0,0,0,0,unghiuri de 75° si 105° interne de aceeasi parte. dreptele a si b [ ] (sunt/nu sunt paralele).
Exersare Test 2 - 2015,2.0,"Dreptele a și b paralele, c secantă, unghiuri x° și 2x°. Valoarea lui x.",x + 2x = 180° (suplementare) → 3x = 180° → x = 60°,60°,1.0,Geometrie - Drepte paralele,Geometrie,Geometrie,1 - bază,exersare,2015.0,"dreptele a si b paralele, c secanta, unghiuri x° si 2x°. valoarea lui x.",x + 2x = 180° (suplementare) → 3x = 180° → x = 60°,60°,72,14,50,3,1,0,0,1,0,0,0,0,"dreptele a si b paralele, c secanta, unghiuri x° si 2x°. valoarea lui x."
Exersare Test 2 - 2014,2.0,"Dreptele a și b paralele, c secantă. Unghi 125° și x. Găsiți x.",x = 180° - 125° = 55° (suplementare) sau x = 125° (corespondente),55° sau 125°,1.0,Geometrie - Drepte paralele,Geometrie,Geometrie,1 - bază,exersare,2014.0,"dreptele a si b paralele, c secanta. unghi 125° si x. gasiti x.",x = 180° - 125° = 55° (suplementare) sau x = 125° (corespondente),55° sau 125°,63,13,65,12,3,0,0,1,0,0,0,0,"dreptele a si b paralele, c secanta. unghi 125° si x. gasiti x."
Exersare Test 2 - 2024,10.0,"Două dimensiuni ale unui paralelipiped dreptunghic sunt egale cu 3 cm și 4 cm, iar volumul paralelipipedului este egal cu 144 cm³. Determinați lungimea diagonalei paralelipipedului.",V = a·b·c; 144 = 3·4·c; c = 12 cm. Diagonala: d = √(3² + 4² + 12²) = √(9 + 16 + 144) = √169 = 13 cm,13 cm,4.0,Geometrie - Paralelipiped,Geometrie 3D,Geometrie,4 - avansat,exersare,2024.0,"doua dimensiuni ale unui paralelipiped dreptunghic sunt egale cu 3 cm si 4 cm, iar volumul paralelipipedului este egal cu 144 cm³. determinati lungimea diagonalei paralelipipedului.",v = a·b·c; 144 = 3·4·c; c = 12 cm. diagonala: d = √(3² + 4² + 12²) = √(9 + 16 + 144) = √169 = 13 cm,13 cm,181,26,99,5,5,0,0,1,0,0,0,1,"doua dimensiuni ale unui paralelipiped dreptunghic sunt egale cu 3 cm si 4 cm, iar volumul paralelipipedului este egal cu 144 cm³. determinati lungimea diagonalei paralelipipedului."
Exersare Test 1 - 2025,2.0,"In desenul alaturat DK, K apartine (AB), este bisectoarea unghiului ADC al paralelogramului ABCD, iar m(unghi DAB) = 140 grade. a) Scrieti masura unghiului ADC. b) Scrieti masura unghiului AKD.","a) In paralelogram, unghiurile alaturate sunt suplementare: m(ADC) = 180 - 140 = 40 grade. b) DK bisectoare => m(ADK) = 40/2 = 20 grade. In triunghiul AKD: m(AKD) = 180 - 140 - 20 = 20 grade.",a) m(ADC) = 40 grade; b) m(AKD) = 20 grade,1.0,Geometrie - Paralelogram,Geometrie - Paralelograme,Geometrie,1 - bază,exersare,2025.0,"in desenul alaturat dk, k apartine (ab), este bisectoarea unghiului adc al paralelogramului abcd, iar m(unghi dab) = 140 grade. a) scrieti masura unghiului adc. b) scrieti masura unghiului akd.","a) in paralelogram, unghiurile alaturate sunt suplementare: m(adc) = 180 - 140 = 40 grade. b) dk bisectoare => m(adk) = 40/2 = 20 grade. in triunghiul akd: m(akd) = 180 - 140 - 20 = 20 grade.",a) m(adc) = 40 grade; b) m(akd) = 20 grade,193,30,191,42,3,7,0,1,0,0,0,0,"in desenul alaturat dk, k apartine (ab), este bisectoarea unghiului adc al paralelogramului abcd, iar m(unghi dab) = 140 grade. a) scrieti masura unghiului adc. b) scrieti masura unghiului akd."
Exersare Test 1 - 2018,7.0,"Paralelogram ABCD, ∠ABD=90°, ∠BDA=60°, BD=2 cm. Determinați perimetrul.",tan60° = AB/BD → AB = 2√3. cos60° = BD/AD → AD = 4. P = 2(2√3+4) = 4√3+8 cm,4√3 + 8 cm,2.0,Geometrie - Paralelograme,Geometrie - Paralelograme,Geometrie,2 - mediu,exersare,2018.0,"paralelogram abcd, ∠abd=90°, ∠bda=60°, bd=2 cm. determinati perimetrul.",tan60° = ab/bd → ab = 2√3. cos60° = bd/ad → ad = 4. p = 2(2√3+4) = 4√3+8 cm,4√3 + 8 cm,71,8,75,10,5,3,0,1,0,0,0,0,"paralelogram abcd, ∠abd=90°, ∠bda=60°, bd=2 cm. determinati perimetrul."
Sesiunea de bază - 2018,2.0,"Paralelogram ABCD, ∠A = 45°. Măsura ∠B.","În paralelogram, unghiuri consecutive sunt suplementare. ∠B = 180° - 45° = 135°",135°,1.0,Geometrie - Paralelograme,Geometrie - Paralelograme,Geometrie,1 - bază,sesiune_baza,2018.0,"paralelogram abcd, ∠a = 45°. masura ∠b.","in paralelogram, unghiuri consecutive sunt suplementare. ∠b = 180° - 45° = 135°",135°,39,7,79,4,2,1,0,1,0,0,0,0,"paralelogram abcd, ∠a = 45°. masura ∠b."
Pretestare - 2015,2.0,"Paralelogram ABCD, ∠A = 40°. Măsura ∠ABC.",∠ABC = 180° - 40° = 140° (unghiuri consecutive suplementare),140°,1.0,Geometrie - Paralelograme,Geometrie - Paralelograme,Geometrie,1 - bază,pretestare,2015.0,"paralelogram abcd, ∠a = 40°. masura ∠abc.",∠abc = 180° - 40° = 140° (unghiuri consecutive suplementare),140°,41,7,60,4,2,1,0,1,0,0,0,0,"paralelogram abcd, ∠a = 40°. masura ∠abc."
Pretestare - 2014,10.0,"Paralelogram ABCD, ∠A=30°, AD=4√3 cm, AB=10 cm. Aria.",h = AB×sin30° = 10×0.5 = 5 cm. Aria = AD×h = 4√3×5 = 20√3 cm²,20√3 cm²,2.0,Geometrie - Paralelograme,Geometrie - Paralelograme,Geometrie,2 - mediu,pretestare,2014.0,"paralelogram abcd, ∠a=30°, ad=4√3 cm, ab=10 cm. aria.",h = ab×sin30° = 10×0.5 = 5 cm. aria = ad×h = 4√3×5 = 20√3 cm²,20√3 cm²,53,8,61,8,6,4,0,1,0,1,0,0,"paralelogram abcd, ∠a=30°, ad=4√3 cm, ab=10 cm. aria."
Exersare Test 1 - 2014,2.0,Pătrat ABCD cu diagonala AC = √2 cm. Aria ABCD.,d = l√2 = √2 → l = 1 cm. Aria = 1 cm²,1 cm²,1.0,Geometrie - Pătrate,Geometrie,Geometrie,1 - bază,exersare,2014.0,patrat abcd cu diagonala ac = √2 cm. aria abcd.,d = l√2 = √2 → l = 1 cm. aria = 1 cm²,1 cm²,47,10,37,5,1,2,0,1,0,1,0,0,patrat abcd cu diagonala ac = √2 cm. aria abcd.
Exersare Test 2 - 2022,10.0,Aria bazei unei piramide patrulatere regulate este 25 cm^2. Apotema piramidei este de 3 ori mai mare decat latura bazei. Determinati aria laterala.,"Latura bazei: l^2 = 25, l = 5 cm; Apotema: a = 3·5 = 15 cm; Aria laterală = (Perimetru·apotema)/2 = (4·5·15)/2 = 150 cm^2",150 cm^2,3.0,Geometrie - Piramide,Geometrie 3D,Geometrie,3 - consolidare,exersare,2022.0,aria bazei unei piramide patrulatere regulate este 25 cm^2. apotema piramidei este de 3 ori mai mare decat latura bazei. determinati aria laterala.,"latura bazei: l^2 = 25, l = 5 cm; apotema: a = 3·5 = 15 cm; aria laterala = (perimetru·apotema)/2 = (4·5·15)/2 = 150 cm^2",150 cm^2,147,23,121,8,4,1,0,1,0,0,0,0,aria bazei unei piramide patrulatere regulate este 25 cm^2. apotema piramidei este de 3 ori mai mare decat latura bazei. determinati aria laterala.
Exersare Test 2 - 2023,10.0,"Determinati lungimea inaltimii unei piramide patrulatere regulate, care are toate muchiile de 4 cm.",Latura bazei a = 4 cm; Diagonala bazei d = a*sqrt(2) = 4*sqrt(2) cm; Apotema bazei (distanta de la centru la mijlocul laturii) = a/2 = 2 cm; h^2 = l^2 - (d/2)^2 = 16 - 8 = 8; h = 2*sqrt(2) cm,2√2 cm,4.0,Geometrie - Piramide,Geometrie 3D,Geometrie,4 - avansat,exersare,2023.0,"determinati lungimea inaltimii unei piramide patrulatere regulate, care are toate muchiile de 4 cm.",latura bazei a = 4 cm; diagonala bazei d = a*sqrt(2) = 4*sqrt(2) cm; apotema bazei (distanta de la centru la mijlocul laturii) = a/2 = 2 cm; h^2 = l^2 - (d/2)^2 = 16 - 8 = 8; h = 2*sqrt(2) cm,2√2 cm,99,14,191,6,1,0,0,1,0,0,0,0,"determinati lungimea inaltimii unei piramide patrulatere regulate, care are toate muchiile de 4 cm."
Exersare Test 1 - 2025,10.0,O prisma dreapta are baza un triunghi dreptunghic cu catetele de 3 cm si 4 cm. Aria laterala a prismei este egala cu 24 cm^2. Determinati inaltimea prismei.,1) Ipotenuza bazei: sqrt(3^2 + 4^2) = sqrt(25) = 5 cm. 2) Perimetrul bazei: P = 3 + 4 + 5 = 12 cm. 3) Aria laterala: Al = P * h => 24 = 12 * h. 4) Inaltimea: h = 24/12 = 2 cm.,h = 2 cm,4.0,Geometrie - Prisme,Geometrie 3D,Geometrie,4 - avansat,exersare,2025.0,o prisma dreapta are baza un triunghi dreptunghic cu catetele de 3 cm si 4 cm. aria laterala a prismei este egala cu 24 cm^2. determinati inaltimea prismei.,1) ipotenuza bazei: sqrt(3^2 + 4^2) = sqrt(25) = 5 cm. 2) perimetrul bazei: p = 3 + 4 + 5 = 12 cm. 3) aria laterala: al = p * h => 24 = 12 * h. 4) inaltimea: h = 24/12 = 2 cm.,h = 2 cm,156,28,175,8,5,1,0,1,0,0,0,0,o prisma dreapta are baza un triunghi dreptunghic cu catetele de 3 cm si 4 cm. aria laterala a prismei este egala cu 24 cm^2. determinati inaltimea prismei.
Sesiune de bază 2022,2.0,"În romb, determinați măsura unghiului de 40°","Într-un romb, unghiurile opuse sunt egale, cele consecutive suplementare. Dacă un unghi=40°, celălalt=180°-40°=140°.",40° și 140°,2.0,Geometrie - Romb,Geometrie - Romburi,Geometrie,2 - mediu,sesiune_baza,2022.0,"in romb, determinati masura unghiului de 40°","intr-un romb, unghiurile opuse sunt egale, cele consecutive suplementare. daca un unghi=40°, celalalt=180°-40°=140°.",40° si 140°,44,7,116,11,2,0,0,1,0,0,0,0,"in romb, determinati masura unghiului de 40°"
Exersare Test 2 - 2020,7.0,"Romb cu latura 8 cm, o diagonală de ½ din latură. Găsiți cealaltă diagonală.",d₁ = 8/2 = 4 cm. În romb: (d₁/2)² + (d₂/2)² = l². (2)² + (d₂/2)² = 64 → d₂/2 = √60 = 2√15 → d₂ = 4√15 cm,4√15 cm,2.0,Geometrie - Romburi,Geometrie - Romburi,Geometrie,2 - mediu,exersare,2020.0,"romb cu latura 8 cm, o diagonala de ½ din latura. gasiti cealalta diagonala.",d₁ = 8/2 = 4 cm. in romb: (d₁/2)² + (d₂/2)² = l². (2)² + (d₂/2)² = 64 → d₂/2 = √60 = 2√15 → d₂ = 4√15 cm,4√15 cm,76,14,104,7,1,0,0,1,0,0,0,0,"romb cu latura 8 cm, o diagonala de ½ din latura. gasiti cealalta diagonala."
Pretestare Februarie - 2019,7.0,Romb cu perimetrul 68 cm și o diagonală de 30 cm. Găsiți cealaltă diagonală.,Latura = 68/4 = 17 cm. (d₁/2)² + (d₂/2)² = 17². 15² + (d₂/2)² = 289. d₂/2 = 8. d₂ = 16 cm,16 cm,2.0,Geometrie - Romburi,Geometrie - Romburi,Geometrie,2 - mediu,pretestare,2019.0,romb cu perimetrul 68 cm si o diagonala de 30 cm. gasiti cealalta diagonala.,latura = 68/4 = 17 cm. (d₁/2)² + (d₂/2)² = 17². 15² + (d₂/2)² = 289. d₂/2 = 8. d₂ = 16 cm,16 cm,76,14,89,5,4,0,0,1,0,0,0,0,romb cu perimetrul 68 cm si o diagonala de 30 cm. gasiti cealalta diagonala.
Pretestare - 2017,7.0,Perimetrul unui romb cu diagonalele 12 cm și 16 cm.,Latura = √((6)²+(8)²) = √(36+64) = 10 cm. P = 4×10 = 40 cm,40 cm,2.0,Geometrie - Romburi,Geometrie - Romburi,Geometrie,2 - mediu,pretestare,2017.0,perimetrul unui romb cu diagonalele 12 cm si 16 cm.,latura = √((6)²+(8)²) = √(36+64) = 10 cm. p = 4×10 = 40 cm,40 cm,51,10,58,5,4,0,0,1,0,0,0,0,perimetrul unui romb cu diagonalele 12 cm si 16 cm.
Exersare Test 2 - 2015,7.0,Aria rombului cu diagonală 16 cm și latură 10 cm.,"d₁ = 16, l = 10. (d₂/2)² = 100 - 64 = 36 → d₂ = 12. Aria = 16×12/2 = 96 cm²",96 cm²,2.0,Geometrie - Romburi,Geometrie - Romburi,Geometrie,2 - mediu,exersare,2015.0,aria rombului cu diagonala 16 cm si latura 10 cm.,"d₁ = 16, l = 10. (d₂/2)² = 100 - 64 = 36 → d₂ = 12. aria = 16×12/2 = 96 cm²",96 cm²,49,10,75,6,4,0,0,1,0,0,0,0,aria rombului cu diagonala 16 cm si latura 10 cm.
Exersare Test 1 - 2024,7.0,"Intr-un trapez dreptunghic, un unghi este de 60°, iar baza mare este de 4 cm. Determinati lungimea inaltimii trapezului, daca se cunoaste ca linia mijlocie a trapezului este de 3 cm.","Intr-un trapez dreptunghic se cunoaste ca baza mare are lungimea de 4 cm, linia mijlocie are lungimea de 3 cm, iar unul dintre unghiuri este de 60°. Se cere determinarea inaltimii trapezului.

Mai intai determinam baza mica. Stim ca linia mijlocie a unui trapez este egala cu semisuma bazelor, deci avem relatia m = (𝐵+b)/2 = 3cm. Înlocuind baza mare B=4, obtinem m = (4+b)/2=3, de unde rezulta m=4+b=6, deci b=2 cm. Asadar, baza mica este de 2 cm.

In continuare determinam proiectia laturii laterale mai mari pe baza mare. Intr-un trapez dreptunghic, aceasta proiectie este egala cu diferenta dintre baza mare si baza mica. Prin urmare, avem 4−2=24−2=2 cm. Deci proiectia laturii laterale mai mari pe baza mare este de 2 cm.

Acum determinam lungimea laturii laterale mai mari. In triunghiul dreptunghic format de latura laterala oblica, proiectia ei pe baza mare si inaltimea trapezului, unghiul dintre baza mare si latura laterala mai mare este de 60°. Aplicam relatia cos60∘=proiectia/latura laterala​. Astfel, 1/2=2/l​, de unde rezulta l=4 cm. Deci latura laterala mai mare are lungimea de 4 cm.

In final determinam inaltimea trapezului. In acelasi triunghi dreptunghic aplicam teorema lui Pitagora: 𝑙^2=ℎ^2+𝑝^2, unde l=4 cm, iar p=2cm.Obtinem 42=ℎ2+22, adică 16=ℎ^2+4, de unde rezultă ℎ^2=12. Prin urmare, ℎ=sqrt(12)=2√3cm.",2√3 cm,5.0,Geometrie - Trapez,Geometrie - Trapeze,Geometrie,4 - avansat,exersare,2024.0,"intr-un trapez dreptunghic, un unghi este de 60°, iar baza mare este de 4 cm. determinati lungimea inaltimii trapezului, daca se cunoaste ca linia mijlocie a trapezului este de 3 cm.","intr-un trapez dreptunghic se cunoaste ca baza mare are lungimea de 4 cm, linia mijlocie are lungimea de 3 cm, iar unul dintre unghiuri este de 60°. se cere determinarea inaltimii trapezului. mai intai determinam baza mica. stim ca linia mijlocie a unui trapez este egala cu semisuma bazelor, deci avem relatia m = (𝐵+b)/2 = 3cm. inlocuind baza mare b=4, obtinem m = (4+b)/2=3, de unde rezulta m=4+b=6, deci b=2 cm. asadar, baza mica este de 2 cm. in continuare determinam proiectia laturii laterale mai mari pe baza mare. intr-un trapez dreptunghic, aceasta proiectie este egala cu diferenta dintre baza mare si baza mica. prin urmare, avem 4-2=24-2=2 cm. deci proiectia laturii laterale mai mari pe baza mare este de 2 cm. acum determinam lungimea laturii laterale mai mari. in triunghiul dreptunghic format de latura laterala oblica, proiectia ei pe baza mare si inaltimea trapezului, unghiul dintre baza mare si latura laterala mai mare este de 60°. aplicam relatia cos60∘=proiectia/latura laterala​. astfel, 1/2=2/l​, de unde rezulta l=4 cm. deci latura laterala mai mare are lungimea de 4 cm. in final determinam inaltimea trapezului. in acelasi triunghi dreptunghic aplicam teorema lui pitagora: 𝑙^2=ℎ^2+𝑝^2, unde l=4 cm, iar p=2cm.obtinem 42=ℎ2+22, adica 16=ℎ^2+4, de unde rezulta ℎ^2=12. prin urmare, ℎ=sqrt(12)=2√3cm.",2√3 cm,182,31,1331,6,4,1,0,1,0,0,0,0,"intr-un trapez dreptunghic, un unghi este de 60°, iar baza mare este de 4 cm. determinati lungimea inaltimii trapezului, daca se cunoaste ca linia mijlocie a trapezului este de 3 cm."
Exersare Test 2 - 2022,7.0,"Trapezul isoscel ABCD cu AB = 6 cm, CD = 2 cm, unghiul(BAD) = 45°. Determinati perimetrul trapezului.",Proiectia laturii laterale = (6-2)/2 = 2 cm; h = 2 cm (unghi 45°); Latura laterala = 2sqrt(2) cm; P = 6 + 2 + 2·2sqrt(2) = 8 + 4sqrt(2) cm,8 + 4√2 cm,3.0,Geometrie - Trapez,Geometrie - Trapeze,Geometrie,3 - consolidare,exersare,2022.0,"trapezul isoscel abcd cu ab = 6 cm, cd = 2 cm, unghiul(bad) = 45°. determinati perimetrul trapezului.",proiectia laturii laterale = (6-2)/2 = 2 cm; h = 2 cm (unghi 45°); latura laterala = 2sqrt(2) cm; p = 6 + 2 + 2·2sqrt(2) = 8 + 4sqrt(2) cm,8 + 4√2 cm,101,18,138,10,4,5,0,1,0,0,0,0,"trapezul isoscel abcd cu ab = 6 cm, cd = 2 cm, unghiul(bad) = 45°. determinati perimetrul trapezului."
Pretestare Februarie - 2019,2.0,"În trapezul ABCD, linia mijlocie MN cu bazele de 8 cm și 12 cm. Scrieți lungimea liniei mijlocii.",MN = (8 + 12)/2 = 20/2 = 10 cm,10 cm,1.0,Geometrie - Trapeze,Geometrie - Trapeze,Geometrie,1 - bază,pretestare,2019.0,"in trapezul abcd, linia mijlocie mn cu bazele de 8 cm si 12 cm. scrieti lungimea liniei mijlocii.",mn = (8 + 12)/2 = 20/2 = 10 cm,10 cm,97,18,30,5,3,0,0,1,0,0,0,0,"in trapezul abcd, linia mijlocie mn cu bazele de 8 cm si 12 cm. scrieti lungimea liniei mijlocii."
Exersare Test 2 - 2017,7.0,"Trapez dreptunghic ABCD, AB∥DC, ∠A=90°, DC=6 cm, CB=8 cm, CK face 30° cu CB. Aria.","Fie trapezul dreptunghic ABCD cu unghiurile drepte în A și D. Notăm AB = baza mare, CD = baza mică, AD = înălțimea. Din teorema lui Pitagora în triunghiul dreptunghic BCH (H pe AB): BC² = BH² + CH² = (AB-CD)² + AD². Aria trapez = (AB + CD) × AD / 2. Diagonalele: AC² = AD² + CD², BD² = AD² + AB².",Se aplică teorema lui Pitagora și formulele trapezului,2.0,Geometrie - Trapeze,Geometrie - Trapeze,Geometrie,2 - mediu,exersare,2017.0,"trapez dreptunghic abcd, ab∥dc, ∠a=90°, dc=6 cm, cb=8 cm, ck face 30° cu cb. aria.","fie trapezul dreptunghic abcd cu unghiurile drepte in a si d. notam ab = baza mare, cd = baza mica, ad = inaltimea. din teorema lui pitagora in triunghiul dreptunghic bch (h pe ab): bc² = bh² + ch² = (ab-cd)² + ad². aria trapez = (ab + cd) × ad / 2. diagonalele: ac² = ad² + cd², bd² = ad² + ab².",se aplica teorema lui pitagora si formulele trapezului,82,15,296,54,6,3,0,1,0,0,0,0,"trapez dreptunghic abcd, ab∥dc, ∠a=90°, dc=6 cm, cb=8 cm, ck face 30° cu cb. aria."
Sesiunea de bază - 2017,7.0,"Trapez isoscel ABCD, AD∥BC, ∠A=45°, BC=4 cm, h=2 cm. Perimetrul.",Laturile oblice: l = h/sin45° = 2/(√2/2) = 2√2 cm. AD = BC + 2×2 = 8 cm. P = 4+8+2×2√2 = 12+4√2 cm,12 + 4√2 cm,2.0,Geometrie - Trapeze,Geometrie - Trapeze,Geometrie,2 - mediu,sesiune_baza,2017.0,"trapez isoscel abcd, ad∥bc, ∠a=45°, bc=4 cm, h=2 cm. perimetrul.",laturile oblice: l = h/sin45° = 2/(√2/2) = 2√2 cm. ad = bc + 2×2 = 8 cm. p = 4+8+2×2√2 = 12+4√2 cm,12 + 4√2 cm,64,10,98,11,4,3,0,1,0,0,0,0,"trapez isoscel abcd, ad∥bc, ∠a=45°, bc=4 cm, h=2 cm. perimetrul."
Exersare Test 1 - 2015,7.0,"Aria trapezului ABCD, AD∥BC, AD=8 cm, BC=2 cm, AB=5 cm.",h² = 5² - 3² = 16 → h = 4. Aria = (8+2)×4/2 = 20 cm²,20 cm²,2.0,Geometrie - Trapeze,Geometrie - Trapeze,Geometrie,2 - mediu,exersare,2015.0,"aria trapezului abcd, ad∥bc, ad=8 cm, bc=2 cm, ab=5 cm.",h² = 5² - 3² = 16 → h = 4. aria = (8+2)×4/2 = 20 cm²,20 cm²,55,10,52,6,3,3,0,1,0,0,0,0,"aria trapezului abcd, ad∥bc, ad=8 cm, bc=2 cm, ab=5 cm."
Exersare Test 2 - 2014,8.0,"Trapez isoscel ABCD, BC=4 cm, AB=3 cm, ∠ABC=60°. Aria.",h = AB×sin60° = 3×(√3/2) = 3√3/2. Aria = (BC+AD)×h/2,Aria,2.0,Geometrie - Trapeze,Geometrie - Trapeze,Geometrie,2 - mediu,exersare,2014.0,"trapez isoscel abcd, bc=4 cm, ab=3 cm, ∠abc=60°. aria.",h = ab×sin60° = 3×(√3/2) = 3√3/2. aria = (bc+ad)×h/2,aria,54,9,52,4,4,3,0,1,0,0,0,0,"trapez isoscel abcd, bc=4 cm, ab=3 cm, ∠abc=60°. aria."
Test 1 - 2013,9.0,"În trapezul dreptunghic ABCD cu bazele [АD] şi [ВС], 𝑚 ∠𝐴𝐵𝐶 = 90°
, АВ= 8 сm, [АС]⊥[CD], АС= 10 сm. Calculaţi aria trapezului ABCD.","În trapezul dreptunghic ABCD se cunosc bazele AD și BC, ∠ABC = 90°, AB = 8 cm, AC = 10 cm și AC ⟂ CD.

În triunghiul dreptunghic ABC aplicăm teorema lui Pitagora:

AC² = AB² + BC²
10² = 8² + BC²
100 = 64 + BC²
BC² = 36
BC = 6 cm

Așezăm punctele într-un sistem de coordonate pentru a determina baza AD.
Luăm B(0,0), A(0,8) și C(6,0).

Panta dreptei AC este:

m = (0 − 8) / (6 − 0) = −4/3

Deoarece AC ⟂ CD, panta dreptei CD este:

m = 3/4

Ecuația dreptei CD care trece prin C(6,0) este:

y = (3/4)(x − 6)

Punctul D se află pe dreapta AD, unde y = 8:

8 = (3/4)(x − 6)
x − 6 = 32/3
x = 50/3

Deci:

AD = 50/3 cm

Aria trapezului este:

A = ((AD + BC) / 2) × h

unde înălțimea este AB = 8.

A = ((50/3 + 6) / 2) × 8

6 = 18/3

A = (68/3) × 4
A = 272/3 cm²

Rezultă:

A_ABCD = 272/3 cm² = 90 2/3 cm²",A = 90 2/3 cm²,2.0,Geometrie - Trapeze,Geometrie - Trapeze,Geometrie,2 - mediu,alta,2013.0,"in trapezul dreptunghic abcd cu bazele [аd] si [вс], 𝑚 ∠𝐴𝐵𝐶 = 90° , ав= 8 сm, [ас]⊥[cd], ас= 10 сm. calculati aria trapezului abcd.","in trapezul dreptunghic abcd se cunosc bazele ad si bc, ∠abc = 90°, ab = 8 cm, ac = 10 cm si ac ⟂ cd. in triunghiul dreptunghic abc aplicam teorema lui pitagora: ac² = ab² + bc² 10² = 8² + bc² 100 = 64 + bc² bc² = 36 bc = 6 cm asezam punctele intr-un sistem de coordonate pentru a determina baza ad. luam b(0,0), a(0,8) si c(6,0). panta dreptei ac este: m = (0 - 8) / (6 - 0) = -4/3 deoarece ac ⟂ cd, panta dreptei cd este: m = 3/4 ecuatia dreptei cd care trece prin c(6,0) este: y = (3/4)(x - 6) punctul d se afla pe dreapta ad, unde y = 8: 8 = (3/4)(x - 6) x - 6 = 32/3 x = 50/3 deci: ad = 50/3 cm aria trapezului este: a = ((ad + bc) / 2) × h unde inaltimea este ab = 8. a = ((50/3 + 6) / 2) × 8 6 = 18/3 a = (68/3) × 4 a = 272/3 cm² rezulta: a_abcd = 272/3 cm² = 90 2/3 cm²",a = 90 2/3 cm²,131,25,798,14,5,11,0,1,0,0,0,0,"in trapezul dreptunghic abcd cu bazele [аd] si [вс], 𝑚 ∠𝐴𝐵𝐶 = 90° , ав= 8 сm, [ас]⊥[cd], ас= 10 сm. calculati aria trapezului abcd."
Exersare Test 1 - 2022,2.0,"In desenul alaturat este reprezentat triunghiul ABC, in care AB = BC, m(∠ABC) = 100°, iar CK este bisectoare. Scrieti masura in grade a unghiului ACK: m(∠ACK) = ?",Triunghi isoscel AB=BC => ∠BAC = ∠BCA = (180° - 100°)/2 = 40°. CK bisectoare => ∠ACK = 40°/2 = 20°,20°,2.0,Geometrie - Triunghiuri,Geometrie - Triunghiuri,Geometrie,2 - mediu,exersare,2022.0,"in desenul alaturat este reprezentat triunghiul abc, in care ab = bc, m(∠abc) = 100°, iar ck este bisectoare. scrieti masura in grade a unghiului ack: m(∠ack) = ?",triunghi isoscel ab=bc => ∠bac = ∠bca = (180° - 100°)/2 = 40°. ck bisectoare => ∠ack = 40°/2 = 20°,20°,162,29,98,3,3,7,0,1,0,0,0,0,"in desenul alaturat este reprezentat triunghiul abc, in care ab = bc, m(∠abc) = 100°, iar ck este bisectoare. scrieti masura in grade a unghiului ack: m(∠ack) = ?"
Exersare Test 2 - 2021,2.0,"Triunghi ABC cu AB = AC, m(∠BAC) = 70°. m(∠ACD) = ? (unghi exterior)",Triunghi isoscel AB = AC => ∠ABC = ∠ACB = (180° - 70°)/2 = 55°. Unghi exterior: ∠ACD = 180° - ∠ACB = 180° - 55° = 125°,125°,2.0,Geometrie - Triunghiuri,Geometrie - Triunghiuri,Geometrie,2 - mediu,exersare,2021.0,"triunghi abc cu ab = ac, m(∠bac) = 70°. m(∠acd) = ? (unghi exterior)",triunghi isoscel ab = ac => ∠abc = ∠acb = (180° - 70°)/2 = 55°. unghi exterior: ∠acd = 180° - ∠acb = 180° - 55° = 125°,125°,68,14,118,4,2,9,0,1,0,0,0,0,"triunghi abc cu ab = ac, m(∠bac) = 70°. m(∠acd) = ? (unghi exterior)"
Exersare Test 2 - 2023,7.0,"Fie triunghiul dreptunghic ABC, in care AB = 6 cm, BC = 8 cm, m(ABC) = 90°, iar BM este mediana. Determinati perimetrul triunghiului BMC.","AC = sqrt(AB^2 + BC^2) = sqrt(36 + 64) = sqrt(100) = 10 cm; M = mijlocul lui AC, deci MC = 5 cm; BM = AC/2 = 5 cm (mediana la ipotenuza); P = BM + MC + BC = 5 + 5 + 8 = 18 cm",18 cm,3.0,Geometrie - Triunghiuri,Geometrie - Triunghiuri,Geometrie,3 - consolidare,exersare,2023.0,"fie triunghiul dreptunghic abc, in care ab = 6 cm, bc = 8 cm, m(abc) = 90°, iar bm este mediana. determinati perimetrul triunghiului bmc.","ac = sqrt(ab^2 + bc^2) = sqrt(36 + 64) = sqrt(100) = 10 cm; m = mijlocul lui ac, deci mc = 5 cm; bm = ac/2 = 5 cm (mediana la ipotenuza); p = bm + mc + bc = 5 + 5 + 8 = 18 cm",18 cm,137,25,174,5,4,5,0,1,0,0,0,0,"fie triunghiul dreptunghic abc, in care ab = 6 cm, bc = 8 cm, m(abc) = 90°, iar bm este mediana. determinati perimetrul triunghiului bmc."
Exersare Test 2 - 2024,7.0,"Fie ABC triunghi dreptunghic, ∠(ACB) = 90° și BC = 4 cm. Pătratul BCDE, E∈(AC), D∈(AB), are diagonala de 3√2 cm. Determinați lungimea ipotenuzei triunghiului ABC.","Diagonala pătratului BCDE = 3√2 cm => latura pătratului = 3√2/√2 = 3 cm. Deci BC = 3 cm (nu 4 cm din enunț - eroare). Cu BC=3 cm: AC² = AB² - BC² = 36 - 9 = 27, AC = 3√3. Sau folosind enunțul cu BC=4: AB² = BC² + AC², iar AC se determină din pătrat.",Enunț contradictoriu (BC=4cm vs latura pătrat=3cm),5.0,Geometrie - Triunghiuri,Geometrie - Triunghiuri,Geometrie,4 - avansat,exersare,2024.0,"fie abc triunghi dreptunghic, ∠(acb) = 90° si bc = 4 cm. patratul bcde, e∈(ac), d∈(ab), are diagonala de 3√2 cm. determinati lungimea ipotenuzei triunghiului abc.","diagonala patratului bcde = 3√2 cm => latura patratului = 3√2/√2 = 3 cm. deci bc = 3 cm (nu 4 cm din enunt - eroare). cu bc=3 cm: ac² = ab² - bc² = 36 - 9 = 27, ac = 3√3. sau folosind enuntul cu bc=4: ab² = bc² + ac², iar ac se determina din patrat.",enunt contradictoriu (bc=4cm vs latura patrat=3cm),162,26,249,50,5,9,0,1,0,1,0,0,"fie abc triunghi dreptunghic, ∠(acb) = 90° si bc = 4 cm. patratul bcde, e∈(ac), d∈(ab), are diagonala de 3√2 cm. determinati lungimea ipotenuzei triunghiului abc."
Sesiune de bază 2023,7.0,Triunghi isoscel cu baza 24 cm și înălțimea 5 cm. Găsiți perimetrul.,Latură = √(12² + 5²) = 13 cm. P = 24 + 13 + 13 = 50 cm,P = 50 cm,3.0,Geometrie - Triunghiuri,Geometrie - Triunghiuri,Geometrie,3 - consolidare,sesiune_baza,2023.0,triunghi isoscel cu baza 24 cm si inaltimea 5 cm. gasiti perimetrul.,latura = √(12² + 5²) = 13 cm. p = 24 + 13 + 13 = 50 cm,p = 50 cm,68,12,54,9,3,0,0,1,0,0,0,0,triunghi isoscel cu baza 24 cm si inaltimea 5 cm. gasiti perimetrul.
Pretestare Aprilie - 2019,2.0,"În triunghiul ABC (AB=2 cm, BC=√21 cm, ∠A=120°) găsiți AC.",Teorema cosinusului: BC² = AB² + AC² - 2·AB·AC·cos(120°). 21 = 4 + AC² + 2AC. AC² + 2AC - 17 = 0. AC = -1 + 3√2,-1 + 3√2 cm,2.0,Geometrie - Triunghiuri,Geometrie - Triunghiuri,Geometrie,2 - mediu,pretestare,2019.0,"in triunghiul abc (ab=2 cm, bc=√21 cm, ∠a=120°) gasiti ac.",teorema cosinusului: bc² = ab² + ac² - 2·ab·ac·cos(120°). 21 = 4 + ac² + 2ac. ac² + 2ac - 17 = 0. ac = -1 + 3√2,-1 + 3√2 cm,58,10,111,11,6,6,0,1,0,1,0,0,"in triunghiul abc (ab=2 cm, bc=√21 cm, ∠a=120°) gasiti ac."
Pretestare Aprilie - 2019,7.0,"Triunghi dreptunghic ABC (∠A=90°, ∠B=30°), BC=10 cm. Găsiți aria.",AC = BC/2 = 5 cm (cateta opusă lui 30°). AB = BC·cos30° = 10·(√3/2) = 5√3. Aria = (1/2)·5·5√3 = 12.5√3 cm²,12.5√3 cm²,2.0,Geometrie - Triunghiuri,Geometrie - Triunghiuri,Geometrie,2 - mediu,pretestare,2019.0,"triunghi dreptunghic abc (∠a=90°, ∠b=30°), bc=10 cm. gasiti aria.",ac = bc/2 = 5 cm (cateta opusa lui 30°). ab = bc·cos30° = 10·(√3/2) = 5√3. aria = (1/2)·5·5√3 = 12.5√3 cm²,12.5√3 cm²,65,9,106,10,6,5,0,1,0,0,0,0,"triunghi dreptunghic abc (∠a=90°, ∠b=30°), bc=10 cm. gasiti aria."
Sesiunea de bază - 2019,7.0,"Triunghi ascuțitunghic ABC, BC=15 cm, sin C=4/5, CD=9 cm (piciorul înălțimii). Găsiți AB.",AD = CD·tan C = 9·(4/3) = 12 cm. În triunghiul ADB: AB² = AD² + DB². DB = BC - CD = 6. AB = √(144+36) = √180 = 6√5,6√5 cm,2.0,Geometrie - Triunghiuri,Geometrie - Triunghiuri,Geometrie,2 - mediu,sesiune_baza,2019.0,"triunghi ascutitunghic abc, bc=15 cm, sin c=4/5, cd=9 cm (piciorul inaltimii). gasiti ab.",ad = cd·tan c = 9·(4/3) = 12 cm. in triunghiul adb: ab² = ad² + db². db = bc - cd = 6. ab = √(144+36) = √180 = 6√5,6√5 cm,89,13,114,6,5,6,0,1,0,0,0,0,"triunghi ascutitunghic abc, bc=15 cm, sin c=4/5, cd=9 cm (piciorul inaltimii). gasiti ab."
Exersare Test 2 - 2018,7.0,"Triunghi dreptunghic ABC, ∠A=90°, AC=3 cm, pătrat ABDE cu latura 2 cm. Găsiți BC.",AB = 2 cm. BC = √(AB² + AC²) = √(4+9) = √13 cm,√13 cm,2.0,Geometrie - Triunghiuri,Geometrie - Triunghiuri,Geometrie,2 - mediu,exersare,2018.0,"triunghi dreptunghic abc, ∠a=90°, ac=3 cm, patrat abde cu latura 2 cm. gasiti bc.",ab = 2 cm. bc = √(ab² + ac²) = √(4+9) = √13 cm,√13 cm,81,14,46,6,4,2,0,1,0,0,0,0,"triunghi dreptunghic abc, ∠a=90°, ac=3 cm, patrat abde cu latura 2 cm. gasiti bc."
Exersare Test 2 - 2018,8.0,Unghiurile ascuțite ale unui triunghi dreptunghic în raport 7:8. Măsurile lor.,7x + 8x = 90° → 15x = 90° → x = 6°. Unghiuri: 42° și 48°,42° și 48°,2.0,Geometrie - Triunghiuri,Geometrie - Triunghiuri,Geometrie,2 - mediu,exersare,2018.0,unghiurile ascutite ale unui triunghi dreptunghic in raport 7:8. masurile lor.,7x + 8x = 90° → 15x = 90° → x = 6°. unghiuri: 42° si 48°,42° si 48°,78,11,56,10,2,0,0,1,0,0,0,0,unghiurile ascutite ale unui triunghi dreptunghic in raport 7:8. masurile lor.
Pretestare - 2018,7.0,"Triunghi isoscel ABC, AC=CB=10 cm, mediana CM=8 cm. Aria.",M mijlocul AB. În △ACM: AM² = AC² - CM² = 100 - 64 = 36 → AM = 6. AB = 12. Aria = (1/2)×12×8 = 48 cm²,48 cm²,2.0,Geometrie - Triunghiuri,Geometrie - Triunghiuri,Geometrie,2 - mediu,pretestare,2018.0,"triunghi isoscel abc, ac=cb=10 cm, mediana cm=8 cm. aria.",m mijlocul ab. in △acm: am² = ac² - cm² = 100 - 64 = 36 → am = 6. ab = 12. aria = (1/2)×12×8 = 48 cm²,48 cm²,57,9,101,6,3,3,0,1,0,0,0,0,"triunghi isoscel abc, ac=cb=10 cm, mediana cm=8 cm. aria."
Sesiunea de bază - 2018,7.0,Mediana triunghiului echilateral = 3 cm. Lungimea înălțimii.,"În triunghi echilateral, mediana = înălțimea. h = 3 cm",3 cm,2.0,Geometrie - Triunghiuri,Geometrie - Triunghiuri,Geometrie,2 - mediu,sesiune_baza,2018.0,mediana triunghiului echilateral = 3 cm. lungimea inaltimii.,"in triunghi echilateral, mediana = inaltimea. h = 3 cm",3 cm,60,8,54,4,1,1,0,1,0,0,0,0,mediana triunghiului echilateral = 3 cm. lungimea inaltimii.
Exersare Test 1 - 2017,7.0,"Triunghi dreptunghic ABC, D pe AB cu AD=2·DB, ∠A=90°, AC=9 cm, BC=15 cm. Aria △ADC.",AB = √(BC²-AC²) = √(225-81) = 12 cm. AD = 8 cm. Aria ADC = (1/2)×AD×AC×sin90° = (1/2)×8×9 = 36 cm²,36 cm²,2.0,Geometrie - Triunghiuri,Geometrie - Triunghiuri,Geometrie,2 - mediu,exersare,2017.0,"triunghi dreptunghic abc, d pe ab cu ad=2·db, ∠a=90°, ac=9 cm, bc=15 cm. aria △adc.",ab = √(bc²-ac²) = √(225-81) = 12 cm. ad = 8 cm. aria adc = (1/2)×ad×ac×sin90° = (1/2)×8×9 = 36 cm²,36 cm²,83,15,98,6,6,4,0,1,0,0,0,0,"triunghi dreptunghic abc, d pe ab cu ad=2·db, ∠a=90°, ac=9 cm, bc=15 cm. aria △adc."
Exersare Test 2 - 2017,2.0,"Triunghi ABC, AC=CB, ∠CAB=40°, BD bisectoare. Găsiți ∠DBC.",∠ACB = 180° - 2×40° = 100°. ∠ABC = 40°. BD bisectoare → ∠DBC = 20°,20°,1.0,Geometrie - Triunghiuri,Geometrie - Triunghiuri,Geometrie,1 - bază,exersare,2017.0,"triunghi abc, ac=cb, ∠cab=40°, bd bisectoare. gasiti ∠dbc.",∠acb = 180° - 2×40° = 100°. ∠abc = 40°. bd bisectoare → ∠dbc = 20°,20°,58,8,66,3,2,2,0,1,0,0,0,0,"triunghi abc, ac=cb, ∠cab=40°, bd bisectoare. gasiti ∠dbc."
Pretestare - 2017,2.0,"Triunghi ABC, AC=BC, AB=10 cm, CD bisectoare. Lungimea AD.",CD bisectoare → AD = AB/2 = 5 cm (în triunghi isoscel),5 cm,1.0,Geometrie - Triunghiuri,Geometrie - Triunghiuri,Geometrie,1 - bază,pretestare,2017.0,"triunghi abc, ac=bc, ab=10 cm, cd bisectoare. lungimea ad.",cd bisectoare → ad = ab/2 = 5 cm (in triunghi isoscel),5 cm,58,9,54,4,2,2,0,1,0,0,0,0,"triunghi abc, ac=bc, ab=10 cm, cd bisectoare. lungimea ad."
Sesiunea de bază - 2017,2.0,"Triunghi dreptunghic ABC (∠ABC=90°), înălțime BK, ∠BAC=35°. Măsura ∠KBC.",∠KBC = 90° - ∠BAC = 90° - 35° = 55°,55°,1.0,Geometrie - Triunghiuri,Geometrie - Triunghiuri,Geometrie,1 - bază,sesiune_baza,2017.0,"triunghi dreptunghic abc (∠abc=90°), inaltime bk, ∠bac=35°. masura ∠kbc.",∠kbc = 90° - ∠bac = 90° - 35° = 55°,55°,72,9,35,3,4,4,0,1,0,0,0,0,"triunghi dreptunghic abc (∠abc=90°), inaltime bk, ∠bac=35°. masura ∠kbc."
Exersare Test 2 - 2016,7.0,"Triunghi dreptunghic ABC (∠A=90°), AB=6 cm, BC=10 cm. BM mediană pe AC. Aria △MBC.",AC = 8 cm. M mijloc AC → MC = 4 cm. Aria MBC = (1/2)×MC×AB = (1/2)×4×6 = 12 cm²,12 cm²,2.0,Geometrie - Triunghiuri,Geometrie - Triunghiuri,Geometrie,2 - mediu,exersare,2016.0,"triunghi dreptunghic abc (∠a=90°), ab=6 cm, bc=10 cm. bm mediana pe ac. aria △mbc.",ac = 8 cm. m mijloc ac → mc = 4 cm. aria mbc = (1/2)×mc×ab = (1/2)×4×6 = 12 cm²,12 cm²,82,14,79,6,5,5,0,1,0,0,0,0,"triunghi dreptunghic abc (∠a=90°), ab=6 cm, bc=10 cm. bm mediana pe ac. aria △mbc."
Pretestare - 2016,7.0,"Triunghi isoscel ABC, baza AC=24 cm, perimetrul=50 cm. Înălțimea pe baza AC.",AB = BC = (50-24)/2 = 13 cm. h² = 13² - 12² = 169 - 144 = 25 → h = 5 cm,5 cm,2.0,Geometrie - Triunghiuri,Geometrie - Triunghiuri,Geometrie,2 - mediu,pretestare,2016.0,"triunghi isoscel abc, baza ac=24 cm, perimetrul=50 cm. inaltimea pe baza ac.",ab = bc = (50-24)/2 = 13 cm. h² = 13² - 12² = 169 - 144 = 25 → h = 5 cm,5 cm,76,12,71,4,4,2,0,1,0,0,0,0,"triunghi isoscel abc, baza ac=24 cm, perimetrul=50 cm. inaltimea pe baza ac."
Sesiunea de bază - 2016,7.0,"Triunghi isoscel, baza AC=24 cm, P=50 cm. Înălțimea pe AC.",AB = BC = (50-24)/2 = 13 cm. Înălțimea pe AC împarte baza în 2: AH = 12 cm. h² = AB² - AH² = 169 - 144 = 25 → h = 5 cm,5 cm,2.0,Geometrie - Triunghiuri,Geometrie - Triunghiuri,Geometrie,2 - mediu,sesiune_baza,2016.0,"triunghi isoscel, baza ac=24 cm, p=50 cm. inaltimea pe ac.",ab = bc = (50-24)/2 = 13 cm. inaltimea pe ac imparte baza in 2: ah = 12 cm. h² = ab² - ah² = 169 - 144 = 25 → h = 5 cm,5 cm,58,10,118,4,4,2,0,1,0,0,0,0,"triunghi isoscel, baza ac=24 cm, p=50 cm. inaltimea pe ac."
Exersare Test 1 - 2015,2.0,"Perimetrul triunghiului echilateral ABC, MN=1 cm.",MN este linia mijlocie → latura = 2 cm. P = 6 cm,6 cm,1.0,Geometrie - Triunghiuri,Geometrie - Triunghiuri,Geometrie,1 - bază,exersare,2015.0,"perimetrul triunghiului echilateral abc, mn=1 cm.",mn este linia mijlocie → latura = 2 cm. p = 6 cm,6 cm,49,6,48,4,1,1,0,1,0,0,0,0,"perimetrul triunghiului echilateral abc, mn=1 cm."
Pretestare - 2015,7.0,"Triunghi ascuțitunghic ABC, BC=12 cm, mediana AM=5 cm, înălțimea AH=4 cm. Găsiți AB.",În △AHM: HM² = AM² - AH² = 25 - 16 = 9 → HM = 3. BH = BM - HM = 6 - 3 = 3. AB = √(AH² + BH²) = √(16+9) = 5 cm,5 cm,2.0,Geometrie - Triunghiuri,Geometrie - Triunghiuri,Geometrie,2 - mediu,pretestare,2015.0,"triunghi ascutitunghic abc, bc=12 cm, mediana am=5 cm, inaltimea ah=4 cm. gasiti ab.",in △ahm: hm² = am² - ah² = 25 - 16 = 9 → hm = 3. bh = bm - hm = 6 - 3 = 3. ab = √(ah² + bh²) = √(16+9) = 5 cm,5 cm,84,13,109,4,4,3,0,1,0,0,0,0,"triunghi ascutitunghic abc, bc=12 cm, mediana am=5 cm, inaltimea ah=4 cm. gasiti ab."
Sesiunea de bază - 2015,2.0,"Triunghi dreptunghic ABC, AB=5, ∠C=30°. Găsiți ipotenuza.",sin30° = AB/BC → BC = AB/sin30° = 5/(1/2) = 10,10,1.0,Geometrie - Triunghiuri,Geometrie - Triunghiuri,Geometrie,1 - bază,sesiune_baza,2015.0,"triunghi dreptunghic abc, ab=5, ∠c=30°. gasiti ipotenuza.",sin30° = ab/bc → bc = ab/sin30° = 5/(1/2) = 10,10,57,7,46,2,3,2,0,1,0,0,0,0,"triunghi dreptunghic abc, ab=5, ∠c=30°. gasiti ipotenuza."
Sesiunea de bază - 2015,7.0,"Triunghi dreptunghic, BC=8 cm, ∠C=30°. Găsiți aria.",AC = BC×cos30° = 8×(√3/2) = 4√3. AB = BC×sin30° = 4. Aria = (1/2)×4×4√3 = 8√3 cm²,8√3 cm²,2.0,Geometrie - Triunghiuri,Geometrie - Triunghiuri,Geometrie,2 - mediu,sesiune_baza,2015.0,"triunghi dreptunghic, bc=8 cm, ∠c=30°. gasiti aria.",ac = bc×cos30° = 8×(√3/2) = 4√3. ab = bc×sin30° = 4. aria = (1/2)×4×4√3 = 8√3 cm²,8√3 cm²,51,7,81,7,3,2,0,1,0,0,0,0,"triunghi dreptunghic, bc=8 cm, ∠c=30°. gasiti aria."
Exersare Test 1 - 2014,10.0,"DE∥BC, AD=6 cm, BC=18 cm, aria ABC=8 cm². Aria △ADE.",Raport asemănare k = AD/AB. Aria ADE = k² × Aria ABC,Aria ADE,2.0,Geometrie - Triunghiuri,Geometrie - Triunghiuri,Geometrie,2 - mediu,exersare,2014.0,"de∥bc, ad=6 cm, bc=18 cm, aria abc=8 cm². aria △ade.",raport asemanare k = ad/ab. aria ade = k² × aria abc,aria ade,52,10,52,8,4,3,0,1,0,0,0,0,"de∥bc, ad=6 cm, bc=18 cm, aria abc=8 cm². aria △ade."
Pretestare - 2014,2.0,"Triunghi isoscel AB=BC, ∠B=40°. Găsiți ∠A.",∠A = ∠C = (180°-40°)/2 = 70°,70°,1.0,Geometrie - Triunghiuri,Geometrie - Triunghiuri,Geometrie,1 - bază,pretestare,2014.0,"triunghi isoscel ab=bc, ∠b=40°. gasiti ∠a.",∠a = ∠c = (180°-40°)/2 = 70°,70°,42,6,28,3,2,2,0,1,0,0,0,0,"triunghi isoscel ab=bc, ∠b=40°. gasiti ∠a."
Sesiunea de bază - 2014,3.0,"Triunghi dreptunghic ABC, AB=3 cm, BC=5 cm, AC=4 cm. Găsiți sin C.",sin C = AB/BC = 3/5,3/5,1.0,Geometrie - Triunghiuri,Geometrie - Triunghiuri,Geometrie,1 - bază,sesiune_baza,2014.0,"triunghi dreptunghic abc, ab=3 cm, bc=5 cm, ac=4 cm. gasiti sin c.",sin c = ab/bc = 3/5,3/5,66,12,19,3,3,3,0,1,0,0,0,0,"triunghi dreptunghic abc, ab=3 cm, bc=5 cm, ac=4 cm. gasiti sin c."
Sesiunea de bază - 2014,9.0,"Stuf 1 m deasupra lacului, vârful la 2 m de punctul A când înclinat. Adâncimea lacului.",Folosind teorema lui Pitagora: h² + 1² = (h+1-1+2)². Rezolvând...,Adâncimea,2.0,Geometrie - Triunghiuri,Geometrie - Triunghiuri,Geometrie,2 - mediu,sesiune_baza,2014.0,"stuf 1 m deasupra lacului, varful la 2 m de punctul a cand inclinat. adancimea lacului.",folosind teorema lui pitagora: h² + 1² = (h+1-1+2)². rezolvand...,adancimea,87,16,65,9,2,0,0,0,0,0,0,0,"stuf 1 m deasupra lacului, varful la 2 m de punctul a cand inclinat. adancimea lacului."
Exersare Test 2 - 2022,2.0,"In desenul alaturat dreptele AB si DC sunt paralele, iar dreptele AC si BC sunt reciproc perpendiculare. Punctele A si B se afla pe dreapta superioara AB, punctele D si C se afla pe dreapta inferioara 𝐷𝐶, iar segmentele AC si BC se intalnesc in punctul C; unghiul format la C intre segmentul BC si dreapta DC este marcat in desen ca fiind de 55°. Utilizand datele din desen, scrieti in caseta masura in grade a unghiului BAC.",Se aplica proprietatile unghiurilor formate de drepte paralele taiate de o secanta si perpendiculare. unghiul BAC= unghiul ACD; unghiul ACD=180-55-90=35°,a = 35°,1.0,Geometrie - Unghiuri,Geometrie,Geometrie,1 - bază,exersare,2022.0,"in desenul alaturat dreptele ab si dc sunt paralele, iar dreptele ac si bc sunt reciproc perpendiculare. punctele a si b se afla pe dreapta superioara ab, punctele d si c se afla pe dreapta inferioara 𝐷𝐶, iar segmentele ac si bc se intalnesc in punctul c; unghiul format la c intre segmentul bc si dreapta dc este marcat in desen ca fiind de 55°. utilizand datele din desen, scrieti in caseta masura in grade a unghiului bac.",se aplica proprietatile unghiurilor formate de drepte paralele taiate de o secanta si perpendiculare. unghiul bac= unghiul acd; unghiul acd=180-55-90=35°,a = 35°,425,78,153,7,2,0,0,1,0,0,0,0,"in desenul alaturat dreptele ab si dc sunt paralele, iar dreptele ac si bc sunt reciproc perpendiculare. punctele a si b se afla pe dreapta superioara ab, punctele d si c se afla pe dreapta inferioara 𝐷𝐶, iar segmentele ac si bc se intalnesc in punctul c; unghiul format la c intre segmentul bc si dreapta dc este marcat in desen ca fiind de 55°. utilizand datele din desen, scrieti in caseta masura in grade a unghiului bac."
Exersare Test 2 - 2024,2.0,"In desenul alaturat, dreptele a si b sunt paralele, iar c este secanta. Utilizand datele din desen (un unghi de 50°), scrieti in caseta valorile lui x si y.",Unghiuri formate de paralele tăiate de secantă: x = 50° (unghiuri alterne interne); y = 180° - 50° = 130° (unghiuri suplementare),x = 50°; y = 130°,2.0,Geometrie - Unghiuri,Geometrie,Geometrie,2 - mediu,exersare,2024.0,"in desenul alaturat, dreptele a si b sunt paralele, iar c este secanta. utilizand datele din desen (un unghi de 50°), scrieti in caseta valorile lui x si y.",unghiuri formate de paralele taiate de secanta: x = 50° (unghiuri alterne interne); y = 180° - 50° = 130° (unghiuri suplementare),x = 50°; y = 130°,156,29,129,17,2,2,0,1,0,0,0,0,"in desenul alaturat, dreptele a si b sunt paralele, iar c este secanta. utilizand datele din desen (un unghi de 50°), scrieti in caseta valorile lui x si y."
Sesiune de baza 2025,2.0,"Punctele A, B și C aparțin unui cerc de centru O, astfel încât m(∠ACB) = 21°.
a) Măsura arcului mic AB = ?
b) Măsura unghiului AOB = ?","a) Unghiul înscris ACB este jumătate din arcul AB:
Arc AB = 2 · m(∠ACB) = 2 · 21° = 42°

b) Unghiul la centru AOB este egal cu arcul AB:
m(∠AOB) = arc AB = 42°","m(AB) = 42°
m(∠AOB) = 42°",3.0,Geometrie - Unghiuri,Geometrie,Geometrie,3 - consolidare,sesiune_baza,2025.0,"punctele a, b si c apartin unui cerc de centru o, astfel incat m(∠acb) = 21°. a) masura arcului mic ab = ? b) masura unghiului aob = ?",a) unghiul inscris acb este jumatate din arcul ab: arc ab = 2 · m(∠acb) = 2 · 21° = 42° b) unghiul la centru aob este egal cu arcul ab: m(∠aob) = arc ab = 42°,m(ab) = 42° m(∠aob) = 42°,134,29,159,25,2,7,0,1,0,0,0,0,"punctele a, b si c apartin unui cerc de centru o, astfel incat m(∠acb) = 21°. a) masura arcului mic ab = ? b) masura unghiului aob = ?"
Exersare Test 1 - 2022,10.0,Din 27 de cubulete cu muchia de 2 cm Ion a construit un cub. Determinati lungimea muchiei cubului construit,Volumul unui cubuleț = 2³ = 8 cm³. Volumul total = 27 × 8 = 216 cm³. Muchia cubului mare: a³ = 216 => a = 6 cm,6 cm,2.0,Geometrie - Volume,Geometrie 3D,Geometrie,2 - mediu,exersare,2022.0,din 27 de cubulete cu muchia de 2 cm ion a construit un cub. determinati lungimea muchiei cubului construit,volumul unui cubulet = 2³ = 8 cm³. volumul total = 27 × 8 = 216 cm³. muchia cubului mare: a³ = 216 => a = 6 cm,6 cm,107,19,110,4,3,0,0,1,0,0,0,0,din 27 de cubulete cu muchia de 2 cm ion a construit un cub. determinati lungimea muchiei cubului construit
Exersare Test 1 - 2023,10.0,"Apa dintr-un vas plin de forma unei prisme patrulatere regulate cu latura bazei de 24 cm si inaltimea de 25 cm se toarna intr-un vas de forma unui cub cu muchia de 30 cm. Determinati inaltimea, la care se va ridica apa turnata.","Se stie ca volumui prismei patrulatere regulate este Vp = l^2 · h. Din conditie, stim ca l = 24cm si h = 25cm => Vp = (24cm)^2 · 25cm = 14400cm^3. Volumul cubului este Vc = lc^3, unde lc = 30cm => Vc=27000cm^3. Apa turnata ia forma unui paralelipiped dreptunghic cu baza patrata, care fa avea formula pentru volum Vp = lc^2·hn, unde lc = 30 cm, Vp=14400cm^3 si hn este inaltimea pe care trebuie sa o aflam. => Vp = (30cm)^2·hn => hn=Vp/(900cm^2)=14400cm^3/900cm^2=16cm",16 cm,5.0,Geometrie - Volume,Geometrie 3D,Geometrie,4 - avansat,exersare,2023.0,"apa dintr-un vas plin de forma unei prisme patrulatere regulate cu latura bazei de 24 cm si inaltimea de 25 cm se toarna intr-un vas de forma unui cub cu muchia de 30 cm. determinati inaltimea, la care se va ridica apa turnata.","se stie ca volumui prismei patrulatere regulate este vp = l^2 · h. din conditie, stim ca l = 24cm si h = 25cm => vp = (24cm)^2 · 25cm = 14400cm^3. volumul cubului este vc = lc^3, unde lc = 30cm => vc=27000cm^3. apa turnata ia forma unui paralelipiped dreptunghic cu baza patrata, care fa avea formula pentru volum vp = lc^2·hn, unde lc = 30 cm, vp=14400cm^3 si hn este inaltimea pe care trebuie sa o aflam. => vp = (30cm)^2·hn => hn=vp/(900cm^2)=14400cm^3/900cm^2=16cm",16 cm,227,43,468,5,6,2,0,1,0,0,0,0,"apa dintr-un vas plin de forma unei prisme patrulatere regulate cu latura bazei de 24 cm si inaltimea de 25 cm se toarna intr-un vas de forma unui cub cu muchia de 30 cm. determinati inaltimea, la care se va ridica apa turnata."
Exersare Test 1 - 2024,10.0,"Baza unei prisme drepte este un triunghi cu laturile de 5 cm, 5 cm si 6 cm, iar inaltimea prismei este de 4 cm. Determinati volumul prismei.","Se cunoaste ca V = Ab * h, unde Ab este aria bazei prismei si h este inaltime. Datorita faptului ca triunghiul care sta la baza prismei este isoscel, inaltimea imparte baza triunghiului in doua, cu lungimea de 6/2 = 3 cm. Aplicam teorema lui Pitagora => ht^2 + 3^2 = 5^2 => ht^2 = 16 => ht = 4, unde ht este inaltimea triunghiului. Ab = (b * ht)/2, unde b este baza triunghiului => Ab = (6*4)/2 = 12cm^2. Asadar, V = 12cm^2 * 4cm = 48cm^3",48 cm^3,4.0,Geometrie - Volume,Geometrie 3D,Geometrie,4 - avansat,exersare,2024.0,"baza unei prisme drepte este un triunghi cu laturile de 5 cm, 5 cm si 6 cm, iar inaltimea prismei este de 4 cm. determinati volumul prismei.","se cunoaste ca v = ab * h, unde ab este aria bazei prismei si h este inaltime. datorita faptului ca triunghiul care sta la baza prismei este isoscel, inaltimea imparte baza triunghiului in doua, cu lungimea de 6/2 = 3 cm. aplicam teorema lui pitagora => ht^2 + 3^2 = 5^2 => ht^2 = 16 => ht = 4, unde ht este inaltimea triunghiului. ab = (b * ht)/2, unde b este baza triunghiului => ab = (6*4)/2 = 12cm^2. asadar, v = 12cm^2 * 4cm = 48cm^3",48 cm^3,140,27,438,7,4,0,0,1,0,0,0,0,"baza unei prisme drepte este un triunghi cu laturile de 5 cm, 5 cm si 6 cm, iar inaltimea prismei este de 4 cm. determinati volumul prismei."
Exersare Test 2 - 2021,10.0,Volumul paralelipipedului = 192 cm³. Dimensiunile sunt în raport 2:3:4. Găsiți dimensiunile,"Fie dimensiunile 2k, 3k, 4k. V = 2k × 3k × 4k = 24k³ = 192 => k³ = 8 => k = 2. Dimensiuni: 4 cm, 6 cm, 8 cm","4 cm, 6 cm, 8 cm",2.0,Geometrie - Volume,Geometrie 3D,Geometrie,2 - mediu,exersare,2021.0,volumul paralelipipedului = 192 cm³. dimensiunile sunt in raport 2:3:4. gasiti dimensiunile,"fie dimensiunile 2k, 3k, 4k. v = 2k × 3k × 4k = 24k³ = 192 => k³ = 8 => k = 2. dimensiuni: 4 cm, 6 cm, 8 cm","4 cm, 6 cm, 8 cm",91,12,107,16,6,1,0,1,0,0,0,0,volumul paralelipipedului = 192 cm³. dimensiunile sunt in raport 2:3:4. gasiti dimensiunile
Pretestare 2024,10.0,"Piramidă pătrată (baza 6 cm, h=2 cm) topită într-o prismă (baza 2 cm). Găsiți înălțimea prismei.",V_piramidă = (1/3)·36·2 = 24 cm³. V_prismă = 4·h. h = 6 cm,h = 6 cm,3.0,Geometrie - Volume,Geometrie 3D,Geometrie,3 - consolidare,pretestare,2024.0,"piramida patrata (baza 6 cm, h=2 cm) topita intr-o prisma (baza 2 cm). gasiti inaltimea prismei.",v_piramida = (1/3)·36·2 = 24 cm³. v_prisma = 4·h. h = 6 cm,h = 6 cm,96,16,58,8,3,6,0,1,0,0,0,0,"piramida patrata (baza 6 cm, h=2 cm) topita intr-o prisma (baza 2 cm). gasiti inaltimea prismei."
Pretestare 2025,7.0,"Rezervor piramidă pătrată (baza 3 m, h=4 m) umplut cu 400 L/min. Câte minute?",V = (1/3)·9·4 = 12 m³ = 12000 L. Timp = 12000/400 = 30 min,30 minute,3.0,Geometrie - Volume,Geometrie 3D,Geometrie,3 - consolidare,pretestare,2025.0,"rezervor piramida patrata (baza 3 m, h=4 m) umplut cu 400 l/min. cate minute?",v = (1/3)·9·4 = 12 m³ = 12000 l. timp = 12000/400 = 30 min,30 minute,77,14,58,9,5,4,0,1,0,0,0,0,"rezervor piramida patrata (baza 3 m, h=4 m) umplut cu 400 l/min. cate minute?"
Sesiune de bază 2022,10.0,"Cilindru (raza 3 dm, h=5 dm) cu lapte. Este suficient pentru 150 sticle de 0.9 L?","V = π·9·5 = 45π dm³ ≈ 141.4 L. Necesar: 150·0.9 = 135 L. Da, suficient","Da, suficient",3.0,Geometrie - Volume,Geometrie 3D,Geometrie,3 - consolidare,sesiune_baza,2022.0,"cilindru (raza 3 dm, h=5 dm) cu lapte. este suficient pentru 150 sticle de 0.9 l?","v = π·9·5 = 45π dm³ ≈ 141.4 l. necesar: 150·0.9 = 135 l. da, suficient","da, suficient",81,16,70,13,7,3,0,1,0,0,0,1,"cilindru (raza 3 dm, h=5 dm) cu lapte. este suficient pentru 150 sticle de 0.9 l?"
Sesiune de bază 2023,10.0,"Comparați volumul unui paralelipiped (1×5×15 cm) cu o bară cilindrică (r=0.5 cm, h=1 m)",V_par=1×5×15=75cm³. V_cil=π×0.25×100=25π≈78.5cm³. Cilindrul are volum mai mare.,V_cil≈78.5cm³ > V_par=75cm³,3.0,Geometrie - Volume,Geometrie 3D,Geometrie,3 - consolidare,sesiune_baza,2023.0,"comparati volumul unui paralelipiped (1×5×15 cm) cu o bara cilindrica (r=0.5 cm, h=1 m)",v_par=1×5×15=75cm³. v_cil=π×0.25×100=25π≈78.5cm³. cilindrul are volum mai mare.,v_cil≈78.5cm³ > v_par=75cm³,87,14,79,27,7,6,0,1,0,0,0,0,"comparati volumul unui paralelipiped (1×5×15 cm) cu o bara cilindrica (r=0.5 cm, h=1 m)"
Sesiune de bază 2024,10.0,"Acvariu cubic cu 4 L apă, nivel 10 cm. Găsiți latura cubului.","V = a² × 10 = 4000 cm³. a² = 400, a = 20 cm",a = 20 cm,3.0,Geometrie - Volume,Geometrie 3D,Geometrie,3 - consolidare,sesiune_baza,2024.0,"acvariu cubic cu 4 l apa, nivel 10 cm. gasiti latura cubului.","v = a² × 10 = 4000 cm³. a² = 400, a = 20 cm",a = 20 cm,61,12,43,9,3,0,0,1,0,0,0,0,"acvariu cubic cu 4 l apa, nivel 10 cm. gasiti latura cubului."
Sesiune de baza 2025,10.0,"Șase pachete de unt în formă de paralelipiped dreptunghic cu dimensiunile 6 cm, 10 cm și 2 cm se topesc și se toarnă într-un vas cilindric cu raza bazei 5 cm și înălțimea 10 cm. Determinați dacă untul va încăpea în vas.","Volumul unui pachet de unt:
V_pachet = 6 · 10 · 2 = 120 cm³

Volumul total al untului:
V_unt = 6 · 120 = 720 cm³

Volumul vasului cilindric:
V_cilindru = π · R² · H = π · 5² · 10 = 250π cm³
V_cilindru ≈ 250 · 3.14159 ≈ 785.4 cm³

Comparație: 720 < 785.4

DA, untul va încăpea în vas.","DA, untul încape
(720 cm³ < 785.4 cm³)",5.0,Geometrie - Volume,Geometrie 3D,Geometrie,4 - avansat,sesiune_baza,2025.0,"sase pachete de unt in forma de paralelipiped dreptunghic cu dimensiunile 6 cm, 10 cm si 2 cm se topesc si se toarna intr-un vas cilindric cu raza bazei 5 cm si inaltimea 10 cm. determinati daca untul va incapea in vas.","volumul unui pachet de unt: v_pachet = 6 · 10 · 2 = 120 cm³ volumul total al untului: v_unt = 6 · 120 = 720 cm³ volumul vasului cilindric: v_cilindru = π · r² · h = π · 5² · 10 = 250π cm³ v_cilindru ≈ 250 · 3.14159 ≈ 785.4 cm³ comparatie: 720 < 785.4 da, untul va incapea in vas.","da, untul incape (720 cm³ < 785.4 cm³)",219,42,283,38,7,1,0,1,0,0,0,0,"sase pachete de unt in forma de paralelipiped dreptunghic cu dimensiunile 6 cm, 10 cm si 2 cm se topesc si se toarna intr-un vas cilindric cu raza bazei 5 cm si inaltimea 10 cm. determinati daca untul va incapea in vas."
Sesiunea de bază - 2019,10.0,Paralelipiped 4×6×9 cm topit într-un cub. Găsiți muchia cubului.,V = 4×6×9 = 216 cm³. a³ = 216 → a = 6 cm,6 cm,2.0,Geometrie 3D,Geometrie 3D,Geometrie,2 - mediu,sesiune_baza,2019.0,paralelipiped 4×6×9 cm topit intr-un cub. gasiti muchia cubului.,v = 4×6×9 = 216 cm³. a³ = 216 → a = 6 cm,6 cm,64,9,40,4,3,1,0,1,0,0,0,0,paralelipiped 4×6×9 cm topit intr-un cub. gasiti muchia cubului.
Pretestare - 2018,10.0,"Pahar cilindric (r=3 cm) cu suc, 1 cm liber pentru gheață. 3 cuburi de gheață (muchie 2 cm). Se revarsă?",V_suc liber = πr²h = π×9×1 = 9π cm³. V_3cuburi = 3×8 = 24 cm³. 24 > 9π ≈ 28.3. Nu se revarsă,Nu se revarsă,2.0,Geometrie 3D,Geometrie 3D,Geometrie,2 - mediu,pretestare,2018.0,"pahar cilindric (r=3 cm) cu suc, 1 cm liber pentru gheata. 3 cuburi de gheata (muchie 2 cm). se revarsa?",v_suc liber = πr²h = π×9×1 = 9π cm³. v_3cuburi = 3×8 = 24 cm³. 24 > 9π ≈ 28.3. nu se revarsa,nu se revarsa,104,20,92,13,4,5,0,1,0,0,0,0,"pahar cilindric (r=3 cm) cu suc, 1 cm liber pentru gheata. 3 cuburi de gheata (muchie 2 cm). se revarsa?"
Sesiunea de bază - 2018,10.0,"Petru vopsește un cub cu muchia 4 dm, Maria o sferă cu r=3 dm. Cine vopsește mai mult?",S_cub = 6×16 = 96 dm². S_sferă = 4π×9 = 36π ≈ 113 dm². Maria vopsește mai mult,Maria (sfera),2.0,Geometrie 3D,Geometrie 3D,Geometrie,2 - mediu,sesiune_baza,2018.0,"petru vopseste un cub cu muchia 4 dm, maria o sfera cu r=3 dm. cine vopseste mai mult?",s_cub = 6×16 = 96 dm². s_sfera = 4π×9 = 36π ≈ 113 dm². maria vopseste mai mult,maria (sfera),86,18,78,13,2,1,0,1,0,0,0,0,"petru vopseste un cub cu muchia 4 dm, maria o sfera cu r=3 dm. cine vopseste mai mult?"
Exersare Test 1 - 2017,10.0,"Paralelipiped cu laturile bazei 3 și 4 cm, h = diagonala bazei. Aria laterală.",d = √(9+16) = 5 cm = h. Aria lat = P_baza × h = 2(3+4)×5 = 70 cm²,70 cm²,2.0,Geometrie 3D,Geometrie 3D,Geometrie,2 - mediu,exersare,2017.0,"paralelipiped cu laturile bazei 3 si 4 cm, h = diagonala bazei. aria laterala.",d = √(9+16) = 5 cm = h. aria lat = p_baza × h = 2(3+4)×5 = 70 cm²,70 cm²,78,14,65,6,2,1,0,1,0,0,0,0,"paralelipiped cu laturile bazei 3 si 4 cm, h = diagonala bazei. aria laterala."
Exersare Test 2 - 2017,10.0,Cub cu muchia 6 cm topit în 6 prisme pătrate regulate cu baza 2 cm. Înălțimea prismelor.,V_cub = 216 cm³. V_prismă = 4h. 6×4h = 216 → h = 9 cm,9 cm,2.0,Geometrie 3D,Geometrie 3D,Geometrie,2 - mediu,exersare,2017.0,cub cu muchia 6 cm topit in 6 prisme patrate regulate cu baza 2 cm. inaltimea prismelor.,v_cub = 216 cm³. v_prisma = 4h. 6×4h = 216 → h = 9 cm,9 cm,88,17,53,4,3,0,0,1,0,0,0,0,cub cu muchia 6 cm topit in 6 prisme patrate regulate cu baza 2 cm. inaltimea prismelor.
Exersare Test 1 - 2016,10.0,Cub cu muchia 30 cm umplut la 25 cm. 6 cuburi de 9 cm. Se revarsă?,V_liber = 30²×5 = 4500 cm³. V_6cuburi = 6×729 = 4374 cm³. Nu se revarsă,Nu se revarsă,2.0,Geometrie 3D,Geometrie 3D,Geometrie,2 - mediu,exersare,2016.0,cub cu muchia 30 cm umplut la 25 cm. 6 cuburi de 9 cm. se revarsa?,v_liber = 30²×5 = 4500 cm³. v_6cuburi = 6×729 = 4374 cm³. nu se revarsa,nu se revarsa,66,16,71,13,6,0,0,1,0,0,0,0,cub cu muchia 30 cm umplut la 25 cm. 6 cuburi de 9 cm. se revarsa?
Exersare Test 2 - 2016,10.0,"Lingou de aur 5×10×20 cm, densitate 19.3 g/cm³. Masa.",V = 1000 cm³. m = 19.3 × 1000 = 19300 g = 19.3 kg,19.3 kg,2.0,Geometrie 3D,Geometrie 3D,Geometrie,2 - mediu,exersare,2016.0,"lingou de aur 5×10×20 cm, densitate 19.3 g/cm³. masa.",v = 1000 cm³. m = 19.3 × 1000 = 19300 g = 19.3 kg,19.3 kg,53,9,49,7,8,1,0,1,0,0,0,0,"lingou de aur 5×10×20 cm, densitate 19.3 g/cm³. masa."
Pretestare - 2016,10.0,"Bazin prismatic dreptunghiular, latura bazei 4 m, h=2 m. Adeziv: 4 m²/pungă. Nr. pungi necesare.",Aria laterală = 4×4×2 = 32 m². Nr. pungi = 32/4 = 8 pungi,8 pungi,2.0,Geometrie 3D,Geometrie 3D,Geometrie,2 - mediu,pretestare,2016.0,"bazin prismatic dreptunghiular, latura bazei 4 m, h=2 m. adeziv: 4 m²/punga. nr. pungi necesare.",aria laterala = 4×4×2 = 32 m². nr. pungi = 32/4 = 8 pungi,8 pungi,96,15,57,7,3,2,0,1,0,0,0,0,"bazin prismatic dreptunghiular, latura bazei 4 m, h=2 m. adeziv: 4 m²/punga. nr. pungi necesare."
Sesiunea de bază - 2016,10.0,"Bazin prismatic, latura 4 m, h=2 m. Adeziv 4 m²/pungă. Nr. pungi.",Bazin cu bază pătrată: Aria laterală = 4 × (4 × 2) = 32 m². Nr. pungi = 32 ÷ 4 = 8 pungi,8 pungi,2.0,Geometrie 3D,Geometrie 3D,Geometrie,2 - mediu,sesiune_baza,2016.0,"bazin prismatic, latura 4 m, h=2 m. adeziv 4 m²/punga. nr. pungi.",bazin cu baza patrata: aria laterala = 4 × (4 × 2) = 32 m². nr. pungi = 32 ÷ 4 = 8 pungi,8 pungi,65,12,88,7,3,2,0,1,0,0,0,0,"bazin prismatic, latura 4 m, h=2 m. adeziv 4 m²/punga. nr. pungi."
Exersare Test 2 - 2015,10.0,"Cutie 20×30×40 cm. Nr. sticle vopsea pentru exterior, fiecare acoperă 13 dm².",S = 2(20×30+20×40+30×40) = 2(600+800+1200) = 5200 cm² = 52 dm². Nr = 52/13 = 4,4 sticle,2.0,Geometrie 3D,Geometrie 3D,Geometrie,2 - mediu,exersare,2015.0,"cutie 20×30×40 cm. nr. sticle vopsea pentru exterior, fiecare acopera 13 dm².",s = 2(20×30+20×40+30×40) = 2(600+800+1200) = 5200 cm² = 52 dm². nr = 52/13 = 4,4 sticle,77,12,78,8,8,0,0,1,0,0,0,0,"cutie 20×30×40 cm. nr. sticle vopsea pentru exterior, fiecare acopera 13 dm²."
Pretestare - 2015,10.0,Rezervor 3×2×1 m cu suc. Cutii 5×10×20 cm. Câte cutii?,V_rezervor = 6 m³ = 6 000 000 cm³. V_cutie = 1000 cm³. Nr = 6000 cutii,6000 cutii,2.0,Geometrie 3D,Geometrie 3D,Geometrie,2 - mediu,pretestare,2015.0,rezervor 3×2×1 m cu suc. cutii 5×10×20 cm. cate cutii?,v_rezervor = 6 m³ = 6 000 000 cm³. v_cutie = 1000 cm³. nr = 6000 cutii,6000 cutii,54,10,70,10,8,0,0,1,0,0,0,0,rezervor 3×2×1 m cu suc. cutii 5×10×20 cm. cate cutii?
Sesiunea de bază - 2015,10.0,"Rezervor cub cu latura 3 m, 3 cilindri (r=1 m, h=3 m). Încape motorina?",V_cub = 27 m³. V_3cil = 3×π×1²×3 = 9π ≈ 28.3 m³. Nu încape,Nu încape,2.0,Geometrie 3D,Geometrie 3D,Geometrie,2 - mediu,sesiune_baza,2015.0,"rezervor cub cu latura 3 m, 3 cilindri (r=1 m, h=3 m). incape motorina?",v_cub = 27 m³. v_3cil = 3×π×1²×3 = 9π ≈ 28.3 m³. nu incape,nu incape,71,14,58,9,4,4,0,1,0,0,0,0,"rezervor cub cu latura 3 m, 3 cilindri (r=1 m, h=3 m). incape motorina?"
Exersare Test 1 - 2014,7.0,Acvariu 50×40×30 cm cu 32 L apă. Înălțimea apei.,V = 32000 cm³. h = 32000/(50×40) = 16 cm,16 cm,2.0,Geometrie 3D,Geometrie 3D,Geometrie,2 - mediu,exersare,2014.0,acvariu 50×40×30 cm cu 32 l apa. inaltimea apei.,v = 32000 cm³. h = 32000/(50×40) = 16 cm,16 cm,48,9,40,5,8,0,0,1,0,0,0,0,acvariu 50×40×30 cm cu 32 l apa. inaltimea apei.
Sesiunea de bază - 2014,5.0,"Prismă (h=19 cm, bază 10×10 cm) vs cilindru (h=18 cm, r=6 cm, π≈3). Care are capacitate mai mare?",V_prismă = 10×10×19 = 1900 cm³. V_cil = π×36×18 ≈ 3×36×18 = 1944 cm³. Cilindrul,Cilindrul,2.0,Geometrie 3D,Geometrie 3D,Geometrie,2 - mediu,sesiune_baza,2014.0,"prisma (h=19 cm, baza 10×10 cm) vs cilindru (h=18 cm, r=6 cm, π≈3). care are capacitate mai mare?",v_prisma = 10×10×19 = 1900 cm³. v_cil = π×36×18 ≈ 3×36×18 = 1944 cm³. cilindrul,cilindrul,97,18,79,9,10,7,0,1,0,0,0,0,"prisma (h=19 cm, baza 10×10 cm) vs cilindru (h=18 cm, r=6 cm, π≈3). care are capacitate mai mare?"
Pretestare Aprilie - 2019,10.0,"Buștean cilindric (h=2m, d=0.2m), densitate 800 kg/m³. Calculați masa.",V = πr²h = π·(0.1)²·2 = 0.02π m³. m = 800·0.02π ≈ 50 kg,≈50 kg,2.0,Geometrie 3D - Cilindri,Geometrie 3D,Geometrie,2 - mediu,pretestare,2019.0,"bustean cilindric (h=2m, d=0.2m), densitate 800 kg/m³. calculati masa.",v = πr²h = π·(0.1)²·2 = 0.02π m³. m = 800·0.02π ≈ 50 kg,≈50 kg,70,9,55,6,6,5,0,1,0,0,0,1,"bustean cilindric (h=2m, d=0.2m), densitate 800 kg/m³. calculati masa."
Pretestare - 2017,10.0,"Bară cilindrică (R=1.5 dm, H=0.4 dm) cu gaură centrală (r=0.5 dm). Densitate 5 kg/dm³. 12 kg suficienți?","V = π(R²-r²)H = π(2.25-0.25)×0.4 = 0.8π dm³. m = 5×0.8π ≈ 12.6 kg. Nu, 12 kg insuficienți","Nu, insuficienți",2.0,Geometrie 3D - Cilindri,Geometrie 3D,Geometrie,2 - mediu,pretestare,2017.0,"bara cilindrica (r=1.5 dm, h=0.4 dm) cu gaura centrala (r=0.5 dm). densitate 5 kg/dm³. 12 kg suficienti?","v = π(r²-r²)h = π(2.25-0.25)×0.4 = 0.8π dm³. m = 5×0.8π ≈ 12.6 kg. nu, 12 kg insuficienti","nu, insuficienti",104,17,89,16,9,8,0,1,0,0,0,1,"bara cilindrica (r=1.5 dm, h=0.4 dm) cu gaura centrala (r=0.5 dm). densitate 5 kg/dm³. 12 kg suficienti?"
Sesiunea de bază - 2017,10.0,"Trei prieteni beau 1 L suc din pahare cilindrice (r=3 cm, h=10 cm). E suficient 1 L?","V_pahar = πr²h = π×9×10 = 90π cm³. 3 pahare = 270π ≈ 848 cm³ < 1000 cm³. Da, suficient","Da, suficient",2.0,Geometrie 3D - Cilindri,Geometrie 3D,Geometrie,2 - mediu,sesiune_baza,2017.0,"trei prieteni beau 1 l suc din pahare cilindrice (r=3 cm, h=10 cm). e suficient 1 l?","v_pahar = πr²h = π×9×10 = 90π cm³. 3 pahare = 270π ≈ 848 cm³ < 1000 cm³. da, suficient","da, suficient",84,17,86,13,5,4,0,1,0,0,0,0,"trei prieteni beau 1 l suc din pahare cilindrice (r=3 cm, h=10 cm). e suficient 1 l?"
Pretestare - 2014,7.0,"Cilindru cu secțiune axială pătrat, aria = 36 cm². Volumul.",2r × h = pătrat → h = 2r. Aria secțiune = 2r × 2r = 4r² = 36 → r = 3. V = πr²h = π×9×6 = 54π cm³,54π cm³,2.0,Geometrie 3D - Cilindri,Geometrie 3D,Geometrie,2 - mediu,pretestare,2014.0,"cilindru cu sectiune axiala patrat, aria = 36 cm². volumul.",2r × h = patrat → h = 2r. aria sectiune = 2r × 2r = 4r² = 36 → r = 3. v = πr²h = π×9×6 = 54π cm³,54π cm³,59,10,96,7,2,1,0,1,0,0,0,0,"cilindru cu sectiune axiala patrat, aria = 36 cm². volumul."
Exersare Test 1 - 2020,10.0,Diagonala cubului = 4√3 cm. Găsiți muchia.,d = a√3 → 4√3 = a√3 → a = 4 cm,4 cm,2.0,Geometrie 3D - Cuburi,Geometrie 3D,Geometrie,2 - mediu,exersare,2020.0,diagonala cubului = 4√3 cm. gasiti muchia.,d = a√3 → 4√3 = a√3 → a = 4 cm,4 cm,42,7,30,4,2,2,0,1,0,1,0,0,diagonala cubului = 4√3 cm. gasiti muchia.
Exersare Test 2 - 2020,10.0,"Piramidă patrulateră regulată, volum 36 cm³, înălțimea = ½ latura bazei. Calculați latura bazei.",V = (1/3)·l²·h = (1/3)·l²·(l/2) = l³/6 = 36 → l³ = 216 → l = 6 cm,6 cm,2.0,Geometrie 3D - Piramide,Geometrie 3D,Geometrie,2 - mediu,exersare,2020.0,"piramida patrulatera regulata, volum 36 cm³, inaltimea = ½ latura bazei. calculati latura bazei.",v = (1/3)·l²·h = (1/3)·l²·(l/2) = l³/6 = 36 → l³ = 216 → l = 6 cm,6 cm,96,14,65,4,2,1,0,1,0,0,0,0,"piramida patrulatera regulata, volum 36 cm³, inaltimea = ½ latura bazei. calculati latura bazei."
Pretestare Februarie - 2019,10.0,Aria bazei unei piramide pătrate regulate este 16 cm². Raportul latura/apotema = 2:3. Determinați aria laterală.,Latura = 4 cm. Apotema = 6 cm. Aria laterală = 4 × (4×6)/2 = 48 cm²,48 cm²,2.0,Geometrie 3D - Piramide,Geometrie 3D,Geometrie,2 - mediu,pretestare,2019.0,aria bazei unei piramide patrate regulate este 16 cm². raportul latura/apotema = 2:3. determinati aria laterala.,latura = 4 cm. apotema = 6 cm. aria laterala = 4 × (4×6)/2 = 48 cm²,48 cm²,112,16,67,6,4,2,0,1,0,0,0,0,aria bazei unei piramide patrate regulate este 16 cm². raportul latura/apotema = 2:3. determinati aria laterala.
Exersare Test 2 - 2018,10.0,"Piramidă pătrată regulată, diagonala bazei 2√2 cm, h=3 cm. Volumul.",d = l√2 = 2√2 → l = 2. V = (1/3)l²h = (1/3)×4×3 = 4 cm³,4 cm³,2.0,Geometrie 3D - Piramide,Geometrie 3D,Geometrie,2 - mediu,exersare,2018.0,"piramida patrata regulata, diagonala bazei 2√2 cm, h=3 cm. volumul.",d = l√2 = 2√2 → l = 2. v = (1/3)l²h = (1/3)×4×3 = 4 cm³,4 cm³,67,10,55,5,3,2,0,1,0,1,0,0,"piramida patrata regulata, diagonala bazei 2√2 cm, h=3 cm. volumul."
Exersare Test 1 - 2018,10.0,"Prismă patrulateră regulată, h = 2×latura bazei, V = 16 cm³. Găsiți înălțimea.",V = l²·h = l²·2l = 2l³ = 16 → l³ = 8 → l = 2. h = 4 cm,4 cm,2.0,Geometrie 3D - Prisme,Geometrie 3D,Geometrie,2 - mediu,exersare,2018.0,"prisma patrulatera regulata, h = 2×latura bazei, v = 16 cm³. gasiti inaltimea.",v = l²·h = l²·2l = 2l³ = 16 → l³ = 8 → l = 2. h = 4 cm,4 cm,78,13,54,4,3,2,0,1,0,0,0,0,"prisma patrulatera regulata, h = 2×latura bazei, v = 16 cm³. gasiti inaltimea."
Exersare Test 1 - 2015,10.0,"Volumul prismei regulate ABCDA₁B₁C₁D₁, h = diagonala bazei, AB=3√2 cm.",d = 3√2×√2 = 6 cm = h. V = (3√2)² × 6 = 18 × 6 = 108 cm³,108 cm³,2.0,Geometrie 3D - Prisme,Geometrie 3D,Geometrie,2 - mediu,exersare,2015.0,"volumul prismei regulate abcda₁b₁c₁d₁, h = diagonala bazei, ab=3√2 cm.",d = 3√2×√2 = 6 cm = h. v = (3√2)² × 6 = 18 × 6 = 108 cm³,108 cm³,70,10,56,7,2,3,0,1,0,1,0,0,"volumul prismei regulate abcda₁b₁c₁d₁, h = diagonala bazei, ab=3√2 cm."
Exersare Test 2 - 2014,10.0,Trei sfere: două cu r=5 cm și r=12 cm. Vopseaua pentru a treia = suma celorlalte. Raza a treia.,4πR² = 4π×25 + 4π×144 → R² = 169 → R = 13 cm,13 cm,2.0,Geometrie 3D - Sfere,Geometrie 3D,Geometrie,2 - mediu,exersare,2014.0,trei sfere: doua cu r=5 cm si r=12 cm. vopseaua pentru a treia = suma celorlalte. raza a treia.,4πr² = 4π×25 + 4π×144 → r² = 169 → r = 13 cm,13 cm,95,19,44,5,3,3,0,1,0,0,0,0,trei sfere: doua cu r=5 cm si r=12 cm. vopseaua pentru a treia = suma celorlalte. raza a treia.
Exersare Test 1 - 2022,9.0,"Fie functia f: R → R, f(x) = -3x. Determinati valorile reale ale lui x, pentru care f(x) < x + f(-1)",f(-1) = -3×(-1) = 3. Inecuatia: -3x < x + 3 => -4x < 3 => x > -3/4,(-3/4; +∞),3.0,Inecuatii,Inecuații,"Ecuații, inecuații și sisteme",3 - consolidare,exersare,2022.0,"fie functia f: r → r, f(x) = -3x. determinati valorile reale ale lui x, pentru care f(x) < x + f(-1)",f(-1) = -3×(-1) = 3. inecuatia: -3x < x + 3 => -4x < 3 => x > -3/4,(-3/4; +∞),100,22,66,10,2,11,0,0,0,0,1,0,"fie functia f: r → r, f(x) = -3x. determinati valorile reale ale lui x, pentru care f(x) < x + f(-1)"
Exersare Test 1 - 2023,9.0,"Fie functia f:R->R, f(x) = -2x + 10. Determinati valorile lui x, care sunt patrate perfecte si pentru care f(x) + f(2) >= x + 2.","f(2) = 6
Obtinerea inecuatiei -2x + 10 + 6 >= x + 2
Rezolvarea inecuatiei -2x + 10 + 6 >= x + 2
Scrierea raspunsului corect","{0, 1, 4}",3.0,Inecuatii,Inecuații,"Ecuații, inecuații și sisteme",3 - consolidare,exersare,2023.0,"fie functia f:r->r, f(x) = -2x + 10. determinati valorile lui x, care sunt patrate perfecte si pentru care f(x) + f(2) >= x + 2.",f(2) = 6 obtinerea inecuatiei -2x + 10 + 6 >= x + 2 rezolvarea inecuatiei -2x + 10 + 6 >= x + 2 scrierea raspunsului corect,"{0, 1, 4}",128,26,123,9,5,15,0,0,0,0,1,0,"fie functia f:r->r, f(x) = -2x + 10. determinati valorile lui x, care sunt patrate perfecte si pentru care f(x) + f(2) >= x + 2."
Exersare Test 1 - 2024,9.0,"Fie functia f:R->R, f(x) = -x + 2. Determinati valorile negative ale lui x, pentru care valorile respective ale functiei f sunt mai mici decat 4.",Avem  -x + 2 < 4 si x < 0 => -x < 2 => x > -2 => -2 < x < 0,(-2; 0),2.0,Inecuatii,Inecuații,"Ecuații, inecuații și sisteme",2 - mediu,exersare,2024.0,"fie functia f:r->r, f(x) = -x + 2. determinati valorile negative ale lui x, pentru care valorile respective ale functiei f sunt mai mici decat 4.",avem -x + 2 < 4 si x < 0 => -x < 2 => x > -2 => -2 < x < 0,(-2; 0),145,26,59,7,2,7,0,0,0,0,1,0,"fie functia f:r->r, f(x) = -x + 2. determinati valorile negative ale lui x, pentru care valorile respective ale functiei f sunt mai mici decat 4."
Pretestare 2023,9.0,"Rezolvați inecuația -3x + 8 ≥ 0. Mulțimea soluțiilor: {0, 1, 2}","-3x ≥ -8 → x ≤ 8/3 ≈ 2,67. Întregi: {0, 1, 2}","{0, 1, 2}",3.0,Inecuații,Inecuații,"Ecuații, inecuații și sisteme",3 - consolidare,pretestare,2023.0,"rezolvati inecuatia -3x + 8 ≥ 0. multimea solutiilor: {0, 1, 2}","-3x ≥ -8 → x ≤ 8/3 ≈ 2,67. intregi: {0, 1, 2}","{0, 1, 2}",63,12,45,9,6,5,0,0,1,0,0,0,"rezolvati inecuatia -3x + 8 ≥ 0. multimea solutiilor: {0, 1, 2}"
Sesiune de bază 2022,9.0,Inecuația cu f(x) = -3x + 8. Găsiți x astfel încât f(x) - f(1) ≤ 2x,(-3x + 8) - (-3 + 8) ≤ 2x → -3x + 3 ≤ 2x → x ≥ 3/5,x ≥ 3/5,3.0,Inecuații,Inecuații,"Ecuații, inecuații și sisteme",3 - consolidare,sesiune_baza,2022.0,inecuatia cu f(x) = -3x + 8. gasiti x astfel incat f(x) - f(1) ≤ 2x,(-3x + 8) - (-3 + 8) ≤ 2x → -3x + 3 ≤ 2x → x ≥ 3/5,x ≥ 3/5,67,16,50,7,4,11,0,0,1,0,1,0,inecuatia cu f(x) = -3x + 8. gasiti x astfel incat f(x) - f(1) ≤ 2x
Sesiune de bază 2023,9.0,Inecuația f(3)·f(x) < 3x pentru f(x) = x - 4,f(3) = -1. -1(x-4) < 3x → -x + 4 < 3x → x > 1,x > 1,3.0,Inecuații,Inecuații,"Ecuații, inecuații și sisteme",3 - consolidare,sesiune_baza,2023.0,inecuatia f(3)·f(x) < 3x pentru f(x) = x - 4,f(3) = -1. -1(x-4) < 3x → -x + 4 < 3x → x > 1,x > 1,44,10,45,5,3,9,0,0,1,0,1,0,inecuatia f(3)·f(x) < 3x pentru f(x) = x - 4
Exersare Test 2 - 2020,9.0,f(x) = 3x − 7. Găsiți x astfel încât f(x) ≥ 5.,"3x - 7 ≥ 5 → 3x ≥ 12 → x ≥ 4. Soluția: x ∈ [4, +∞)",x ≥ 4,2.0,Inecuații,Inecuații,"Ecuații, inecuații și sisteme",2 - mediu,exersare,2020.0,f(x) = 3x - 7. gasiti x astfel incat f(x) ≥ 5.,"3x - 7 ≥ 5 → 3x ≥ 12 → x ≥ 4. solutia: x ∈ [4, +∞)",x ≥ 4,46,12,50,5,3,6,0,0,0,0,1,0,f(x) = 3x - 7. gasiti x astfel incat f(x) ≥ 5.
Sesiunea de bază - 2019,9.0,"f(x)=2−3x, g(x)=4x+9. Găsiți x pentru f(x)·g(x)≥0.","(2-3x)(4x+9) ≥ 0. Zerouri: x=2/3, x=-9/4. Soluție: x ∈ [-9/4, 2/3]","[-9/4, 2/3]",2.0,Inecuații,Inecuații,"Ecuații, inecuații și sisteme",2 - mediu,sesiune_baza,2019.0,"f(x)=2-3x, g(x)=4x+9. gasiti x pentru f(x)·g(x)≥0.","(2-3x)(4x+9) ≥ 0. zerouri: x=2/3, x=-9/4. solutie: x ∈ [-9/4, 2/3]","[-9/4, 2/3]",50,6,66,11,5,12,0,0,0,0,1,0,"f(x)=2-3x, g(x)=4x+9. gasiti x pentru f(x)·g(x)≥0."
Exersare Test 1 - 2018,9.0,f(x)=2x−1 și g(x)=3x−2. Găsiți x pentru f(x) > 2·g(x).,2x-1 > 2(3x-2) → 2x-1 > 6x-4 → 3 > 4x → x < 3/4,x < 3/4,2.0,Inecuații,Inecuații,"Ecuații, inecuații și sisteme",2 - mediu,exersare,2018.0,f(x)=2x-1 si g(x)=3x-2. gasiti x pentru f(x) > 2·g(x).,2x-1 > 2(3x-2) → 2x-1 > 6x-4 → 3 > 4x → x < 3/4,x < 3/4,54,9,47,7,5,11,0,0,0,0,1,0,f(x)=2x-1 si g(x)=3x-2. gasiti x pentru f(x) > 2·g(x).
Pretestare - 2018,9.0,f(x)=3x−2. Găsiți x pentru (1−2f(x))/2 ≥ 0.,(1-2(3x-2))/2 ≥ 0 → 1-6x+4 ≥ 0 → 5-6x ≥ 0 → x ≤ 5/6,x ≤ 5/6,2.0,Inecuații,Inecuații,"Ecuații, inecuații și sisteme",2 - mediu,pretestare,2018.0,f(x)=3x-2. gasiti x pentru (1-2f(x))/2 ≥ 0.,(1-2(3x-2))/2 ≥ 0 → 1-6x+4 ≥ 0 → 5-6x ≥ 0 → x ≤ 5/6,x ≤ 5/6,43,7,51,7,6,9,0,0,0,0,1,0,f(x)=3x-2. gasiti x pentru (1-2f(x))/2 ≥ 0.
Exersare Test 1 - 2017,9.0,f(x)=2x−3. Găsiți x pentru 2·f(x) < 6x − f(−1).,f(-1) = -5. 2(2x-3) < 6x + 5 → 4x - 6 < 6x + 5 → -11 < 2x → x > -11/2,x > -11/2,2.0,Inecuații,Inecuații,"Ecuații, inecuații și sisteme",2 - mediu,exersare,2017.0,f(x)=2x-3. gasiti x pentru 2·f(x) < 6x - f(-1).,f(-1) = -5. 2(2x-3) < 6x + 5 → 4x - 6 < 6x + 5 → -11 < 2x → x > -11/2,x > -11/2,47,9,69,9,5,8,0,0,0,0,1,0,f(x)=2x-3. gasiti x pentru 2·f(x) < 6x - f(-1).
Exersare Test 2 - 2017,9.0,f(x)=−3x+2. Cel mai mic x întreg cu f(x) < 6.,-3x + 2 < 6 → -3x < 4 → x > -4/3. Cel mai mic întreg: x = -1,-1,2.0,Inecuații,Inecuații,"Ecuații, inecuații și sisteme",2 - mediu,exersare,2017.0,f(x)=-3x+2. cel mai mic x intreg cu f(x) < 6.,-3x + 2 < 6 → -3x < 4 → x > -4/3. cel mai mic intreg: x = -1,-1,45,10,60,2,3,7,0,0,0,0,1,0,f(x)=-3x+2. cel mai mic x intreg cu f(x) < 6.
Pretestare - 2017,9.0,f(x)=−2x+7. Găsiți x pentru f(x) ≥ 3.,-2x + 7 ≥ 3 → -2x ≥ -4 → x ≤ 2,x ≤ 2,2.0,Inecuații,Inecuații,"Ecuații, inecuații și sisteme",2 - mediu,pretestare,2017.0,f(x)=-2x+7. gasiti x pentru f(x) ≥ 3.,-2x + 7 ≥ 3 → -2x ≥ -4 → x ≤ 2,x ≤ 2,37,7,30,5,3,7,0,0,0,0,1,0,f(x)=-2x+7. gasiti x pentru f(x) ≥ 3.
Sesiunea de bază - 2017,9.0,f(x)=−4x+3. Găsiți x pentru f(x) ≤ −2.,-4x + 3 ≤ -2 → -4x ≤ -5 → x ≥ 5/4,x ≥ 5/4,2.0,Inecuații,Inecuații,"Ecuații, inecuații și sisteme",2 - mediu,sesiune_baza,2017.0,f(x)=-4x+3. gasiti x pentru f(x) ≤ -2.,-4x + 3 ≤ -2 → -4x ≤ -5 → x ≥ 5/4,x ≥ 5/4,38,7,33,7,3,7,0,0,0,0,1,0,f(x)=-4x+3. gasiti x pentru f(x) ≤ -2.
Exersare Test 1 - 2016,9.0,Rezolvați f(x)=5−2x ≥ f(1)−2.,f(1) = 3. 5-2x ≥ 1 → x ≤ 2,x ≤ 2,2.0,Inecuații,Inecuații,"Ecuații, inecuații și sisteme",2 - mediu,exersare,2016.0,rezolvati f(x)=5-2x ≥ f(1)-2.,f(1) = 3. 5-2x ≥ 1 → x ≤ 2,x ≤ 2,29,4,26,5,4,6,0,0,0,0,1,0,rezolvati f(x)=5-2x ≥ f(1)-2.
Exersare Test 2 - 2016,9.0,f(x)=−2x+4 și g(x)=2x+1. Rezolvați f(x) ≤ g(x).,-2x + 4 ≤ 2x + 1 → 3 ≤ 4x → x ≥ 3/4,x ≥ 3/4,2.0,Inecuații,Inecuații,"Ecuații, inecuații și sisteme",2 - mediu,exersare,2016.0,f(x)=-2x+4 si g(x)=2x+1. rezolvati f(x) ≤ g(x).,-2x + 4 ≤ 2x + 1 → 3 ≤ 4x → x ≥ 3/4,x ≥ 3/4,47,7,35,7,4,13,0,0,0,0,1,0,f(x)=-2x+4 si g(x)=2x+1. rezolvati f(x) ≤ g(x).
Pretestare - 2016,9.0,f(x)=−3x−2. Găsiți x pentru f(x) < f(0)−1.,f(0) = -2. -3x - 2 < -3 → -3x < -1 → x > 1/3,x > 1/3,2.0,Inecuații,Inecuații,"Ecuații, inecuații și sisteme",2 - mediu,pretestare,2016.0,f(x)=-3x-2. gasiti x pentru f(x) < f(0)-1.,f(0) = -2. -3x - 2 < -3 → -3x < -1 → x > 1/3,x > 1/3,42,7,44,7,4,8,0,0,0,0,1,0,f(x)=-3x-2. gasiti x pentru f(x) < f(0)-1.
Sesiunea de bază - 2016,9.0,f(x)=−3x−2. x pentru f(x) < f(0)−1.,f(0) = -2. Inecuația: -3x - 2 < -2 - 1 → -3x - 2 < -3 → -3x < -1 → x > 1/3,x > 1/3,2.0,Inecuații,Inecuații,"Ecuații, inecuații și sisteme",2 - mediu,sesiune_baza,2016.0,f(x)=-3x-2. x pentru f(x) < f(0)-1.,f(0) = -2. inecuatia: -3x - 2 < -2 - 1 → -3x - 2 < -3 → -3x < -1 → x > 1/3,x > 1/3,35,6,74,7,4,8,0,0,0,0,1,0,f(x)=-3x-2. x pentru f(x) < f(0)-1.
Exersare Test 1 - 2015,9.0,f(x)=3−2x. Găsiți x pentru f(x) > −2.,3 - 2x > -2 → -2x > -5 → x < 5/2,x < 5/2,2.0,Inecuații,Inecuații,"Ecuații, inecuații și sisteme",2 - mediu,exersare,2015.0,f(x)=3-2x. gasiti x pentru f(x) > -2.,3 - 2x > -2 → -2x > -5 → x < 5/2,x < 5/2,37,7,32,7,3,6,0,0,0,0,1,0,f(x)=3-2x. gasiti x pentru f(x) > -2.
Pretestare - 2015,9.0,f(x)=x²−4 și g(x)=2x−1. Găsiți x pentru f(x) < g(x).,"x² - 4 < 2x - 1 → x² - 2x - 3 < 0 → (x-3)(x+1) < 0 → x ∈ (-1, 3)","(-1, 3)",2.0,Inecuații,Inecuații,"Ecuații, inecuații și sisteme",2 - mediu,pretestare,2015.0,f(x)=x²-4 si g(x)=2x-1. gasiti x pentru f(x) < g(x).,"x² - 4 < 2x - 1 → x² - 2x - 3 < 0 → (x-3)(x+1) < 0 → x ∈ (-1, 3)","(-1, 3)",52,9,64,7,3,11,0,0,0,0,1,0,f(x)=x²-4 si g(x)=2x-1. gasiti x pentru f(x) < g(x).
Exersare Test 2 - 2014,7.0,"A = sol. reale ale (x+1)²+(x+2)(x-2)-9x+8>0, B=[0,4]. A∩B.","(x+1)²+(x+2)(x-2)-9x+8>0. x²+2x+1+x²-4-9x+8>0. 2x²-7x+5>0. Δ=9. x₁=1, x₂=5/2. Soluție: x<1 sau x>5/2. A∩[0,4]=[0,1)∪(5/2,4].","[0,1)∪(5/2,4]",3.0,Inecuații,Inecuații,"Ecuații, inecuații și sisteme",3 - consolidare,exersare,2014.0,"a = sol. reale ale (x+1)²+(x+2)(x-2)-9x+8>0, b=[0,4]. a∩b.","(x+1)²+(x+2)(x-2)-9x+8>0. x²+2x+1+x²-4-9x+8>0. 2x²-7x+5>0. δ=9. x₁=1, x₂=5/2. solutie: x<1 sau x>5/2. a∩[0,4]=[0,1)∪(5/2,4].","[0,1)∪(5/2,4]",58,8,124,13,8,17,0,0,0,0,0,0,"a = sol. reale ale (x+1)²+(x+2)(x-2)-9x+8>0, b=[0,4]. a∩b."
Sesiunea de bază - 2014,6.0,x/7 ≥ (x-8)/3 și 5 > x+0.7. Soluția conține 4 numere întregi?,"3x≥7x-56→x≤14. 5>x+0.7→x<4.3. Intersecția: x<4.3. Numere întregi: {...,-1,0,1,2,3,4}=infinit. Dacă x∈ℕ: {0,1,2,3,4}=5 numere.","Nu, conține 5 numere naturale, nu 4",2.0,Inecuații,Inecuații,"Ecuații, inecuații și sisteme",2 - mediu,sesiune_baza,2014.0,x/7 ≥ (x-8)/3 si 5 > x+0.7. solutia contine 4 numere intregi?,"3x≥7x-56→x≤14. 5>x+0.7→x<4.3. intersectia: x<4.3. numere intregi: {...,-1,0,1,2,3,4}=infinit. daca x∈ℕ: {0,1,2,3,4}=5 numere.","nu, contine 5 numere naturale, nu 4",61,12,125,35,7,8,0,0,1,0,0,0,x/7 ≥ (x-8)/3 si 5 > x+0.7. solutia contine 4 numere intregi?
Pretestare - 2014,6.0,"A∩B unde A,B sunt mulțimile divizorilor lui 36 și 45.","Div(36) = {1,2,3,4,6,9,12,18,36}. Div(45) = {1,3,5,9,15,45}. A∩B = {1,3,9}","{1,3,9}",2.0,Mulțimi,Mulțimi numerice,Mulțimi numerice,2 - mediu,pretestare,2014.0,"a∩b unde a,b sunt multimile divizorilor lui 36 si 45.","div(36) = {1,2,3,4,6,9,12,18,36}. div(45) = {1,3,5,9,15,45}. a∩b = {1,3,9}","{1,3,9}",53,10,74,7,4,0,0,0,0,0,0,0,"a∩b unde a,b sunt multimile divizorilor lui 36 si 45."
Sesiune de bază 2023,1.0,"Completați căsuțele: a = -1 - 4, b = 10","a = -5, b = 10","a = -5, b = 10",1.0,Numere întregi,Mulțimi numerice,Mulțimi numerice,1 - bază,sesiune_baza,2023.0,"completati casutele: a = -1 - 4, b = 10","a = -5, b = 10","a = -5, b = 10",39,10,14,14,4,4,0,0,0,0,0,0,"completati casutele: a = -1 - 4, b = 10"
Exersare Test 1 - 2022,1.0,"Fie a = 25/3 : 15/9 si b = -8 + 3. Completati cu numere reale, astfel incat propozitia obtinuta sa fie adevarata: a = ?, b = ?, a · b = ?",Se calculeaza a = (25/3) : (15/9) = (25/3) × (9/15) = 225/45 = 5; b = -8 + 3 = -5; a · b = 5 × (-5) = -25,"a = 5, b = -5, a · b = -25",1.0,Numere reale,Mulțimi numerice,Mulțimi numerice,1 - bază,exersare,2022.0,"fie a = 25/3 : 15/9 si b = -8 + 3. completati cu numere reale, astfel incat propozitia obtinuta sa fie adevarata: a = ?, b = ?, a · b = ?",se calculeaza a = (25/3) : (15/9) = (25/3) × (9/15) = 225/45 = 5; b = -8 + 3 = -5; a · b = 5 × (-5) = -25,"a = 5, b = -5, a · b = -25",137,34,105,26,8,9,0,0,0,0,0,0,"fie a = 25/3 : 15/9 si b = -8 + 3. completati cu numere reale, astfel incat propozitia obtinuta sa fie adevarata: a = ?, b = ?, a · b = ?"
Exersare Test 2 - 2021,1.0,"Fie a = 9/2 : 3/4 și b = (-3)². Completați casetele: a = ?, b = ?, a - b = ?",a = (9/2) : (3/4) = (9/2) × (4/3) = 36/6 = 6; b = (-3)² = 9; a - b = 6 - 9 = -3,"a = 6, b = 9, a - b = -3",1.0,Numere reale,Mulțimi numerice,Mulțimi numerice,1 - bază,exersare,2021.0,"fie a = 9/2 : 3/4 si b = (-3)². completati casetele: a = ?, b = ?, a - b = ?",a = (9/2) : (3/4) = (9/2) × (4/3) = 36/6 = 6; b = (-3)² = 9; a - b = 6 - 9 = -3,"a = 6, b = 9, a - b = -3",76,23,79,24,5,11,0,0,0,0,0,0,"fie a = 9/2 : 3/4 si b = (-3)². completati casetele: a = ?, b = ?, a - b = ?"
Pretestare 2024,1.0,Calculați a = -15 + 7 și b = (-1)²/2. Determinați a·b.,"a = -8, b = 0.5, a·b = -4",a·b = -4,1.0,Numere reale,Mulțimi numerice,Mulțimi numerice,1 - bază,pretestare,2024.0,calculati a = -15 + 7 si b = (-1)²/2. determinati a·b.,"a = -8, b = 0.5, a·b = -4",a·b = -4,54,12,25,8,5,8,0,0,0,0,0,0,calculati a = -15 + 7 si b = (-1)²/2. determinati a·b.
Sesiune de bază 2024,1.0,"Calculați a = ?, b = -5 + 3. Determinați a·b.","b = -2, a·b se calculează",a·b,1.0,Numere reale,Mulțimi numerice,Mulțimi numerice,1 - bază,sesiune_baza,2024.0,"calculati a = ?, b = -5 + 3. determinati a·b.","b = -2, a·b se calculeaza",a·b,45,11,25,3,2,4,0,0,0,0,0,0,"calculati a = ?, b = -5 + 3. determinati a·b."
Exersare Test 1 - 2020,1.0,Fie a = 2√2 și b = √2. Completați casetele: 'a + b = [ ]' și 'a - b = [ ]'.,a + b = 2√2 + √2 = 3√2; a - b = 2√2 - √2 = √2,a + b = 3√2; a - b = √2,1.0,Numere reale,Mulțimi numerice,Mulțimi numerice,1 - bază,exersare,2020.0,fie a = 2√2 si b = √2. completati casetele: 'a + b = [ ]' si 'a - b = [ ]'.,a + b = 2√2 + √2 = 3√2; a - b = 2√2 - √2 = √2,a + b = 3√2; a - b = √2,75,23,45,23,3,12,0,0,0,1,0,0,fie a = 2√2 si b = √2. completati casetele: 'a + b = [ ]' si 'a - b = [ ]'.
Exersare Test 2 - 2020,1.0,Fie a = √5 și b = 1. Completați 'a + b = ...'.,a + b = √5 + 1,√5 + 1,1.0,Numere reale,Mulțimi numerice,Mulțimi numerice,1 - bază,exersare,2020.0,fie a = √5 si b = 1. completati 'a + b = ...'.,a + b = √5 + 1,√5 + 1,46,14,14,6,2,5,0,0,0,1,0,0,fie a = √5 si b = 1. completati 'a + b = ...'.
Pretestare Februarie - 2019,1.0,"Completați: dacă a = √9 și b = √16, atunci √(a² + b²) = ...","a = 3, b = 4. √(9 + 16) = √25 = 5",5,1.0,Numere reale,Mulțimi numerice,Mulțimi numerice,1 - bază,pretestare,2019.0,"completati: daca a = √9 si b = √16, atunci √(a² + b²) = ...","a = 3, b = 4. √(9 + 16) = √25 = 5",5,59,15,33,1,3,9,0,0,0,1,0,0,"completati: daca a = √9 si b = √16, atunci √(a² + b²) = ..."
Pretestare Aprilie - 2019,1.0,"Calculați ab pentru a=√5−2, b=√5+2.",ab = (√5-2)(√5+2) = 5 - 4 = 1,1,1.0,Numere reale,Mulțimi numerice,Mulțimi numerice,1 - bază,pretestare,2019.0,"calculati ab pentru a=√5-2, b=√5+2.",ab = (√5-2)(√5+2) = 5 - 4 = 1,1,35,5,29,1,4,5,0,0,0,1,0,0,"calculati ab pentru a=√5-2, b=√5+2."
Sesiunea de bază - 2019,1.0,"Dacă a=√2 și b=√8, raportul b/a = ...",b/a = √8/√2 = √4 = 2,2,1.0,Numere reale,Mulțimi numerice,Mulțimi numerice,1 - bază,sesiune_baza,2019.0,"daca a=√2 si b=√8, raportul b/a = ...",b/a = √8/√2 = √4 = 2,2,37,8,20,1,2,6,0,0,0,1,0,0,"daca a=√2 si b=√8, raportul b/a = ..."
Exersare Test 1 - 2018,1.0,"Dacă a = 2 − √3 și b = 2⁵ : 2¹⁵, produsul a·b = ...","a = 2-√3, b = 2⁵/2¹⁵ = 2⁻¹⁰ = 1/1024. a·b = (2-√3)/1024",(2-√3)/1024,1.0,Numere reale,Mulțimi numerice,Mulțimi numerice,1 - bază,exersare,2018.0,"daca a = 2 - √3 si b = 2⁵ : 2¹⁵, produsul a·b = ...","a = 2-√3, b = 2⁵/2¹⁵ = 2⁻¹⁰ = 1/1024. a·b = (2-√3)/1024",(2-√3)/1024,51,16,55,11,4,4,0,0,0,1,0,0,"daca a = 2 - √3 si b = 2⁵ : 2¹⁵, produsul a·b = ..."
Exersare Test 2 - 2018,1.0,"a = −3 + 5 = 2, b = (4/3)×(9/2) = 6. Raportul b/a.",b/a = 6/2 = 3,3,1.0,Numere reale,Mulțimi numerice,Mulțimi numerice,1 - bază,exersare,2018.0,"a = -3 + 5 = 2, b = (4/3)×(9/2) = 6. raportul b/a.",b/a = 6/2 = 3,3,50,14,13,1,8,12,0,0,0,0,0,0,"a = -3 + 5 = 2, b = (4/3)×(9/2) = 6. raportul b/a."
Pretestare - 2018,1.0,"Dacă a = −5 + 7 = 2 și b = (2/3):(2/9) = 3, atunci a/b = ...",Calculăm a = -5 + 7 = 2. Calculăm b = (2/3) : (2/9) = (2/3) × (9/2) = 18/6 = 3. Raportul a/b = 2/3.,2/3,1.0,Numere reale,Mulțimi numerice,Mulțimi numerice,1 - bază,pretestare,2018.0,"daca a = -5 + 7 = 2 si b = (2/3):(2/9) = 3, atunci a/b = ...",calculam a = -5 + 7 = 2. calculam b = (2/3) : (2/9) = (2/3) × (9/2) = 18/6 = 3. raportul a/b = 2/3.,2/3,60,18,99,3,8,13,0,0,0,0,0,0,"daca a = -5 + 7 = 2 si b = (2/3):(2/9) = 3, atunci a/b = ..."
Sesiunea de bază - 2018,1.0,"a = −5 + 3 = -2, b = (21/7):(3/10) = 10. Produsul a·b.",a·b = -2 × 10 = -20,-20,1.0,Numere reale,Mulțimi numerice,Mulțimi numerice,1 - bază,sesiune_baza,2018.0,"a = -5 + 3 = -2, b = (21/7):(3/10) = 10. produsul a·b.",a·b = -2 × 10 = -20,-20,54,14,19,3,11,12,0,0,0,0,0,0,"a = -5 + 3 = -2, b = (21/7):(3/10) = 10. produsul a·b."
Exersare Test 1 - 2017,1.0,"Dacă a = –4 + 3 = -1 și b = 6⁵:2⁵ = 3⁵ = 243, produsul a·b = ...",a·b = -1 × 243 = -243,-243,1.0,Numere reale,Mulțimi numerice,Mulțimi numerice,1 - bază,exersare,2017.0,"daca a = -4 + 3 = -1 si b = 6⁵:2⁵ = 3⁵ = 243, produsul a·b = ...",a·b = -1 × 243 = -243,-243,64,20,21,4,9,8,0,0,0,0,0,0,"daca a = -4 + 3 = -1 si b = 6⁵:2⁵ = 3⁵ = 243, produsul a·b = ..."
Exersare Test 2 - 2017,1.0,"a = 3−5 = -2, b = (4/3)×(9/2) = 6. Raportul b/a.",b/a = 6/(-2) = -3,-3,1.0,Numere reale,Mulțimi numerice,Mulțimi numerice,1 - bază,exersare,2017.0,"a = 3-5 = -2, b = (4/3)×(9/2) = 6. raportul b/a.",b/a = 6/(-2) = -3,-3,48,12,17,2,8,12,0,0,0,0,0,0,"a = 3-5 = -2, b = (4/3)×(9/2) = 6. raportul b/a."
Pretestare - 2017,1.0,"Dacă a = -3 + 2 = -1 și b = (21/2):(7/4) = 6, produsul a·b = ...",a·b = -1 × 6 = -6,-6,1.0,Numere reale,Mulțimi numerice,Mulțimi numerice,1 - bază,pretestare,2017.0,"daca a = -3 + 2 = -1 si b = (21/2):(7/4) = 6, produsul a·b = ...",a·b = -1 × 6 = -6,-6,64,18,17,2,9,14,0,0,0,0,0,0,"daca a = -3 + 2 = -1 si b = (21/2):(7/4) = 6, produsul a·b = ..."
Sesiunea de bază - 2017,1.0,"Dacă a = −7 − 2 = -9 și b = (6/5)×(15/2) = 9, raportul a/b = ...",a/b = -9/9 = -1,-1,1.0,Numere reale,Mulțimi numerice,Mulțimi numerice,1 - bază,sesiune_baza,2017.0,"daca a = -7 - 2 = -9 si b = (6/5)×(15/2) = 9, raportul a/b = ...",a/b = -9/9 = -1,-1,64,18,15,2,9,13,0,0,0,0,0,0,"daca a = -7 - 2 = -9 si b = (6/5)×(15/2) = 9, raportul a/b = ..."
Exersare Test 1 - 2016,1.0,Produsul a·b unde a și b sunt date.,Calculul produsului,Valoare,1.0,Numere reale,Mulțimi numerice,Mulțimi numerice,1 - bază,exersare,2016.0,produsul a·b unde a si b sunt date.,calculul produsului,valoare,35,8,19,7,0,0,0,0,0,0,0,0,produsul a·b unde a si b sunt date.
Exersare Test 2 - 2016,1.0,Raportul b/a unde a = 3−5 = -2 și b = 9²×4/3 = 108.,b/a = 108/(-2) = -54,-54,1.0,Numere reale,Mulțimi numerice,Mulțimi numerice,1 - bază,exersare,2016.0,raportul b/a unde a = 3-5 = -2 si b = 9²×4/3 = 108.,b/a = 108/(-2) = -54,-54,51,14,20,3,9,7,0,0,0,0,0,0,raportul b/a unde a = 3-5 = -2 si b = 9²×4/3 = 108.
Pretestare - 2016,1.0,"Completați: dacă a = −5 + 7 = 2, b = (3/2)×(4/6) = 1, atunci b − a = ...",b - a = 1 - 2 = -1,-1,1.0,Numere reale,Mulțimi numerice,Mulțimi numerice,1 - bază,pretestare,2016.0,"completati: daca a = -5 + 7 = 2, b = (3/2)×(4/6) = 1, atunci b - a = ...",b - a = 1 - 2 = -1,-1,72,20,18,2,8,12,0,0,0,0,0,0,"completati: daca a = -5 + 7 = 2, b = (3/2)×(4/6) = 1, atunci b - a = ..."
Sesiunea de bază - 2016,1.0,"Completați: a = −5 + 7 = 2, b = (3/2)×(4/6) = 1. b − a = ...",b - a = 1 - 2 = -1,-1,1.0,Numere reale,Mulțimi numerice,Mulțimi numerice,1 - bază,sesiune_baza,2016.0,"completati: a = -5 + 7 = 2, b = (3/2)×(4/6) = 1. b - a = ...",b - a = 1 - 2 = -1,-1,60,18,18,2,8,12,0,0,0,0,0,0,"completati: a = -5 + 7 = 2, b = (3/2)×(4/6) = 1. b - a = ..."
Exersare Test 1 - 2015,1.0,"Produsul a·b, unde a=5−√11, b=1/(5+√11).",a·b = (5-√11)/(5+√11) = (5-√11)²/(25-11) = (5-√11)²/14,(5-√11)²/14,1.0,Numere reale,Mulțimi numerice,Mulțimi numerice,1 - bază,exersare,2015.0,"produsul a·b, unde a=5-√11, b=1/(5+√11).",a·b = (5-√11)/(5+√11) = (5-√11)²/(25-11) = (5-√11)²/14,(5-√11)²/14,40,5,54,11,7,8,0,0,0,1,0,0,"produsul a·b, unde a=5-√11, b=1/(5+√11)."
Exersare Test 2 - 2015,1.0,"Dacă a = (14/3):(6/7) și b = -9 + 5 = -4, raportul a/b.",a = 14/3 × 7/6 = 49/9. a/b = (49/9)/(-4) = -49/36,-49/36,1.0,Numere reale,Mulțimi numerice,Mulțimi numerice,1 - bază,exersare,2015.0,"daca a = (14/3):(6/7) si b = -9 + 5 = -4, raportul a/b.",a = 14/3 × 7/6 = 49/9. a/b = (49/9)/(-4) = -49/36,-49/36,55,14,49,6,8,13,0,0,0,0,0,0,"daca a = (14/3):(6/7) si b = -9 + 5 = -4, raportul a/b."
Pretestare - 2015,1.0,"a = √2, b = √8. Produsul ab = ...",ab = √2 × √8 = √16 = 4,4,1.0,Numere reale,Mulțimi numerice,Mulțimi numerice,1 - bază,pretestare,2015.0,"a = √2, b = √8. produsul ab = ...",ab = √2 × √8 = √16 = 4,4,33,10,22,1,2,5,0,0,0,1,0,0,"a = √2, b = √8. produsul ab = ..."
Sesiunea de bază - 2015,1.0,"a=√5, b=√20. Produsul ab = ...",ab = √5 × √20 = √100 = 10,10,1.0,Numere reale,Mulțimi numerice,Mulțimi numerice,1 - bază,sesiune_baza,2015.0,"a=√5, b=√20. produsul ab = ...",ab = √5 × √20 = √100 = 10,10,30,6,25,2,3,5,0,0,0,1,0,0,"a=√5, b=√20. produsul ab = ..."
Exersare Test 1 - 2014,1.0,"a = -2(-4+3) = 2, b = (5/6):(1/3) = 5/2. Produsul a·b = ...",a·b = 2 × 5/2 = 5,5,1.0,Numere reale,Mulțimi numerice,Mulțimi numerice,1 - bază,exersare,2014.0,"a = -2(-4+3) = 2, b = (5/6):(1/3) = 5/2. produsul a·b = ...",a·b = 2 × 5/2 = 5,5,59,14,17,1,10,17,0,0,0,0,0,0,"a = -2(-4+3) = 2, b = (5/6):(1/3) = 5/2. produsul a·b = ..."
Exersare Test 2 - 2014,1.0,(2/3)(√7-2)(√7+2) = ...,(2/3)(√7-2)(√7+2) = (2/3)(7-4) = (2/3)×3 = 2,2,1.0,Numere reale,Mulțimi numerice,Mulțimi numerice,1 - bază,exersare,2014.0,(2/3)(√7-2)(√7+2) = ...,(2/3)(√7-2)(√7+2) = (2/3)(7-4) = (2/3)×3 = 2,2,23,3,44,1,6,12,0,0,0,1,0,0,(2/3)(√7-2)(√7+2) = ...
Sesiunea de bază - 2013,1.0,"Ordonați crescător √35, 6, 2√8.","√35 ≈ 5.92, 6 = 6, 2√8 ≈ 5.66. Ordine: 2√8 < √35 < 6",2√8 < √35 < 6,1.0,Numere reale,Mulțimi numerice,Mulțimi numerice,1 - bază,sesiune_baza,2013.0,"ordonati crescator √35, 6, 2√8.","√35 ≈ 5.92, 6 = 6, 2√8 ≈ 5.66. ordine: 2√8 < √35 < 6",2√8 < √35 < 6,31,5,52,13,5,2,0,0,0,1,0,0,"ordonati crescator √35, 6, 2√8."
Exersare Test 1 - 2020,5.0,Arătați că (√5−1)(√5+1) + (√3−1)² + 2√3 este număr natural.,(√5-1)(√5+1) = 4; (√3-1)² = 4 - 2√3; Total = 4 + 4 - 2√3 + 2√3 = 8,8,2.0,Numere reale - Radicali,Radicali,Mulțimi numerice,2 - mediu,exersare,2020.0,aratati ca (√5-1)(√5+1) + (√3-1)² + 2√3 este numar natural.,(√5-1)(√5+1) = 4; (√3-1)² = 4 - 2√3; total = 4 + 4 - 2√3 + 2√3 = 8,8,59,10,66,1,8,13,0,0,0,1,0,0,aratati ca (√5-1)(√5+1) + (√3-1)² + 2√3 este numar natural.
Exersare Test 2 - 2020,5.0,Calculați √2·(√8 − √18) + 5⁰.,"√8 = 2√2, √18 = 3√2. √2·(2√2 - 3√2) = √2·(-√2) = -2. 5⁰ = 1. Total: -2 + 1 = -1",-1,2.0,Numere reale - Radicali,Radicali,Mulțimi numerice,2 - mediu,exersare,2020.0,calculati √2·(√8 - √18) + 5⁰.,"√8 = 2√2, √18 = 3√2. √2·(2√2 - 3√2) = √2·(-√2) = -2. 5⁰ = 1. total: -2 + 1 = -1",-1,29,6,79,2,5,6,0,0,0,1,0,0,calculati √2·(√8 - √18) + 5⁰.
Pretestare Aprilie - 2019,5.0,Evaluați √(2²·3³·6) / √(2³·3²).,√(2²·3³·6) = √(4·27·6) = √648 = √(324·2) = 18√2. √(2³·3²) = √(8·9) = √72 = 6√2. Rezultat = 18√2 / 6√2 = 3,3,2.0,Numere reale - Radicali,Radicali,Mulțimi numerice,2 - mediu,pretestare,2019.0,evaluati √(2²·3³·6) / √(2³·3²).,√(2²·3³·6) = √(4·27·6) = √648 = √(324·2) = 18√2. √(2³·3²) = √(8·9) = √72 = 6√2. rezultat = 18√2 / 6√2 = 3,3,31,4,105,1,5,7,0,0,0,1,0,0,evaluati √(2²·3³·6) / √(2³·3²).
Sesiunea de bază - 2019,5.0,Calculați (√2−1)(√2+1) − (√3−1)² − 2√3.,(√2-1)(√2+1) = 1. (√3-1)² = 4-2√3. 1 - (4-2√3) - 2√3 = 1 - 4 + 2√3 - 2√3 = -3,-3,2.0,Numere reale - Radicali,Radicali,Mulțimi numerice,2 - mediu,sesiune_baza,2019.0,calculati (√2-1)(√2+1) - (√3-1)² - 2√3.,(√2-1)(√2+1) = 1. (√3-1)² = 4-2√3. 1 - (4-2√3) - 2√3 = 1 - 4 + 2√3 - 2√3 = -3,-3,39,6,77,2,8,11,0,0,0,1,0,0,calculati (√2-1)(√2+1) - (√3-1)² - 2√3.
Exersare Test 1 - 2018,5.0,Calculați √3/√2 + (3√6)/2 − √24.,√3/√2 = √6/2. √24 = 2√6. Total = √6/2 + 3√6/2 - 2√6 = 2√6 - 2√6 = 0,0,2.0,Numere reale - Radicali,Radicali,Mulțimi numerice,2 - mediu,exersare,2018.0,calculati √3/√2 + (3√6)/2 - √24.,√3/√2 = √6/2. √24 = 2√6. total = √6/2 + 3√6/2 - 2√6 = 2√6 - 2√6 = 0,0,32,6,67,1,7,9,0,0,0,1,0,0,calculati √3/√2 + (3√6)/2 - √24.
Pretestare - 2018,5.0,Calculați (9^(1/3))^(−3) − (√18/√2).,9^(1/3) = ∛9. (∛9)^(-3) = 1/9. √18/√2 = √9 = 3. Total = 1/9 - 3 = -26/9,-26/9,2.0,Numere reale - Radicali,Radicali,Mulțimi numerice,2 - mediu,pretestare,2018.0,calculati (9^(1/3))^(-3) - (√18/√2).,9^(1/3) = ∛9. (∛9)^(-3) = 1/9. √18/√2 = √9 = 3. total = 1/9 - 3 = -26/9,-26/9,36,4,71,5,7,14,0,0,0,1,0,0,calculati (9^(1/3))^(-3) - (√18/√2).
Sesiunea de bază - 2018,5.0,Calculați √75 − √12 − 9/√3.,"√75 = 5√3, √12 = 2√3, 9/√3 = 3√3. Total = 5√3 - 2√3 - 3√3 = 0",0,2.0,Numere reale - Radicali,Radicali,Mulțimi numerice,2 - mediu,sesiune_baza,2018.0,calculati √75 - √12 - 9/√3.,"√75 = 5√3, √12 = 2√3, 9/√3 = 3√3. total = 5√3 - 2√3 - 3√3 = 0",0,27,6,61,1,6,4,0,0,0,1,0,0,calculati √75 - √12 - 9/√3.
Exersare Test 2 - 2017,5.0,Arătați că √(3−2√2) − 7/(1−2√2) este număr natural.,√(3-2√2)=√((√2-1)²)=√2-1. 7/(1-2√2)=7(1+2√2)/((1)²-(2√2)²)=7(1+2√2)/(1-8)=-(1+2√2). Total: (√2-1)+(1+2√2)=3√2. Dacă expresia e √(3-2√2)-7/(1-2√2): (√2-1)+(1+2√2)=3√2.,3√2 (verificați semnul din enunțul original),2.0,Numere reale - Radicali,Radicali,Mulțimi numerice,2 - mediu,exersare,2017.0,aratati ca √(3-2√2) - 7/(1-2√2) este numar natural.,√(3-2√2)=√((√2-1)²)=√2-1. 7/(1-2√2)=7(1+2√2)/((1)²-(2√2)²)=7(1+2√2)/(1-8)=-(1+2√2). total: (√2-1)+(1+2√2)=3√2. daca expresia e √(3-2√2)-7/(1-2√2): (√2-1)+(1+2√2)=3√2.,3√2 (verificati semnul din enuntul original),51,8,166,44,7,8,0,0,0,1,0,0,aratati ca √(3-2√2) - 7/(1-2√2) este numar natural.
Pretestare - 2017,5.0,Arătați că 6 - √8 - (√50 - 4)/√2 este număr natural.,"√8 = 2√2, √50 = 5√2. (5√2-4)/√2 = 5 - 4/√2 = 5 - 2√2. Total = 6 - 2√2 - 5 + 2√2 = 1",1,2.0,Numere reale - Radicali,Radicali,Mulțimi numerice,2 - mediu,pretestare,2017.0,aratati ca 6 - √8 - (√50 - 4)/√2 este numar natural.,"√8 = 2√2, √50 = 5√2. (5√2-4)/√2 = 5 - 4/√2 = 5 - 2√2. total = 6 - 2√2 - 5 + 2√2 = 1",1,52,12,83,1,6,9,0,0,0,1,0,0,aratati ca 6 - √8 - (√50 - 4)/√2 este numar natural.
Exersare Test 1 - 2016,5.0,Evaluați √5/(2−√5)+2/(2+√5).,√5/(2-√5) = √5(2+√5)/((2-√5)(2+√5)) = √5(2+√5)/(4-5) = -√5(2+√5) = -2√5-5. 2/(2+√5) = 2(2-√5)/(4-5) = -2(2-√5) = -4+2√5. Total = -2√5-5-4+2√5 = -9,-9,2.0,Numere reale - Radicali,Radicali,Mulțimi numerice,2 - mediu,exersare,2016.0,evaluati √5/(2-√5)+2/(2+√5).,√5/(2-√5) = √5(2+√5)/((2-√5)(2+√5)) = √5(2+√5)/(4-5) = -√5(2+√5) = -2√5-5. 2/(2+√5) = 2(2-√5)/(4-5) = -2(2-√5) = -4+2√5. total = -2√5-5-4+2√5 = -9,-9,28,2,146,2,6,11,0,0,0,1,0,0,evaluati √5/(2-√5)+2/(2+√5).
Pretestare - 2016,5.0,Calculați (√7−3)² + √7 + 4.,(√7-3)² = 7 - 6√7 + 9 = 16 - 6√7. Total = 16 - 6√7 + √7 + 4 = 20 - 5√7,20 - 5√7,2.0,Numere reale - Radicali,Radicali,Mulțimi numerice,2 - mediu,pretestare,2016.0,calculati (√7-3)² + √7 + 4.,(√7-3)² = 7 - 6√7 + 9 = 16 - 6√7. total = 16 - 6√7 + √7 + 4 = 20 - 5√7,20 - 5√7,27,6,70,8,4,6,0,0,0,1,0,0,calculati (√7-3)² + √7 + 4.
Sesiunea de bază - 2016,5.0,Calculați (√7−3)² + √7 + 4.,(√7-3)² = 7 - 6√7 + 9 = 16 - 6√7. Total = 16 - 6√7 + √7 + 4 = 20 - 5√7,20 - 5√7,2.0,Numere reale - Radicali,Radicali,Mulțimi numerice,2 - mediu,sesiune_baza,2016.0,calculati (√7-3)² + √7 + 4.,(√7-3)² = 7 - 6√7 + 9 = 16 - 6√7. total = 16 - 6√7 + √7 + 4 = 20 - 5√7,20 - 5√7,27,6,70,8,4,6,0,0,0,1,0,0,calculati (√7-3)² + √7 + 4.
Exersare Test 2 - 2015,5.0,Calculați (3/(3−√2))−(√2/(3+√2)).,3/(3-√2) = 3(3+√2)/7 = (9+3√2)/7. √2/(3+√2) = √2(3-√2)/7 = (3√2-2)/7. Total = (9+3√2-3√2+2)/7 = 11/7,11/7,2.0,Numere reale - Radicali,Radicali,Mulțimi numerice,2 - mediu,exersare,2015.0,calculati (3/(3-√2))-(√2/(3+√2)).,3/(3-√2) = 3(3+√2)/7 = (9+3√2)/7. √2/(3+√2) = √2(3-√2)/7 = (3√2-2)/7. total = (9+3√2-3√2+2)/7 = 11/7,11/7,33,2,100,4,6,14,0,0,0,1,0,0,calculati (3/(3-√2))-(√2/(3+√2)).
Pretestare - 2015,5.0,Calculați (√2−1)² + √8.,(√2-1)² = 2 - 2√2 + 1 = 3 - 2√2. √8 = 2√2. Total = 3 - 2√2 + 2√2 = 3,3,2.0,Numere reale - Radicali,Radicali,Mulțimi numerice,2 - mediu,pretestare,2015.0,calculati (√2-1)² + √8.,(√2-1)² = 2 - 2√2 + 1 = 3 - 2√2. √8 = 2√2. total = 3 - 2√2 + 2√2 = 3,3,23,4,68,1,3,5,0,0,0,1,0,0,calculati (√2-1)² + √8.
Sesiunea de bază - 2015,5.0,Calculați ((√2−1)/√2 + (√2+1)/2) × 2/(2+√2).,(√2-1)/√2=1-√2/2. (√2+1)/2=√2/2+1/2. Suma: 3/2. 2/(2+√2)=2(2-√2)/2=2-√2. Rezultat: (3/2)(2-√2)=3-3√2/2.,3-3√2/2,2.0,Numere reale - Radicali,Radicali,Mulțimi numerice,2 - mediu,sesiune_baza,2015.0,calculati ((√2-1)/√2 + (√2+1)/2) × 2/(2+√2).,(√2-1)/√2=1-√2/2. (√2+1)/2=√2/2+1/2. suma: 3/2. 2/(2+√2)=2(2-√2)/2=2-√2. rezultat: (3/2)(2-√2)=3-3√2/2.,3-3√2/2,44,6,103,7,9,18,0,0,0,1,0,0,calculati ((√2-1)/√2 + (√2+1)/2) × 2/(2+√2).
Exersare Test 1 - 2014,5.0,Arătați că (3-√7)/(3+√7)+(3+√7)/(3-√7) este număr natural.,(3-√7)/(3+√7) = (3-√7)²/2 = (16-6√7)/2 = 8-3√7. (3+√7)/(3-√7) = (3+√7)²/2 = (16+6√7)/2 = 8+3√7. Total = 16,16,2.0,Numere reale - Radicali,Radicali,Mulțimi numerice,2 - mediu,exersare,2014.0,aratati ca (3-√7)/(3+√7)+(3+√7)/(3-√7) este numar natural.,(3-√7)/(3+√7) = (3-√7)²/2 = (16-6√7)/2 = 8-3√7. (3+√7)/(3-√7) = (3+√7)²/2 = (16+6√7)/2 = 8+3√7. total = 16,16,58,6,106,2,8,19,0,0,0,1,0,0,aratati ca (3-√7)/(3+√7)+(3+√7)/(3-√7) este numar natural.
Pretestare - 2014,5.0,Calculați (√2−1)(√2+1)−(1/2)^(-2)+∛(-27).,Aplicăm formula (a-b)(a+b) = a²-b²: (√2-1)(√2+1) = (√2)² - 1² = 2 - 1 = 1. Calculăm (1/2)^(-2) = 2² = 4. Calculăm ∛(-27) = -3. Total = 1 - 4 + (-3) = 1 - 4 - 3 = -6,-6,2.0,Numere reale - Radicali,Radicali,Mulțimi numerice,2 - mediu,pretestare,2014.0,calculati (√2-1)(√2+1)-(1/2)^(-2)+∛(-27).,aplicam formula (a-b)(a+b) = a²-b²: (√2-1)(√2+1) = (√2)² - 1² = 2 - 1 = 1. calculam (1/2)^(-2) = 2² = 4. calculam ∛(-27) = -3. total = 1 - 4 + (-3) = 1 - 4 - 3 = -6,-6,41,2,164,2,9,18,0,0,0,1,0,0,calculati (√2-1)(√2+1)-(1/2)^(-2)+∛(-27).
Exersare Test 2 - 2022,1.0,"Fie a = 1/2 - 1/3 și b = (-6)^2. Completati casetele: a = ?, b = ?, a·b = ?",Se calculeaza: a = 1/2 - 1/3 = 3/6 - 2/6 = 1/6; b = (-6)^2= 36; a·b =6,a = 1/6; b = 36; a·b =6,1.0,"Numere reale, Operatii",Mulțimi numerice,Mulțimi numerice,1 - bază,exersare,2022.0,"fie a = 1/2 - 1/3 si b = (-6)^2. completati casetele: a = ?, b = ?, a·b = ?",se calculeaza: a = 1/2 - 1/3 = 3/6 - 2/6 = 1/6; b = (-6)^2= 36; a·b =6,a = 1/6; b = 36; a·b =6,75,21,70,23,6,12,0,0,0,0,0,0,"fie a = 1/2 - 1/3 si b = (-6)^2. completati casetele: a = ?, b = ?, a·b = ?"
Exersare Test 2 - 2023,1.0,"Fie a = 0,25·(8/3) si b = 1 - 7. Completati casetele: a = ?, b = ?, b/a=?","a = 0,25·(8/3) = (1/4)·(8/3) = 8/12 = 2/3; b = 1 - 7=-6; b/a=-6/(2/3)=-9",a = 2/3; b = -6; b/a= -9,1.0,"Numere reale, Operatii",Mulțimi numerice,Mulțimi numerice,1 - bază,exersare,2023.0,"fie a = 0,25·(8/3) si b = 1 - 7. completati casetele: a = ?, b = ?, b/a=?","a = 0,25·(8/3) = (1/4)·(8/3) = 8/12 = 2/3; b = 1 - 7=-6; b/a=-6/(2/3)=-9",a = 2/3; b = -6; b/a= -9,73,19,72,24,7,10,0,0,0,0,0,0,"fie a = 0,25·(8/3) si b = 1 - 7. completati casetele: a = ?, b = ?, b/a=?"
Exersare Test 2 - 2024,1.0,"Fie a = 0,5 : 1/4 si b = -11 + 5. Completati casetele: a =?, b =?, b/a=?",a = 1/2 : 1/4= 1/2 × 4 = 2; b = 5 - 11 =-6; b/a = -6/2=-3,a = 2; b = -6; b/a = -3,3.0,"Numere reale, Operații",Mulțimi numerice,Mulțimi numerice,3 - consolidare,exersare,2024.0,"fie a = 0,5 : 1/4 si b = -11 + 5. completati casetele: a =?, b =?, b/a=?",a = 1/2 : 1/4= 1/2 × 4 = 2; b = 5 - 11 =-6; b/a = -6/2=-3,a = 2; b = -6; b/a = -3,72,19,57,23,7,9,0,0,0,0,0,0,"fie a = 0,5 : 1/4 si b = -11 + 5. completati casetele: a =?, b =?, b/a=?"
Exersare Test 1 - 2023,1.0,"Fie a = -21 + 13 si b = (-1/2)^3. Completati casetele cu numere reale, astfel incat propozitia obtinuta sa fie adevarata: a = ?, b = ?, a·b = ?",Se calculeaza a=-8; b=((-1)^3)/(2^3)=-1/8; a·b=(-8)·(-1/8)=1,-8; -1/8; 1,1.0,Operatii cu numere reale,Mulțimi numerice,Mulțimi numerice,1 - bază,exersare,2023.0,"fie a = -21 + 13 si b = (-1/2)^3. completati casetele cu numere reale, astfel incat propozitia obtinuta sa fie adevarata: a = ?, b = ?, a·b = ?",se calculeaza a=-8; b=((-1)^3)/(2^3)=-1/8; a·b=(-8)·(-1/8)=1,-8; -1/8; 1,143,31,60,11,7,12,0,0,0,0,0,0,"fie a = -21 + 13 si b = (-1/2)^3. completati casetele cu numere reale, astfel incat propozitia obtinuta sa fie adevarata: a = ?, b = ?, a·b = ?"
Exersare Test 1 - 2024,1.0,"Fie a = 17 - 26 si b = (-1/3)^2. Completati casetele cu numere reale, care reprezinta valorile expresiilor: a = ?, b = ?, a·b = ?",a=-9; b=(-1)^2/3(^2)=1/9; a*b=-1,-9; 1/9; -1,1.0,Operatii cu numere reale,Mulțimi numerice,Mulțimi numerice,1 - bază,exersare,2024.0,"fie a = 17 - 26 si b = (-1/3)^2. completati casetele cu numere reale, care reprezinta valorile expresiilor: a = ?, b = ?, a·b = ?",a=-9; b=(-1)^2/3(^2)=1/9; a*b=-1,-9; 1/9; -1,129,28,32,11,7,11,0,0,0,0,0,0,"fie a = 17 - 26 si b = (-1/3)^2. completati casetele cu numere reale, care reprezinta valorile expresiilor: a = ?, b = ?, a·b = ?"
Exersare Test 1 - 2023,2.0,Fie un paralelogram. Unul dintre unghiuri este egal cu (3x+20)° iar celalat unghi este egal cu x°. Determina valoarea lui x,"Se stie ca unghiurile alaturate (consecutive) sunt suplimentare, adica suma lor este 180°. Se calculeaza ecuatia x+3x+20=180 => 4x=160 => x=40°",40°,1.0,Paralelogram,Geometrie - Paralelograme,Geometrie,1 - bază,exersare,2023.0,fie un paralelogram. unul dintre unghiuri este egal cu (3x+20)° iar celalat unghi este egal cu x°. determina valoarea lui x,"se stie ca unghiurile alaturate (consecutive) sunt suplimentare, adica suma lor este 180°. se calculeaza ecuatia x+3x+20=180 => 4x=160 => x=40°",40°,123,21,143,3,3,3,0,1,0,0,0,0,fie un paralelogram. unul dintre unghiuri este egal cu (3x+20)° iar celalat unghi este egal cu x°. determina valoarea lui x
Exersare Test 1 - 2020,11.0,Găsiți rădăcinile lui P(x) = (x²−1)(x²−4) − 3x² − 3.,P(x) = x⁴ - 8x² + 1. y = x²: y = 4 ± √15,"x = ±√(4+√15), ±√(4-√15)",3.0,Polinoame,Calcul algebric,Calcul algebric,3 - consolidare,exersare,2020.0,gasiti radacinile lui p(x) = (x²-1)(x²-4) - 3x² - 3.,p(x) = x⁴ - 8x² + 1. y = x²: y = 4 ± √15,"x = ±√(4+√15), ±√(4-√15)",52,10,40,24,4,7,0,0,0,0,0,0,gasiti radacinile lui p(x) = (x²-1)(x²-4) - 3x² - 3.
Exersare Test 1 - 2014,11.0,"P(X)=2X²−3X+a, divizibil cu X+1. Restul împărțirii P(X):(X−1).",P(-1) = 0: 2+3+a = 0 → a = -5. P(1) = 2-3-5 = -6,-6,2.0,Polinoame,Calcul algebric,Calcul algebric,2 - mediu,exersare,2014.0,"p(x)=2x²-3x+a, divizibil cu x+1. restul impartirii p(x):(x-1).",p(-1) = 0: 2+3+a = 0 → a = -5. p(1) = 2-3-5 = -6,-6,62,7,48,2,4,9,0,0,0,0,0,0,"p(x)=2x²-3x+a, divizibil cu x+1. restul impartirii p(x):(x-1)."
Sesiunea de bază - 2014,7.0,"P(x)=(x-3)²-1, Q(x)=x²-4. a) P în formă canonică. b) Rezolvați P/Q=0.",P(x)=(x-3)²-1=x²-6x+8=(x-2)(x-4). P/Q=0: P=0 și Q≠0. x=2→Q(2)=0(nu convine). x=4→Q(4)=12≠0(convine).,a) P(x)=x²-6x+8; b) x=4,2.0,Polinoame,Calcul algebric,Calcul algebric,2 - mediu,sesiune_baza,2014.0,"p(x)=(x-3)²-1, q(x)=x²-4. a) p in forma canonica. b) rezolvati p/q=0.",p(x)=(x-3)²-1=x²-6x+8=(x-2)(x-4). p/q=0: p=0 si q=0. x=2→q(2)=0(nu convine). x=4→q(4)=12=0(convine).,a) p(x)=x²-6x+8; b) x=4,69,10,100,23,4,15,0,0,0,0,0,0,"p(x)=(x-3)²-1, q(x)=x²-4. a) p in forma canonica. b) rezolvati p/q=0."
Sesiunea de bază - 2013,7.0,a) Restul P(X)=3X²-2X-5 : Q(X)=X²+2. b) Rezolvați P(x)/(Q(x)-1) ≤ 0.,"a) 3X²-2X-5=(X²+2)·3+(-2X-11). R=-2X-11. b) Q-1=X²+1>0. P/(X²+1)≤0→3X²-2X-5≤0. X₁=-1, X₂=5/3. Soluție: [-1,5/3].","a) R=-2X-11; b) X∈[-1,5/3]",3.0,Polinoame,Calcul algebric,Calcul algebric,3 - consolidare,sesiune_baza,2013.0,a) restul p(x)=3x²-2x-5 : q(x)=x²+2. b) rezolvati p(x)/(q(x)-1) ≤ 0.,"a) 3x²-2x-5=(x²+2)·3+(-2x-11). r=-2x-11. b) q-1=x²+1>0. p/(x²+1)≤0→3x²-2x-5≤0. x₁=-1, x₂=5/3. solutie: [-1,5/3].","a) r=-2x-11; b) x∈[-1,5/3]",68,10,112,26,6,20,0,0,0,0,0,0,a) restul p(x)=3x²-2x-5 : q(x)=x²+2. b) rezolvati p(x)/(q(x)-1) ≤ 0.
Sesiunea de bază - 2013,4.0,"Tren pleacă 16:45, ajunge 06:30 ziua următoare. Durata.",De la 16:45 la 06:30 = 7h15min + 6h30min = 13h45min,13h 45min,2.0,Probleme aplicate,Probleme aplicate,Altele,2 - mediu,sesiune_baza,2013.0,"tren pleaca 16:45, ajunge 06:30 ziua urmatoare. durata.",de la 16:45 la 06:30 = 7h15min + 6h30min = 13h45min,13h 45min,55,8,51,9,8,0,0,0,0,0,0,0,"tren pleaca 16:45, ajunge 06:30 ziua urmatoare. durata."
Exersare Test 2 - 2020,8.0,Maria citește 341 pagini în 5 zile lucrătoare și 2 de odihnă; în zilele de odihnă citește de 3 ori mai mult. Determinați paginile pe zi.,"Fie x = pagini/zi lucrătoare. 5x + 2(3x) = 341 → 11x = 341 → x = 31. Zile lucrătoare: 31 pag, zile odihnă: 93 pag","31 pag/zi lucrătoare, 93 pag/zi odihnă",2.0,Probleme cu ecuații,Ecuații,"Ecuații, inecuații și sisteme",2 - mediu,exersare,2020.0,maria citeste 341 pagini in 5 zile lucratoare si 2 de odihna; in zilele de odihna citeste de 3 ori mai mult. determinati paginile pe zi.,"fie x = pagini/zi lucratoare. 5x + 2(3x) = 341 → 11x = 341 → x = 31. zile lucratoare: 31 pag, zile odihna: 93 pag","31 pag/zi lucratoare, 93 pag/zi odihna",136,26,113,38,6,0,0,0,0,0,0,0,maria citeste 341 pagini in 5 zile lucratoare si 2 de odihna; in zilele de odihna citeste de 3 ori mai mult. determinati paginile pe zi.
Sesiunea de bază - 2018,8.0,Suma a două numere = de 3 ori cel mic; diferența = 11. Găsiți numerele.,x + y = 3y → x = 2y. x - y = 11 → y = 11. x = 22,22 și 11,2.0,Probleme cu ecuații,Ecuații,"Ecuații, inecuații și sisteme",2 - mediu,sesiune_baza,2018.0,suma a doua numere = de 3 ori cel mic; diferenta = 11. gasiti numerele.,x + y = 3y → x = 2y. x - y = 11 → y = 11. x = 22,22 si 11,71,15,48,8,3,2,0,0,0,0,0,0,suma a doua numere = de 3 ori cel mic; diferenta = 11. gasiti numerele.
Exersare Test 1 - 2017,8.0,"Dreptunghi: lungimea = 3×lățimea, diferența = 36 cm. Dimensiunile.","L = 3l. L - l = 36 → 2l = 36 → l = 18, L = 54 cm",18 cm și 54 cm,2.0,Probleme cu ecuații,Ecuații,"Ecuații, inecuații și sisteme",2 - mediu,exersare,2017.0,"dreptunghi: lungimea = 3×latimea, diferenta = 36 cm. dimensiunile.","l = 3l. l - l = 36 → 2l = 36 → l = 18, l = 54 cm",18 cm si 54 cm,66,9,48,14,3,2,0,1,0,0,0,0,"dreptunghi: lungimea = 3×latimea, diferenta = 36 cm. dimensiunile."
Exersare Test 2 - 2016,8.0,Doi cicliști pornesc din puncte la 20 km distanță. La întâlnire: 2×d₁ = 3×d₂. Găsiți distanțele.,"d₁ + d₂ = 20. 2d₁ = 3d₂. d₁ = 12, d₂ = 8 km",12 km și 8 km,2.0,Probleme cu ecuații,Ecuații,"Ecuații, inecuații și sisteme",2 - mediu,exersare,2016.0,doi ciclisti pornesc din puncte la 20 km distanta. la intalnire: 2×d₁ = 3×d₂. gasiti distantele.,"d₁ + d₂ = 20. 2d₁ = 3d₂. d₁ = 12, d₂ = 8 km",12 km si 8 km,96,16,43,13,4,1,0,0,0,0,0,0,doi ciclisti pornesc din puncte la 20 km distanta. la intalnire: 2×d₁ = 3×d₂. gasiti distantele.
Pretestare - 2016,8.0,"Vază cu 21 trandafiri, roșii = 2×albi + 3. Câți de fiecare culoare?","r + a = 21. r = 2a + 3. 2a + 3 + a = 21 → 3a = 18 → a = 6, r = 15","15 roșii, 6 albi",2.0,Probleme cu ecuații,Ecuații,"Ecuații, inecuații și sisteme",2 - mediu,pretestare,2016.0,"vaza cu 21 trandafiri, rosii = 2×albi + 3. cati de fiecare culoare?","r + a = 21. r = 2a + 3. 2a + 3 + a = 21 → 3a = 18 → a = 6, r = 15","15 rosii, 6 albi",67,13,65,16,4,2,0,0,0,0,0,0,"vaza cu 21 trandafiri, rosii = 2×albi + 3. cati de fiecare culoare?"
Sesiunea de bază - 2016,8.0,"21 trandafiri, roșii = 2×albi + 3. Câți de fiecare?",Fie a = nr. albi. r + a = 21 și r = 2a + 3. Înlocuind: 2a + 3 + a = 21 → 3a = 18 → a = 6. r = 2×6 + 3 = 15,"15 roșii, 6 albi",2.0,Probleme cu ecuații,Ecuații,"Ecuații, inecuații și sisteme",2 - mediu,sesiune_baza,2016.0,"21 trandafiri, rosii = 2×albi + 3. cati de fiecare?",fie a = nr. albi. r + a = 21 si r = 2a + 3. inlocuind: 2a + 3 + a = 21 → 3a = 18 → a = 6. r = 2×6 + 3 = 15,"15 rosii, 6 albi",51,10,106,16,4,2,0,0,0,0,0,0,"21 trandafiri, rosii = 2×albi + 3. cati de fiecare?"
Exersare Test 2 - 2015,8.0,"2 kg pere costă cât 3 kg mere. Maria cumpără 1 kg fiecare, plătește 10 lei. Prețul perelor.",2p = 3m. p + m = 10. p = 6 lei,6 lei,2.0,Probleme cu ecuații,Ecuații,"Ecuații, inecuații și sisteme",2 - mediu,exersare,2015.0,"2 kg pere costa cat 3 kg mere. maria cumpara 1 kg fiecare, plateste 10 lei. pretul perelor.",2p = 3m. p + m = 10. p = 6 lei,6 lei,91,18,30,5,5,0,0,0,0,0,0,1,"2 kg pere costa cat 3 kg mere. maria cumpara 1 kg fiecare, plateste 10 lei. pretul perelor."
Sesiunea de bază - 2015,8.0,"Două numere: suma 55, raportul 2/3. Găsiți numerele.","x + y = 55. x/y = 2/3 → x = 2y/3. 2y/3 + y = 55 → y = 33, x = 22",22 și 33,2.0,Probleme cu ecuații,Ecuații,"Ecuații, inecuații și sisteme",2 - mediu,sesiune_baza,2015.0,"doua numere: suma 55, raportul 2/3. gasiti numerele.","x + y = 55. x/y = 2/3 → x = 2y/3. 2y/3 + y = 55 → y = 33, x = 22",22 si 33,52,8,64,8,4,1,0,0,0,0,0,0,"doua numere: suma 55, raportul 2/3. gasiti numerele."
Exersare Test 2 - 2014,9.0,"Mașină: A→B în 7h, prima jumătate la 70 km/h, a doua la 80 km/h. Distanța totală.",t₁ + t₂ = 7. d/(2×70) + d/(2×80) = 7. d = 7×1120/15 ≈ 522.67 km,≈523 km,2.0,Probleme cu mișcare,Probleme aplicate,Altele,2 - mediu,exersare,2014.0,"masina: a→b in 7h, prima jumatate la 70 km/h, a doua la 80 km/h. distanta totala.",t₁ + t₂ = 7. d/(2×70) + d/(2×80) = 7. d = 7×1120/15 ≈ 522.67 km,≈523 km,81,16,63,7,5,2,0,0,0,0,0,0,"masina: a→b in 7h, prima jumatate la 70 km/h, a doua la 80 km/h. distanta totala."
Pretestare Februarie - 2019,8.0,"O mașină a parcurs 455 km în 7 h, cu 45 km/h în oraș și 80 km/h pe autostradă. Găsiți timpul în oraș și pe autostradă.","Fie t₁ = timp oraș, t₂ = timp autostradă. t₁ + t₂ = 7. 45t₁ + 80t₂ = 455. t₁ = 3h, t₂ = 4h","3h în oraș, 4h pe autostradă",2.0,Probleme cu sisteme,Sisteme de ecuații,"Ecuații, inecuații și sisteme",2 - mediu,pretestare,2019.0,"o masina a parcurs 455 km in 7 h, cu 45 km/h in oras si 80 km/h pe autostrada. gasiti timpul in oras si pe autostrada.","fie t₁ = timp oras, t₂ = timp autostrada. t₁ + t₂ = 7. 45t₁ + 80t₂ = 455. t₁ = 3h, t₂ = 4h","3h in oras, 4h pe autostrada",118,26,90,28,8,2,0,0,0,0,0,0,"o masina a parcurs 455 km in 7 h, cu 45 km/h in oras si 80 km/h pe autostrada. gasiti timpul in oras si pe autostrada."
Pretestare Aprilie - 2019,8.0,"Două penare au 24 creioane. După mutarea a 2 creioane, primul are de 3 ori mai mult decât al doilea. Găsiți numărul inițial.","x + y = 24. (x-2) = 3(y+2). x-2 = 3y+6 → x = 3y+8. 3y+8+y = 24 → y = 4, x = 20",20 și 4 creioane,2.0,Probleme cu sisteme,Sisteme de ecuații,"Ecuații, inecuații și sisteme",2 - mediu,pretestare,2019.0,"doua penare au 24 creioane. dupa mutarea a 2 creioane, primul are de 3 ori mai mult decat al doilea. gasiti numarul initial.","x + y = 24. (x-2) = 3(y+2). x-2 = 3y+6 → x = 3y+8. 3y+8+y = 24 → y = 4, x = 20",20 si 4 creioane,124,23,78,16,4,0,0,0,0,0,0,0,"doua penare au 24 creioane. dupa mutarea a 2 creioane, primul are de 3 ori mai mult decat al doilea. gasiti numarul initial."
Sesiunea de bază - 2019,8.0,"Test cu itemi de 4 și 5 puncte. 12 itemi rezolvați, 53 puncte. Câți de fiecare tip?",x + y = 12. 4x + 5y = 53. y = 53 - 4×12 + 4y - 4y = 5. x = 7,"7 itemi de 4p, 5 itemi de 5p",2.0,Probleme cu sisteme,Sisteme de ecuații,"Ecuații, inecuații și sisteme",2 - mediu,sesiune_baza,2019.0,"test cu itemi de 4 si 5 puncte. 12 itemi rezolvati, 53 puncte. cati de fiecare tip?",x + y = 12. 4x + 5y = 53. y = 53 - 4×12 + 4y - 4y = 5. x = 7,"7 itemi de 4p, 5 itemi de 5p",83,17,60,28,6,0,0,0,0,0,0,0,"test cu itemi de 4 si 5 puncte. 12 itemi rezolvati, 53 puncte. cati de fiecare tip?"
Exersare Test 1 - 2018,8.0,Flash 16 GB: 3 filme + 4 jocuri SAU 2 filme + 8 jocuri. Dimensiunea unui film și joc.,"3f + 4j = 16, 2f + 8j = 16. f = 4 GB, j = 1 GB","Film: 4 GB, Joc: 1 GB",2.0,Probleme cu sisteme,Sisteme de ecuații,"Ecuații, inecuații și sisteme",2 - mediu,exersare,2018.0,flash 16 gb: 3 filme + 4 jocuri sau 2 filme + 8 jocuri. dimensiunea unui film si joc.,"3f + 4j = 16, 2f + 8j = 16. f = 4 gb, j = 1 gb","film: 4 gb, joc: 1 gb",85,19,46,21,6,2,0,0,0,0,0,1,flash 16 gb: 3 filme + 4 jocuri sau 2 filme + 8 jocuri. dimensiunea unui film si joc.
Pretestare - 2018,8.0,"Monitor și imprimantă: 4200 lei. După reduceri (200 lei monitor, 50% imprimantă): 2750 lei. Prețurile inițiale.","m + i = 4200. (m-200) + i/2 = 2750. m = 2900, i = 1300 lei","Monitor: 2900 lei, Imprimantă: 1300 lei",2.0,Probleme cu sisteme,Sisteme de ecuații,"Ecuații, inecuații și sisteme",2 - mediu,pretestare,2018.0,"monitor si imprimanta: 4200 lei. dupa reduceri (200 lei monitor, 50% imprimanta): 2750 lei. preturile initiale.","m + i = 4200. (m-200) + i/2 = 2750. m = 2900, i = 1300 lei","monitor: 2900 lei, imprimanta: 1300 lei",111,16,58,39,13,2,1,0,0,0,0,1,"monitor si imprimanta: 4200 lei. dupa reduceri (200 lei monitor, 50% imprimanta): 2750 lei. preturile initiale."
Exersare Test 2 - 2017,8.0,"Bilete: 50 lei și 65 lei, 120 bilete, încasări 6600 lei. Câte de fiecare?","x + y = 120. 50x + 65y = 6600. y = 80, x = 40","40 bilete de 50 lei, 80 bilete de 65 lei",2.0,Probleme cu sisteme,Sisteme de ecuații,"Ecuații, inecuații și sisteme",2 - mediu,exersare,2017.0,"bilete: 50 lei si 65 lei, 120 bilete, incasari 6600 lei. cate de fiecare?","x + y = 120. 50x + 65y = 6600. y = 80, x = 40","40 bilete de 50 lei, 80 bilete de 65 lei",73,14,45,40,11,0,0,0,0,0,0,1,"bilete: 50 lei si 65 lei, 120 bilete, incasari 6600 lei. cate de fiecare?"
Pretestare - 2017,8.0,Album cu timbre: 2 timbre/pagină rămân 5 timbre; 3 timbre/pagină rămân 15 pagini libere. Nr. pagini și timbre.,"2p + 5 = t. 3(p-15) = t. 2p + 5 = 3p - 45 → p = 50, t = 105","50 pagini, 105 timbre",2.0,Probleme cu sisteme,Sisteme de ecuații,"Ecuații, inecuații și sisteme",2 - mediu,pretestare,2017.0,album cu timbre: 2 timbre/pagina raman 5 timbre; 3 timbre/pagina raman 15 pagini libere. nr. pagini si timbre.,"2p + 5 = t. 3(p-15) = t. 2p + 5 = 3p - 45 → p = 50, t = 105","50 pagini, 105 timbre",110,18,59,21,5,2,0,0,0,0,0,0,album cu timbre: 2 timbre/pagina raman 5 timbre; 3 timbre/pagina raman 15 pagini libere. nr. pagini si timbre.
Sesiunea de bază - 2017,8.0,"Tudor: butoi 145 L cu găleți de 7 L și 5 L, total 25 găleți. Câte de fiecare?","x + y = 25. 7x + 5y = 145. x = 10, y = 15","10 de 7L, 15 de 5L",2.0,Probleme cu sisteme,Sisteme de ecuații,"Ecuații, inecuații și sisteme",2 - mediu,sesiune_baza,2017.0,"tudor: butoi 145 l cu galeti de 7 l si 5 l, total 25 galeti. cate de fiecare?","x + y = 25. 7x + 5y = 145. x = 10, y = 15","10 de 7l, 15 de 5l",77,18,41,18,7,0,0,0,0,0,0,0,"tudor: butoi 145 l cu galeti de 7 l si 5 l, total 25 galeti. cate de fiecare?"
Exersare Test 1 - 2016,8.0,"Cafenea cu mese de 2 și 3 locuri: 90 locuri, 35 mese. Câte de fiecare?","2x + 3y = 90. x + y = 35. x = 15, y = 20","15 mese de 2 locuri, 20 mese de 3 locuri",2.0,Probleme cu sisteme,Sisteme de ecuații,"Ecuații, inecuații și sisteme",2 - mediu,exersare,2016.0,"cafenea cu mese de 2 si 3 locuri: 90 locuri, 35 mese. cate de fiecare?","2x + 3y = 90. x + y = 35. x = 15, y = 20","15 mese de 2 locuri, 20 mese de 3 locuri",70,15,40,40,6,0,0,0,0,0,0,0,"cafenea cu mese de 2 si 3 locuri: 90 locuri, 35 mese. cate de fiecare?"
Exersare Test 1 - 2015,8.0,60 lei cu 7 bancnote de 10 și 5 lei. Nr. bancnote de 5 lei.,"10x + 5y = 60, x + y = 7. x = 5, y = 2",2 bancnote de 5 lei,2.0,Probleme cu sisteme,Sisteme de ecuații,"Ecuații, inecuații și sisteme",2 - mediu,exersare,2015.0,60 lei cu 7 bancnote de 10 si 5 lei. nr. bancnote de 5 lei.,"10x + 5y = 60, x + y = 7. x = 5, y = 2",2 bancnote de 5 lei,59,15,38,19,7,0,0,0,0,0,0,1,60 lei cu 7 bancnote de 10 si 5 lei. nr. bancnote de 5 lei.
Pretestare - 2015,8.0,"Clasă cu 20 elevi: fiecare fată face 3 jucării, fiecare băiat 2. Total 52 jucării. Nr. băieți.","3f + 2b = 52, f + b = 20. f = 12, b = 8",8 băieți,2.0,Probleme cu sisteme,Sisteme de ecuații,"Ecuații, inecuații și sisteme",2 - mediu,pretestare,2015.0,"clasa cu 20 elevi: fiecare fata face 3 jucarii, fiecare baiat 2. total 52 jucarii. nr. baieti.","3f + 2b = 52, f + b = 20. f = 12, b = 8",8 baieti,94,17,39,8,6,0,0,0,0,0,0,0,"clasa cu 20 elevi: fiecare fata face 3 jucarii, fiecare baiat 2. total 52 jucarii. nr. baieti."
Exersare Test 1 - 2014,8.0,Clădire cu 60 apartamente și 135 camere. Nr. apartamente de 2 și 3 camere.,"x + y = 60. 2x + 3y = 135. x = 45, y = 15","45 de 2 camere, 15 de 3 camere",2.0,Probleme cu sisteme,Sisteme de ecuații,"Ecuații, inecuații și sisteme",2 - mediu,exersare,2014.0,cladire cu 60 apartamente si 135 camere. nr. apartamente de 2 si 3 camere.,"x + y = 60. 2x + 3y = 135. x = 45, y = 15","45 de 2 camere, 15 de 3 camere",74,14,41,30,7,0,0,0,0,0,0,0,cladire cu 60 apartamente si 135 camere. nr. apartamente de 2 si 3 camere.
Pretestare - 2014,8.0,"Fermă cu găini și oi: 22 capete, 58 picioare. Câte de fiecare?","g + o = 22. 2g + 4o = 58. g = 15, o = 7","15 găini, 7 oi",2.0,Probleme cu sisteme,Sisteme de ecuații,"Ecuații, inecuații și sisteme",2 - mediu,pretestare,2014.0,"ferma cu gaini si oi: 22 capete, 58 picioare. cate de fiecare?","g + o = 22. 2g + 4o = 58. g = 15, o = 7","15 gaini, 7 oi",62,12,39,14,4,0,0,0,0,0,0,0,"ferma cu gaini si oi: 22 capete, 58 picioare. cate de fiecare?"
Exersare Test 1 - 2025,4.0,Un tractorist are de arat un teren de 116 hectare. In primele 6 zile a arat 87 hectare. Determinati in cate zile tractoristul va ara suprafata ramasa.,"1) Suprafata ramasa: 116 - 87 = 29 ha . 2) Schema: 87 ha - 6 zile, 29 ha - x zile. 3) Proportia: x = (29 * 6) / 87. 4) Calcul: x = 174/87 = 2 zile (2p).",2 zile,3.0,Probleme practice - Proportii,Rapoarte și proporții,Rapoarte și proporții,3 - consolidare,exersare,2025.0,un tractorist are de arat un teren de 116 hectare. in primele 6 zile a arat 87 hectare. determinati in cate zile tractoristul va ara suprafata ramasa.,"1) suprafata ramasa: 116 - 87 = 29 ha . 2) schema: 87 ha - 6 zile, 29 ha - x zile. 3) proportia: x = (29 * 6) / 87. 4) calcul: x = 174/87 = 2 zile (2p).",2 zile,150,27,152,6,6,0,0,0,0,0,0,1,un tractorist are de arat un teren de 116 hectare. in primele 6 zile a arat 87 hectare. determinati in cate zile tractoristul va ara suprafata ramasa.
Exersare Test 1 - 2022,4.0,"Intr-o zi de luni vanzarile unui magazin au fost de 10200 lei, iar marti - de 11730 lei. Determinati cu cate procente au crescut vanzarile",Cresterea = 11730 - 10200 = 1530 lei. Procentul = (1530 × 100) / 10200 = 15%,15%,1.0,Procente,Procente,Rapoarte și proporții,1 - bază,exersare,2022.0,"intr-o zi de luni vanzarile unui magazin au fost de 10200 lei, iar marti - de 11730 lei. determinati cu cate procente au crescut vanzarile",cresterea = 11730 - 10200 = 1530 lei. procentul = (1530 × 100) / 10200 = 15%,15%,138,25,76,3,10,2,1,0,0,0,0,1,"intr-o zi de luni vanzarile unui magazin au fost de 10200 lei, iar marti - de 11730 lei. determinati cu cate procente au crescut vanzarile"
Exersare Test 1 - 2023,4.0,"La o promotie, pentru fiecare a doua carte cu acelasi titlu se aplica o reducere de 25%. Mihai a cumparat 2 carti cu acelasi titlu si a achitat 350 de lei. Determinati pretul cartii fara reducere.","350 lei ---- 175%
x lei ---- 100%
x = (350·100)/175
x = 200 (lei)",200 lei,3.0,Procente,Procente,Rapoarte și proporții,3 - consolidare,exersare,2023.0,"la o promotie, pentru fiecare a doua carte cu acelasi titlu se aplica o reducere de 25%. mihai a cumparat 2 carti cu acelasi titlu si a achitat 350 de lei. determinati pretul cartii fara reducere.",350 lei ---- 175% x lei ---- 100% x = (350·100)/175 x = 200 (lei),200 lei,196,36,65,7,6,0,1,0,0,0,0,1,"la o promotie, pentru fiecare a doua carte cu acelasi titlu se aplica o reducere de 25%. mihai a cumparat 2 carti cu acelasi titlu si a achitat 350 de lei. determinati pretul cartii fara reducere."
Exersare Test 1 - 2024,4.0,O companie a utilizat 5% din fondul lunar de salariu pentru perfectionarea personalului angajat si i-au ramas 171 de mii de lei. Determinati fondul lunar de salariu al companiei.,"95% ---- 171 mii lei
100% ---- x mii lei
x = (171 · 100) / 95
x = 180 (mii lei)",180 mii lei,2.0,Procente,Procente,Rapoarte și proporții,2 - mediu,exersare,2024.0,o companie a utilizat 5% din fondul lunar de salariu pentru perfectionarea personalului angajat si i-au ramas 171 de mii de lei. determinati fondul lunar de salariu al companiei.,95% ---- 171 mii lei 100% ---- x mii lei x = (171 · 100) / 95 x = 180 (mii lei),180 mii lei,178,29,79,11,4,1,1,0,0,0,0,1,o companie a utilizat 5% din fondul lunar de salariu pentru perfectionarea personalului angajat si i-au ramas 171 de mii de lei. determinati fondul lunar de salariu al companiei.
Exersare Test 2 - 2021,4.0,Bilet adult = 80 lei. Bilet copil = 70% din bilet adult. Suma pentru 2 bilete (1 adult + 1 copil)?,Bilet copil = 80 × 0.70 = 56 lei. Suma totală = 80 + 56 = 136 lei,136 lei,1.0,Procente,Procente,Rapoarte și proporții,1 - bază,exersare,2021.0,bilet adult = 80 lei. bilet copil = 70% din bilet adult. suma pentru 2 bilete (1 adult + 1 copil)?,bilet copil = 80 × 0.70 = 56 lei. suma totala = 80 + 56 = 136 lei,136 lei,98,21,65,7,7,5,1,0,0,0,0,1,bilet adult = 80 lei. bilet copil = 70% din bilet adult. suma pentru 2 bilete (1 adult + 1 copil)?
Exersare Test 2 - 2025,4.0,Școala are 720 fete reprezentând 48% din total. Câți băieți sunt?,720 fete = 48% din total. Total elevi = 720 / 0.48 = 1500. Băieți = 1500 - 720 = 780.,780 băieți,2.0,Procente,Procente,Rapoarte și proporții,2 - mediu,exersare,2025.0,scoala are 720 fete reprezentand 48% din total. cati baieti sunt?,720 fete = 48% din total. total elevi = 720 / 0.48 = 1500. baieti = 1500 - 720 = 780.,780 baieti,65,11,85,10,5,0,1,0,0,0,0,0,scoala are 720 fete reprezentand 48% din total. cati baieti sunt?
Pretestare 2024,4.0,"În primăvară s-au plantat 276 de copaci, cu 15% mai mult decât în toamnă. Cu câți copaci mai mult?",Toamna: 276/1.15 = 240. Diferența: 276 - 240 = 36 copaci,36 copaci,2.0,Procente,Procente,Rapoarte și proporții,2 - mediu,pretestare,2024.0,"in primavara s-au plantat 276 de copaci, cu 15% mai mult decat in toamna. cu cati copaci mai mult?",toamna: 276/1.15 = 240. diferenta: 276 - 240 = 36 copaci,36 copaci,98,19,56,9,5,1,1,0,0,0,0,0,"in primavara s-au plantat 276 de copaci, cu 15% mai mult decat in toamna. cu cati copaci mai mult?"
Pretestare 2025,1.0,"Moldova 2024: exporturi fructe 120.000 t (60% prune, 25% struguri, rest mere). Câte tone mere?",Mere = 100% - 60% - 25% = 15%. 15% din 120000 = 18000 t,18.000 t mere,2.0,Procente,Procente,Rapoarte și proporții,2 - mediu,pretestare,2025.0,"moldova 2024: exporturi fructe 120.000 t (60% prune, 25% struguri, rest mere). cate tone mere?",mere = 100% - 60% - 25% = 15%. 15% din 120000 = 18000 t,18.000 t mere,94,15,55,13,14,2,1,0,0,0,0,0,"moldova 2024: exporturi fructe 120.000 t (60% prune, 25% struguri, rest mere). cate tone mere?"
Sesiune de bază 2022,4.0,"Din 1200 bilete, 45% s-au vândut. Câte bilete nevândute?",Vândute = 45% din 1200 = 540. Nevândute = 1200 - 540 = 660,660 bilete,2.0,Procente,Procente,Rapoarte și proporții,2 - mediu,sesiune_baza,2022.0,"din 1200 bilete, 45% s-au vandut. cate bilete nevandute?",vandute = 45% din 1200 = 540. nevandute = 1200 - 540 = 660,660 bilete,56,9,58,10,6,1,1,0,0,0,0,1,"din 1200 bilete, 45% s-au vandut. cate bilete nevandute?"
Sesiune de bază 2023,4.0,"Control calitate: din 320 piese, 304 sunt bune. Calculați procentul de defecte.",Defecte = 320 - 304 = 16. Procent = 16/320 × 100% = 5%,5% defecte,2.0,Procente,Procente,Rapoarte și proporții,2 - mediu,sesiune_baza,2023.0,"control calitate: din 320 piese, 304 sunt bune. calculati procentul de defecte.",defecte = 320 - 304 = 16. procent = 16/320 × 100% = 5%,5% defecte,79,12,54,10,6,0,1,0,0,0,0,0,"control calitate: din 320 piese, 304 sunt bune. calculati procentul de defecte."
Sesiune de bază 2024,4.0,"Grup turistic: 25 km total, la amiază parcurs 15 km. Ce procent rămâne?",Rămas = 25 - 15 = 10 km. Procent = 10/25 × 100% = 40%,40%,2.0,Procente,Procente,Rapoarte și proporții,2 - mediu,sesiune_baza,2024.0,"grup turistic: 25 km total, la amiaza parcurs 15 km. ce procent ramane?",ramas = 25 - 15 = 10 km. procent = 10/25 × 100% = 40%,40%,71,13,53,3,4,0,1,0,0,0,0,0,"grup turistic: 25 km total, la amiaza parcurs 15 km. ce procent ramane?"
Sesiune de baza 2025,4.0,Un agent cumpără un televizor la 7500 lei. Achită suplimentar 5% pentru transport și 200 lei pentru depozitare. Cu câți lei mai mult achită pentru transport decât pentru depozitare?,"Cost transport = 5% din 7500 lei
Cost transport = 0.05 · 7500 = 375 lei

Cost depozitare = 200 lei

Diferența = 375 − 200 = 175 lei",175 lei,2.0,Procente,Procente,Rapoarte și proporții,2 - mediu,sesiune_baza,2025.0,un agent cumpara un televizor la 7500 lei. achita suplimentar 5% pentru transport si 200 lei pentru depozitare. cu cati lei mai mult achita pentru transport decat pentru depozitare?,cost transport = 5% din 7500 lei cost transport = 0.05 · 7500 = 375 lei cost depozitare = 200 lei diferenta = 375 - 200 = 175 lei,175 lei,181,29,131,7,8,0,1,0,0,0,0,1,un agent cumpara un televizor la 7500 lei. achita suplimentar 5% pentru transport si 200 lei pentru depozitare. cu cati lei mai mult achita pentru transport decat pentru depozitare?
Exersare Test 2 - 2020,4.0,"Sondaj cu 1500 copii, 900 fete. Calculați procentul de băieți.",Băieți = 1500 - 900 = 600. Procent = 600/1500 × 100 = 40%,40%,2.0,Procente,Procente,Rapoarte și proporții,2 - mediu,exersare,2020.0,"sondaj cu 1500 copii, 900 fete. calculati procentul de baieti.",baieti = 1500 - 900 = 600. procent = 600/1500 × 100 = 40%,40%,62,10,57,3,7,0,1,0,0,0,0,0,"sondaj cu 1500 copii, 900 fete. calculati procentul de baieti."
Sesiunea de bază - 2019,4.0,Laptop costă 5000 lei. Prețul după reducere 12%.,Preț = 5000 - 5000×0.12 = 5000 - 600 = 4400 lei,4400 lei,2.0,Procente,Procente,Rapoarte și proporții,2 - mediu,sesiune_baza,2019.0,laptop costa 5000 lei. pretul dupa reducere 12%.,pret = 5000 - 5000×0.12 = 5000 - 600 = 4400 lei,4400 lei,48,8,47,8,6,0,1,0,0,0,0,1,laptop costa 5000 lei. pretul dupa reducere 12%.
Pretestare - 2018,4.0,Brățară de 8 g cu puritate 875. Grame de aur pur.,8 × 0.875 = 7 g aur pur,7 g,2.0,Procente,Procente,Rapoarte și proporții,2 - mediu,pretestare,2018.0,bratara de 8 g cu puritate 875. grame de aur pur.,8 × 0.875 = 7 g aur pur,7 g,49,11,23,3,4,0,0,0,0,0,0,0,bratara de 8 g cu puritate 875. grame de aur pur.
Exersare Test 1 - 2017,4.0,12% din 6000 cărți se donează. Câte cărți?,12% × 6000 = 0.12 × 6000 = 720 cărți,720 cărți,2.0,Procente,Procente,Rapoarte și proporții,2 - mediu,exersare,2017.0,12% din 6000 carti se doneaza. cate carti?,12% × 6000 = 0.12 × 6000 = 720 carti,720 carti,42,8,36,9,6,0,1,0,0,0,0,0,12% din 6000 carti se doneaza. cate carti?
Exersare Test 2 - 2017,4.0,"Turist: 90 km total, 54 km prima zi. Procentul parcurs prima zi.",54/90 × 100 = 60%,60%,2.0,Procente,Procente,Rapoarte și proporții,2 - mediu,exersare,2017.0,"turist: 90 km total, 54 km prima zi. procentul parcurs prima zi.",54/90 × 100 = 60%,60%,64,12,17,3,4,0,1,0,0,0,0,0,"turist: 90 km total, 54 km prima zi. procentul parcurs prima zi."
Pretestare - 2017,4.0,Ciocolată 125 g conține 100 g cacao. Procentul de cacao.,100/125 × 100 = 80%,80%,2.0,Procente,Procente,Rapoarte și proporții,2 - mediu,pretestare,2017.0,ciocolata 125 g contine 100 g cacao. procentul de cacao.,100/125 × 100 = 80%,80%,56,10,19,3,6,0,1,0,0,0,0,0,ciocolata 125 g contine 100 g cacao. procentul de cacao.
Sesiunea de bază - 2017,4.0,"Petru: 3h 20min teme, 60% pentru profilul real. Câte minute pentru profilul real?",3h 20min = 200 min. 60% × 200 = 120 min,120 minute,2.0,Procente,Procente,Rapoarte și proporții,2 - mediu,sesiune_baza,2017.0,"petru: 3h 20min teme, 60% pentru profilul real. cate minute pentru profilul real?",3h 20min = 200 min. 60% × 200 = 120 min,120 minute,81,13,39,10,5,0,1,0,0,0,0,0,"petru: 3h 20min teme, 60% pentru profilul real. cate minute pentru profilul real?"
Exersare Test 2 - 2016,4.0,"Buget familial 9500 lei, facturi 2850 lei. Procentul pentru facturi.",2850/9500 × 100 = 30%,30%,2.0,Procente,Procente,Rapoarte și proporții,2 - mediu,exersare,2016.0,"buget familial 9500 lei, facturi 2850 lei. procentul pentru facturi.",2850/9500 × 100 = 30%,30%,68,10,21,3,8,0,1,0,0,0,0,1,"buget familial 9500 lei, facturi 2850 lei. procentul pentru facturi."
Pretestare - 2016,4.0,Maria citește 45 pagini din 300 în prima zi. Procentul citit.,45/300 × 100 = 15%,15%,2.0,Procente,Procente,Rapoarte și proporții,2 - mediu,pretestare,2016.0,maria citeste 45 pagini din 300 in prima zi. procentul citit.,45/300 × 100 = 15%,15%,61,11,18,3,5,0,1,0,0,0,0,0,maria citeste 45 pagini din 300 in prima zi. procentul citit.
Sesiunea de bază - 2016,4.0,Maria citește 45 pagini din 300 în prima zi. Procentul citit.,45/300 × 100 = 15%,15%,2.0,Procente,Procente,Rapoarte și proporții,2 - mediu,sesiune_baza,2016.0,maria citeste 45 pagini din 300 in prima zi. procentul citit.,45/300 × 100 = 15%,15%,61,11,18,3,5,0,1,0,0,0,0,0,maria citeste 45 pagini din 300 in prima zi. procentul citit.
Exersare Test 2 - 2015,4.0,"După reducere cu 20%, o carte costă 96 lei. Prețul inițial.",0.8P = 96 → P = 120 lei,120 lei,2.0,Procente,Procente,Rapoarte și proporții,2 - mediu,exersare,2015.0,"dupa reducere cu 20%, o carte costa 96 lei. pretul initial.",0.8p = 96 → p = 120 lei,120 lei,59,11,23,7,4,0,1,0,0,0,0,1,"dupa reducere cu 20%, o carte costa 96 lei. pretul initial."
Pretestare - 2015,4.0,Fermier: 11 ha recoltate = 55% din suprafața semănată. Hectare rămase.,55% → 11 ha. 100% → 20 ha. Rămân 20 - 11 = 9 ha,9 ha,2.0,Procente,Procente,Rapoarte și proporții,2 - mediu,pretestare,2015.0,fermier: 11 ha recoltate = 55% din suprafata semanata. hectare ramase.,55% → 11 ha. 100% → 20 ha. raman 20 - 11 = 9 ha,9 ha,70,11,47,4,4,1,1,0,0,0,0,0,fermier: 11 ha recoltate = 55% din suprafata semanata. hectare ramase.
Sesiunea de bază - 2015,4.0,Profit companie 40000 lei. Publicitate = 5% din profit.,5% × 40000 = 2000 lei,2000 lei,2.0,Procente,Procente,Rapoarte și proporții,2 - mediu,sesiune_baza,2015.0,profit companie 40000 lei. publicitate = 5% din profit.,5% × 40000 = 2000 lei,2000 lei,55,9,21,8,6,1,1,0,0,0,0,1,profit companie 40000 lei. publicitate = 5% din profit.
Exersare Test 1 - 2014,4.0,Bicicletă: preț crescut de la 940 la 1081 lei. Procent creștere.,(1081-940)/940 × 100 = 141/940 × 100 = 15%,15%,2.0,Procente,Procente,Rapoarte și proporții,2 - mediu,exersare,2014.0,bicicleta: pret crescut de la 940 la 1081 lei. procent crestere.,(1081-940)/940 × 100 = 141/940 × 100 = 15%,15%,64,11,42,3,7,0,1,0,0,0,0,1,bicicleta: pret crescut de la 940 la 1081 lei. procent crestere.
Pretestare - 2014,4.0,TV după reducere 10% costă 4500 lei. Prețul inițial.,0.9P = 4500 → P = 5000 lei,5000 lei,2.0,Procente,Procente,Rapoarte și proporții,2 - mediu,pretestare,2014.0,tv dupa reducere 10% costa 4500 lei. pretul initial.,0.9p = 4500 → p = 5000 lei,5000 lei,52,9,26,8,6,0,1,0,0,0,0,1,tv dupa reducere 10% costa 4500 lei. pretul initial.
Sesiunea de bază - 2014,4.0,"Sold inițial 36 lei, după convorbire 75%. Preț 1.5 lei/min. Durata.",Sold rămas = 36×0.75 = 27 lei. Consumat = 36-27 = 9 lei. Durata = 9/1.5 = 6 min,6 minute,2.0,Procente,Procente,Rapoarte și proporții,2 - mediu,sesiune_baza,2014.0,"sold initial 36 lei, dupa convorbire 75%. pret 1.5 lei/min. durata.",sold ramas = 36×0.75 = 27 lei. consumat = 36-27 = 9 lei. durata = 9/1.5 = 6 min,6 minute,67,11,79,8,6,1,1,0,0,0,0,1,"sold initial 36 lei, dupa convorbire 75%. pret 1.5 lei/min. durata."
Exersare Test 2 - 2022,4.0,"Doi elevi au participat la un concurs. Unul a obtinut punctajul maxim, celalalt 75% din punctajul maxim, acumuland impreuna 91 de puncte. Determinati punctajul maxim.",91p → 175%; x p → 100%; x = (91·100)/175 = 52 puncte,52 puncte,2.0,"Procente, Probleme practice",Procente,Rapoarte și proporții,2 - mediu,exersare,2022.0,"doi elevi au participat la un concurs. unul a obtinut punctajul maxim, celalalt 75% din punctajul maxim, acumuland impreuna 91 de puncte. determinati punctajul maxim.",91p → 175%; x p → 100%; x = (91·100)/175 = 52 puncte,52 puncte,166,25,52,9,4,0,1,0,0,0,0,0,"doi elevi au participat la un concurs. unul a obtinut punctajul maxim, celalalt 75% din punctajul maxim, acumuland impreuna 91 de puncte. determinati punctajul maxim."
Exersare Test 2 - 2024,4.0,"În a doua zi a săptămânii un meșter a confecționat 36 de piese, ceea ce reprezintă cu 10% mai puțin decât în prima zi. Determinați câte piese a confecționat meșterul în primele două zile ale săptămânii.",90% → 36 piese; 100% → x piese; x = 36×100/90 = 40 piese (prima zi); Total = 40 + 36 = 76 piese,76 piese,5.0,"Procente, Probleme practice",Procente,Rapoarte și proporții,4 - avansat,exersare,2024.0,"in a doua zi a saptamanii un mester a confectionat 36 de piese, ceea ce reprezinta cu 10% mai putin decat in prima zi. determinati cate piese a confectionat mesterul in primele doua zile ale saptamanii.",90% → 36 piese; 100% → x piese; x = 36×100/90 = 40 piese (prima zi); total = 40 + 36 = 76 piese,76 piese,202,36,95,8,4,0,1,0,0,0,0,0,"in a doua zi a saptamanii un mester a confectionat 36 de piese, ceea ce reprezinta cu 10% mai putin decat in prima zi. determinati cate piese a confectionat mesterul in primele doua zile ale saptamanii."
Pretestare 2023,1.0,"Din 1,8 kg struguri se obțin 0,45 kg stafide. Câte kg struguri pentru x kg stafide?","Proporție: 1,8/0,45 = x/y → necesar 20 kg struguri pentru a obține cantitatea dorită",20 kg struguri,2.0,Proporții,Rapoarte și proporții,Rapoarte și proporții,2 - mediu,pretestare,2023.0,"din 1,8 kg struguri se obtin 0,45 kg stafide. cate kg struguri pentru x kg stafide?","proportie: 1,8/0,45 = x/y → necesar 20 kg struguri pentru a obtine cantitatea dorita",20 kg struguri,83,16,84,14,5,0,0,0,0,0,0,1,"din 1,8 kg struguri se obtin 0,45 kg stafide. cate kg struguri pentru x kg stafide?"
Exersare Test 1 - 2015,4.0,"Dacă a/b=3, găsiți (a+2b)/b.",(a+2b)/b = a/b + 2 = 3 + 2 = 5,5,2.0,Proporții,Rapoarte și proporții,Rapoarte și proporții,2 - mediu,exersare,2015.0,"daca a/b=3, gasiti (a+2b)/b.",(a+2b)/b = a/b + 2 = 3 + 2 = 5,5,28,4,30,1,2,6,0,0,0,0,0,0,"daca a/b=3, gasiti (a+2b)/b."
Exersare Test 2 - 2014,4.0,"Dacă a/3 = b/2, calculați (a+5b)/(2a-b).","a = 3k, b = 2k. (3k+10k)/(6k-2k) = 13k/4k = 13/4",13/4,2.0,Proporții,Rapoarte și proporții,Rapoarte și proporții,2 - mediu,exersare,2014.0,"daca a/3 = b/2, calculati (a+5b)/(2a-b).","a = 3k, b = 2k. (3k+10k)/(6k-2k) = 13k/4k = 13/4",13/4,40,6,48,4,4,10,0,0,0,0,0,0,"daca a/3 = b/2, calculati (a+5b)/(2a-b)."
Pretestare - 2014,1.0,"Dacă a/3 = 5/2, găsiți 2a/15.",a/3 = 5/2 → a = 15/2. 2a/15 = 2×(15/2)/15 = 1,1,1.0,Proporții,Rapoarte și proporții,Rapoarte și proporții,1 - bază,pretestare,2014.0,"daca a/3 = 5/2, gasiti 2a/15.",a/3 = 5/2 → a = 15/2. 2a/15 = 2×(15/2)/15 = 1,1,29,6,45,1,6,4,0,0,0,0,0,0,"daca a/3 = 5/2, gasiti 2a/15."
Exersare Test 1 - 2020,8.0,"Două numere direct proporționale cu 2 și 3, suma lor 125. Găsiți numerele.",2k + 3k = 125 → k = 25. Numere: 50 și 75,50 și 75,2.0,Proporționalitate,Rapoarte și proporții,Rapoarte și proporții,2 - mediu,exersare,2020.0,"doua numere direct proportionale cu 2 si 3, suma lor 125. gasiti numerele.",2k + 3k = 125 → k = 25. numere: 50 si 75,50 si 75,74,13,40,8,5,0,0,0,0,0,0,0,"doua numere direct proportionale cu 2 si 3, suma lor 125. gasiti numerele."
Pretestare Aprilie - 2019,4.0,O imprimantă tipărește 40 pagini/min. Timpul pentru 8 pagini (secunde).,8 pagini × (60 sec / 40 pagini) = 12 secunde,12 secunde,2.0,Proporționalitate,Rapoarte și proporții,Rapoarte și proporții,2 - mediu,pretestare,2019.0,o imprimanta tipareste 40 pagini/min. timpul pentru 8 pagini (secunde).,8 pagini × (60 sec / 40 pagini) = 12 secunde,12 secunde,71,10,44,10,3,3,0,0,0,0,0,0,o imprimanta tipareste 40 pagini/min. timpul pentru 8 pagini (secunde).
Exersare Test 2 - 2018,4.0,Maria: 12 bătăi ale inimii în 10 s. Bătăi pe minut.,12 bătăi/10s = 1.2 bătăi/s. 1.2 × 60 = 72 bătăi/min,72 bătăi/min,2.0,Proporționalitate,Rapoarte și proporții,Rapoarte și proporții,2 - mediu,exersare,2018.0,maria: 12 batai ale inimii in 10 s. batai pe minut.,12 batai/10s = 1.2 batai/s. 1.2 × 60 = 72 batai/min,72 batai/min,51,11,51,12,4,0,0,0,0,0,0,0,maria: 12 batai ale inimii in 10 s. batai pe minut.
Sesiunea de bază - 2018,4.0,Din 3 L lapte se obțin 600 g brânză. Kg brânză din 5 L lapte.,3 L → 600 g. 5 L → 5×600/3 = 1000 g = 1 kg,1 kg,2.0,Proporționalitate,Rapoarte și proporții,Rapoarte și proporții,2 - mediu,sesiune_baza,2018.0,din 3 l lapte se obtin 600 g branza. kg branza din 5 l lapte.,3 l → 600 g. 5 l → 5×600/3 = 1000 g = 1 kg,1 kg,61,15,42,4,5,0,0,0,0,0,0,1,din 3 l lapte se obtin 600 g branza. kg branza din 5 l lapte.
Exersare Test 2 - 2018,5.0,Calculați 5² × 5⁻².,Aplicăm regula de înmulțire a puterilor cu aceeași bază: aⁿ × aᵐ = aⁿ⁺ᵐ. Deci 5² × 5⁻² = 5^(2+(-2)) = 5⁰ = 1 (orice număr nenul la puterea 0 este 1).,1,1.0,Puteri,Puteri,Mulțimi numerice,1 - bază,exersare,2018.0,calculati 5² × 5⁻².,aplicam regula de inmultire a puterilor cu aceeasi baza: aⁿ × aᵐ = aⁿ⁺ᵐ. deci 5² × 5⁻² = 5^(2+(-2)) = 5⁰ = 1 (orice numar nenul la puterea 0 este 1).,1,19,4,149,1,2,0,0,0,0,0,0,0,calculati 5² × 5⁻².
Sesiunea de bază - 2017,5.0,Calculați (3²)^(−2) × 4^(−1) / 8^(−2).,(3²)^(-2) = 3^(-4) = 1/81. 4^(-1) = 1/4. 8^(-2) = 1/64. Total = (1/81 × 1/4) / (1/64) = (1/324) × 64 = 64/324 = 16/81,16/81,2.0,Puteri,Puteri,Mulțimi numerice,2 - mediu,sesiune_baza,2017.0,calculati (3²)^(-2) × 4^(-1) / 8^(-2).,(3²)^(-2) = 3^(-4) = 1/81. 4^(-1) = 1/4. 8^(-2) = 1/64. total = (1/81 × 1/4) / (1/64) = (1/324) × 64 = 64/324 = 16/81,16/81,38,6,117,5,6,12,0,0,0,0,0,0,calculati (3²)^(-2) × 4^(-1) / 8^(-2).
Exersare Test 2 - 2016,5.0,Evaluați (4^(3/2)×16^(−2))/32^(−2).,4^(3/2) = (2²)^(3/2) = 2³ = 8. 16^(-2) = (2⁴)^(-2) = 2^(-8) = 1/256. 32^(-2) = (2⁵)^(-2) = 2^(-10) = 1/1024. Expresia = (8 × 1/256) / (1/1024) = (8/256) × 1024 = (1/32) × 1024 = 32.,32,2.0,Puteri,Puteri,Mulțimi numerice,2 - mediu,exersare,2016.0,evaluati (4^(3/2)×16^(-2))/32^(-2).,4^(3/2) = (2²)^(3/2) = 2³ = 8. 16^(-2) = (2⁴)^(-2) = 2^(-8) = 1/256. 32^(-2) = (2⁵)^(-2) = 2^(-10) = 1/1024. expresia = (8 × 1/256) / (1/1024) = (8/256) × 1024 = (1/32) × 1024 = 32.,32,35,2,181,2,9,13,0,0,0,0,0,0,evaluati (4^(3/2)×16^(-2))/32^(-2).
Exersare Test 1 - 2015,5.0,Calculați (18×9⁵)/3¹².,18 = 2×3². 9⁵ = (3²)⁵ = 3¹⁰. Numărător = 2×3²×3¹⁰ = 2×3¹². (2×3¹²)/3¹² = 2,2,2.0,Puteri,Puteri,Mulțimi numerice,2 - mediu,exersare,2015.0,calculati (18×9⁵)/3¹².,18 = 2×3². 9⁵ = (3²)⁵ = 3¹⁰. numarator = 2×3²×3¹⁰ = 2×3¹². (2×3¹²)/3¹² = 2,2,22,2,74,1,4,3,0,0,0,0,0,0,calculati (18×9⁵)/3¹².
Exersare Test 2 - 2014,5.0,Calculați (4/7)^(-3)×(2/3)^(-3)−(8/3)³+2⁰.,(4/7)^(-3) = (7/4)³ = 343/64. (2/3)^(-3) = (3/2)³ = 27/8. (8/3)³ = 512/27. Calcul complet...,Valoare,2.0,Puteri,Puteri,Mulțimi numerice,2 - mediu,exersare,2014.0,calculati (4/7)^(-3)×(2/3)^(-3)-(8/3)³+2⁰.,(4/7)^(-3) = (7/4)³ = 343/64. (2/3)^(-3) = (3/2)³ = 27/8. (8/3)³ = 512/27. calcul complet...,valoare,42,2,92,7,9,18,0,0,0,0,0,0,calculati (4/7)^(-3)×(2/3)^(-3)-(8/3)³+2⁰.
Sesiunea de bază - 2014,1.0,Calculați 3¹²/3⁹.,3¹²/3⁹ = 3^(12-9) = 3³ = 27,27,1.0,Puteri,Puteri,Mulțimi numerice,1 - bază,sesiune_baza,2014.0,calculati 3¹²/3⁹.,3¹²/3⁹ = 3^(12-9) = 3³ = 27,27,17,2,27,2,2,1,0,0,0,0,0,0,calculati 3¹²/3⁹.
Exersare Test 1 - 2023,5.0,Calculati valoarea expresiei ((25^(-3))·(5^9))/(124+5^0),"25^(-3) = 5^(-6)
5^0 = 1
125 = 5^3
5^(-6)·5^9/5^3= 5^(-6+9-3)=5^0=1",1,2.0,Puteri cu exponent intreg,Puteri,Mulțimi numerice,2 - mediu,exersare,2023.0,calculati valoarea expresiei ((25^(-3))·(5^9))/(124+5^0),25^(-3) = 5^(-6) 5^0 = 1 125 = 5^3 5^(-6)·5^9/5^3= 5^(-6+9-3)=5^0=1,1,56,4,67,1,10,16,0,0,0,0,0,0,calculati valoarea expresiei ((25^(-3))·(5^9))/(124+5^0)
Exersare Test 1 - 2024,5.0,Calculati valoarea expresiei: 7/(243 * 9^(-3)),"243= 3^5; 9^(-3) = (3^2)^(-3) = 3^(-6)
7/(3^(5-6))=7/3^(-1)=7*3=21",21,2.0,Puteri cu exponent rational,Puteri,Mulțimi numerice,2 - mediu,exersare,2024.0,calculati valoarea expresiei: 7/(243 * 9^(-3)),243= 3^5; 9^(-3) = (3^2)^(-3) = 3^(-6) 7/(3^(5-6))=7/3^(-1)=7*3=21,21,46,6,66,2,6,8,0,0,0,0,0,0,calculati valoarea expresiei: 7/(243 * 9^(-3))
Exersare Test 1 - 2017,5.0,Calculați 3 × 25/5 − 125^(−4/5) − 3.,3 × 25/5 = 3 × 5 = 15. 125^(-4/5) = (5³)^(-4/5) = 5^(-12/5). Presupunând calcul: 15 - valoare mică - 3 ≈ 12,≈12,2.0,Puteri și radicali,Radicali,Mulțimi numerice,2 - mediu,exersare,2017.0,calculati 3 × 25/5 - 125^(-4/5) - 3.,3 × 25/5 = 3 × 5 = 15. 125^(-4/5) = (5³)^(-4/5) = 5^(-12/5). presupunand calcul: 15 - valoare mica - 3 ≈ 12,≈12,36,8,107,3,10,5,0,0,0,0,0,0,calculati 3 × 25/5 - 125^(-4/5) - 3.
Exersare Test 2 - 2022,5.0,Calculati valoarea expresiei: (15^5 · 9^(-2)) / 25^2,15^5= 3^5·5^5; 9^(-2) = 3^(-4); 25^2 = 5^4; Rezultat: (3^5·5^5·3^(-4))/5^4 = 3·5 = 15,15,2.0,"Puteri, Calcul algebric",Puteri,Mulțimi numerice,2 - mediu,exersare,2022.0,calculati valoarea expresiei: (15^5 · 9^(-2)) / 25^2,15^5= 3^5·5^5; 9^(-2) = 3^(-4); 25^2 = 5^4; rezultat: (3^5·5^5·3^(-4))/5^4 = 3·5 = 15,15,52,8,85,2,8,9,0,0,0,0,0,0,calculati valoarea expresiei: (15^5 · 9^(-2)) / 25^2
Exersare Test 1 - 2022,5.0,Calculati valoarea expresiei: √20/(√7-√5) - √35,Rationalizam: √20/(√7-√5) × (√7+√5)/(√7+√5) = √20(√7+√5)/2 = √5(√7+√5) = √35 + 5. Rezultat: √35 + 5 - √35 = 5,5,2.0,Radicali,Radicali,Mulțimi numerice,2 - mediu,exersare,2022.0,calculati valoarea expresiei: √20/(√7-√5) - √35,rationalizam: √20/(√7-√5) × (√7+√5)/(√7+√5) = √20(√7+√5)/2 = √5(√7+√5) = √35 + 5. rezultat: √35 + 5 - √35 = 5,5,47,6,109,1,6,9,0,0,0,1,0,0,calculati valoarea expresiei: √20/(√7-√5) - √35
Exersare Test 2 - 2021,5.0,Arătați că (3 - √5)² + 30/√5 este număr natural,(3 - √5)² = 9 - 6√5 + 5 = 14 - 6√5. 30/√5 = 30√5/5 = 6√5. Suma = 14 - 6√5 + 6√5 = 14,14 (număr natural),2.0,Radicali,Radicali,Mulțimi numerice,2 - mediu,exersare,2021.0,aratati ca (3 - √5)² + 30/√5 este numar natural,(3 - √5)² = 9 - 6√5 + 5 = 14 - 6√5. 30/√5 = 30√5/5 = 6√5. suma = 14 - 6√5 + 6√5 = 14,14 (numar natural),47,10,84,18,5,7,0,0,0,1,0,0,aratati ca (3 - √5)² + 30/√5 este numar natural
Exersare Test 2 - 2025,5.0,"Calculați (√3 + 5)² − √5·√0,8 − 10√3","(√3+5)² = 3 + 10√3 + 25 = 28 + 10√3. √5·√0,8 = √4 = 2. Rezultat: 28 + 10√3 - 2 - 10√3 = 26.",26,2.0,Radicali,Radicali,Mulțimi numerice,2 - mediu,exersare,2025.0,"calculati (√3 + 5)² - √5·√0,8 - 10√3","(√3+5)² = 3 + 10√3 + 25 = 28 + 10√3. √5·√0,8 = √4 = 2. rezultat: 28 + 10√3 - 2 - 10√3 = 26.",26,36,8,91,2,8,7,0,0,0,1,0,0,"calculati (√3 + 5)² - √5·√0,8 - 10√3"
Pretestare 2023,2.0,Calculați √108 și simplificați,√108 = √(36·3) = 6√3,6√3,2.0,Radicali,Radicali,Mulțimi numerice,2 - mediu,pretestare,2023.0,calculati √108 si simplificati,√108 = √(36·3) = 6√3,6√3,30,4,20,3,3,1,0,0,0,1,0,0,calculati √108 si simplificati
Pretestare 2024,5.0,Calculați 9 + √48·√3 - √27,9 + √144 - √27 = 9 + 12 - 3√3 = 21 - 3√3,21 - 3√3,2.0,Radicali,Radicali,Mulțimi numerice,2 - mediu,pretestare,2024.0,calculati 9 + √48·√3 - √27,9 + √144 - √27 = 9 + 12 - 3√3 = 21 - 3√3,21 - 3√3,26,6,40,8,6,5,0,0,0,1,0,0,calculati 9 + √48·√3 - √27
Sesiune de bază 2022,5.0,Calculați expresia 2√3 + 9 împărțită la (√3 - √27),√27=3√3. Numitor: √3-3√3=-2√3. Fracția: (2√3+9)/(-2√3)=-(2√3+9)/(2√3)=-1-9/(2√3)=-1-3√3/2.,-1-3√3/2,2.0,Radicali,Radicali,Mulțimi numerice,2 - mediu,sesiune_baza,2022.0,calculati expresia 2√3 + 9 impartita la (√3 - √27),√27=3√3. numitor: √3-3√3=-2√3. fractia: (2√3+9)/(-2√3)=-(2√3+9)/(2√3)=-1-9/(2√3)=-1-3√3/2.,-1-3√3/2,50,10,90,8,6,7,0,0,0,1,0,0,calculati expresia 2√3 + 9 impartita la (√3 - √27)
Sesiune de baza 2025,5.0,Arătați că valoarea expresiei √3(4 − √12) − √48 este un număr întreg.,"Simplificăm radicalii:
√12 = √(4·3) = 2√3
√48 = √(16·3) = 4√3

Calculăm expresia:
√3(4 − 2√3) − 4√3
= 4√3 − 2·3 − 4√3
= 4√3 − 6 − 4√3
= −6

−6 este număr întreg.",−6,3.0,Radicali,Radicali,Mulțimi numerice,3 - consolidare,sesiune_baza,2025.0,aratati ca valoarea expresiei √3(4 - √12) - √48 este un numar intreg.,simplificam radicalii: √12 = √(4·3) = 2√3 √48 = √(16·3) = 4√3 calculam expresia: √3(4 - 2√3) - 4√3 = 4√3 - 2·3 - 4√3 = 4√3 - 6 - 4√3 = -6 -6 este numar intreg.,-6,69,13,161,2,6,5,0,0,0,1,0,0,aratati ca valoarea expresiei √3(4 - √12) - √48 este un numar intreg.
Exersare Test 2 - 2023,5.0,Calculati valoarea expresiei (2 + sqrt(5))^2 - sqrt(80),(2 + sqrt(5))^2 = 4 + 4*sqrt(5) + 5 = 9 + 4*sqrt(5); sqrt(80) = sqrt(16·5) = 4sqrt(5); Rezultat: 9 + 4sqrt(5) - 4sqrt(5) = 9,9,2.0,"Radicali, Calcul algebric",Radicali,Mulțimi numerice,2 - mediu,exersare,2023.0,calculati valoarea expresiei (2 + sqrt(5))^2 - sqrt(80),(2 + sqrt(5))^2 = 4 + 4*sqrt(5) + 5 = 9 + 4*sqrt(5); sqrt(80) = sqrt(16·5) = 4sqrt(5); rezultat: 9 + 4sqrt(5) - 4sqrt(5) = 9,9,55,8,124,1,5,9,0,0,0,1,0,0,calculati valoarea expresiei (2 + sqrt(5))^2 - sqrt(80)
Exersare Test 2 - 2024,5.0,Calculați valoarea expresiei: 2√2/(√2-1) - √8,2√2/(√2-1) = 2√2(√2+1)/((√2-1)(√2+1)) = 2√2(√2+1)/(2-1) = 2√2(√2+1) = 4 + 2√2; √8 = 2√2; Rezultat: 4 + 2√2 - 2√2 = 4,4,5.0,"Radicali, Calcul algebric",Radicali,Mulțimi numerice,4 - avansat,exersare,2024.0,calculati valoarea expresiei: 2√2/(√2-1) - √8,2√2/(√2-1) = 2√2(√2+1)/((√2-1)(√2+1)) = 2√2(√2+1)/(2-1) = 2√2(√2+1) = 4 + 2√2; √8 = 2√2; rezultat: 4 + 2√2 - 2√2 = 4,4,45,6,116,1,5,8,0,0,0,1,0,0,calculati valoarea expresiei: 2√2/(√2-1) - √8
Exersare Test 2 - 2023,4.0,Dispunand de 3 tractoare de aceeasi putere un agricultor a semanat lotul sau de pamant in 10 zile. Determinati in cate zile ar fi semanat agricultorul lotul sau cu 5 tractoare de aceeasi putere.,Regula de trei simpla inversa: 3 tractoare × 10 zile = 5 tractoare × x zile; 5x = 30; x = 6 zile,6 zile,2.0,Rapoarte invers proportionale,Rapoarte și proporții,Rapoarte și proporții,2 - mediu,exersare,2023.0,dispunand de 3 tractoare de aceeasi putere un agricultor a semanat lotul sau de pamant in 10 zile. determinati in cate zile ar fi semanat agricultorul lotul sau cu 5 tractoare de aceeasi putere.,regula de trei simpla inversa: 3 tractoare × 10 zile = 5 tractoare × x zile; 5x = 30; x = 6 zile,6 zile,194,34,96,6,4,0,0,0,0,0,0,0,dispunand de 3 tractoare de aceeasi putere un agricultor a semanat lotul sau de pamant in 10 zile. determinati in cate zile ar fi semanat agricultorul lotul sau cu 5 tractoare de aceeasi putere.
Pretestare Februarie - 2019,4.0,"Pe o hartă cu scara 1:5 000 000, distanța dintre Giurgiulești și Naslavcea este 7 cm. Determinați distanța reală în km.",Distanța reală = 7 × 5 000 000 = 35 000 000 cm = 350 km,350 km,2.0,Scări și proporții,Rapoarte și proporții,Rapoarte și proporții,2 - mediu,pretestare,2019.0,"pe o harta cu scara 1:5 000 000, distanta dintre giurgiulesti si naslavcea este 7 cm. determinati distanta reala in km.",distanta reala = 7 × 5 000 000 = 35 000 000 cm = 350 km,350 km,119,21,55,6,9,0,0,1,0,0,0,0,"pe o harta cu scara 1:5 000 000, distanta dintre giurgiulesti si naslavcea este 7 cm. determinati distanta reala in km."
Exersare Test 1 - 2014,6.0,Șirul aₙ = 21−4n. Este -61 termen?,21 - 4n = -61 → 4n = 82 → n = 20.5. Nu este termen (n nu e întreg),Nu,2.0,Șiruri,Șiruri,Altele,2 - mediu,exersare,2014.0,sirul aₙ = 21-4n. este -61 termen?,21 - 4n = -61 → 4n = 82 → n = 20.5. nu este termen (n nu e intreg),nu,34,7,66,2,5,2,0,0,0,0,0,0,sirul aₙ = 21-4n. este -61 termen?
Pretestare - 2014,9.0,Șirul aₙ = 7−3n. Nr. termeni negativi.,7 - 3n < 0 → n > 7/3 ≈ 2.33. Termeni negativi: n ≥ 3. Infinit de mulți termeni negativi,Infinit,2.0,Șiruri,Șiruri,Altele,2 - mediu,pretestare,2014.0,sirul aₙ = 7-3n. nr. termeni negativi.,7 - 3n < 0 → n > 7/3 ≈ 2.33. termeni negativi: n ≥ 3. infinit de multi termeni negativi,infinit,38,7,87,7,2,1,0,0,0,0,0,0,sirul aₙ = 7-3n. nr. termeni negativi.
Exersare Test 1 - 2022,8.0,"Ion si Maria au primit de la parinti sume egale de bani pentru a cumpara martisoare. Ion a cumparat martisoare de cate 8 lei fiecare si i-au ramas 3 lei, iar Maria a cumparat martisoare de cate 6 lei fiecare si i-a ramas 1 leu. Determinati cate martisoare a cumparat Ion si cate a cumparat Maria, daca impreuna au cumparat 12 martisoare","Fie x = nr martisoare Ion, y = nr martisoare Maria. x + y = 12; 8x + 3 = 6y + 1 => 4x - 3y = -1. Inlocuim y = 12 - x: 7x = 35 => x = 5, y = 7","Ion: 5, Maria: 7",2.0,Sisteme de ecuatii,Sisteme de ecuații,"Ecuații, inecuații și sisteme",2 - mediu,exersare,2022.0,"ion si maria au primit de la parinti sume egale de bani pentru a cumpara martisoare. ion a cumparat martisoare de cate 8 lei fiecare si i-au ramas 3 lei, iar maria a cumparat martisoare de cate 6 lei fiecare si i-a ramas 1 leu. determinati cate martisoare a cumparat ion si cate a cumparat maria, daca impreuna au cumparat 12 martisoare","fie x = nr martisoare ion, y = nr martisoare maria. x + y = 12; 8x + 3 = 6y + 1 => 4x - 3y = -1. inlocuim y = 12 - x: 7x = 35 => x = 5, y = 7","ion: 5, maria: 7",336,62,141,16,6,2,0,0,0,0,0,1,"ion si maria au primit de la parinti sume egale de bani pentru a cumpara martisoare. ion a cumparat martisoare de cate 8 lei fiecare si i-au ramas 3 lei, iar maria a cumparat martisoare de cate 6 lei fiecare si i-a ramas 1 leu. determinati cate martisoare a cumparat ion si cate a cumparat maria, daca impreuna au cumparat 12 martisoare"
Exersare Test 1 - 2023,8.0,"Distanta dintre doua localitati este de 200 km. Din aceste localitati in acelasi timp s-au pornit unul in intampinarea celuilalt un autoturism si un tractor, autoturismul avand viteza de 3 ori mai mare decat viteza tractorului. Determinati viteza autoturismului si viteza tractorului, daca se cunoaste ca ele s-au intalnit peste 2 ore.","Se alcatuieste sistemul de ecuatii: va = 3vt si va·t + vt·t=200, unde t=2h, va=viteza autoturismului si vt= viteza tractorului. Prin urmare, avem: va=3·vt si 2·(va + vt)=200=>2·4vt=200=>vt=25km/h=>va=3·25km/h=75km/h","Viteza autoturismului este de 75 km/h, iar viteza tractorului - 25 km/h",5.0,Sisteme de ecuatii,Sisteme de ecuații,"Ecuații, inecuații și sisteme",4 - avansat,exersare,2023.0,"distanta dintre doua localitati este de 200 km. din aceste localitati in acelasi timp s-au pornit unul in intampinarea celuilalt un autoturism si un tractor, autoturismul avand viteza de 3 ori mai mare decat viteza tractorului. determinati viteza autoturismului si viteza tractorului, daca se cunoaste ca ele s-au intalnit peste 2 ore.","se alcatuieste sistemul de ecuatii: va = 3vt si va·t + vt·t=200, unde t=2h, va=viteza autoturismului si vt= viteza tractorului. prin urmare, avem: va=3·vt si 2·(va + vt)=200=>2·4vt=200=>vt=25km/h=>va=3·25km/h=75km/h","viteza autoturismului este de 75 km/h, iar viteza tractorului - 25 km/h",335,52,215,71,5,2,0,0,0,0,0,1,"distanta dintre doua localitati este de 200 km. din aceste localitati in acelasi timp s-au pornit unul in intampinarea celuilalt un autoturism si un tractor, autoturismul avand viteza de 3 ori mai mare decat viteza tractorului. determinati viteza autoturismului si viteza tractorului, daca se cunoaste ca ele s-au intalnit peste 2 ore."
Exersare Test 1 - 2024,8.0,Un numar este cu 8 mai mare decat jumatate din alt numar. Determinati numerele daca se cunoaste ca suma lor este egala cu 23.,Fie cele doua numere a si b. a = 8 + b/2 si a + b = 23. Avem 8 + b/2 + b = 23 => 16 + b + 2b = 46 => 3b = 30 => b = 10. a = 8 + 10/2 = 13,Primul numar este egal cu 13; al doilea - cu 10,2.0,Sisteme de ecuatii,Sisteme de ecuații,"Ecuații, inecuații și sisteme",2 - mediu,exersare,2024.0,un numar este cu 8 mai mare decat jumatate din alt numar. determinati numerele daca se cunoaste ca suma lor este egala cu 23.,fie cele doua numere a si b. a = 8 + b/2 si a + b = 23. avem 8 + b/2 + b = 23 => 16 + b + 2b = 46 => 3b = 30 => b = 10. a = 8 + 10/2 = 13,primul numar este egal cu 13; al doilea - cu 10,125,24,137,47,3,0,0,0,0,0,0,0,un numar este cu 8 mai mare decat jumatate din alt numar. determinati numerele daca se cunoaste ca suma lor este egala cu 23.
Exersare Test 1 - 2025,8.0,"Ilinca si Bogdan au strans impreuna 68 de ciuperci. Pentru a avea un numar egal de ciuperci, Bogdan i-a dat Ilincai 6 ciuperci. Determinati cate ciuperci a strans fiecare.","1) Fie I = ciupercile Ilincai, B = ciupercile lui Bogdan. 2) Sistemul: I + B = 68 si B - 6 = I + 6. 3) Din ecuatia 2: B - I = 12. 4) Rezolvare: B = 40, I = 28.","Bogdan: 40 ciuperci, Ilinca: 28 ciuperci",3.0,Sisteme de ecuatii,Sisteme de ecuații,"Ecuații, inecuații și sisteme",3 - consolidare,exersare,2025.0,"ilinca si bogdan au strans impreuna 68 de ciuperci. pentru a avea un numar egal de ciuperci, bogdan i-a dat ilincai 6 ciuperci. determinati cate ciuperci a strans fiecare.","1) fie i = ciupercile ilincai, b = ciupercile lui bogdan. 2) sistemul: i + b = 68 si b - 6 = i + 6. 3) din ecuatia 2: b - i = 12. 4) rezolvare: b = 40, i = 28.","bogdan: 40 ciuperci, ilinca: 28 ciuperci",171,29,159,40,3,1,0,0,0,0,0,0,"ilinca si bogdan au strans impreuna 68 de ciuperci. pentru a avea un numar egal de ciuperci, bogdan i-a dat ilincai 6 ciuperci. determinati cate ciuperci a strans fiecare."
Exersare Test 2 - 2022,8.0,Se cunoaste ca 5 caiete costa cu 4 lei mai mult decat 3 pixuri. 3 caiete costa cu 2 lei mai putin decat 2 pixuri. Determinati pretul unui caiet si al unui pix.,Sistem: 5c = 3p + 4; 3c = 2p - 2; Din ec.2: c = (2p-2)/3; Inlocuim: 5(2p-2)/3 = 3p + 4; 10p - 10 = 9p + 12; p = 22 lei; c = (44-2)/3 = 14 lei,"Caiet: 14 lei, Pix: 22 lei",3.0,Sisteme de ecuatii,Sisteme de ecuații,"Ecuații, inecuații și sisteme",3 - consolidare,exersare,2022.0,se cunoaste ca 5 caiete costa cu 4 lei mai mult decat 3 pixuri. 3 caiete costa cu 2 lei mai putin decat 2 pixuri. determinati pretul unui caiet si al unui pix.,sistem: 5c = 3p + 4; 3c = 2p - 2; din ec.2: c = (2p-2)/3; inlocuim: 5(2p-2)/3 = 3p + 4; 10p - 10 = 9p + 12; p = 22 lei; c = (44-2)/3 = 14 lei,"caiet: 14 lei, pix: 22 lei",159,33,141,26,6,0,0,0,0,0,0,1,se cunoaste ca 5 caiete costa cu 4 lei mai mult decat 3 pixuri. 3 caiete costa cu 2 lei mai putin decat 2 pixuri. determinati pretul unui caiet si al unui pix.
Exersare Test 2 - 2023,8.0,"In luna februarie, pentru 1 kg de rosii si 1 kg de castraveti Ion a achitat 100 lei. In iulie, rosiile s-au ieftinit de 4 ori, castravetii de 2 ori, si Ion a achitat 35 lei pentru un kilogram de rosii si un kilogram de castraveti. Determinati cat costa un kilogram de rosii si cat costa un kilogram de castraveti in luna februarie.",Sistem: r + c = 100; r/4 + c/2 = 35. Inlocuim r = 100 - c: (100-c)/4 + c/2 = 35; 100 - c + 2c = 140; c = 40 lei; r = 60 lei,"Rosii: 60 lei, Castraveti: 40 lei",3.0,Sisteme de ecuatii,Sisteme de ecuații,"Ecuații, inecuații și sisteme",3 - consolidare,exersare,2023.0,"in luna februarie, pentru 1 kg de rosii si 1 kg de castraveti ion a achitat 100 lei. in iulie, rosiile s-au ieftinit de 4 ori, castravetii de 2 ori, si ion a achitat 35 lei pentru un kilogram de rosii si un kilogram de castraveti. determinati cat costa un kilogram de rosii si cat costa un kilogram de castraveti in luna februarie.",sistem: r + c = 100; r/4 + c/2 = 35. inlocuim r = 100 - c: (100-c)/4 + c/2 = 35; 100 - c + 2c = 140; c = 40 lei; r = 60 lei,"rosii: 60 lei, castraveti: 40 lei",331,63,123,33,9,1,0,1,0,0,0,1,"in luna februarie, pentru 1 kg de rosii si 1 kg de castraveti ion a achitat 100 lei. in iulie, rosiile s-au ieftinit de 4 ori, castravetii de 2 ori, si ion a achitat 35 lei pentru un kilogram de rosii si un kilogram de castraveti. determinati cat costa un kilogram de rosii si cat costa un kilogram de castraveti in luna februarie."
Sesiune de baza 2025,8.0,"În 3 mere și 2 lămâi se conțin 130 mg de vitamina C. Determinați câte mg de vitamina C conține un măr și câte o lămâie, dacă într-o lămâie sunt cu 40 mg mai mult decât într-un măr.","Fie x = vitamina C dintr-un măr (mg)
Atunci lămâia conține x + 40 mg

Ecuația:
3x + 2(x + 40) = 130
3x + 2x + 80 = 130
5x = 50
x = 10 mg

Măr: 10 mg
Lămâie: 10 + 40 = 50 mg

Verificare: 3·10 + 2·50 = 30 + 100 = 130 ✓","Măr: 10 mg
Lămâie: 50 mg",3.0,Sisteme de ecuatii,Sisteme de ecuații,"Ecuații, inecuații și sisteme",3 - consolidare,sesiune_baza,2025.0,"in 3 mere si 2 lamai se contin 130 mg de vitamina c. determinati cate mg de vitamina c contine un mar si cate o lamaie, daca intr-o lamaie sunt cu 40 mg mai mult decat intr-un mar.",fie x = vitamina c dintr-un mar (mg) atunci lamaia contine x + 40 mg ecuatia: 3x + 2(x + 40) = 130 3x + 2x + 80 = 130 5x = 50 x = 10 mg mar: 10 mg lamaie: 10 + 40 = 50 mg verificare: 3·10 + 2·50 = 30 + 100 = 130 ✓,mar: 10 mg lamaie: 50 mg,180,38,216,24,7,2,0,0,0,0,0,0,"in 3 mere si 2 lamai se contin 130 mg de vitamina c. determinati cate mg de vitamina c contine un mar si cate o lamaie, daca intr-o lamaie sunt cu 40 mg mai mult decat intr-un mar."
Exersare Test 2 - 2021,8.0,Maria: 2 kg mere + 1 kg pere = 67 lei. Ion: 1.5 kg mere + 2 kg pere = 94 lei. Prețul per kg?,"Fie m = preț mere, p = preț pere. 2m + p = 67; 1.5m + 2p = 94. Din prima: p = 67 - 2m. Înlocuim: 1.5m + 2(67-2m) = 94 => 1.5m + 134 - 4m = 94 => -2.5m = -40 => m = 16 lei. p = 67 - 32 = 35 lei","mere: 16 lei/kg, pere: 35 lei/kg",2.0,Sisteme de ecuații,Sisteme de ecuații,"Ecuații, inecuații și sisteme",2 - mediu,exersare,2021.0,maria: 2 kg mere + 1 kg pere = 67 lei. ion: 1.5 kg mere + 2 kg pere = 94 lei. pretul per kg?,"fie m = pret mere, p = pret pere. 2m + p = 67; 1.5m + 2p = 94. din prima: p = 67 - 2m. inlocuim: 1.5m + 2(67-2m) = 94 => 1.5m + 134 - 4m = 94 => -2.5m = -40 => m = 16 lei. p = 67 - 32 = 35 lei","mere: 16 lei/kg, pere: 35 lei/kg",92,25,192,32,9,4,0,0,0,0,0,1,maria: 2 kg mere + 1 kg pere = 67 lei. ion: 1.5 kg mere + 2 kg pere = 94 lei. pretul per kg?
Exersare Test 2 - 2024,8.0,"Un elev a achitat suma de 68 de lei pentru 10 caiete și 3 pixuri. Determinați prețul unui caiet și prețul unui pix, dacă se cunoaște că trei caiete costă cu 3 lei mai mult decât 2 pixuri.",Sistem: 10c + 3p = 68; 3c = 2p + 3. Din ec.2: c = (2p+3)/3. Înlocuim: 10(2p+3)/3 + 3p = 68; 20p + 30 + 9p = 204; 29p = 174; p = 6 lei; c = (12+3)/3 = 5 lei,"Caiet: 5 lei, Pix: 6 lei",5.0,Sisteme de ecuații,Sisteme de ecuații,"Ecuații, inecuații și sisteme",4 - avansat,exersare,2024.0,"un elev a achitat suma de 68 de lei pentru 10 caiete si 3 pixuri. determinati pretul unui caiet si pretul unui pix, daca se cunoaste ca trei caiete costa cu 3 lei mai mult decat 2 pixuri.",sistem: 10c + 3p = 68; 3c = 2p + 3. din ec.2: c = (2p+3)/3. inlocuim: 10(2p+3)/3 + 3p = 68; 20p + 30 + 9p = 204; 29p = 174; p = 6 lei; c = (12+3)/3 = 5 lei,"caiet: 5 lei, pix: 6 lei",187,38,155,24,7,0,0,0,0,0,0,1,"un elev a achitat suma de 68 de lei pentru 10 caiete si 3 pixuri. determinati pretul unui caiet si pretul unui pix, daca se cunoaste ca trei caiete costa cu 3 lei mai mult decat 2 pixuri."
Pretestare 2024,8.0,"Grupuri de dans: 4 și 6 persoane, 12 grupuri, 62 dansatori total. Câte grupuri de fiecare tip?","Fie x grupuri de 4 și y de 6. x+y=12, 4x+6y=62. x=5, y=7","5 grupuri de 4, 7 grupuri de 6",3.0,Sisteme de ecuații,Sisteme de ecuații,"Ecuații, inecuații și sisteme",3 - consolidare,pretestare,2024.0,"grupuri de dans: 4 si 6 persoane, 12 grupuri, 62 dansatori total. cate grupuri de fiecare tip?","fie x grupuri de 4 si y de 6. x+y=12, 4x+6y=62. x=5, y=7","5 grupuri de 4, 7 grupuri de 6",94,17,56,30,6,0,0,0,0,0,0,0,"grupuri de dans: 4 si 6 persoane, 12 grupuri, 62 dansatori total. cate grupuri de fiecare tip?"
Pretestare 2025,5.0,"Două grupe plantează 1000 puieți. Una plantează dublu, alta jumătate. Total plantat: 1100. Câți trebuia fiecare?","Fie x și y obiectivele. 2x + 0.5y = 1100, x + y = 1000. x = 400, y = 600",400 și 600 puieți,3.0,Sisteme de ecuații,Sisteme de ecuații,"Ecuații, inecuații și sisteme",3 - consolidare,pretestare,2025.0,"doua grupe planteaza 1000 puieti. una planteaza dublu, alta jumatate. total plantat: 1100. cati trebuia fiecare?","fie x si y obiectivele. 2x + 0.5y = 1100, x + y = 1000. x = 400, y = 600",400 si 600 puieti,112,16,72,17,8,0,0,0,0,0,0,0,"doua grupe planteaza 1000 puieti. una planteaza dublu, alta jumatate. total plantat: 1100. cati trebuia fiecare?"
Sesiune de bază 2022,8.0,"23 echipe, 104 sportivi. Echipe de 6 și 4 membri. Câte de fiecare tip?","x + y = 23, 6x + 4y = 104. x = 6, y = 17","6 echipe de 6, 17 de 4",3.0,Sisteme de ecuații,Sisteme de ecuații,"Ecuații, inecuații și sisteme",3 - consolidare,sesiune_baza,2022.0,"23 echipe, 104 sportivi. echipe de 6 si 4 membri. cate de fiecare tip?","x + y = 23, 6x + 4y = 104. x = 6, y = 17","6 echipe de 6, 17 de 4",70,14,40,22,7,0,0,0,0,0,0,0,"23 echipe, 104 sportivi. echipe de 6 si 4 membri. cate de fiecare tip?"
Sesiune de bază 2023,8.0,"Distribuție de cereri între doi operatori: 60 total. Un operator a procesat 24, celălalt 36.",Se verifică: 24 + 36 = 60,24 și 36 cereri,3.0,Sisteme de ecuații,Sisteme de ecuații,"Ecuații, inecuații și sisteme",3 - consolidare,sesiune_baza,2023.0,"distributie de cereri intre doi operatori: 60 total. un operator a procesat 24, celalalt 36.",se verifica: 24 + 36 = 60,24 si 36 cereri,92,15,25,15,6,0,0,0,0,0,0,0,"distributie de cereri intre doi operatori: 60 total. un operator a procesat 24, celalalt 36."
Sesiune de bază 2024,8.0,"Barcă cu saci de cartofi: 20 saci → 1200 kg, 25 saci → 1425 kg. Greutatea bărcii și a unui sac?","Fie b barca, s sacul. b + 20s = 1200, b + 25s = 1425. s = 45 kg, b = 300 kg","Barcă=300kg, sac=45kg",3.0,Sisteme de ecuații,Sisteme de ecuații,"Ecuații, inecuații și sisteme",3 - consolidare,sesiune_baza,2024.0,"barca cu saci de cartofi: 20 saci → 1200 kg, 25 saci → 1425 kg. greutatea barcii si a unui sac?","fie b barca, s sacul. b + 20s = 1200, b + 25s = 1425. s = 45 kg, b = 300 kg","barca=300kg, sac=45kg",95,21,75,21,12,0,0,0,0,0,0,1,"barca cu saci de cartofi: 20 saci → 1200 kg, 25 saci → 1425 kg. greutatea barcii si a unui sac?"
Exersare Test 1 - 2021,1.0,"Fie a = 6/4 : 3/4 și b = -5 + 3. Completați casetele cu numere reale: a = ?, b = ?, a · b = ?",a = (6/4) : (3/4) = (6/4) × (4/3) = 6/3 = 2; b = -5 + 3 = -2; a · b = 2 × (-2) = -4,"a = 2, b = -2, a · b = -4",,,Necunoscut,Altele,Necunoscut,exersare,2021.0,"fie a = 6/4 : 3/4 si b = -5 + 3. completati casetele cu numere reale: a = ?, b = ?, a · b = ?",a = (6/4) : (3/4) = (6/4) × (4/3) = 6/3 = 2; b = -5 + 3 = -2; a · b = 2 × (-2) = -4,"a = 2, b = -2, a · b = -4",93,28,83,25,6,9,0,0,0,0,0,0,"fie a = 6/4 : 3/4 si b = -5 + 3. completati casetele cu numere reale: a = ?, b = ?, a · b = ?"
Exersare Test 1 - 2021,2.0,"MN este linie mijlocie a triunghiului ABC, iar P aparține AC astfel încât AMNP este romb. MN = 2 cm. PC = ?",MN linie mijlocie => MN || BC și MN = BC/2 => BC = 4 cm. AMNP romb => AP = MN = 2 cm. AC = 2×MN = 4 cm (MN linie mijlocie). PC = AC - AP = 4 - 2 = 2 cm,2 cm,,,Necunoscut,Altele,Necunoscut,exersare,2021.0,"mn este linie mijlocie a triunghiului abc, iar p apartine ac astfel incat amnp este romb. mn = 2 cm. pc = ?",mn linie mijlocie => mn || bc si mn = bc/2 => bc = 4 cm. amnp romb => ap = mn = 2 cm. ac = 2×mn = 4 cm (mn linie mijlocie). pc = ac - ap = 4 - 2 = 2 cm,2 cm,107,23,151,4,1,2,0,1,0,0,0,0,"mn este linie mijlocie a triunghiului abc, iar p apartine ac astfel incat amnp este romb. mn = 2 cm. pc = ?"
Exersare Test 1 - 2021,3.0,"Graficul funcției f(x) = ax + b, a ≠ 0. Pentru x ∈ (1, +∞), f(x) ? 0. Completați cu < sau >","Din grafic: funcția este descrescătoare (a < 0) și trece prin (1, 0). Pentru x > 1, valorile sunt sub axa Ox",<,,,Necunoscut,Altele,Necunoscut,exersare,2021.0,"graficul functiei f(x) = ax + b, a = 0. pentru x ∈ (1, +∞), f(x) ? 0. completati cu < sau >","din grafic: functia este descrescatoare (a < 0) si trece prin (1, 0). pentru x > 1, valorile sunt sub axa ox",<,91,23,108,1,3,11,0,0,0,0,1,0,"graficul functiei f(x) = ax + b, a = 0. pentru x ∈ (1, +∞), f(x) ? 0. completati cu < sau >"
Exersare Test 1 - 2021,4.0,La uscare prunele pierd 70% din cantitate. Câte kg de prune uscate se obțin din 20 kg de prune proaspete?,Prune uscate = 100% - 70% = 30% din cantitatea inițială. Cantitate uscată = 20 × 0.30 = 6 kg,6 kg,,,Necunoscut,Altele,Necunoscut,exersare,2021.0,la uscare prunele pierd 70% din cantitate. cate kg de prune uscate se obtin din 20 kg de prune proaspete?,prune uscate = 100% - 70% = 30% din cantitatea initiala. cantitate uscata = 20 × 0.30 = 6 kg,6 kg,105,20,92,4,4,0,1,0,0,0,0,1,la uscare prunele pierd 70% din cantitate. cate kg de prune uscate se obtin din 20 kg de prune proaspete?
Exersare Test 1 - 2021,5.0,Calculați valoarea expresiei: 27^(1/3) - 5^0 + √(1/9) × √19,27^(1/3) = 3; 5^0 = 1; √(1/9) = 1/3; Expresia = 3 - 1 + (1/3)×√19 = 2 + √19/3,2 + √19/3,,,Necunoscut,Altele,Necunoscut,exersare,2021.0,calculati valoarea expresiei: 27^(1/3) - 5^0 + √(1/9) × √19,27^(1/3) = 3; 5^0 = 1; √(1/9) = 1/3; expresia = 3 - 1 + (1/3)×√19 = 2 + √19/3,2 + √19/3,59,10,77,9,10,12,0,0,0,1,0,0,calculati valoarea expresiei: 27^(1/3) - 5^0 + √(1/9) × √19
Exersare Test 1 - 2021,6.0,Determinați soluția reală mai mare decât √2 a ecuației 6x² - 13x + 6 = 0,Δ = 169 - 144 = 25. x₁ = (13+5)/12 = 18/12 = 3/2; x₂ = (13-5)/12 = 8/12 = 2/3. √2 ≈ 1.41. Soluția > √2 este x = 3/2 = 1.5,3/2,,,Necunoscut,Altele,Necunoscut,exersare,2021.0,determinati solutia reala mai mare decat √2 a ecuatiei 6x² - 13x + 6 = 0,δ = 169 - 144 = 25. x₁ = (13+5)/12 = 18/12 = 3/2; x₂ = (13-5)/12 = 8/12 = 2/3. √2 ≈ 1.41. solutia > √2 este x = 3/2 = 1.5,3/2,72,16,121,3,6,4,0,0,1,1,0,0,determinati solutia reala mai mare decat √2 a ecuatiei 6x² - 13x + 6 = 0
Exersare Test 1 - 2021,7.0,"AB || CD, AC ⊥ DC, O intersecția BD și AC. AO = 3 cm, OB = 5 cm, OC = 9 cm. CD = ?",Triunghiurile AOB și COD sunt asemenea. AO/OC = OB/OD = AB/CD. 3/9 = 1/3. OD = 15 cm. CD/AB = OC/OA = 3. CD = 15 cm,15 cm,,,Necunoscut,Altele,Necunoscut,exersare,2021.0,"ab || cd, ac ⊥ dc, o intersectia bd si ac. ao = 3 cm, ob = 5 cm, oc = 9 cm. cd = ?",triunghiurile aob si cod sunt asemenea. ao/oc = ob/od = ab/cd. 3/9 = 1/3. od = 15 cm. cd/ab = oc/oa = 3. cd = 15 cm,15 cm,82,26,115,5,3,4,0,1,0,0,0,0,"ab || cd, ac ⊥ dc, o intersectia bd si ac. ao = 3 cm, ob = 5 cm, oc = 9 cm. cd = ?"
Exersare Test 1 - 2021,8.0,"1 kg porumb = 5 lei, 1 kg grâu = 8 lei. Amestec 30 kg la 6 lei/kg. Câte kg din fiecare?","Fie x = kg porumb, y = kg grâu. x + y = 30; 5x + 8y = 180. x = 30 - y. 5(30-y) + 8y = 180 => 3y = 30 => y = 10, x = 20","20 kg porumb, 10 kg grâu",,,Necunoscut,Altele,Necunoscut,exersare,2021.0,"1 kg porumb = 5 lei, 1 kg grau = 8 lei. amestec 30 kg la 6 lei/kg. cate kg din fiecare?","fie x = kg porumb, y = kg grau. x + y = 30; 5x + 8y = 180. x = 30 - y. 5(30-y) + 8y = 180 => 3y = 30 => y = 10, x = 20","20 kg porumb, 10 kg grau",87,22,118,24,7,3,0,0,0,0,0,1,"1 kg porumb = 5 lei, 1 kg grau = 8 lei. amestec 30 kg la 6 lei/kg. cate kg din fiecare?"
Exersare Test 1 - 2021,9.0,f(x) = 4x - 3. Determinați x pentru care x > f(x),x > 4x - 3 => -3x > -3 => x < 1,"x ∈ (-∞, 1)",,,Necunoscut,Altele,Necunoscut,exersare,2021.0,f(x) = 4x - 3. determinati x pentru care x > f(x),x > 4x - 3 => -3x > -3 => x < 1,"x ∈ (-∞, 1)",49,12,31,11,2,7,0,0,0,0,1,0,f(x) = 4x - 3. determinati x pentru care x > f(x)
Exersare Test 1 - 2021,10.0,"Petru: 2 pachete piramidă pătrată (baza 10 cm, h = 9 cm). Ana: 1 pachet prismă pătrată (baza 5 cm, h = 25 cm). Cine a cumpărat mai mult lapte?",V_piramidă = (1/3) × 100 × 9 = 300 cm³. Petru: 2 × 300 = 600 cm³. V_prismă = 25 × 25 = 625 cm³. 625 > 600,Ana a cumpărat mai mult lapte,,,Necunoscut,Altele,Necunoscut,exersare,2021.0,"petru: 2 pachete piramida patrata (baza 10 cm, h = 9 cm). ana: 1 pachet prisma patrata (baza 5 cm, h = 25 cm). cine a cumparat mai mult lapte?",v_piramida = (1/3) × 100 × 9 = 300 cm³. petru: 2 × 300 = 600 cm³. v_prisma = 25 × 25 = 625 cm³. 625 > 600,ana a cumparat mai mult lapte,142,30,105,29,8,6,0,1,0,0,0,1,"petru: 2 pachete piramida patrata (baza 10 cm, h = 9 cm). ana: 1 pachet prisma patrata (baza 5 cm, h = 25 cm). cine a cumparat mai mult lapte?"
Exersare Test 1 - 2021,11.0,E(X) = (25X - 10X² + X³)/(15X - 3X²). Determinați X naturale pentru care E(X) ia valori naturale,"E(X) = X(25 - 10X + X²)/(3X(5 - X)) = (X-5)²/(3(5-X)) = (5-X)/3. Pentru E(X) natural: X ∈ {2, 5}","X ∈ {2, 5}",,,Necunoscut,Altele,Necunoscut,exersare,2021.0,e(x) = (25x - 10x² + x³)/(15x - 3x²). determinati x naturale pentru care e(x) ia valori naturale,"e(x) = x(25 - 10x + x²)/(3x(5 - x)) = (x-5)²/(3(5-x)) = (5-x)/3. pentru e(x) natural: x ∈ {2, 5}","x ∈ {2, 5}",96,18,96,10,7,13,0,0,0,0,0,0,e(x) = (25x - 10x² + x³)/(15x - 3x²). determinati x naturale pentru care e(x) ia valori naturale
Exersare Test 1 - 2021,12.0,"f(x) = x² + 2mx + m², g(x) = 2x. Determinați m pentru care graficele se intersectează într-un singur punct",x² + (2m-2)x + m² = 0. Δ = 0 => (2m-2)² - 4m² = 0 => -8m + 4 = 0 => m = 1/2,m = 1/2,,,Necunoscut,Altele,Necunoscut,exersare,2021.0,"f(x) = x² + 2mx + m², g(x) = 2x. determinati m pentru care graficele se intersecteaza intr-un singur punct",x² + (2m-2)x + m² = 0. δ = 0 => (2m-2)² - 4m² = 0 => -8m + 4 = 0 => m = 1/2,m = 1/2,106,20,75,7,2,9,0,0,0,0,1,0,"f(x) = x² + 2mx + m², g(x) = 2x. determinati m pentru care graficele se intersecteaza intr-un singur punct"
,,"Fie a = 25/3 : 15/9 si b = -8 + 3. Completati cu numere reale, astfel incat propozitia obtinuta sa fie adevarata: a = ?, b = ?, a · b = ?",Se calculeaza a = (25/3) : (15/9) = (25/3) × (9/15) = 225/45 = 5; b = -8 + 3 = -5; a · b = 5 × (-5) = -25,"a = 5, b = -5, a · b = -25",1.0,Numere reale,Mulțimi numerice,Mulțimi numerice,1 - bază,fara_sursa,,"fie a = 25/3 : 15/9 si b = -8 + 3. completati cu numere reale, astfel incat propozitia obtinuta sa fie adevarata: a = ?, b = ?, a · b = ?",se calculeaza a = (25/3) : (15/9) = (25/3) × (9/15) = 225/45 = 5; b = -8 + 3 = -5; a · b = 5 × (-5) = -25,"a = 5, b = -5, a · b = -25",137,34,105,26,8,9,0,0,0,0,0,0,"fie a = 25/3 : 15/9 si b = -8 + 3. completati cu numere reale, astfel incat propozitia obtinuta sa fie adevarata: a = ?, b = ?, a · b = ?"
,,"In desenul alaturat este reprezentat triunghiul ABC, in care AB = BC, m(∠ABC) = 100°, iar CK este bisectoare. Scrieti masura in grade a unghiului ACK: m(∠ACK) = ?",Triunghi isoscel AB=BC => ∠BAC = ∠BCA = (180° - 100°)/2 = 40°. CK bisectoare => ∠ACK = 40°/2 = 20°,20°,2.0,Geometrie - Triunghiuri,Geometrie - Triunghiuri,Geometrie,2 - mediu,fara_sursa,,"in desenul alaturat este reprezentat triunghiul abc, in care ab = bc, m(∠abc) = 100°, iar ck este bisectoare. scrieti masura in grade a unghiului ack: m(∠ack) = ?",triunghi isoscel ab=bc => ∠bac = ∠bca = (180° - 100°)/2 = 40°. ck bisectoare => ∠ack = 40°/2 = 20°,20°,162,29,98,3,3,7,0,1,0,0,0,0,"in desenul alaturat este reprezentat triunghiul abc, in care ab = bc, m(∠abc) = 100°, iar ck este bisectoare. scrieti masura in grade a unghiului ack: m(∠ack) = ?"
,,"Se considera functia f: R → R, f(x) = -3x + 7. Scrieti in spatiul liber una dintre expresiile 'strict crescatoare' sau 'strict descrescatoare', astfel incat propozitia obtinuta sa fie adevarata: Functia f este ... pe R","Coeficientul lui x este -3 < 0, deci functia este strict descrescatoare",strict descrescatoare,1.0,Functii,Funcții,Funcții,1 - bază,fara_sursa,,"se considera functia f: r → r, f(x) = -3x + 7. scrieti in spatiul liber una dintre expresiile 'strict crescatoare' sau 'strict descrescatoare', astfel incat propozitia obtinuta sa fie adevarata: functia f este ... pe r","coeficientul lui x este -3 < 0, deci functia este strict descrescatoare",strict descrescatoare,218,37,71,21,2,5,0,0,0,0,1,0,"se considera functia f: r → r, f(x) = -3x + 7. scrieti in spatiul liber una dintre expresiile 'strict crescatoare' sau 'strict descrescatoare', astfel incat propozitia obtinuta sa fie adevarata: functia f este ... pe r"
,,"Intr-o zi de luni vanzarile unui magazin au fost de 10200 lei, iar marti - de 11730 lei. Determinati cu cate procente au crescut vanzarile",Cresterea = 11730 - 10200 = 1530 lei. Procentul = (1530 × 100) / 10200 = 15%,15%,1.0,Procente,Procente,Rapoarte și proporții,1 - bază,fara_sursa,,"intr-o zi de luni vanzarile unui magazin au fost de 10200 lei, iar marti - de 11730 lei. determinati cu cate procente au crescut vanzarile",cresterea = 11730 - 10200 = 1530 lei. procentul = (1530 × 100) / 10200 = 15%,15%,138,25,76,3,10,2,1,0,0,0,0,1,"intr-o zi de luni vanzarile unui magazin au fost de 10200 lei, iar marti - de 11730 lei. determinati cu cate procente au crescut vanzarile"
,,Calculati valoarea expresiei: √20/(√7-√5) - √35,Rationalizam: √20/(√7-√5) × (√7+√5)/(√7+√5) = √20(√7+√5)/2 = √5(√7+√5) = √35 + 5. Rezultat: √35 + 5 - √35 = 5,5,2.0,Radicali,Radicali,Mulțimi numerice,2 - mediu,fara_sursa,,calculati valoarea expresiei: √20/(√7-√5) - √35,rationalizam: √20/(√7-√5) × (√7+√5)/(√7+√5) = √20(√7+√5)/2 = √5(√7+√5) = √35 + 5. rezultat: √35 + 5 - √35 = 5,5,47,6,109,1,6,9,0,0,0,1,0,0,calculati valoarea expresiei: √20/(√7-√5) - √35
,,Fie A multimea solutiilor reale ale ecuatiei 3x² + 5x - 2 = 0. Determinati multimea A \ Z (A fara Z),"Δ = 25 + 24 = 49. x₁ = (-5+7)/6 = 1/3; x₂ = (-5-7)/6 = -2. A = {1/3, -2}. A \ Z = {1/3}",{1/3},1.0,Ecuatii de gradul II,Ecuații de gradul II,"Ecuații, inecuații și sisteme",1 - bază,fara_sursa,,fie a multimea solutiilor reale ale ecuatiei 3x² + 5x - 2 = 0. determinati multimea a \ z (a fara z),"δ = 25 + 24 = 49. x₁ = (-5+7)/6 = 1/3; x₂ = (-5-7)/6 = -2. a = {1/3, -2}. a \ z = {1/3}",{1/3},100,22,87,5,4,5,0,0,1,0,0,0,fie a multimea solutiilor reale ale ecuatiei 3x² + 5x - 2 = 0. determinati multimea a \ z (a fara z)
,,"Fie ABCD un paralelogram, in care m(∠BAD) = 30°, iar inaltimea BK este de 3√3 cm si imparte latura AD in doua segmente congruente. Determinati aria paralelogramului ABCD","In triunghiul ABK: ∠BAK = 30°, BK = 3√3. AK = BK/tan(30°) = 9. AD = 2×AK = 18. Aria = AD × BK = 18 × 3√3 = 54√3 cm²",54√3 cm²,3.0,Geometrie - Arii,Geometrie - Arii,Geometrie,3 - consolidare,fara_sursa,,"fie abcd un paralelogram, in care m(∠bad) = 30°, iar inaltimea bk este de 3√3 cm si imparte latura ad in doua segmente congruente. determinati aria paralelogramului abcd","in triunghiul abk: ∠bak = 30°, bk = 3√3. ak = bk/tan(30°) = 9. ad = 2×ak = 18. aria = ad × bk = 18 × 3√3 = 54√3 cm²",54√3 cm²,169,28,115,8,4,4,0,1,0,1,0,0,"fie abcd un paralelogram, in care m(∠bad) = 30°, iar inaltimea bk este de 3√3 cm si imparte latura ad in doua segmente congruente. determinati aria paralelogramului abcd"
,,"Ion si Maria au primit de la parinti sume egale de bani pentru a cumpara martisoare. Ion a cumparat martisoare de cate 8 lei fiecare si i-au ramas 3 lei, iar Maria a cumparat martisoare de cate 6 lei fiecare si i-a ramas 1 leu. Determinati cate martisoare a cumparat Ion si cate a cumparat Maria, daca impreuna au cumparat 12 martisoare","Fie x = nr martisoare Ion, y = nr martisoare Maria. x + y = 12; 8x + 3 = 6y + 1 => 4x - 3y = -1. Inlocuim y = 12 - x: 7x = 35 => x = 5, y = 7","Ion: 5, Maria: 7",2.0,Sisteme de ecuatii,Sisteme de ecuații,"Ecuații, inecuații și sisteme",2 - mediu,fara_sursa,,"ion si maria au primit de la parinti sume egale de bani pentru a cumpara martisoare. ion a cumparat martisoare de cate 8 lei fiecare si i-au ramas 3 lei, iar maria a cumparat martisoare de cate 6 lei fiecare si i-a ramas 1 leu. determinati cate martisoare a cumparat ion si cate a cumparat maria, daca impreuna au cumparat 12 martisoare","fie x = nr martisoare ion, y = nr martisoare maria. x + y = 12; 8x + 3 = 6y + 1 => 4x - 3y = -1. inlocuim y = 12 - x: 7x = 35 => x = 5, y = 7","ion: 5, maria: 7",336,62,141,16,6,2,0,0,0,0,0,1,"ion si maria au primit de la parinti sume egale de bani pentru a cumpara martisoare. ion a cumparat martisoare de cate 8 lei fiecare si i-au ramas 3 lei, iar maria a cumparat martisoare de cate 6 lei fiecare si i-a ramas 1 leu. determinati cate martisoare a cumparat ion si cate a cumparat maria, daca impreuna au cumparat 12 martisoare"
,,"Fie functia f: R → R, f(x) = -3x. Determinati valorile reale ale lui x, pentru care f(x) < x + f(-1)",f(-1) = -3×(-1) = 3. Inecuatia: -3x < x + 3 => -4x < 3 => x > -3/4,(-3/4; +∞),3.0,Inecuatii,Inecuații,"Ecuații, inecuații și sisteme",3 - consolidare,fara_sursa,,"fie functia f: r → r, f(x) = -3x. determinati valorile reale ale lui x, pentru care f(x) < x + f(-1)",f(-1) = -3×(-1) = 3. inecuatia: -3x < x + 3 => -4x < 3 => x > -3/4,(-3/4; +∞),100,22,66,10,2,11,0,0,0,0,1,0,"fie functia f: r → r, f(x) = -3x. determinati valorile reale ale lui x, pentru care f(x) < x + f(-1)"
,,Din 27 de cubulete cu muchia de 2 cm Ion a construit un cub. Determinati lungimea muchiei cubului construit,Volumul unui cubuleț = 2³ = 8 cm³. Volumul total = 27 × 8 = 216 cm³. Muchia cubului mare: a³ = 216 => a = 6 cm,6 cm,2.0,Geometrie - Volume,Geometrie 3D,Geometrie,2 - mediu,fara_sursa,,din 27 de cubulete cu muchia de 2 cm ion a construit un cub. determinati lungimea muchiei cubului construit,volumul unui cubulet = 2³ = 8 cm³. volumul total = 27 × 8 = 216 cm³. muchia cubului mare: a³ = 216 => a = 6 cm,6 cm,107,19,110,4,3,0,0,1,0,0,0,0,din 27 de cubulete cu muchia de 2 cm ion a construit un cub. determinati lungimea muchiei cubului construit
,,"Fie expresia E(X) = (1/(X-4)) : ((X+4)/(4X-16)) + (X²-4X)/(X²-16). Aratati ca E(X) = 1, pentru orice X ∈ R \ {-4; 4}",Simplificam: 4X-16 = 4(X-4); X²-16 = (X-4)(X+4); X²-4X = X(X-4). Prima fractie: 4/(X+4). A doua: X/(X+4). E(X) = (4+X)/(X+4) = 1,E(X) = 1,3.0,Expresii algebrice,Calcul algebric,Calcul algebric,3 - consolidare,fara_sursa,,"fie expresia e(x) = (1/(x-4)) : ((x+4)/(4x-16)) + (x²-4x)/(x²-16). aratati ca e(x) = 1, pentru orice x ∈ r \ {-4; 4}",simplificam: 4x-16 = 4(x-4); x²-16 = (x-4)(x+4); x²-4x = x(x-4). prima fractie: 4/(x+4). a doua: x/(x+4). e(x) = (4+x)/(x+4) = 1,e(x) = 1,116,22,128,8,12,32,0,0,0,0,0,0,"fie expresia e(x) = (1/(x-4)) : ((x+4)/(4x-16)) + (x²-4x)/(x²-16). aratati ca e(x) = 1, pentru orice x ∈ r \ {-4; 4}"
,,"Fie functia f: R → R, f(x) = mx² + x - m² + 2. Determinati valorile reale ale lui m, pentru care graficul functiei f este o parabola, care trece prin punctul A(-1; 1)","Parabola => m ≠ 0. f(-1) = 1 => m - 1 - m² + 2 = 1 => -m² + m = 0 => m(1-m) = 0. Cum m ≠ 0, rezulta m = 1",m = 1,3.0,Functia de gradul II,Funcția de gradul II,Funcții,3 - consolidare,fara_sursa,,"fie functia f: r → r, f(x) = mx² + x - m² + 2. determinati valorile reale ale lui m, pentru care graficul functiei f este o parabola, care trece prin punctul a(-1; 1)","parabola => m = 0. f(-1) = 1 => m - 1 - m² + 2 = 1 => -m² + m = 0 => m(1-m) = 0. cum m = 0, rezulta m = 1",m = 1,166,35,105,5,3,9,0,0,0,0,1,0,"fie functia f: r → r, f(x) = mx² + x - m² + 2. determinati valorile reale ale lui m, pentru care graficul functiei f este o parabola, care trece prin punctul a(-1; 1)"
,,"Fie a = -21 + 13 si b = (-1/2)^3. Completati casetele cu numere reale, astfel incat propozitia obtinuta sa fie adevarata: a = ?, b = ?, a·b = ?",Se calculeaza a=-8; b=((-1)^3)/(2^3)=-1/8; a·b=(-8)·(-1/8)=1,-8; -1/8; 1,1.0,Operatii cu numere reale,Mulțimi numerice,Mulțimi numerice,1 - bază,fara_sursa,,"fie a = -21 + 13 si b = (-1/2)^3. completati casetele cu numere reale, astfel incat propozitia obtinuta sa fie adevarata: a = ?, b = ?, a·b = ?",se calculeaza a=-8; b=((-1)^3)/(2^3)=-1/8; a·b=(-8)·(-1/8)=1,-8; -1/8; 1,143,31,60,11,7,12,0,0,0,0,0,0,"fie a = -21 + 13 si b = (-1/2)^3. completati casetele cu numere reale, astfel incat propozitia obtinuta sa fie adevarata: a = ?, b = ?, a·b = ?"
,,Fie un paralelogram. Unul dintre unghiuri este egal cu (3x+20)° iar celalat unghi este egal cu x°. Determina valoarea lui x,"Se stie ca unghiurile alaturate (consecutive) sunt suplimentare, adica suma lor este 180°. Se calculeaza ecuatia x+3x+20=180 => 4x=160 => x=40°",40°,1.0,Paralelogram,Geometrie - Paralelograme,Geometrie,1 - bază,fara_sursa,,fie un paralelogram. unul dintre unghiuri este egal cu (3x+20)° iar celalat unghi este egal cu x°. determina valoarea lui x,"se stie ca unghiurile alaturate (consecutive) sunt suplimentare, adica suma lor este 180°. se calculeaza ecuatia x+3x+20=180 => 4x=160 => x=40°",40°,123,21,143,3,3,3,0,1,0,0,0,0,fie un paralelogram. unul dintre unghiuri este egal cu (3x+20)° iar celalat unghi este egal cu x°. determina valoarea lui x
,,"Se considera functia f : R → R, f(x) = ax² + bx + c, unde a ≠ 0.Graficul functiei este o parabola deschisa in jos care intersecteaza axa Ox in doua puncte distincte.Completati cu unul dintre semnele „<” sau „>” astfel incat afirmatia sa fie adevarata: b² − 4ac ... 0","Deoarece functia intersecteaza axa Ox in 2 puncte distincte, putem deduce ca b^2-4ac>0",>,1.0,Functia de gradul II,Funcția de gradul II,Funcții,1 - bază,fara_sursa,,"se considera functia f : r → r, f(x) = ax² + bx + c, unde a = 0.graficul functiei este o parabola deschisa in jos care intersecteaza axa ox in doua puncte distincte.completati cu unul dintre semnele „<” sau „>” astfel incat afirmatia sa fie adevarata: b² - 4ac ... 0","deoarece functia intersecteaza axa ox in 2 puncte distincte, putem deduce ca b^2-4ac>0",>,266,52,86,1,3,7,0,0,0,0,1,0,"se considera functia f : r → r, f(x) = ax² + bx + c, unde a = 0.graficul functiei este o parabola deschisa in jos care intersecteaza axa ox in doua puncte distincte.completati cu unul dintre semnele „<” sau „>” astfel incat afirmatia sa fie adevarata: b² - 4ac ... 0"
,,"La o promotie, pentru fiecare a doua carte cu acelasi titlu se aplica o reducere de 25%. Mihai a cumparat 2 carti cu acelasi titlu si a achitat 350 de lei. Determinati pretul cartii fara reducere.","350 lei ---- 175%
x lei ---- 100%
x = (350·100)/175
x = 200 (lei)",200 lei,3.0,Procente,Procente,Rapoarte și proporții,3 - consolidare,fara_sursa,,"la o promotie, pentru fiecare a doua carte cu acelasi titlu se aplica o reducere de 25%. mihai a cumparat 2 carti cu acelasi titlu si a achitat 350 de lei. determinati pretul cartii fara reducere.",350 lei ---- 175% x lei ---- 100% x = (350·100)/175 x = 200 (lei),200 lei,196,36,65,7,6,0,1,0,0,0,0,1,"la o promotie, pentru fiecare a doua carte cu acelasi titlu se aplica o reducere de 25%. mihai a cumparat 2 carti cu acelasi titlu si a achitat 350 de lei. determinati pretul cartii fara reducere."
,,Calculati valoarea expresiei ((25^(-3))·(5^9))/(124+5^0),"25^(-3) = 5^(-6)
5^0 = 1
125 = 5^3
5^(-6)·5^9/5^3= 5^(-6+9-3)=5^0=1",1,2.0,Puteri cu exponent intreg,Puteri,Mulțimi numerice,2 - mediu,fara_sursa,,calculati valoarea expresiei ((25^(-3))·(5^9))/(124+5^0),25^(-3) = 5^(-6) 5^0 = 1 125 = 5^3 5^(-6)·5^9/5^3= 5^(-6+9-3)=5^0=1,1,56,4,67,1,10,16,0,0,0,0,0,0,calculati valoarea expresiei ((25^(-3))·(5^9))/(124+5^0)
,,"Determinati solutiile reale ale ecuatiei 3x^2 + 4x - 4 = 0, care apartin intervalului [-sqrt(2); sqrt(2)].","Δ = 64, x1 = -2, x2 = 2/3 ; -2<(-sqrt(2)) => x1 nu apartine intervalului, doar x2 apartine",2/3,1.0,Ecuatii de gradul II,Ecuații de gradul II,"Ecuații, inecuații și sisteme",1 - bază,fara_sursa,,"determinati solutiile reale ale ecuatiei 3x^2 + 4x - 4 = 0, care apartin intervalului [-sqrt(2); sqrt(2)].","δ = 64, x1 = -2, x2 = 2/3 ; -2<(-sqrt(2)) => x1 nu apartine intervalului, doar x2 apartine",2/3,106,17,90,3,7,11,0,0,1,1,0,0,"determinati solutiile reale ale ecuatiei 3x^2 + 4x - 4 = 0, care apartin intervalului [-sqrt(2); sqrt(2)]."
,,Intr-un cerc cu raza de 6 cm este dusa coarda AB congruenta cu raza. Determinati distanta de la centrul cercului la coarda AB.,"Construirea triunghiului OAB si a inaltimii OH, unde O este centrul cercului
AH = 3 cm
Obtinerea OH = 3√3 cm",3√3 cm,3.0,Geometrie - Cercul,Geometrie - Cercul,Geometrie,3 - consolidare,fara_sursa,,intr-un cerc cu raza de 6 cm este dusa coarda ab congruenta cu raza. determinati distanta de la centrul cercului la coarda ab.,"construirea triunghiului oab si a inaltimii oh, unde o este centrul cercului ah = 3 cm obtinerea oh = 3√3 cm",3√3 cm,126,23,108,6,1,1,0,1,0,0,0,0,intr-un cerc cu raza de 6 cm este dusa coarda ab congruenta cu raza. determinati distanta de la centrul cercului la coarda ab.
,,"Distanta dintre doua localitati este de 200 km. Din aceste localitati in acelasi timp s-au pornit unul in intampinarea celuilalt un autoturism si un tractor, autoturismul avand viteza de 3 ori mai mare decat viteza tractorului. Determinati viteza autoturismului si viteza tractorului, daca se cunoaste ca ele s-au intalnit peste 2 ore.","Se alcatuieste sistemul de ecuatii: va = 3vt si va·t + vt·t=200, unde t=2h, va=viteza autoturismului si vt= viteza tractorului. Prin urmare, avem: va=3·vt si 2·(va + vt)=200=>2·4vt=200=>vt=25km/h=>va=3·25km/h=75km/h","Viteza autoturismului este de 75 km/h, iar viteza tractorului - 25 km/h",5.0,Sisteme de ecuatii,Sisteme de ecuații,"Ecuații, inecuații și sisteme",4 - avansat,fara_sursa,,"distanta dintre doua localitati este de 200 km. din aceste localitati in acelasi timp s-au pornit unul in intampinarea celuilalt un autoturism si un tractor, autoturismul avand viteza de 3 ori mai mare decat viteza tractorului. determinati viteza autoturismului si viteza tractorului, daca se cunoaste ca ele s-au intalnit peste 2 ore.","se alcatuieste sistemul de ecuatii: va = 3vt si va·t + vt·t=200, unde t=2h, va=viteza autoturismului si vt= viteza tractorului. prin urmare, avem: va=3·vt si 2·(va + vt)=200=>2·4vt=200=>vt=25km/h=>va=3·25km/h=75km/h","viteza autoturismului este de 75 km/h, iar viteza tractorului - 25 km/h",335,52,215,71,5,2,0,0,0,0,0,1,"distanta dintre doua localitati este de 200 km. din aceste localitati in acelasi timp s-au pornit unul in intampinarea celuilalt un autoturism si un tractor, autoturismul avand viteza de 3 ori mai mare decat viteza tractorului. determinati viteza autoturismului si viteza tractorului, daca se cunoaste ca ele s-au intalnit peste 2 ore."
,,"Fie functia f:R->R, f(x) = -2x + 10. Determinati valorile lui x, care sunt patrate perfecte si pentru care f(x) + f(2) >= x + 2.","f(2) = 6
Obtinerea inecuatiei -2x + 10 + 6 >= x + 2
Rezolvarea inecuatiei -2x + 10 + 6 >= x + 2
Scrierea raspunsului corect","{0, 1, 4}",3.0,Inecuatii,Inecuații,"Ecuații, inecuații și sisteme",3 - consolidare,fara_sursa,,"fie functia f:r->r, f(x) = -2x + 10. determinati valorile lui x, care sunt patrate perfecte si pentru care f(x) + f(2) >= x + 2.",f(2) = 6 obtinerea inecuatiei -2x + 10 + 6 >= x + 2 rezolvarea inecuatiei -2x + 10 + 6 >= x + 2 scrierea raspunsului corect,"{0, 1, 4}",128,26,123,9,5,15,0,0,0,0,1,0,"fie functia f:r->r, f(x) = -2x + 10. determinati valorile lui x, care sunt patrate perfecte si pentru care f(x) + f(2) >= x + 2."
,,"Apa dintr-un vas plin de forma unei prisme patrulatere regulate cu latura bazei de 24 cm si inaltimea de 25 cm se toarna intr-un vas de forma unui cub cu muchia de 30 cm. Determinati inaltimea, la care se va ridica apa turnata.","Se stie ca volumui prismei patrulatere regulate este Vp = l^2 · h. Din conditie, stim ca l = 24cm si h = 25cm => Vp = (24cm)^2 · 25cm = 14400cm^3. Volumul cubului este Vc = lc^3, unde lc = 30cm => Vc=27000cm^3. Apa turnata ia forma unui paralelipiped dreptunghic cu baza patrata, care fa avea formula pentru volum Vp = lc^2·hn, unde lc = 30 cm, Vp=14400cm^3 si hn este inaltimea pe care trebuie sa o aflam. => Vp = (30cm)^2·hn => hn=Vp/(900cm^2)=14400cm^3/900cm^2=16cm",16 cm,5.0,Geometrie - Volume,Geometrie 3D,Geometrie,4 - avansat,fara_sursa,,"apa dintr-un vas plin de forma unei prisme patrulatere regulate cu latura bazei de 24 cm si inaltimea de 25 cm se toarna intr-un vas de forma unui cub cu muchia de 30 cm. determinati inaltimea, la care se va ridica apa turnata.","se stie ca volumui prismei patrulatere regulate este vp = l^2 · h. din conditie, stim ca l = 24cm si h = 25cm => vp = (24cm)^2 · 25cm = 14400cm^3. volumul cubului este vc = lc^3, unde lc = 30cm => vc=27000cm^3. apa turnata ia forma unui paralelipiped dreptunghic cu baza patrata, care fa avea formula pentru volum vp = lc^2·hn, unde lc = 30 cm, vp=14400cm^3 si hn este inaltimea pe care trebuie sa o aflam. => vp = (30cm)^2·hn => hn=vp/(900cm^2)=14400cm^3/900cm^2=16cm",16 cm,227,43,468,5,6,2,0,1,0,0,0,0,"apa dintr-un vas plin de forma unei prisme patrulatere regulate cu latura bazei de 24 cm si inaltimea de 25 cm se toarna intr-un vas de forma unui cub cu muchia de 30 cm. determinati inaltimea, la care se va ridica apa turnata."
,,"Fie expresia E(X) = (10X^2 - 5X - 15) / (4X^3 + 4X^2 - 9X - 9). Determinati valorile naturale ale lui X, pentru care valoarea expresiei E(X) este un numar natural.","10X^2 - 5X - 15 = 5(2X - 3)(X + 1)
4X^3 + 4X^2 - 9X - 9 = 4X^2(X + 1) - 9(X + 1) = (X + 1)(2X - 3)(2X + 3)
Obtinerea E(X) = 5/(2X + 3)
Obtinerea valorii lui X = 1",X = 1,4.0,Expresii algebrice,Calcul algebric,Calcul algebric,4 - avansat,fara_sursa,,"fie expresia e(x) = (10x^2 - 5x - 15) / (4x^3 + 4x^2 - 9x - 9). determinati valorile naturale ale lui x, pentru care valoarea expresiei e(x) este un numar natural.",10x^2 - 5x - 15 = 5(2x - 3)(x + 1) 4x^3 + 4x^2 - 9x - 9 = 4x^2(x + 1) - 9(x + 1) = (x + 1)(2x - 3)(2x + 3) obtinerea e(x) = 5/(2x + 3) obtinerea valorii lui x = 1,x = 1,163,32,162,5,12,18,0,0,0,0,0,0,"fie expresia e(x) = (10x^2 - 5x - 15) / (4x^3 + 4x^2 - 9x - 9). determinati valorile naturale ale lui x, pentru care valoarea expresiei e(x) este un numar natural."
,,"Fie functia f:R->R, f(x) = 2ax - 9, a ≠ 0. Determinati valorile reale ale lui a, pentru care graficul functiei f trece prin punctul A(a; a^2) si functia f este monoton descrescatoare.","Obtinerea ecuatiei 2a^2 - 9 = a^2
Rezolvarea ecuatiei 2a^2 - 9 = a^2
a^2-9=0; a^2=9; a=+-3; a=-3, deoarece functia f devine crescatoare daca a>0",a = -3,3.0,Functii cu parametru,Funcții,Funcții,3 - consolidare,fara_sursa,,"fie functia f:r->r, f(x) = 2ax - 9, a = 0. determinati valorile reale ale lui a, pentru care graficul functiei f trece prin punctul a(a; a^2) si functia f este monoton descrescatoare.","obtinerea ecuatiei 2a^2 - 9 = a^2 rezolvarea ecuatiei 2a^2 - 9 = a^2 a^2-9=0; a^2=9; a=+-3; a=-3, deoarece functia f devine crescatoare daca a>0",a = -3,183,33,144,6,4,9,0,0,0,0,1,0,"fie functia f:r->r, f(x) = 2ax - 9, a = 0. determinati valorile reale ale lui a, pentru care graficul functiei f trece prin punctul a(a; a^2) si functia f este monoton descrescatoare."
,,"Fie a = 17 - 26 si b = (-1/3)^2. Completati casetele cu numere reale, care reprezinta valorile expresiilor: a = ?, b = ?, a·b = ?",a=-9; b=(-1)^2/3(^2)=1/9; a*b=-1,-9; 1/9; -1,1.0,Operatii cu numere reale,Mulțimi numerice,Mulțimi numerice,1 - bază,fara_sursa,,"fie a = 17 - 26 si b = (-1/3)^2. completati casetele cu numere reale, care reprezinta valorile expresiilor: a = ?, b = ?, a·b = ?",a=-9; b=(-1)^2/3(^2)=1/9; a*b=-1,-9; 1/9; -1,129,28,32,11,7,11,0,0,0,0,0,0,"fie a = 17 - 26 si b = (-1/3)^2. completati casetele cu numere reale, care reprezinta valorile expresiilor: a = ?, b = ?, a·b = ?"
,,"In desenul alaturat este reprezentat un cerc cu centrul O de raza R. Coarda AB este de 8 cm si este situata la distanta de 3 cm de la punctul O. Fie K apartine (AB), astfel incat OK perpendicular AB. Scrieti in casete: a) AK = ? cm; b) R = ? cm",In triunghiul dreptunghic OKA: OA^2 = OK^2 + AK^2 => R^2 = 3^2 + 4^2 = 25 ⇒ R = 5. AK=AB/2=8/2=4cm,"4 cm, 5 cm",2.0,Geometrie - Cercul,Geometrie - Cercul,Geometrie,2 - mediu,fara_sursa,,"in desenul alaturat este reprezentat un cerc cu centrul o de raza r. coarda ab este de 8 cm si este situata la distanta de 3 cm de la punctul o. fie k apartine (ab), astfel incat ok perpendicular ab. scrieti in casete: a) ak = ? cm; b) r = ? cm",in triunghiul dreptunghic oka: oa^2 = ok^2 + ak^2 => r^2 = 3^2 + 4^2 = 25 ⇒ r = 5. ak=ab/2=8/2=4cm,"4 cm, 5 cm",244,53,98,10,2,6,0,1,0,0,0,0,"in desenul alaturat este reprezentat un cerc cu centrul o de raza r. coarda ab este de 8 cm si este situata la distanta de 3 cm de la punctul o. fie k apartine (ab), astfel incat ok perpendicular ab. scrieti in casete: a) ak = ? cm; b) r = ? cm"
,,"In desenul alaturat este reprezentat graficul functiei f:R->R, f(x) = ax^2 + bx + c, a ≠ 0. Utilizand datele din desen, scrieti in caseta una dintre expresiile ""pozitiv"" sau ""negativ"", astfel incat propozitia obtinuta sa fie adevarata: Produsul zerourilor functiei f este un numar ... ?    Graficul reprezinta o parabola cu deschiderea in jos, ceea ce indica faptul ca coeficientul a este negativ. Parabola intersecteaza axa Ox in doua puncte distincte: x1=-1; x2=2","Deoarece x1 este negativ si x2 este pozitiv, produsul lor este negativ, astfel raspunsul este ,,negativ""",negativ,1.0,Functia de gradul II,Funcția de gradul II,Funcții,1 - bază,fara_sursa,,"in desenul alaturat este reprezentat graficul functiei f:r->r, f(x) = ax^2 + bx + c, a = 0. utilizand datele din desen, scrieti in caseta una dintre expresiile ""pozitiv"" sau ""negativ"", astfel incat propozitia obtinuta sa fie adevarata: produsul zerourilor functiei f este un numar ... ? graficul reprezinta o parabola cu deschiderea in jos, ceea ce indica faptul ca coeficientul a este negativ. parabola intersecteaza axa ox in doua puncte distincte: x1=-1; x2=2","deoarece x1 este negativ si x2 este pozitiv, produsul lor este negativ, astfel raspunsul este ,,negativ""",negativ,465,74,104,7,6,11,0,0,0,0,1,0,"in desenul alaturat este reprezentat graficul functiei f:r->r, f(x) = ax^2 + bx + c, a = 0. utilizand datele din desen, scrieti in caseta una dintre expresiile ""pozitiv"" sau ""negativ"", astfel incat propozitia obtinuta sa fie adevarata: produsul zerourilor functiei f este un numar ... ? graficul reprezinta o parabola cu deschiderea in jos, ceea ce indica faptul ca coeficientul a este negativ. parabola intersecteaza axa ox in doua puncte distincte: x1=-1; x2=2"
,,O companie a utilizat 5% din fondul lunar de salariu pentru perfectionarea personalului angajat si i-au ramas 171 de mii de lei. Determinati fondul lunar de salariu al companiei.,"95% ---- 171 mii lei
100% ---- x mii lei
x = (171 · 100) / 95
x = 180 (mii lei)",180 mii lei,2.0,Procente,Procente,Rapoarte și proporții,2 - mediu,fara_sursa,,o companie a utilizat 5% din fondul lunar de salariu pentru perfectionarea personalului angajat si i-au ramas 171 de mii de lei. determinati fondul lunar de salariu al companiei.,95% ---- 171 mii lei 100% ---- x mii lei x = (171 · 100) / 95 x = 180 (mii lei),180 mii lei,178,29,79,11,4,1,1,0,0,0,0,1,o companie a utilizat 5% din fondul lunar de salariu pentru perfectionarea personalului angajat si i-au ramas 171 de mii de lei. determinati fondul lunar de salariu al companiei.
,,Calculati valoarea expresiei: 7/(243 * 9^(-3)),"243= 3^5; 9^(-3) = (3^2)^(-3) = 3^(-6)
7/(3^(5-6))=7/3^(-1)=7*3=21",21,2.0,Puteri cu exponent rational,Puteri,Mulțimi numerice,2 - mediu,fara_sursa,,calculati valoarea expresiei: 7/(243 * 9^(-3)),243= 3^5; 9^(-3) = (3^2)^(-3) = 3^(-6) 7/(3^(5-6))=7/3^(-1)=7*3=21,21,46,6,66,2,6,8,0,0,0,0,0,0,calculati valoarea expresiei: 7/(243 * 9^(-3))
,,Rezolvati in R ecuatia (2x - 1)^2 - 1 = 0.,Obtinerea ecuatiei 4x^2 - 4x =0; delta= (-4)^2-4*4*0=16; x1=(4-4)/8=0; x2=(4+4)/8=1,S = {0; 1},1.0,Ecuatie de gradul 2,Ecuații de gradul II,"Ecuații, inecuații și sisteme",1 - bază,fara_sursa,,rezolvati in r ecuatia (2x - 1)^2 - 1 = 0.,obtinerea ecuatiei 4x^2 - 4x =0; delta= (-4)^2-4*4*0=16; x1=(4-4)/8=0; x2=(4+4)/8=1,s = {0; 1},42,11,83,10,5,6,0,0,1,0,0,0,rezolvati in r ecuatia (2x - 1)^2 - 1 = 0.
,,"Intr-un trapez dreptunghic, un unghi este de 60°, iar baza mare este de 4 cm. Determinati lungimea inaltimii trapezului, daca se cunoaste ca linia mijlocie a trapezului este de 3 cm.","Intr-un trapez dreptunghic se cunoaste ca baza mare are lungimea de 4 cm, linia mijlocie are lungimea de 3 cm, iar unul dintre unghiuri este de 60°. Se cere determinarea inaltimii trapezului.

Mai intai determinam baza mica. Stim ca linia mijlocie a unui trapez este egala cu semisuma bazelor, deci avem relatia m = (𝐵+b)/2 = 3cm. Înlocuind baza mare B=4, obtinem m = (4+b)/2=3, de unde rezulta m=4+b=6, deci b=2 cm. Asadar, baza mica este de 2 cm.

In continuare determinam proiectia laturii laterale mai mari pe baza mare. Intr-un trapez dreptunghic, aceasta proiectie este egala cu diferenta dintre baza mare si baza mica. Prin urmare, avem 4−2=24−2=2 cm. Deci proiectia laturii laterale mai mari pe baza mare este de 2 cm.

Acum determinam lungimea laturii laterale mai mari. In triunghiul dreptunghic format de latura laterala oblica, proiectia ei pe baza mare si inaltimea trapezului, unghiul dintre baza mare si latura laterala mai mare este de 60°. Aplicam relatia cos60∘=proiectia/latura laterala​. Astfel, 1/2=2/l​, de unde rezulta l=4 cm. Deci latura laterala mai mare are lungimea de 4 cm.

In final determinam inaltimea trapezului. In acelasi triunghi dreptunghic aplicam teorema lui Pitagora: 𝑙^2=ℎ^2+𝑝^2, unde l=4 cm, iar p=2cm.Obtinem 42=ℎ2+22, adică 16=ℎ^2+4, de unde rezultă ℎ^2=12. Prin urmare, ℎ=sqrt(12)=2√3cm.",2√3 cm,5.0,Geometrie - Trapez,Geometrie - Trapeze,Geometrie,4 - avansat,fara_sursa,,"intr-un trapez dreptunghic, un unghi este de 60°, iar baza mare este de 4 cm. determinati lungimea inaltimii trapezului, daca se cunoaste ca linia mijlocie a trapezului este de 3 cm.","intr-un trapez dreptunghic se cunoaste ca baza mare are lungimea de 4 cm, linia mijlocie are lungimea de 3 cm, iar unul dintre unghiuri este de 60°. se cere determinarea inaltimii trapezului. mai intai determinam baza mica. stim ca linia mijlocie a unui trapez este egala cu semisuma bazelor, deci avem relatia m = (𝐵+b)/2 = 3cm. inlocuind baza mare b=4, obtinem m = (4+b)/2=3, de unde rezulta m=4+b=6, deci b=2 cm. asadar, baza mica este de 2 cm. in continuare determinam proiectia laturii laterale mai mari pe baza mare. intr-un trapez dreptunghic, aceasta proiectie este egala cu diferenta dintre baza mare si baza mica. prin urmare, avem 4-2=24-2=2 cm. deci proiectia laturii laterale mai mari pe baza mare este de 2 cm. acum determinam lungimea laturii laterale mai mari. in triunghiul dreptunghic format de latura laterala oblica, proiectia ei pe baza mare si inaltimea trapezului, unghiul dintre baza mare si latura laterala mai mare este de 60°. aplicam relatia cos60∘=proiectia/latura laterala​. astfel, 1/2=2/l​, de unde rezulta l=4 cm. deci latura laterala mai mare are lungimea de 4 cm. in final determinam inaltimea trapezului. in acelasi triunghi dreptunghic aplicam teorema lui pitagora: 𝑙^2=ℎ^2+𝑝^2, unde l=4 cm, iar p=2cm.obtinem 42=ℎ2+22, adica 16=ℎ^2+4, de unde rezulta ℎ^2=12. prin urmare, ℎ=sqrt(12)=2√3cm.",2√3 cm,182,31,1331,6,4,1,0,1,0,0,0,0,"intr-un trapez dreptunghic, un unghi este de 60°, iar baza mare este de 4 cm. determinati lungimea inaltimii trapezului, daca se cunoaste ca linia mijlocie a trapezului este de 3 cm."
,,Un numar este cu 8 mai mare decat jumatate din alt numar. Determinati numerele daca se cunoaste ca suma lor este egala cu 23.,Fie cele doua numere a si b. a = 8 + b/2 si a + b = 23. Avem 8 + b/2 + b = 23 => 16 + b + 2b = 46 => 3b = 30 => b = 10. a = 8 + 10/2 = 13,Primul numar este egal cu 13; al doilea - cu 10,2.0,Sisteme de ecuatii,Sisteme de ecuații,"Ecuații, inecuații și sisteme",2 - mediu,fara_sursa,,un numar este cu 8 mai mare decat jumatate din alt numar. determinati numerele daca se cunoaste ca suma lor este egala cu 23.,fie cele doua numere a si b. a = 8 + b/2 si a + b = 23. avem 8 + b/2 + b = 23 => 16 + b + 2b = 46 => 3b = 30 => b = 10. a = 8 + 10/2 = 13,primul numar este egal cu 13; al doilea - cu 10,125,24,137,47,3,0,0,0,0,0,0,0,un numar este cu 8 mai mare decat jumatate din alt numar. determinati numerele daca se cunoaste ca suma lor este egala cu 23.
,,"Fie functia f:R->R, f(x) = -x + 2. Determinati valorile negative ale lui x, pentru care valorile respective ale functiei f sunt mai mici decat 4.",Avem  -x + 2 < 4 si x < 0 => -x < 2 => x > -2 => -2 < x < 0,(-2; 0),2.0,Inecuatii,Inecuații,"Ecuații, inecuații și sisteme",2 - mediu,fara_sursa,,"fie functia f:r->r, f(x) = -x + 2. determinati valorile negative ale lui x, pentru care valorile respective ale functiei f sunt mai mici decat 4.",avem -x + 2 < 4 si x < 0 => -x < 2 => x > -2 => -2 < x < 0,(-2; 0),145,26,59,7,2,7,0,0,0,0,1,0,"fie functia f:r->r, f(x) = -x + 2. determinati valorile negative ale lui x, pentru care valorile respective ale functiei f sunt mai mici decat 4."
,,"Baza unei prisme drepte este un triunghi cu laturile de 5 cm, 5 cm si 6 cm, iar inaltimea prismei este de 4 cm. Determinati volumul prismei.","Se cunoaste ca V = Ab * h, unde Ab este aria bazei prismei si h este inaltime. Datorita faptului ca triunghiul care sta la baza prismei este isoscel, inaltimea imparte baza triunghiului in doua, cu lungimea de 6/2 = 3 cm. Aplicam teorema lui Pitagora => ht^2 + 3^2 = 5^2 => ht^2 = 16 => ht = 4, unde ht este inaltimea triunghiului. Ab = (b * ht)/2, unde b este baza triunghiului => Ab = (6*4)/2 = 12cm^2. Asadar, V = 12cm^2 * 4cm = 48cm^3",48 cm^3,4.0,Geometrie - Volume,Geometrie 3D,Geometrie,4 - avansat,fara_sursa,,"baza unei prisme drepte este un triunghi cu laturile de 5 cm, 5 cm si 6 cm, iar inaltimea prismei este de 4 cm. determinati volumul prismei.","se cunoaste ca v = ab * h, unde ab este aria bazei prismei si h este inaltime. datorita faptului ca triunghiul care sta la baza prismei este isoscel, inaltimea imparte baza triunghiului in doua, cu lungimea de 6/2 = 3 cm. aplicam teorema lui pitagora => ht^2 + 3^2 = 5^2 => ht^2 = 16 => ht = 4, unde ht este inaltimea triunghiului. ab = (b * ht)/2, unde b este baza triunghiului => ab = (6*4)/2 = 12cm^2. asadar, v = 12cm^2 * 4cm = 48cm^3",48 cm^3,140,27,438,7,4,0,0,1,0,0,0,0,"baza unei prisme drepte este un triunghi cu laturile de 5 cm, 5 cm si 6 cm, iar inaltimea prismei este de 4 cm. determinati volumul prismei."
,,"Simplificati fractia [(2x-3)^2 - 3x(x-4) - 13] / [x^2 - x - 6], pentru x apartine R \ {-2; 3}.","(2x - 3)^2 - 3x(x - 4) - 13 = x^2 - 4
x^2 - 4 = (x - 2)(x + 2)
x^2 - x - 6 = (x - 3)(x + 2)
Obtinerea fractiei (x - 2)/(x - 3)",(x - 2)/(x - 3),3.0,Expresii algebrice,Calcul algebric,Calcul algebric,3 - consolidare,fara_sursa,,"simplificati fractia [(2x-3)^2 - 3x(x-4) - 13] / [x^2 - x - 6], pentru x apartine r \ {-2; 3}.",(2x - 3)^2 - 3x(x - 4) - 13 = x^2 - 4 x^2 - 4 = (x - 2)(x + 2) x^2 - x - 6 = (x - 3)(x + 2) obtinerea fractiei (x - 2)/(x - 3),(x - 2)/(x - 3),94,20,126,15,11,20,0,0,0,0,0,0,"simplificati fractia [(2x-3)^2 - 3x(x-4) - 13] / [x^2 - x - 6], pentru x apartine r \ {-2; 3}."
,,"Fie functia f:R->R, f(x) = 2x + m - 1, m apartine R. Graficul functiei f intersecteaza axa Oy intr-un punct cu ordonata egala cu -3. Determinati zeroul functiei f.","Graficul functiei interseacteaza ordonata -3, atunci cand x = 0 => Avem ecuatia m - 1 = -3 => m = -2. Asadar, f(x) = 2x -3. Aflam zeroul functiei cu ajutorul ecuatiei 2x - 3 = 0 => x = 3/2 este zeroul functiei",x = 3/2,3.0,Functii,Funcții,Funcții,3 - consolidare,fara_sursa,,"fie functia f:r->r, f(x) = 2x + m - 1, m apartine r. graficul functiei f intersecteaza axa oy intr-un punct cu ordonata egala cu -3. determinati zeroul functiei f.","graficul functiei interseacteaza ordonata -3, atunci cand x = 0 => avem ecuatia m - 1 = -3 => m = -2. asadar, f(x) = 2x -3. aflam zeroul functiei cu ajutorul ecuatiei 2x - 3 = 0 => x = 3/2 este zeroul functiei",x = 3/2,163,30,209,7,3,9,0,0,0,0,1,0,"fie functia f:r->r, f(x) = 2x + m - 1, m apartine r. graficul functiei f intersecteaza axa oy intr-un punct cu ordonata egala cu -3. determinati zeroul functiei f."
,,"Fie a = 0,25 * 8 si b = 7 - 11. Completati casetele cu numere intregi: a = ?, b = ?, b/a = ?","a = 0,25 * 8 = 2; b = 7 - 11 = -4; b/a = -4/2 = -2",a = 2; b = -4; b/a = -2,1.0,Calcul aritmetic,Calcul aritmetic,Altele,1 - bază,fara_sursa,,"fie a = 0,25 * 8 si b = 7 - 11. completati casetele cu numere intregi: a = ?, b = ?, b/a = ?","a = 0,25 * 8 = 2; b = 7 - 11 = -4; b/a = -4/2 = -2",a = 2; b = -4; b/a = -2,92,26,50,23,7,8,0,0,0,0,0,0,"fie a = 0,25 * 8 si b = 7 - 11. completati casetele cu numere intregi: a = ?, b = ?, b/a = ?"
,,"In desenul alaturat DK, K apartine (AB), este bisectoarea unghiului ADC al paralelogramului ABCD, iar m(unghi DAB) = 140 grade. a) Scrieti masura unghiului ADC. b) Scrieti masura unghiului AKD.","a) In paralelogram, unghiurile alaturate sunt suplementare: m(ADC) = 180 - 140 = 40 grade. b) DK bisectoare => m(ADK) = 40/2 = 20 grade. In triunghiul AKD: m(AKD) = 180 - 140 - 20 = 20 grade.",a) m(ADC) = 40 grade; b) m(AKD) = 20 grade,1.0,Geometrie - Paralelogram,Geometrie - Paralelograme,Geometrie,1 - bază,fara_sursa,,"in desenul alaturat dk, k apartine (ab), este bisectoarea unghiului adc al paralelogramului abcd, iar m(unghi dab) = 140 grade. a) scrieti masura unghiului adc. b) scrieti masura unghiului akd.","a) in paralelogram, unghiurile alaturate sunt suplementare: m(adc) = 180 - 140 = 40 grade. b) dk bisectoare => m(adk) = 40/2 = 20 grade. in triunghiul akd: m(akd) = 180 - 140 - 20 = 20 grade.",a) m(adc) = 40 grade; b) m(akd) = 20 grade,193,30,191,42,3,7,0,1,0,0,0,0,"in desenul alaturat dk, k apartine (ab), este bisectoarea unghiului adc al paralelogramului abcd, iar m(unghi dab) = 140 grade. a) scrieti masura unghiului adc. b) scrieti masura unghiului akd."
,,"Fie functia f:R -> R, f(x) = x^2 - 4x + ?. Scrieti in caseta un numar real, astfel incat parabola sa intersecteze axa Ox in doua puncte.","Pentru 2 puncte de intersectie cu Ox, discriminantul trebuie sa fie pozitiv: Delta > 0. Delta = 16 - 4c > 0 => c < 4. Orice numar real mai mic decat 4 este corect.","Orice numar real mai mic decat 4 (ex: 3, 0, -1)",2.0,Functia de gradul II,Funcția de gradul II,Funcții,2 - mediu,fara_sursa,,"fie functia f:r -> r, f(x) = x^2 - 4x + ?. scrieti in caseta un numar real, astfel incat parabola sa intersecteze axa ox in doua puncte.","pentru 2 puncte de intersectie cu ox, discriminantul trebuie sa fie pozitiv: delta > 0. delta = 16 - 4c > 0 => c < 4. orice numar real mai mic decat 4 este corect.","orice numar real mai mic decat 4 (ex: 3, 0, -1)",136,28,163,47,2,8,0,0,0,0,1,0,"fie functia f:r -> r, f(x) = x^2 - 4x + ?. scrieti in caseta un numar real, astfel incat parabola sa intersecteze axa ox in doua puncte."
,,Un tractorist are de arat un teren de 116 hectare. In primele 6 zile a arat 87 hectare. Determinati in cate zile tractoristul va ara suprafata ramasa.,"1) Suprafata ramasa: 116 - 87 = 29 ha . 2) Schema: 87 ha - 6 zile, 29 ha - x zile. 3) Proportia: x = (29 * 6) / 87. 4) Calcul: x = 174/87 = 2 zile (2p).",2 zile,3.0,Probleme practice - Proportii,Rapoarte și proporții,Rapoarte și proporții,3 - consolidare,fara_sursa,,un tractorist are de arat un teren de 116 hectare. in primele 6 zile a arat 87 hectare. determinati in cate zile tractoristul va ara suprafata ramasa.,"1) suprafata ramasa: 116 - 87 = 29 ha . 2) schema: 87 ha - 6 zile, 29 ha - x zile. 3) proportia: x = (29 * 6) / 87. 4) calcul: x = 174/87 = 2 zile (2p).",2 zile,150,27,152,6,6,0,0,0,0,0,0,1,un tractorist are de arat un teren de 116 hectare. in primele 6 zile a arat 87 hectare. determinati in cate zile tractoristul va ara suprafata ramasa.
,,Calculati valoarea expresiei: (1/3)^(-25) * 9^(-12) + (1/3)^0,(3^25)∙(3^(-24))+1=4,4,2.0,Expresii algebrice - Puteri,Puteri,Mulțimi numerice,2 - mediu,fara_sursa,,calculati valoarea expresiei: (1/3)^(-25) * 9^(-12) + (1/3)^0,(3^25)∙(3^(-24))+1=4,4,61,8,20,1,10,17,0,0,0,0,0,0,calculati valoarea expresiei: (1/3)^(-25) * 9^(-12) + (1/3)^0
,,Determinati inversul solutiei reale nenule a ecuatiei 4x^2 - 3x = 0.,1) Rezolvam ecuatia: 4x^2 - 3x = 0 => x(4x - 3) = 0. 2) Solutii: x = 0 sau x = 3/4. 3) Solutia nenula: x = 3/4. 4) Inversul lui 3/4 este 4/3.,4/3,2.0,Ecuatii de gradul II,Ecuații de gradul II,"Ecuații, inecuații și sisteme",2 - mediu,fara_sursa,,determinati inversul solutiei reale nenule a ecuatiei 4x^2 - 3x = 0.,1) rezolvam ecuatia: 4x^2 - 3x = 0 => x(4x - 3) = 0. 2) solutii: x = 0 sau x = 3/4. 3) solutia nenula: x = 3/4. 4) inversul lui 3/4 este 4/3.,4/3,68,12,141,3,4,3,0,0,1,0,0,0,determinati inversul solutiei reale nenule a ecuatiei 4x^2 - 3x = 0.
,,Lungimea unui cerc este de 26*pi cm. La distanta 5 cm de la centrul cercului este dusa o coarda. Determinati lungimea coardei.,1) Din C = 2*pi*r = 26*pi => r = 13 cm. 2) Distanta de la centru la coarda d = 5 cm. 3) Jumatatea coardei: sqrt(r^2 - d^2) = sqrt(169 - 25) = sqrt(144) = 12 cm. 4) Lungimea coardei: 2 * 12 = 24 cm.,24 cm,4.0,Geometrie - Cercul,Geometrie - Cercul,Geometrie,4 - avansat,fara_sursa,,lungimea unui cerc este de 26*pi cm. la distanta 5 cm de la centrul cercului este dusa o coarda. determinati lungimea coardei.,1) din c = 2*pi*r = 26*pi => r = 13 cm. 2) distanta de la centru la coarda d = 5 cm. 3) jumatatea coardei: sqrt(r^2 - d^2) = sqrt(169 - 25) = sqrt(144) = 12 cm. 4) lungimea coardei: 2 * 12 = 24 cm.,24 cm,126,22,197,5,3,1,0,1,0,0,0,0,lungimea unui cerc este de 26*pi cm. la distanta 5 cm de la centrul cercului este dusa o coarda. determinati lungimea coardei.
,,"Ilinca si Bogdan au strans impreuna 68 de ciuperci. Pentru a avea un numar egal de ciuperci, Bogdan i-a dat Ilincai 6 ciuperci. Determinati cate ciuperci a strans fiecare.","1) Fie I = ciupercile Ilincai, B = ciupercile lui Bogdan. 2) Sistemul: I + B = 68 si B - 6 = I + 6. 3) Din ecuatia 2: B - I = 12. 4) Rezolvare: B = 40, I = 28.","Bogdan: 40 ciuperci, Ilinca: 28 ciuperci",3.0,Sisteme de ecuatii,Sisteme de ecuații,"Ecuații, inecuații și sisteme",3 - consolidare,fara_sursa,,"ilinca si bogdan au strans impreuna 68 de ciuperci. pentru a avea un numar egal de ciuperci, bogdan i-a dat ilincai 6 ciuperci. determinati cate ciuperci a strans fiecare.","1) fie i = ciupercile ilincai, b = ciupercile lui bogdan. 2) sistemul: i + b = 68 si b - 6 = i + 6. 3) din ecuatia 2: b - i = 12. 4) rezolvare: b = 40, i = 28.","bogdan: 40 ciuperci, ilinca: 28 ciuperci",171,29,159,40,3,1,0,0,0,0,0,0,"ilinca si bogdan au strans impreuna 68 de ciuperci. pentru a avea un numar egal de ciuperci, bogdan i-a dat ilincai 6 ciuperci. determinati cate ciuperci a strans fiecare."
,,"Fie functia f:D -> R, f(x) = sqrt(3 - 2x). Determinati valorile reale ale lui x din domeniul D, astfel incat 2x > x.",1) Conditia pentru domeniu: 3 - 2x >= 0 => x <= 3/2. 2) Conditia 2x > x => x > 0. 3) Intersectia: x apartine (0; 3/2] .,x apartine (0; 3/2],3.0,Functii irationale,Funcții,Funcții,3 - consolidare,fara_sursa,,"fie functia f:d -> r, f(x) = sqrt(3 - 2x). determinati valorile reale ale lui x din domeniul d, astfel incat 2x > x.",1) conditia pentru domeniu: 3 - 2x >= 0 => x <= 3/2. 2) conditia 2x > x => x > 0. 3) intersectia: x apartine (0; 3/2] .,x apartine (0; 3/2],116,24,119,19,3,9,0,0,0,1,1,0,"fie functia f:d -> r, f(x) = sqrt(3 - 2x). determinati valorile reale ale lui x din domeniul d, astfel incat 2x > x."
,,O prisma dreapta are baza un triunghi dreptunghic cu catetele de 3 cm si 4 cm. Aria laterala a prismei este egala cu 24 cm^2. Determinati inaltimea prismei.,1) Ipotenuza bazei: sqrt(3^2 + 4^2) = sqrt(25) = 5 cm. 2) Perimetrul bazei: P = 3 + 4 + 5 = 12 cm. 3) Aria laterala: Al = P * h => 24 = 12 * h. 4) Inaltimea: h = 24/12 = 2 cm.,h = 2 cm,4.0,Geometrie - Prisme,Geometrie 3D,Geometrie,4 - avansat,fara_sursa,,o prisma dreapta are baza un triunghi dreptunghic cu catetele de 3 cm si 4 cm. aria laterala a prismei este egala cu 24 cm^2. determinati inaltimea prismei.,1) ipotenuza bazei: sqrt(3^2 + 4^2) = sqrt(25) = 5 cm. 2) perimetrul bazei: p = 3 + 4 + 5 = 12 cm. 3) aria laterala: al = p * h => 24 = 12 * h. 4) inaltimea: h = 24/12 = 2 cm.,h = 2 cm,156,28,175,8,5,1,0,1,0,0,0,0,o prisma dreapta are baza un triunghi dreptunghic cu catetele de 3 cm si 4 cm. aria laterala a prismei este egala cu 24 cm^2. determinati inaltimea prismei.
,,"Fie expresia E(X) = (2X^3 + 3X^2 - 2X) / ((2X+1)(1-X)-1). Aratati ca pentru orice valoare naturala nenula a lui X, valoarea E(X) este un numar intreg negativ.","1) Numaratorul: 2X^3 + 3X^2 - 2X = X(2X-1)(X+2). 2) Numitorul: (2X+1)(1-X) - 1 = -X(2X-1). 3) Simplificare: E(X) = -(X+2). 4) Pentru X natural nenul, E(X) < 0.","E(X) = -(X+2), intreg negativ pentru X natural nenul",5.0,Expresii algebrice - Simplificare,Calcul algebric,Calcul algebric,4 - avansat,fara_sursa,,"fie expresia e(x) = (2x^3 + 3x^2 - 2x) / ((2x+1)(1-x)-1). aratati ca pentru orice valoare naturala nenula a lui x, valoarea e(x) este un numar intreg negativ.","1) numaratorul: 2x^3 + 3x^2 - 2x = x(2x-1)(x+2). 2) numitorul: (2x+1)(1-x) - 1 = -x(2x-1). 3) simplificare: e(x) = -(x+2). 4) pentru x natural nenul, e(x) < 0.","e(x) = -(x+2), intreg negativ pentru x natural nenul",158,28,159,52,9,21,0,0,0,0,0,0,"fie expresia e(x) = (2x^3 + 3x^2 - 2x) / ((2x+1)(1-x)-1). aratati ca pentru orice valoare naturala nenula a lui x, valoarea e(x) este un numar intreg negativ."
,,"Capitalul f al unei companii este descris de functia f(x) = mx + 3, unde x >= 0 este numarul de ani de activitate. La 2 ani de activitate, capitalul era de 7 mln lei. Determinati la cati ani capitalul va fi de 21 mln lei.",1) Din f(2) = 7: 2m + 3 = 7 => m = 2. 2) Functia: f(x) = 2x + 3. 3) Pentru f(x) = 21: 2x + 3 = 21. 4) Rezolvare: 2x = 18 => x = 9 ani.,9 ani,5.0,Functii liniare,Funcții liniare,Funcții,4 - avansat,fara_sursa,,"capitalul f al unei companii este descris de functia f(x) = mx + 3, unde x >= 0 este numarul de ani de activitate. la 2 ani de activitate, capitalul era de 7 mln lei. determinati la cati ani capitalul va fi de 21 mln lei.",1) din f(2) = 7: 2m + 3 = 7 => m = 2. 2) functia: f(x) = 2x + 3. 3) pentru f(x) = 21: 2x + 3 = 21. 4) rezolvare: 2x = 18 => x = 9 ani.,9 ani,221,46,134,5,6,6,0,0,0,0,1,1,"capitalul f al unei companii este descris de functia f(x) = mx + 3, unde x >= 0 este numarul de ani de activitate. la 2 ani de activitate, capitalul era de 7 mln lei. determinati la cati ani capitalul va fi de 21 mln lei."
