Sursa,Itemul,Problema,Pasii de rezolvare,Raspunsul,Dificultate,Tema,Tema_norm,Domeniu,Dificultate_group,Sursa_type,Sursa_year,Problema_clean,Pasi_clean,Raspuns_clean,problem_chars,problem_words,steps_chars,answer_chars,n_digits,n_math_symbols,has_percent,has_geometry_word,has_equation_word,has_radical,has_function_word,has_real_life_context,problem_hash
Exersare Test 1 - 2022,1.0,"Fie a = 25/3 : 15/9 si b = -8 + 3. Completati cu numere reale, astfel incat propozitia obtinuta sa fie adevarata: a = ?, b = ?, a · b = ?",Se calculeaza a = (25/3) : (15/9) = (25/3) × (9/15) = 225/45 = 5; b = -8 + 3 = -5; a · b = 5 × (-5) = -25,"a = 5, b = -5, a · b = -25",1,Numere reale,Mulțimi numerice,Mulțimi numerice,1 - bază,exersare,2022.0,"fie a = 25/3 : 15/9 si b = -8 + 3. completati cu numere reale, astfel incat propozitia obtinuta sa fie adevarata: a = ?, b = ?, a · b = ?",se calculeaza a = (25/3) : (15/9) = (25/3) × (9/15) = 225/45 = 5; b = -8 + 3 = -5; a · b = 5 × (-5) = -25,"a = 5, b = -5, a · b = -25",137,34,105,26,8,9,0,0,0,0,0,0,"fie a = 25/3 : 15/9 si b = -8 + 3. completati cu numere reale, astfel incat propozitia obtinuta sa fie adevarata: a = ?, b = ?, a · b = ?"
Exersare Test 1 - 2022,2.0,"In desenul alaturat este reprezentat triunghiul ABC, in care AB = BC, m(∠ABC) = 100°, iar CK este bisectoare. Scrieti masura in grade a unghiului ACK: m(∠ACK) = ?",Triunghi isoscel AB=BC => ∠BAC = ∠BCA = (180° - 100°)/2 = 40°. CK bisectoare => ∠ACK = 40°/2 = 20°,20°,2,Geometrie - Triunghiuri,Geometrie - Triunghiuri,Geometrie,2 - mediu,exersare,2022.0,"in desenul alaturat este reprezentat triunghiul abc, in care ab = bc, m(∠abc) = 100°, iar ck este bisectoare. scrieti masura in grade a unghiului ack: m(∠ack) = ?",triunghi isoscel ab=bc => ∠bac = ∠bca = (180° - 100°)/2 = 40°. ck bisectoare => ∠ack = 40°/2 = 20°,20°,162,29,98,3,3,7,0,1,0,0,0,0,"in desenul alaturat este reprezentat triunghiul abc, in care ab = bc, m(∠abc) = 100°, iar ck este bisectoare. scrieti masura in grade a unghiului ack: m(∠ack) = ?"
Exersare Test 1 - 2022,3.0,"Se considera functia f: R → R, f(x) = -3x + 7. Scrieti in spatiul liber una dintre expresiile 'strict crescatoare' sau 'strict descrescatoare', astfel incat propozitia obtinuta sa fie adevarata: Functia f este ... pe R","Coeficientul lui x este -3 < 0, deci functia este strict descrescatoare",strict descrescatoare,1,Functii,Funcții,Funcții,1 - bază,exersare,2022.0,"se considera functia f: r → r, f(x) = -3x + 7. scrieti in spatiul liber una dintre expresiile 'strict crescatoare' sau 'strict descrescatoare', astfel incat propozitia obtinuta sa fie adevarata: functia f este ... pe r","coeficientul lui x este -3 < 0, deci functia este strict descrescatoare",strict descrescatoare,218,37,71,21,2,5,0,0,0,0,1,0,"se considera functia f: r → r, f(x) = -3x + 7. scrieti in spatiul liber una dintre expresiile 'strict crescatoare' sau 'strict descrescatoare', astfel incat propozitia obtinuta sa fie adevarata: functia f este ... pe r"
Exersare Test 1 - 2022,4.0,"Intr-o zi de luni vanzarile unui magazin au fost de 10200 lei, iar marti - de 11730 lei. Determinati cu cate procente au crescut vanzarile",Cresterea = 11730 - 10200 = 1530 lei. Procentul = (1530 × 100) / 10200 = 15%,0.15,1,Procente,Procente,Rapoarte și proporții,1 - bază,exersare,2022.0,"intr-o zi de luni vanzarile unui magazin au fost de 10200 lei, iar marti - de 11730 lei. determinati cu cate procente au crescut vanzarile",cresterea = 11730 - 10200 = 1530 lei. procentul = (1530 × 100) / 10200 = 15%,0.15,138,25,76,4,10,2,1,0,0,0,0,1,"intr-o zi de luni vanzarile unui magazin au fost de 10200 lei, iar marti - de 11730 lei. determinati cu cate procente au crescut vanzarile"
Exersare Test 1 - 2022,5.0,Calculati valoarea expresiei: √20/(√7-√5) - √35,Rationalizam: √20/(√7-√5) × (√7+√5)/(√7+√5) = √20(√7+√5)/2 = √5(√7+√5) = √35 + 5. Rezultat: √35 + 5 - √35 = 5,5.0,2,Radicali,Radicali,Mulțimi numerice,2 - mediu,exersare,2022.0,calculati valoarea expresiei: √20/(√7-√5) - √35,rationalizam: √20/(√7-√5) × (√7+√5)/(√7+√5) = √20(√7+√5)/2 = √5(√7+√5) = √35 + 5. rezultat: √35 + 5 - √35 = 5,5.0,47,6,109,3,6,9,0,0,0,1,0,0,calculati valoarea expresiei: √20/(√7-√5) - √35
Exersare Test 1 - 2022,6.0,Fie A multimea solutiilor reale ale ecuatiei 3x² + 5x - 2 = 0. Determinati multimea A \ Z (A fara Z),"Δ = 25 + 24 = 49. x₁ = (-5+7)/6 = 1/3; x₂ = (-5-7)/6 = -2. A = {1/3, -2}. A \ Z = {1/3}",{1/3},1,Ecuatii de gradul II,Ecuații de gradul II,"Ecuații, inecuații și sisteme",1 - bază,exersare,2022.0,fie a multimea solutiilor reale ale ecuatiei 3x² + 5x - 2 = 0. determinati multimea a \ z (a fara z),"δ = 25 + 24 = 49. x₁ = (-5+7)/6 = 1/3; x₂ = (-5-7)/6 = -2. a = {1/3, -2}. a \ z = {1/3}",{1/3},100,22,87,5,4,5,0,0,1,0,0,0,fie a multimea solutiilor reale ale ecuatiei 3x² + 5x - 2 = 0. determinati multimea a \ z (a fara z)
Exersare Test 1 - 2022,7.0,"Fie ABCD un paralelogram, in care m(∠BAD) = 30°, iar inaltimea BK este de 3√3 cm si imparte latura AD in doua segmente congruente. Determinati aria paralelogramului ABCD","In triunghiul ABK: ∠BAK = 30°, BK = 3√3. AK = BK/tan(30°) = 9. AD = 2×AK = 18. Aria = AD × BK = 18 × 3√3 = 54√3 cm²",54√3 cm²,3,Geometrie - Arii,Geometrie - Arii,Geometrie,3 - consolidare,exersare,2022.0,"fie abcd un paralelogram, in care m(∠bad) = 30°, iar inaltimea bk este de 3√3 cm si imparte latura ad in doua segmente congruente. determinati aria paralelogramului abcd","in triunghiul abk: ∠bak = 30°, bk = 3√3. ak = bk/tan(30°) = 9. ad = 2×ak = 18. aria = ad × bk = 18 × 3√3 = 54√3 cm²",54√3 cm²,169,28,115,8,4,4,0,1,0,1,0,0,"fie abcd un paralelogram, in care m(∠bad) = 30°, iar inaltimea bk este de 3√3 cm si imparte latura ad in doua segmente congruente. determinati aria paralelogramului abcd"
Exersare Test 1 - 2022,8.0,"Ion si Maria au primit de la parinti sume egale de bani pentru a cumpara martisoare. Ion a cumparat martisoare de cate 8 lei fiecare si i-au ramas 3 lei, iar Maria a cumparat martisoare de cate 6 lei fiecare si i-a ramas 1 leu. Determinati cate martisoare a cumparat Ion si cate a cumparat Maria, daca impreuna au cumparat 12 martisoare","Fie x = nr martisoare Ion, y = nr martisoare Maria. x + y = 12; 8x + 3 = 6y + 1 => 4x - 3y = -1. Inlocuim y = 12 - x: 7x = 35 => x = 5, y = 7","Ion: 5, Maria: 7",2,Sisteme de ecuatii,Sisteme de ecuații,"Ecuații, inecuații și sisteme",2 - mediu,exersare,2022.0,"ion si maria au primit de la parinti sume egale de bani pentru a cumpara martisoare. ion a cumparat martisoare de cate 8 lei fiecare si i-au ramas 3 lei, iar maria a cumparat martisoare de cate 6 lei fiecare si i-a ramas 1 leu. determinati cate martisoare a cumparat ion si cate a cumparat maria, daca impreuna au cumparat 12 martisoare","fie x = nr martisoare ion, y = nr martisoare maria. x + y = 12; 8x + 3 = 6y + 1 => 4x - 3y = -1. inlocuim y = 12 - x: 7x = 35 => x = 5, y = 7","ion: 5, maria: 7",336,62,141,16,6,2,0,0,0,0,0,1,"ion si maria au primit de la parinti sume egale de bani pentru a cumpara martisoare. ion a cumparat martisoare de cate 8 lei fiecare si i-au ramas 3 lei, iar maria a cumparat martisoare de cate 6 lei fiecare si i-a ramas 1 leu. determinati cate martisoare a cumparat ion si cate a cumparat maria, daca impreuna au cumparat 12 martisoare"
Exersare Test 1 - 2022,9.0,"Fie functia f: R → R, f(x) = -3x. Determinati valorile reale ale lui x, pentru care f(x) < x + f(-1)",f(-1) = -3×(-1) = 3. Inecuatia: -3x < x + 3 => -4x < 3 => x > -3/4,(-3/4; +∞),3,Inecuatii,Inecuații,"Ecuații, inecuații și sisteme",3 - consolidare,exersare,2022.0,"fie functia f: r → r, f(x) = -3x. determinati valorile reale ale lui x, pentru care f(x) < x + f(-1)",f(-1) = -3×(-1) = 3. inecuatia: -3x < x + 3 => -4x < 3 => x > -3/4,(-3/4; +∞),100,22,66,10,2,11,0,0,0,0,1,0,"fie functia f: r → r, f(x) = -3x. determinati valorile reale ale lui x, pentru care f(x) < x + f(-1)"
Exersare Test 1 - 2022,10.0,Din 27 de cubulete cu muchia de 2 cm Ion a construit un cub. Determinati lungimea muchiei cubului construit,Volumul unui cubuleț = 2³ = 8 cm³. Volumul total = 27 × 8 = 216 cm³. Muchia cubului mare: a³ = 216 => a = 6 cm,6 cm,2,Geometrie - Volume,Geometrie 3D,Geometrie,2 - mediu,exersare,2022.0,din 27 de cubulete cu muchia de 2 cm ion a construit un cub. determinati lungimea muchiei cubului construit,volumul unui cubulet = 2³ = 8 cm³. volumul total = 27 × 8 = 216 cm³. muchia cubului mare: a³ = 216 => a = 6 cm,6 cm,107,19,110,4,3,0,0,1,0,0,0,0,din 27 de cubulete cu muchia de 2 cm ion a construit un cub. determinati lungimea muchiei cubului construit
Exersare Test 1 - 2022,11.0,"Fie expresia E(X) = (1/(X-4)) : ((X+4)/(4X-16)) + (X²-4X)/(X²-16). Aratati ca E(X) = 1, pentru orice X ∈ R \ {-4; 4}",Simplificam: 4X-16 = 4(X-4); X²-16 = (X-4)(X+4); X²-4X = X(X-4). Prima fractie: 4/(X+4). A doua: X/(X+4). E(X) = (4+X)/(X+4) = 1,E(X) = 1,3,Expresii algebrice,Calcul algebric,Calcul algebric,3 - consolidare,exersare,2022.0,"fie expresia e(x) = (1/(x-4)) : ((x+4)/(4x-16)) + (x²-4x)/(x²-16). aratati ca e(x) = 1, pentru orice x ∈ r \ {-4; 4}",simplificam: 4x-16 = 4(x-4); x²-16 = (x-4)(x+4); x²-4x = x(x-4). prima fractie: 4/(x+4). a doua: x/(x+4). e(x) = (4+x)/(x+4) = 1,e(x) = 1,116,22,128,8,12,32,0,0,0,0,0,0,"fie expresia e(x) = (1/(x-4)) : ((x+4)/(4x-16)) + (x²-4x)/(x²-16). aratati ca e(x) = 1, pentru orice x ∈ r \ {-4; 4}"
Exersare Test 1 - 2022,12.0,"Fie functia f: R → R, f(x) = mx² + x - m² + 2. Determinati valorile reale ale lui m, pentru care graficul functiei f este o parabola, care trece prin punctul A(-1; 1)","Parabola => m ≠ 0. f(-1) = 1 => m - 1 - m² + 2 = 1 => -m² + m = 0 => m(1-m) = 0. Cum m ≠ 0, rezulta m = 1",m = 1,3,Functia de gradul II,Funcția de gradul II,Funcții,3 - consolidare,exersare,2022.0,"fie functia f: r → r, f(x) = mx² + x - m² + 2. determinati valorile reale ale lui m, pentru care graficul functiei f este o parabola, care trece prin punctul a(-1; 1)","parabola => m = 0. f(-1) = 1 => m - 1 - m² + 2 = 1 => -m² + m = 0 => m(1-m) = 0. cum m = 0, rezulta m = 1",m = 1,166,35,105,5,3,9,0,0,0,0,1,0,"fie functia f: r → r, f(x) = mx² + x - m² + 2. determinati valorile reale ale lui m, pentru care graficul functiei f este o parabola, care trece prin punctul a(-1; 1)"
Exersare Test 1 - 2023,1.0,"Fie a = -21 + 13 si b = (-1/2)^3. Completati casetele cu numere reale, astfel incat propozitia obtinuta sa fie adevarata: a = ?, b = ?, a·b = ?",Se calculeaza a=-8; b=((-1)^3)/(2^3)=-1/8; a·b=(-8)·(-1/8)=1,-8; -1/8; 1,1,Operatii cu numere reale,Mulțimi numerice,Mulțimi numerice,1 - bază,exersare,2023.0,"fie a = -21 + 13 si b = (-1/2)^3. completati casetele cu numere reale, astfel incat propozitia obtinuta sa fie adevarata: a = ?, b = ?, a·b = ?",se calculeaza a=-8; b=((-1)^3)/(2^3)=-1/8; a·b=(-8)·(-1/8)=1,-8; -1/8; 1,143,31,60,11,7,12,0,0,0,0,0,0,"fie a = -21 + 13 si b = (-1/2)^3. completati casetele cu numere reale, astfel incat propozitia obtinuta sa fie adevarata: a = ?, b = ?, a·b = ?"
Exersare Test 1 - 2023,2.0,Fie un paralelogram. Unul dintre unghiuri este egal cu (3x+20)° iar celalat unghi este egal cu x°. Determina valoarea lui x,"Se stie ca unghiurile alaturate (consecutive) sunt suplimentare, adica suma lor este 180°. Se calculeaza ecuatia x+3x+20=180 => 4x=160 => x=40°",40°,1,Paralelogram,Geometrie - Paralelograme,Geometrie,1 - bază,exersare,2023.0,fie un paralelogram. unul dintre unghiuri este egal cu (3x+20)° iar celalat unghi este egal cu x°. determina valoarea lui x,"se stie ca unghiurile alaturate (consecutive) sunt suplimentare, adica suma lor este 180°. se calculeaza ecuatia x+3x+20=180 => 4x=160 => x=40°",40°,123,21,143,3,3,3,0,1,0,0,0,0,fie un paralelogram. unul dintre unghiuri este egal cu (3x+20)° iar celalat unghi este egal cu x°. determina valoarea lui x
Exersare Test 1 - 2023,4.0,"La o promotie, pentru fiecare a doua carte cu acelasi titlu se aplica o reducere de 25%. Mihai a cumparat 2 carti cu acelasi titlu si a achitat 350 de lei. Determinati pretul cartii fara reducere.","350 lei ---- 175%
x lei ---- 100%
x = (350·100)/175
x = 200 (lei)",200 lei,3,Procente,Procente,Rapoarte și proporții,3 - consolidare,exersare,2023.0,"la o promotie, pentru fiecare a doua carte cu acelasi titlu se aplica o reducere de 25%. mihai a cumparat 2 carti cu acelasi titlu si a achitat 350 de lei. determinati pretul cartii fara reducere.",350 lei ---- 175% x lei ---- 100% x = (350·100)/175 x = 200 (lei),200 lei,196,36,65,7,6,0,1,0,0,0,0,1,"la o promotie, pentru fiecare a doua carte cu acelasi titlu se aplica o reducere de 25%. mihai a cumparat 2 carti cu acelasi titlu si a achitat 350 de lei. determinati pretul cartii fara reducere."
Exersare Test 1 - 2023,5.0,Calculati valoarea expresiei ((25^(-3))·(5^9))/(124+5^0),"25^(-3) = 5^(-6)
5^0 = 1
125 = 5^3
5^(-6)·5^9/5^3= 5^(-6+9-3)=5^0=1",1.0,2,Puteri cu exponent intreg,Puteri,Mulțimi numerice,2 - mediu,exersare,2023.0,calculati valoarea expresiei ((25^(-3))·(5^9))/(124+5^0),25^(-3) = 5^(-6) 5^0 = 1 125 = 5^3 5^(-6)·5^9/5^3= 5^(-6+9-3)=5^0=1,1.0,56,4,67,3,10,16,0,0,0,0,0,0,calculati valoarea expresiei ((25^(-3))·(5^9))/(124+5^0)
Exersare Test 1 - 2023,6.0,"Determinati solutiile reale ale ecuatiei 3x^2 + 4x - 4 = 0, care apartin intervalului [-sqrt(2); sqrt(2)].","Δ = 64, x1 = -2, x2 = 2/3 ; -2<(-sqrt(2)) => x1 nu apartine intervalului, doar x2 apartine",2026-03-02 00:00:00,1,Ecuatii de gradul II,Ecuații de gradul II,"Ecuații, inecuații și sisteme",1 - bază,exersare,2023.0,"determinati solutiile reale ale ecuatiei 3x^2 + 4x - 4 = 0, care apartin intervalului [-sqrt(2); sqrt(2)].","δ = 64, x1 = -2, x2 = 2/3 ; -2<(-sqrt(2)) => x1 nu apartine intervalului, doar x2 apartine",2026-03-02 00:00:00,106,17,90,19,7,11,0,0,1,1,0,0,"determinati solutiile reale ale ecuatiei 3x^2 + 4x - 4 = 0, care apartin intervalului [-sqrt(2); sqrt(2)]."
Exersare Test 1 - 2023,7.0,Intr-un cerc cu raza de 6 cm este dusa coarda AB congruenta cu raza. Determinati distanta de la centrul cercului la coarda AB.,"Construirea triunghiului OAB si a inaltimii OH, unde O este centrul cercului
AH = 3 cm
Obtinerea OH = 3√3 cm",3√3 cm,3,Geometrie - Cercul,Geometrie - Cercul,Geometrie,3 - consolidare,exersare,2023.0,intr-un cerc cu raza de 6 cm este dusa coarda ab congruenta cu raza. determinati distanta de la centrul cercului la coarda ab.,"construirea triunghiului oab si a inaltimii oh, unde o este centrul cercului ah = 3 cm obtinerea oh = 3√3 cm",3√3 cm,126,23,108,6,1,1,0,1,0,0,0,0,intr-un cerc cu raza de 6 cm este dusa coarda ab congruenta cu raza. determinati distanta de la centrul cercului la coarda ab.
Exersare Test 1 - 2023,8.0,"Distanta dintre doua localitati este de 200 km. Din aceste localitati in acelasi timp s-au pornit unul in intampinarea celuilalt un autoturism si un tractor, autoturismul avand viteza de 3 ori mai mare decat viteza tractorului. Determinati viteza autoturismului si viteza tractorului, daca se cunoaste ca ele s-au intalnit peste 2 ore.","Se alcatuieste sistemul de ecuatii: va = 3vt si va·t + vt·t=200, unde t=2h, va=viteza autoturismului si vt= viteza tractorului. Prin urmare, avem: va=3·vt si 2·(va + vt)=200=>2·4vt=200=>vt=25km/h=>va=3·25km/h=75km/h","Viteza autoturismului este de 75 km/h, iar viteza tractorului - 25 km/h",5,Sisteme de ecuatii,Sisteme de ecuații,"Ecuații, inecuații și sisteme",4 - avansat,exersare,2023.0,"distanta dintre doua localitati este de 200 km. din aceste localitati in acelasi timp s-au pornit unul in intampinarea celuilalt un autoturism si un tractor, autoturismul avand viteza de 3 ori mai mare decat viteza tractorului. determinati viteza autoturismului si viteza tractorului, daca se cunoaste ca ele s-au intalnit peste 2 ore.","se alcatuieste sistemul de ecuatii: va = 3vt si va·t + vt·t=200, unde t=2h, va=viteza autoturismului si vt= viteza tractorului. prin urmare, avem: va=3·vt si 2·(va + vt)=200=>2·4vt=200=>vt=25km/h=>va=3·25km/h=75km/h","viteza autoturismului este de 75 km/h, iar viteza tractorului - 25 km/h",335,52,215,71,5,2,0,0,0,0,0,1,"distanta dintre doua localitati este de 200 km. din aceste localitati in acelasi timp s-au pornit unul in intampinarea celuilalt un autoturism si un tractor, autoturismul avand viteza de 3 ori mai mare decat viteza tractorului. determinati viteza autoturismului si viteza tractorului, daca se cunoaste ca ele s-au intalnit peste 2 ore."
Exersare Test 1 - 2023,9.0,"Fie functia f:R->R, f(x) = -2x + 10. Determinati valorile lui x, care sunt patrate perfecte si pentru care f(x) + f(2) >= x + 2.","f(2) = 6
Obtinerea inecuatiei -2x + 10 + 6 >= x + 2
Rezolvarea inecuatiei -2x + 10 + 6 >= x + 2
Scrierea raspunsului corect","{0, 1, 4}",3,Inecuatii,Inecuații,"Ecuații, inecuații și sisteme",3 - consolidare,exersare,2023.0,"fie functia f:r->r, f(x) = -2x + 10. determinati valorile lui x, care sunt patrate perfecte si pentru care f(x) + f(2) >= x + 2.",f(2) = 6 obtinerea inecuatiei -2x + 10 + 6 >= x + 2 rezolvarea inecuatiei -2x + 10 + 6 >= x + 2 scrierea raspunsului corect,"{0, 1, 4}",128,26,123,9,5,15,0,0,0,0,1,0,"fie functia f:r->r, f(x) = -2x + 10. determinati valorile lui x, care sunt patrate perfecte si pentru care f(x) + f(2) >= x + 2."
Exersare Test 1 - 2023,10.0,"Apa dintr-un vas plin de forma unei prisme patrulatere regulate cu latura bazei de 24 cm si inaltimea de 25 cm se toarna intr-un vas de forma unui cub cu muchia de 30 cm. Determinati inaltimea, la care se va ridica apa turnata.","Se stie ca volumui prismei patrulatere regulate este Vp = l^2 · h. Din conditie, stim ca l = 24cm si h = 25cm => Vp = (24cm)^2 · 25cm = 14400cm^3. Volumul cubului este Vc = lc^3, unde lc = 30cm => Vc=27000cm^3. Apa turnata ia forma unui paralelipiped dreptunghic cu baza patrata, care fa avea formula pentru volum Vp = lc^2·hn, unde lc = 30 cm, Vp=14400cm^3 si hn este inaltimea pe care trebuie sa o aflam. => Vp = (30cm)^2·hn => hn=Vp/(900cm^2)=14400cm^3/900cm^2=16cm",16 cm,5,Geometrie - Volume,Geometrie 3D,Geometrie,4 - avansat,exersare,2023.0,"apa dintr-un vas plin de forma unei prisme patrulatere regulate cu latura bazei de 24 cm si inaltimea de 25 cm se toarna intr-un vas de forma unui cub cu muchia de 30 cm. determinati inaltimea, la care se va ridica apa turnata.","se stie ca volumui prismei patrulatere regulate este vp = l^2 · h. din conditie, stim ca l = 24cm si h = 25cm => vp = (24cm)^2 · 25cm = 14400cm^3. volumul cubului este vc = lc^3, unde lc = 30cm => vc=27000cm^3. apa turnata ia forma unui paralelipiped dreptunghic cu baza patrata, care fa avea formula pentru volum vp = lc^2·hn, unde lc = 30 cm, vp=14400cm^3 si hn este inaltimea pe care trebuie sa o aflam. => vp = (30cm)^2·hn => hn=vp/(900cm^2)=14400cm^3/900cm^2=16cm",16 cm,227,43,468,5,6,2,0,1,0,0,0,0,"apa dintr-un vas plin de forma unei prisme patrulatere regulate cu latura bazei de 24 cm si inaltimea de 25 cm se toarna intr-un vas de forma unui cub cu muchia de 30 cm. determinati inaltimea, la care se va ridica apa turnata."
Exersare Test 1 - 2023,11.0,"Fie expresia E(X) = (10X^2 - 5X - 15) / (4X^3 + 4X^2 - 9X - 9). Determinati valorile naturale ale lui X, pentru care valoarea expresiei E(X) este un numar natural.","10X^2 - 5X - 15 = 5(2X - 3)(X + 1)
4X^3 + 4X^2 - 9X - 9 = 4X^2(X + 1) - 9(X + 1) = (X + 1)(2X - 3)(2X + 3)
Obtinerea E(X) = 5/(2X + 3)
Obtinerea valorii lui X = 1",X = 1,4,Expresii algebrice,Calcul algebric,Calcul algebric,4 - avansat,exersare,2023.0,"fie expresia e(x) = (10x^2 - 5x - 15) / (4x^3 + 4x^2 - 9x - 9). determinati valorile naturale ale lui x, pentru care valoarea expresiei e(x) este un numar natural.",10x^2 - 5x - 15 = 5(2x - 3)(x + 1) 4x^3 + 4x^2 - 9x - 9 = 4x^2(x + 1) - 9(x + 1) = (x + 1)(2x - 3)(2x + 3) obtinerea e(x) = 5/(2x + 3) obtinerea valorii lui x = 1,x = 1,163,32,162,5,12,18,0,0,0,0,0,0,"fie expresia e(x) = (10x^2 - 5x - 15) / (4x^3 + 4x^2 - 9x - 9). determinati valorile naturale ale lui x, pentru care valoarea expresiei e(x) este un numar natural."
Exersare Test 1 - 2023,12.0,"Fie functia f:R->R, f(x) = 2ax - 9, a ≠ 0. Determinati valorile reale ale lui a, pentru care graficul functiei f trece prin punctul A(a; a^2) si functia f este monoton descrescatoare.","Obtinerea ecuatiei 2a^2 - 9 = a^2
Rezolvarea ecuatiei 2a^2 - 9 = a^2
a^2-9=0; a^2=9; a=+-3; a=-3, deoarece functia f devine crescatoare daca a>0",a = -3,3,Functii cu parametru,Funcții,Funcții,3 - consolidare,exersare,2023.0,"fie functia f:r->r, f(x) = 2ax - 9, a = 0. determinati valorile reale ale lui a, pentru care graficul functiei f trece prin punctul a(a; a^2) si functia f este monoton descrescatoare.","obtinerea ecuatiei 2a^2 - 9 = a^2 rezolvarea ecuatiei 2a^2 - 9 = a^2 a^2-9=0; a^2=9; a=+-3; a=-3, deoarece functia f devine crescatoare daca a>0",a = -3,183,33,144,6,4,9,0,0,0,0,1,0,"fie functia f:r->r, f(x) = 2ax - 9, a = 0. determinati valorile reale ale lui a, pentru care graficul functiei f trece prin punctul a(a; a^2) si functia f este monoton descrescatoare."
Exersare Test 1 - 2024,1.0,"Fie a = 17 - 26 si b = (-1/3)^2. Completati casetele cu numere reale, care reprezinta valorile expresiilor: a = ?, b = ?, a·b = ?",a=-9; b=(-1)^2/3(^2)=1/9; a*b=-1,-9; 1/9; -1,1,Operatii cu numere reale,Mulțimi numerice,Mulțimi numerice,1 - bază,exersare,2024.0,"fie a = 17 - 26 si b = (-1/3)^2. completati casetele cu numere reale, care reprezinta valorile expresiilor: a = ?, b = ?, a·b = ?",a=-9; b=(-1)^2/3(^2)=1/9; a*b=-1,-9; 1/9; -1,129,28,32,11,7,11,0,0,0,0,0,0,"fie a = 17 - 26 si b = (-1/3)^2. completati casetele cu numere reale, care reprezinta valorile expresiilor: a = ?, b = ?, a·b = ?"
Exersare Test 1 - 2024,2.0,"In desenul alaturat este reprezentat un cerc cu centrul O de raza R. Coarda AB este de 8 cm si este situata la distanta de 3 cm de la punctul O. Fie K apartine (AB), astfel incat OK perpendicular AB. Scrieti in casete: a) AK = ? cm; b) R = ? cm",In triunghiul dreptunghic OKA: OA^2 = OK^2 + AK^2 => R^2 = 3^2 + 4^2 = 25 ⇒ R = 5. AK=AB/2=8/2=4cm,"4 cm, 5 cm",2,Geometrie - Cercul,Geometrie - Cercul,Geometrie,2 - mediu,exersare,2024.0,"in desenul alaturat este reprezentat un cerc cu centrul o de raza r. coarda ab este de 8 cm si este situata la distanta de 3 cm de la punctul o. fie k apartine (ab), astfel incat ok perpendicular ab. scrieti in casete: a) ak = ? cm; b) r = ? cm",in triunghiul dreptunghic oka: oa^2 = ok^2 + ak^2 => r^2 = 3^2 + 4^2 = 25 ⇒ r = 5. ak=ab/2=8/2=4cm,"4 cm, 5 cm",244,53,98,10,2,6,0,1,0,0,0,0,"in desenul alaturat este reprezentat un cerc cu centrul o de raza r. coarda ab este de 8 cm si este situata la distanta de 3 cm de la punctul o. fie k apartine (ab), astfel incat ok perpendicular ab. scrieti in casete: a) ak = ? cm; b) r = ? cm"
Exersare Test 1 - 2024,3.0,"In desenul alaturat este reprezentat graficul functiei f:R->R, f(x) = ax^2 + bx + c, a ≠ 0. Utilizand datele din desen, scrieti in caseta una dintre expresiile ""pozitiv"" sau ""negativ"", astfel incat propozitia obtinuta sa fie adevarata: Produsul zerourilor functiei f este un numar ... ?    Graficul reprezinta o parabola cu deschiderea in jos, ceea ce indica faptul ca coeficientul a este negativ. Parabola intersecteaza axa Ox in doua puncte distincte: x1=-1; x2=2","Deoarece x1 este negativ si x2 este pozitiv, produsul lor este negativ, astfel raspunsul este ,,negativ""",negativ,1,Functia de gradul II,Funcția de gradul II,Funcții,1 - bază,exersare,2024.0,"in desenul alaturat este reprezentat graficul functiei f:r->r, f(x) = ax^2 + bx + c, a = 0. utilizand datele din desen, scrieti in caseta una dintre expresiile ""pozitiv"" sau ""negativ"", astfel incat propozitia obtinuta sa fie adevarata: produsul zerourilor functiei f este un numar ... ? graficul reprezinta o parabola cu deschiderea in jos, ceea ce indica faptul ca coeficientul a este negativ. parabola intersecteaza axa ox in doua puncte distincte: x1=-1; x2=2","deoarece x1 este negativ si x2 este pozitiv, produsul lor este negativ, astfel raspunsul este ,,negativ""",negativ,465,74,104,7,6,11,0,0,0,0,1,0,"in desenul alaturat este reprezentat graficul functiei f:r->r, f(x) = ax^2 + bx + c, a = 0. utilizand datele din desen, scrieti in caseta una dintre expresiile ""pozitiv"" sau ""negativ"", astfel incat propozitia obtinuta sa fie adevarata: produsul zerourilor functiei f este un numar ... ? graficul reprezinta o parabola cu deschiderea in jos, ceea ce indica faptul ca coeficientul a este negativ. parabola intersecteaza axa ox in doua puncte distincte: x1=-1; x2=2"
Exersare Test 1 - 2024,4.0,O companie a utilizat 5% din fondul lunar de salariu pentru perfectionarea personalului angajat si i-au ramas 171 de mii de lei. Determinati fondul lunar de salariu al companiei.,"95% ---- 171 mii lei
100% ---- x mii lei
x = (171 · 100) / 95
x = 180 (mii lei)",180 mii lei,2,Procente,Procente,Rapoarte și proporții,2 - mediu,exersare,2024.0,o companie a utilizat 5% din fondul lunar de salariu pentru perfectionarea personalului angajat si i-au ramas 171 de mii de lei. determinati fondul lunar de salariu al companiei.,95% ---- 171 mii lei 100% ---- x mii lei x = (171 · 100) / 95 x = 180 (mii lei),180 mii lei,178,29,79,11,4,1,1,0,0,0,0,1,o companie a utilizat 5% din fondul lunar de salariu pentru perfectionarea personalului angajat si i-au ramas 171 de mii de lei. determinati fondul lunar de salariu al companiei.
Exersare Test 1 - 2024,5.0,Calculati valoarea expresiei: 7/(243 * 9^(-3)),"243= 3^5; 9^(-3) = (3^2)^(-3) = 3^(-6)
7/(3^(5-6))=7/3^(-1)=7*3=21",21.0,2,Puteri cu exponent rational,Puteri,Mulțimi numerice,2 - mediu,exersare,2024.0,calculati valoarea expresiei: 7/(243 * 9^(-3)),243= 3^5; 9^(-3) = (3^2)^(-3) = 3^(-6) 7/(3^(5-6))=7/3^(-1)=7*3=21,21.0,46,6,66,4,6,8,0,0,0,0,0,0,calculati valoarea expresiei: 7/(243 * 9^(-3))
Exersare Test 1 - 2024,6.0,Rezolvati in R ecuatia (2x - 1)^2 - 1 = 0.,Obtinerea ecuatiei 4x^2 - 4x =0; delta= (-4)^2-4*4*0=16; x1=(4-4)/8=0; x2=(4+4)/8=1,S = {0; 1},1,Ecuatie de gradul 2,Ecuații de gradul II,"Ecuații, inecuații și sisteme",1 - bază,exersare,2024.0,rezolvati in r ecuatia (2x - 1)^2 - 1 = 0.,obtinerea ecuatiei 4x^2 - 4x =0; delta= (-4)^2-4*4*0=16; x1=(4-4)/8=0; x2=(4+4)/8=1,s = {0; 1},42,11,83,10,5,6,0,0,1,0,0,0,rezolvati in r ecuatia (2x - 1)^2 - 1 = 0.
Exersare Test 1 - 2024,7.0,"Intr-un trapez dreptunghic, un unghi este de 60°, iar baza mare este de 4 cm. Determinati lungimea inaltimii trapezului, daca se cunoaste ca linia mijlocie a trapezului este de 3 cm.","Intr-un trapez dreptunghic se cunoaste ca baza mare are lungimea de 4 cm, linia mijlocie are lungimea de 3 cm, iar unul dintre unghiuri este de 60°. Se cere determinarea inaltimii trapezului.

Mai intai determinam baza mica. Stim ca linia mijlocie a unui trapez este egala cu semisuma bazelor, deci avem relatia m = (𝐵+b)/2 = 3cm. Înlocuind baza mare B=4, obtinem m = (4+b)/2=3, de unde rezulta m=4+b=6, deci b=2 cm. Asadar, baza mica este de 2 cm.

In continuare determinam proiectia laturii laterale mai mari pe baza mare. Intr-un trapez dreptunghic, aceasta proiectie este egala cu diferenta dintre baza mare si baza mica. Prin urmare, avem 4−2=24−2=2 cm. Deci proiectia laturii laterale mai mari pe baza mare este de 2 cm.

Acum determinam lungimea laturii laterale mai mari. In triunghiul dreptunghic format de latura laterala oblica, proiectia ei pe baza mare si inaltimea trapezului, unghiul dintre baza mare si latura laterala mai mare este de 60°. Aplicam relatia cos60∘=proiectia/latura laterala​. Astfel, 1/2=2/l​, de unde rezulta l=4 cm. Deci latura laterala mai mare are lungimea de 4 cm.

In final determinam inaltimea trapezului. In acelasi triunghi dreptunghic aplicam teorema lui Pitagora: 𝑙^2=ℎ^2+𝑝^2, unde l=4 cm, iar p=2cm.Obtinem 42=ℎ2+22, adică 16=ℎ^2+4, de unde rezultă ℎ^2=12. Prin urmare, ℎ=sqrt(12)=2√3cm.",2√3 cm,5,Geometrie - Trapez,Geometrie - Trapeze,Geometrie,4 - avansat,exersare,2024.0,"intr-un trapez dreptunghic, un unghi este de 60°, iar baza mare este de 4 cm. determinati lungimea inaltimii trapezului, daca se cunoaste ca linia mijlocie a trapezului este de 3 cm.","intr-un trapez dreptunghic se cunoaste ca baza mare are lungimea de 4 cm, linia mijlocie are lungimea de 3 cm, iar unul dintre unghiuri este de 60°. se cere determinarea inaltimii trapezului. mai intai determinam baza mica. stim ca linia mijlocie a unui trapez este egala cu semisuma bazelor, deci avem relatia m = (𝐵+b)/2 = 3cm. inlocuind baza mare b=4, obtinem m = (4+b)/2=3, de unde rezulta m=4+b=6, deci b=2 cm. asadar, baza mica este de 2 cm. in continuare determinam proiectia laturii laterale mai mari pe baza mare. intr-un trapez dreptunghic, aceasta proiectie este egala cu diferenta dintre baza mare si baza mica. prin urmare, avem 4-2=24-2=2 cm. deci proiectia laturii laterale mai mari pe baza mare este de 2 cm. acum determinam lungimea laturii laterale mai mari. in triunghiul dreptunghic format de latura laterala oblica, proiectia ei pe baza mare si inaltimea trapezului, unghiul dintre baza mare si latura laterala mai mare este de 60°. aplicam relatia cos60∘=proiectia/latura laterala​. astfel, 1/2=2/l​, de unde rezulta l=4 cm. deci latura laterala mai mare are lungimea de 4 cm. in final determinam inaltimea trapezului. in acelasi triunghi dreptunghic aplicam teorema lui pitagora: 𝑙^2=ℎ^2+𝑝^2, unde l=4 cm, iar p=2cm.obtinem 42=ℎ2+22, adica 16=ℎ^2+4, de unde rezulta ℎ^2=12. prin urmare, ℎ=sqrt(12)=2√3cm.",2√3 cm,182,31,1331,6,4,1,0,1,0,0,0,0,"intr-un trapez dreptunghic, un unghi este de 60°, iar baza mare este de 4 cm. determinati lungimea inaltimii trapezului, daca se cunoaste ca linia mijlocie a trapezului este de 3 cm."
Exersare Test 1 - 2024,8.0,Un numar este cu 8 mai mare decat jumatate din alt numar. Determinati numerele daca se cunoaste ca suma lor este egala cu 23.,Fie cele doua numere a si b. a = 8 + b/2 si a + b = 23. Avem 8 + b/2 + b = 23 => 16 + b + 2b = 46 => 3b = 30 => b = 10. a = 8 + 10/2 = 13,Primul numar este egal cu 13; al doilea - cu 10,2,Sisteme de ecuatii,Sisteme de ecuații,"Ecuații, inecuații și sisteme",2 - mediu,exersare,2024.0,un numar este cu 8 mai mare decat jumatate din alt numar. determinati numerele daca se cunoaste ca suma lor este egala cu 23.,fie cele doua numere a si b. a = 8 + b/2 si a + b = 23. avem 8 + b/2 + b = 23 => 16 + b + 2b = 46 => 3b = 30 => b = 10. a = 8 + 10/2 = 13,primul numar este egal cu 13; al doilea - cu 10,125,24,137,47,3,0,0,0,0,0,0,0,un numar este cu 8 mai mare decat jumatate din alt numar. determinati numerele daca se cunoaste ca suma lor este egala cu 23.
Exersare Test 1 - 2024,9.0,"Fie functia f:R->R, f(x) = -x + 2. Determinati valorile negative ale lui x, pentru care valorile respective ale functiei f sunt mai mici decat 4.",Avem  -x + 2 < 4 si x < 0 => -x < 2 => x > -2 => -2 < x < 0,(-2; 0),2,Inecuatii,Inecuații,"Ecuații, inecuații și sisteme",2 - mediu,exersare,2024.0,"fie functia f:r->r, f(x) = -x + 2. determinati valorile negative ale lui x, pentru care valorile respective ale functiei f sunt mai mici decat 4.",avem -x + 2 < 4 si x < 0 => -x < 2 => x > -2 => -2 < x < 0,(-2; 0),145,26,59,7,2,7,0,0,0,0,1,0,"fie functia f:r->r, f(x) = -x + 2. determinati valorile negative ale lui x, pentru care valorile respective ale functiei f sunt mai mici decat 4."
Exersare Test 1 - 2024,10.0,"Baza unei prisme drepte este un triunghi cu laturile de 5 cm, 5 cm si 6 cm, iar inaltimea prismei este de 4 cm. Determinati volumul prismei.","Se cunoaste ca V = Ab * h, unde Ab este aria bazei prismei si h este inaltime. Datorita faptului ca triunghiul care sta la baza prismei este isoscel, inaltimea imparte baza triunghiului in doua, cu lungimea de 6/2 = 3 cm. Aplicam teorema lui Pitagora => ht^2 + 3^2 = 5^2 => ht^2 = 16 => ht = 4, unde ht este inaltimea triunghiului. Ab = (b * ht)/2, unde b este baza triunghiului => Ab = (6*4)/2 = 12cm^2. Asadar, V = 12cm^2 * 4cm = 48cm^3",48 cm^3,2,Geometrie - Volume,Geometrie 3D,Geometrie,2 - mediu,exersare,2024.0,"baza unei prisme drepte este un triunghi cu laturile de 5 cm, 5 cm si 6 cm, iar inaltimea prismei este de 4 cm. determinati volumul prismei.","se cunoaste ca v = ab * h, unde ab este aria bazei prismei si h este inaltime. datorita faptului ca triunghiul care sta la baza prismei este isoscel, inaltimea imparte baza triunghiului in doua, cu lungimea de 6/2 = 3 cm. aplicam teorema lui pitagora => ht^2 + 3^2 = 5^2 => ht^2 = 16 => ht = 4, unde ht este inaltimea triunghiului. ab = (b * ht)/2, unde b este baza triunghiului => ab = (6*4)/2 = 12cm^2. asadar, v = 12cm^2 * 4cm = 48cm^3",48 cm^3,140,27,438,7,4,0,0,1,0,0,0,0,"baza unei prisme drepte este un triunghi cu laturile de 5 cm, 5 cm si 6 cm, iar inaltimea prismei este de 4 cm. determinati volumul prismei."
Exersare Test 1 - 2024,11.0,"Simplificati fractia [(2x-3)^2 - 3x(x-4) - 13] / [x^2 - x - 6], pentru x apartine R \ {-2; 3}.","(2x - 3)^2 - 3x(x - 4) - 13 = x^2 - 4
x^2 - 4 = (x - 2)(x + 2)
x^2 - x - 6 = (x - 3)(x + 2)
Obtinerea fractiei (x - 2)/(x - 3)",(x - 2)/(x - 3),2,Expresii algebrice,Calcul algebric,Calcul algebric,2 - mediu,exersare,2024.0,"simplificati fractia [(2x-3)^2 - 3x(x-4) - 13] / [x^2 - x - 6], pentru x apartine r \ {-2; 3}.",(2x - 3)^2 - 3x(x - 4) - 13 = x^2 - 4 x^2 - 4 = (x - 2)(x + 2) x^2 - x - 6 = (x - 3)(x + 2) obtinerea fractiei (x - 2)/(x - 3),(x - 2)/(x - 3),94,20,126,15,11,20,0,0,0,0,0,0,"simplificati fractia [(2x-3)^2 - 3x(x-4) - 13] / [x^2 - x - 6], pentru x apartine r \ {-2; 3}."
Exersare Test 1 - 2024,12.0,"Fie functia f:R->R, f(x) = 2x + m - 1, m apartine R. Graficul functiei f intersecteaza axa Oy intr-un punct cu ordonata egala cu -3. Determinati zeroul functiei f.","Graficul functiei interseacteaza ordonata -3, atunci cand x = 0 => Avem ecuatia m - 1 = -3 => m = -2. Asadar, f(x) = 2x -3. Aflam zeroul functiei cu ajutorul ecuatiei 2x - 3 = 0 => x = 3/2 este zeroul functiei",x = 3/2,2,Functii,Funcții,Funcții,2 - mediu,exersare,2024.0,"fie functia f:r->r, f(x) = 2x + m - 1, m apartine r. graficul functiei f intersecteaza axa oy intr-un punct cu ordonata egala cu -3. determinati zeroul functiei f.","graficul functiei interseacteaza ordonata -3, atunci cand x = 0 => avem ecuatia m - 1 = -3 => m = -2. asadar, f(x) = 2x -3. aflam zeroul functiei cu ajutorul ecuatiei 2x - 3 = 0 => x = 3/2 este zeroul functiei",x = 3/2,163,30,209,7,3,9,0,0,0,0,1,0,"fie functia f:r->r, f(x) = 2x + m - 1, m apartine r. graficul functiei f intersecteaza axa oy intr-un punct cu ordonata egala cu -3. determinati zeroul functiei f."
Exersare Test 1 - 2025,1.0,"Fie a = 0,25 * 8 si b = 7 - 11. Completati casetele cu numere intregi: a = ?, b = ?, b/a = ?","a = 0,25 * 8 = 2; b = 7 - 11 = -4; b/a = -4/2 = -2",a = 2; b = -4; b/a = -2,1,Calcul aritmetic,Calcul aritmetic,Altele,1 - bază,exersare,2025.0,"fie a = 0,25 * 8 si b = 7 - 11. completati casetele cu numere intregi: a = ?, b = ?, b/a = ?","a = 0,25 * 8 = 2; b = 7 - 11 = -4; b/a = -4/2 = -2",a = 2; b = -4; b/a = -2,92,26,50,23,7,8,0,0,0,0,0,0,"fie a = 0,25 * 8 si b = 7 - 11. completati casetele cu numere intregi: a = ?, b = ?, b/a = ?"
Exersare Test 1 - 2025,2.0,"In desenul alaturat DK, K apartine (AB), este bisectoarea unghiului ADC al paralelogramului ABCD, iar m(unghi DAB) = 140 grade. a) Scrieti masura unghiului ADC. b) Scrieti masura unghiului AKD.","a) In paralelogram, unghiurile alaturate sunt suplementare: m(ADC) = 180 - 140 = 40 grade. b) DK bisectoare => m(ADK) = 40/2 = 20 grade. In triunghiul AKD: m(AKD) = 180 - 140 - 20 = 20 grade.",a) m(ADC) = 40 grade; b) m(AKD) = 20 grade,1,Geometrie - Paralelogram,Geometrie - Paralelograme,Geometrie,1 - bază,exersare,2025.0,"in desenul alaturat dk, k apartine (ab), este bisectoarea unghiului adc al paralelogramului abcd, iar m(unghi dab) = 140 grade. a) scrieti masura unghiului adc. b) scrieti masura unghiului akd.","a) in paralelogram, unghiurile alaturate sunt suplementare: m(adc) = 180 - 140 = 40 grade. b) dk bisectoare => m(adk) = 40/2 = 20 grade. in triunghiul akd: m(akd) = 180 - 140 - 20 = 20 grade.",a) m(adc) = 40 grade; b) m(akd) = 20 grade,193,30,191,42,3,7,0,1,0,0,0,0,"in desenul alaturat dk, k apartine (ab), este bisectoarea unghiului adc al paralelogramului abcd, iar m(unghi dab) = 140 grade. a) scrieti masura unghiului adc. b) scrieti masura unghiului akd."
Exersare Test 1 - 2025,3.0,"Fie functia f:R -> R, f(x) = x^2 - 4x + ?. Scrieti in caseta un numar real, astfel incat parabola sa intersecteze axa Ox in doua puncte.","Pentru 2 puncte de intersectie cu Ox, discriminantul trebuie sa fie pozitiv: Delta > 0. Delta = 16 - 4c > 0 => c < 4. Orice numar real mai mic decat 4 este corect.","Orice numar real mai mic decat 4 (ex: 3, 0, -1)",2,Functia de gradul II,Funcția de gradul II,Funcții,2 - mediu,exersare,2025.0,"fie functia f:r -> r, f(x) = x^2 - 4x + ?. scrieti in caseta un numar real, astfel incat parabola sa intersecteze axa ox in doua puncte.","pentru 2 puncte de intersectie cu ox, discriminantul trebuie sa fie pozitiv: delta > 0. delta = 16 - 4c > 0 => c < 4. orice numar real mai mic decat 4 este corect.","orice numar real mai mic decat 4 (ex: 3, 0, -1)",136,28,163,47,2,8,0,0,0,0,1,0,"fie functia f:r -> r, f(x) = x^2 - 4x + ?. scrieti in caseta un numar real, astfel incat parabola sa intersecteze axa ox in doua puncte."
Exersare Test 1 - 2025,4.0,Un tractorist are de arat un teren de 116 hectare. In primele 6 zile a arat 87 hectare. Determinati in cate zile tractoristul va ara suprafata ramasa.,"1) Suprafata ramasa: 116 - 87 = 29 ha . 2) Schema: 87 ha - 6 zile, 29 ha - x zile. 3) Proportia: x = (29 * 6) / 87. 4) Calcul: x = 174/87 = 2 zile (2p).",2 zile,3,Probleme practice - Proportii,Rapoarte și proporții,Rapoarte și proporții,3 - consolidare,exersare,2025.0,un tractorist are de arat un teren de 116 hectare. in primele 6 zile a arat 87 hectare. determinati in cate zile tractoristul va ara suprafata ramasa.,"1) suprafata ramasa: 116 - 87 = 29 ha . 2) schema: 87 ha - 6 zile, 29 ha - x zile. 3) proportia: x = (29 * 6) / 87. 4) calcul: x = 174/87 = 2 zile (2p).",2 zile,150,27,152,6,6,0,0,0,0,0,0,1,un tractorist are de arat un teren de 116 hectare. in primele 6 zile a arat 87 hectare. determinati in cate zile tractoristul va ara suprafata ramasa.
Exersare Test 1 - 2025,5.0,Calculati valoarea expresiei: (1/3)^(-25) * 9^(-12) + (1/3)^0,(3^25)∙(3^(-24))+1=4,4.0,2,Expresii algebrice - Puteri,Puteri,Mulțimi numerice,2 - mediu,exersare,2025.0,calculati valoarea expresiei: (1/3)^(-25) * 9^(-12) + (1/3)^0,(3^25)∙(3^(-24))+1=4,4.0,61,8,20,3,10,17,0,0,0,0,0,0,calculati valoarea expresiei: (1/3)^(-25) * 9^(-12) + (1/3)^0
Exersare Test 1 - 2025,6.0,Determinati inversul solutiei reale nenule a ecuatiei 4x^2 - 3x = 0.,1) Rezolvam ecuatia: 4x^2 - 3x = 0 => x(4x - 3) = 0. 2) Solutii: x = 0 sau x = 3/4. 3) Solutia nenula: x = 3/4. 4) Inversul lui 3/4 este 4/3.,2026-03-04 00:00:00,2,Ecuatii de gradul II,Ecuații de gradul II,"Ecuații, inecuații și sisteme",2 - mediu,exersare,2025.0,determinati inversul solutiei reale nenule a ecuatiei 4x^2 - 3x = 0.,1) rezolvam ecuatia: 4x^2 - 3x = 0 => x(4x - 3) = 0. 2) solutii: x = 0 sau x = 3/4. 3) solutia nenula: x = 3/4. 4) inversul lui 3/4 este 4/3.,2026-03-04 00:00:00,68,12,141,19,4,3,0,0,1,0,0,0,determinati inversul solutiei reale nenule a ecuatiei 4x^2 - 3x = 0.
Exersare Test 1 - 2025,7.0,Lungimea unui cerc este de 26*pi cm. La distanta 5 cm de la centrul cercului este dusa o coarda. Determinati lungimea coardei.,1) Din C = 2*pi*r = 26*pi => r = 13 cm. 2) Distanta de la centru la coarda d = 5 cm. 3) Jumatatea coardei: sqrt(r^2 - d^2) = sqrt(169 - 25) = sqrt(144) = 12 cm. 4) Lungimea coardei: 2 * 12 = 24 cm.,24 cm,4,Geometrie - Cercul,Geometrie - Cercul,Geometrie,4 - avansat,exersare,2025.0,lungimea unui cerc este de 26*pi cm. la distanta 5 cm de la centrul cercului este dusa o coarda. determinati lungimea coardei.,1) din c = 2*pi*r = 26*pi => r = 13 cm. 2) distanta de la centru la coarda d = 5 cm. 3) jumatatea coardei: sqrt(r^2 - d^2) = sqrt(169 - 25) = sqrt(144) = 12 cm. 4) lungimea coardei: 2 * 12 = 24 cm.,24 cm,126,22,197,5,3,1,0,1,0,0,0,0,lungimea unui cerc este de 26*pi cm. la distanta 5 cm de la centrul cercului este dusa o coarda. determinati lungimea coardei.
Exersare Test 1 - 2025,8.0,"Ilinca si Bogdan au strans impreuna 68 de ciuperci. Pentru a avea un numar egal de ciuperci, Bogdan i-a dat Ilincai 6 ciuperci. Determinati cate ciuperci a strans fiecare.","1) Fie I = ciupercile Ilincai, B = ciupercile lui Bogdan. 2) Sistemul: I + B = 68 si B - 6 = I + 6. 3) Din ecuatia 2: B - I = 12. 4) Rezolvare: B = 40, I = 28.","Bogdan: 40 ciuperci, Ilinca: 28 ciuperci",3,Sisteme de ecuatii,Sisteme de ecuații,"Ecuații, inecuații și sisteme",3 - consolidare,exersare,2025.0,"ilinca si bogdan au strans impreuna 68 de ciuperci. pentru a avea un numar egal de ciuperci, bogdan i-a dat ilincai 6 ciuperci. determinati cate ciuperci a strans fiecare.","1) fie i = ciupercile ilincai, b = ciupercile lui bogdan. 2) sistemul: i + b = 68 si b - 6 = i + 6. 3) din ecuatia 2: b - i = 12. 4) rezolvare: b = 40, i = 28.","bogdan: 40 ciuperci, ilinca: 28 ciuperci",171,29,159,40,3,1,0,0,0,0,0,0,"ilinca si bogdan au strans impreuna 68 de ciuperci. pentru a avea un numar egal de ciuperci, bogdan i-a dat ilincai 6 ciuperci. determinati cate ciuperci a strans fiecare."
Exersare Test 1 - 2025,9.0,"Fie functia f:D -> R, f(x) = sqrt(3 - 2x). Determinati valorile reale ale lui x din domeniul D, astfel incat 2x > x.",1) Conditia pentru domeniu: 3 - 2x >= 0 => x <= 3/2. 2) Conditia 2x > x => x > 0. 3) Intersectia: x apartine (0; 3/2] .,x apartine (0; 3/2],3,Functii irationale,Funcții,Funcții,3 - consolidare,exersare,2025.0,"fie functia f:d -> r, f(x) = sqrt(3 - 2x). determinati valorile reale ale lui x din domeniul d, astfel incat 2x > x.",1) conditia pentru domeniu: 3 - 2x >= 0 => x <= 3/2. 2) conditia 2x > x => x > 0. 3) intersectia: x apartine (0; 3/2] .,x apartine (0; 3/2],116,24,119,19,3,9,0,0,0,1,1,0,"fie functia f:d -> r, f(x) = sqrt(3 - 2x). determinati valorile reale ale lui x din domeniul d, astfel incat 2x > x."
Exersare Test 1 - 2025,10.0,O prisma dreapta are baza un triunghi dreptunghic cu catetele de 3 cm si 4 cm. Aria laterala a prismei este egala cu 24 cm^2. Determinati inaltimea prismei.,1) Ipotenuza bazei: sqrt(3^2 + 4^2) = sqrt(25) = 5 cm. 2) Perimetrul bazei: P = 3 + 4 + 5 = 12 cm. 3) Aria laterala: Al = P * h => 24 = 12 * h. 4) Inaltimea: h = 24/12 = 2 cm.,h = 2 cm,4,Geometrie - Prisme,Geometrie 3D,Geometrie,4 - avansat,exersare,2025.0,o prisma dreapta are baza un triunghi dreptunghic cu catetele de 3 cm si 4 cm. aria laterala a prismei este egala cu 24 cm^2. determinati inaltimea prismei.,1) ipotenuza bazei: sqrt(3^2 + 4^2) = sqrt(25) = 5 cm. 2) perimetrul bazei: p = 3 + 4 + 5 = 12 cm. 3) aria laterala: al = p * h => 24 = 12 * h. 4) inaltimea: h = 24/12 = 2 cm.,h = 2 cm,156,28,175,8,5,1,0,1,0,0,0,0,o prisma dreapta are baza un triunghi dreptunghic cu catetele de 3 cm si 4 cm. aria laterala a prismei este egala cu 24 cm^2. determinati inaltimea prismei.
Exersare Test 1 - 2025,11.0,"Fie expresia E(X) = (2X^3 + 3X^2 - 2X) / ((2X+1)(1-X)-1). Aratati ca pentru orice valoare naturala nenula a lui X, valoarea E(X) este un numar intreg negativ.","1) Numaratorul: 2X^3 + 3X^2 - 2X = X(2X-1)(X+2) (2p). 2) Numitorul: (2X+1)(1-X) - 1 = -X(2X-1) (2p). 3) Simplificare: E(X) = -(X+2) (2p). 4) Pentru X natural nenul, E(X) < 0.","E(X) = -(X+2), intreg negativ pentru X natural nenul",2,Expresii algebrice - Simplificare,Calcul algebric,Calcul algebric,2 - mediu,exersare,2025.0,"fie expresia e(x) = (2x^3 + 3x^2 - 2x) / ((2x+1)(1-x)-1). aratati ca pentru orice valoare naturala nenula a lui x, valoarea e(x) este un numar intreg negativ.","1) numaratorul: 2x^3 + 3x^2 - 2x = x(2x-1)(x+2) (2p). 2) numitorul: (2x+1)(1-x) - 1 = -x(2x-1) (2p). 3) simplificare: e(x) = -(x+2) (2p). 4) pentru x natural nenul, e(x) < 0.","e(x) = -(x+2), intreg negativ pentru x natural nenul",158,28,174,52,9,21,0,0,0,0,0,0,"fie expresia e(x) = (2x^3 + 3x^2 - 2x) / ((2x+1)(1-x)-1). aratati ca pentru orice valoare naturala nenula a lui x, valoarea e(x) este un numar intreg negativ."
Exersare Test 1 - 2025,12.0,"Capitalul f al unei companii este descris de functia f(x) = mx + 3, unde x >= 0 este numarul de ani de activitate. La 2 ani de activitate, capitalul era de 7 mln lei. Determinati la cati ani capitalul va fi de 21 mln lei.",1) Din f(2) = 7: 2m + 3 = 7 => m = 2 (1p). 2) Functia: f(x) = 2x + 3. 3) Pentru f(x) = 21: 2x + 3 = 21 (1p). 4) Rezolvare: 2x = 18 => x = 9 ani (2p).,9 ani,2,Functii liniare,Funcții liniare,Funcții,2 - mediu,exersare,2025.0,"capitalul f al unei companii este descris de functia f(x) = mx + 3, unde x >= 0 este numarul de ani de activitate. la 2 ani de activitate, capitalul era de 7 mln lei. determinati la cati ani capitalul va fi de 21 mln lei.",1) din f(2) = 7: 2m + 3 = 7 => m = 2 (1p). 2) functia: f(x) = 2x + 3. 3) pentru f(x) = 21: 2x + 3 = 21 (1p). 4) rezolvare: 2x = 18 => x = 9 ani (2p).,9 ani,221,46,149,5,6,6,0,0,0,0,1,1,"capitalul f al unei companii este descris de functia f(x) = mx + 3, unde x >= 0 este numarul de ani de activitate. la 2 ani de activitate, capitalul era de 7 mln lei. determinati la cati ani capitalul va fi de 21 mln lei."
Exersare Test 2 - 2022,2.0,Determinați măsura unghiului ∠BAC într-o figură geometrică,Se aplică proprietățile geometrice,Măsura unghiului,2,Geometrie - Unghiuri,Geometrie,Geometrie,2 - mediu,exersare,2022.0,determinati masura unghiului ∠bac intr-o figura geometrica,se aplica proprietatile geometrice,masura unghiului,58,7,34,16,0,1,0,1,0,0,0,0,determinati masura unghiului ∠bac intr-o figura geometrica
Exersare Test 2 - 2022,3.0,Alegeți semnul corect al inecuației pentru f(0)·f(4) relativ la 0,"Se calculează f(0) și f(4), apoi produsul lor",Semnul inecuației,2,Funcții,Funcții,Funcții,2 - mediu,exersare,2022.0,alegeti semnul corect al inecuatiei pentru f(0)·f(4) relativ la 0,"se calculeaza f(0) si f(4), apoi produsul lor",semnul inecuatiei,65,10,45,17,3,4,0,0,1,0,0,0,alegeti semnul corect al inecuatiei pentru f(0)·f(4) relativ la 0
Exersare Test 2 - 2022,6.0,Găsiți suma pătratelor soluțiilor reale ale ecuației x²−2x−15=0,"x₁=5, x₂=-3. Suma pătratelor: 25+9=34",34.0,3,Ecuații de gradul II,Ecuații de gradul II,"Ecuații, inecuații și sisteme",3 - consolidare,exersare,2022.0,gasiti suma patratelor solutiilor reale ale ecuatiei x²-2x-15=0,"x₁=5, x₂=-3. suma patratelor: 25+9=34",34.0,63,8,37,4,4,1,0,0,1,0,0,0,gasiti suma patratelor solutiilor reale ale ecuatiei x²-2x-15=0
Exersare Test 2 - 2022,9.0,Determinați domeniul funcției f(x)=√(−7x+2),-7x+2≥0 → x≤2/7,x ≤ 2/7,3,Funcții iraționale,Funcții,Funcții,3 - consolidare,exersare,2022.0,determinati domeniul functiei f(x)=√(-7x+2),-7x+2≥0 → x≤2/7,x ≤ 2/7,43,4,15,7,2,7,0,0,0,1,1,0,determinati domeniul functiei f(x)=√(-7x+2)
Exersare Test 2 - 2022,10.0,Aria laterală a unei piramide pătrate regulate cu aria bazei 25 cm² și apotema de 3 ori latura bazei,"Latura bazei=5cm, apotema=15cm. Al=4·(1/2)·5·15=150cm²",Al = 150 cm²,3,Geometrie - Piramide,Geometrie 3D,Geometrie,3 - consolidare,exersare,2022.0,aria laterala a unei piramide patrate regulate cu aria bazei 25 cm² si apotema de 3 ori latura bazei,"latura bazei=5cm, apotema=15cm. al=4·(1/2)·5·15=150cm²",al = 150 cm²,100,19,54,12,3,0,0,1,0,0,0,0,aria laterala a unei piramide patrate regulate cu aria bazei 25 cm² si apotema de 3 ori latura bazei
Exersare Test 2 - 2023,2.0,Găsiți măsura unghiului ∠ABC în diagramă (arcul ABC = 280°),Unghiul înscris = (360°-280°)/2 = 40°,∠ABC = 40°,3,Geometrie - Cercul,Geometrie - Cercul,Geometrie,3 - consolidare,exersare,2023.0,gasiti masura unghiului ∠abc in diagrama (arcul abc = 280°),unghiul inscris = (360°-280°)/2 = 40°,∠abc = 40°,59,10,37,10,3,3,0,1,0,0,0,0,gasiti masura unghiului ∠abc in diagrama (arcul abc = 280°)
Exersare Test 2 - 2023,5.0,Calculați (2+√5)/√80,(2+√5)/(4√5) = (2+√5)√5/20 = (2√5+5)/20,(2√5+5)/20,2,Radicali,Radicali,Mulțimi numerice,2 - mediu,exersare,2023.0,calculati (2+√5)/√80,(2+√5)/(4√5) = (2+√5)√5/20 = (2√5+5)/20,(2√5+5)/20,20,2,39,10,4,6,0,0,0,1,0,0,calculati (2+√5)/√80
Exersare Test 2 - 2023,6.0,Găsiți inversul celei mai mici rădăcini reale a ecuației 12x²−7x+1=0,"x₁=1/3, x₂=1/4. Cea mai mică: 1/4. Inversul: 4",4.0,3,Ecuații de gradul II,Ecuații de gradul II,"Ecuații, inecuații și sisteme",3 - consolidare,exersare,2023.0,gasiti inversul celei mai mici radacini reale a ecuatiei 12x²-7x+1=0,"x₁=1/3, x₂=1/4. cea mai mica: 1/4. inversul: 4",4.0,68,10,46,3,5,2,0,0,1,0,0,1,gasiti inversul celei mai mici radacini reale a ecuatiei 12x²-7x+1=0
Exersare Test 2 - 2023,7.0,"Determinați perimetrul triunghiului BMC: triunghi dreptunghic ABC (AB=6cm, BC=8cm, mediana BM)","AC=10cm (Pitagora). M=mijlocul AC, BM=5cm. MB=MC=5cm. P=5+5+4=14cm",P = 14 cm,3,Geometrie - Triunghiuri,Geometrie - Triunghiuri,Geometrie,3 - consolidare,exersare,2023.0,"determinati perimetrul triunghiului bmc: triunghi dreptunghic abc (ab=6cm, bc=8cm, mediana bm)","ac=10cm (pitagora). m=mijlocul ac, bm=5cm. mb=mc=5cm. p=5+5+4=14cm",p = 14 cm,94,11,66,9,2,4,0,1,0,0,0,0,"determinati perimetrul triunghiului bmc: triunghi dreptunghic abc (ab=6cm, bc=8cm, mediana bm)"
Exersare Test 2 - 2023,9.0,Cel mai mare x întreg în domeniul funcției f(x)=√(−2x−7),-2x-7≥0 → x≤-3.5. Cel mai mare întreg: -4,x = -4,3,Funcții iraționale,Funcții,Funcții,3 - consolidare,exersare,2023.0,cel mai mare x intreg in domeniul functiei f(x)=√(-2x-7),-2x-7≥0 → x≤-3.5. cel mai mare intreg: -4,x = -4,56,9,41,6,2,6,0,0,0,1,1,0,cel mai mare x intreg in domeniul functiei f(x)=√(-2x-7)
Exersare Test 2 - 2023,10.0,Înălțimea unei piramide pătrate regulate cu muchia de 4 cm,Se calculează înălțimea folosind teorema lui Pitagora,Înălțimea,3,Geometrie - Piramide,Geometrie 3D,Geometrie,3 - consolidare,exersare,2023.0,inaltimea unei piramide patrate regulate cu muchia de 4 cm,se calculeaza inaltimea folosind teorema lui pitagora,inaltimea,58,10,53,9,1,0,0,1,0,0,0,0,inaltimea unei piramide patrate regulate cu muchia de 4 cm
Exersare Test 2 - 2023,12.0,Găsiți valorile lui m pentru care parabola f(x)=mx²−mx+2 intersectează axa Ox într-un singur punct,"Δ=0 → m²-8m=0 → m=0 sau m=8. Dar m≠0, deci m=8",m = 8,4,Funcția de gradul II,Funcția de gradul II,Funcții,4 - avansat,exersare,2023.0,gasiti valorile lui m pentru care parabola f(x)=mx²-mx+2 intersecteaza axa ox intr-un singur punct,"δ=0 → m²-8m=0 → m=0 sau m=8. dar m=0, deci m=8",m = 8,98,14,46,5,1,5,0,0,0,0,1,0,gasiti valorile lui m pentru care parabola f(x)=mx²-mx+2 intersecteaza axa ox intr-un singur punct
Exersare Test 2 - 2024,1.0,"Calculați a = 4⁻¹/³ și b = (−6)². Determinați a, b și a·b.","a = 1/∛4, b = 36. a·b = 36/∛4","a = 1/∛4, b = 36",2,Puteri și radicali,Radicali,Mulțimi numerice,2 - mediu,exersare,2024.0,"calculati a = 4⁻¹/³ si b = (-6)². determinati a, b si a·b.","a = 1/∛4, b = 36. a·b = 36/∛4","a = 1/∛4, b = 36",58,13,29,16,2,5,0,0,0,0,0,0,"calculati a = 4⁻¹/³ si b = (-6)². determinati a, b si a·b."
Exersare Test 2 - 2024,2.0,"În cerc, arcul minor AC = 2 cm și ∠ABC = 60°. Găsiți măsura arcului și circumferința cercului.",Unghiul la centru = 2×60° = 120°. Se calculează raza și circumferința,Circumferința cercului,3,Geometrie - Cercul,Geometrie - Cercul,Geometrie,3 - consolidare,exersare,2024.0,"in cerc, arcul minor ac = 2 cm si ∠abc = 60°. gasiti masura arcului si circumferinta cercului.",unghiul la centru = 2×60° = 120°. se calculeaza raza si circumferinta,circumferinta cercului,94,18,69,22,3,2,0,1,0,0,0,0,"in cerc, arcul minor ac = 2 cm si ∠abc = 60°. gasiti masura arcului si circumferinta cercului."
Exersare Test 2 - 2024,4.0,O școală are 720 de fete (48% din total). Câți băieți sunt?,Total = 720/0.48 = 1500. Băieți = 1500 - 720 = 780,780 băieți,2,Procente,Procente,Rapoarte și proporții,2 - mediu,exersare,2024.0,o scoala are 720 de fete (48% din total). cati baieti sunt?,total = 720/0.48 = 1500. baieti = 1500 - 720 = 780,780 baieti,59,12,50,10,5,2,1,0,0,0,0,0,o scoala are 720 de fete (48% din total). cati baieti sunt?
Exersare Test 2 - 2024,5.0,"Calculați valoarea expresiei (√3 + 5)² − √5·√0,8 − 10√3",(3 + 10√3 + 25) − 2 − 10√3 = 28 − 2 = 26,26.0,2,Radicali,Radicali,Mulțimi numerice,2 - mediu,exersare,2024.0,"calculati valoarea expresiei (√3 + 5)² - √5·√0,8 - 10√3",(3 + 10√3 + 25) - 2 - 10√3 = 28 - 2 = 26,26.0,55,10,40,4,8,7,0,0,0,1,0,0,"calculati valoarea expresiei (√3 + 5)² - √5·√0,8 - 10√3"
Exersare Test 2 - 2024,6.0,Găsiți cubul rădăcinii mai mari a ecuației x² − 2x − 3 = 0,"x₁ = 3, x₂ = -1. Rădăcina mai mare: 3. Cubul: 3³ = 27",27.0,3,Ecuații de gradul II,Ecuații de gradul II,"Ecuații, inecuații și sisteme",3 - consolidare,exersare,2024.0,gasiti cubul radacinii mai mari a ecuatiei x² - 2x - 3 = 0,"x₁ = 3, x₂ = -1. radacina mai mare: 3. cubul: 3³ = 27",27.0,58,14,53,4,3,1,0,0,1,0,0,0,gasiti cubul radacinii mai mari a ecuatiei x² - 2x - 3 = 0
Exersare Test 2 - 2024,7.0,Găsiți lungimea bazei unui triunghi isoscel cu aria 60 cm² și înălțimea 12 cm,A = (b×h)/2 → 60 = (b×12)/2 → b = 10 cm,b = 10 cm,2,Geometrie - Arii,Geometrie - Arii,Geometrie,2 - mediu,exersare,2024.0,gasiti lungimea bazei unui triunghi isoscel cu aria 60 cm² si inaltimea 12 cm,a = (b×h)/2 → 60 = (b×12)/2 → b = 10 cm,b = 10 cm,77,14,39,9,4,0,0,1,0,0,0,0,gasiti lungimea bazei unui triunghi isoscel cu aria 60 cm² si inaltimea 12 cm
Exersare Test 2 - 2024,10.0,Un cub metalic cu latura 4 cm este scufundat într-un vas prismatic cu baza 8 cm. Determinați creșterea nivelului apei.,V_cub = 64 cm³. A_bază = 64 cm². Creșterea = 64/64 = 1 cm,1 cm,3,Geometrie - Volume,Geometrie 3D,Geometrie,3 - consolidare,exersare,2024.0,un cub metalic cu latura 4 cm este scufundat intr-un vas prismatic cu baza 8 cm. determinati cresterea nivelului apei.,v_cub = 64 cm³. a_baza = 64 cm². cresterea = 64/64 = 1 cm,1 cm,118,20,57,4,2,1,0,1,0,0,0,0,un cub metalic cu latura 4 cm este scufundat intr-un vas prismatic cu baza 8 cm. determinati cresterea nivelului apei.
Exersare Test 2 - 2024,12.0,Funcțiile f(x)=2x²−5 și g(x)=mx+1 (m≠0) se intersectează la x=1. Determinați monotonia lui g.,f(1) = -3 = g(1) → m+1 = -3 → m = -4. g este descrescătoare (m<0),"g descrescătoare, m = -4",4,Funcții cu parametru,Funcții,Funcții,4 - avansat,exersare,2024.0,functiile f(x)=2x²-5 si g(x)=mx+1 (m=0) se intersecteaza la x=1. determinati monotonia lui g.,f(1) = -3 = g(1) → m+1 = -3 → m = -4. g este descrescatoare (m<0),"g descrescatoare, m = -4",93,13,65,24,5,10,0,0,0,0,1,0,functiile f(x)=2x²-5 si g(x)=mx+1 (m=0) se intersecteaza la x=1. determinati monotonia lui g.
Exersare Test 2 - 2025,2.0,"În cerc, arcul minor AC și ∠ABC = 60°. Calculați măsura arcului și circumferința.",Se aplică relația unghi înscris - arc,Circumferința,3,Geometrie - Cercul,Geometrie - Cercul,Geometrie,3 - consolidare,exersare,2025.0,"in cerc, arcul minor ac si ∠abc = 60°. calculati masura arcului si circumferinta.",se aplica relatia unghi inscris - arc,circumferinta,81,14,37,13,2,1,0,1,0,0,0,0,"in cerc, arcul minor ac si ∠abc = 60°. calculati masura arcului si circumferinta."
Exersare Test 2 - 2025,4.0,Școala are 720 fete reprezentând 48% din total. Câți băieți sunt?,Total = 720/0.48 = 1500; Băieți = 780,780 băieți,2,Procente,Procente,Rapoarte și proporții,2 - mediu,exersare,2025.0,scoala are 720 fete reprezentand 48% din total. cati baieti sunt?,total = 720/0.48 = 1500; baieti = 780,780 baieti,65,11,37,10,5,0,1,0,0,0,0,0,scoala are 720 fete reprezentand 48% din total. cati baieti sunt?
Exersare Test 2 - 2025,5.0,"Calculați (√3 + 5)² − √5·√0,8 − 10√3",Se dezvoltă pătratul și se simplifică,26.0,2,Radicali,Radicali,Mulțimi numerice,2 - mediu,exersare,2025.0,"calculati (√3 + 5)² - √5·√0,8 - 10√3",se dezvolta patratul si se simplifica,26.0,36,8,37,4,8,7,0,0,0,1,0,0,"calculati (√3 + 5)² - √5·√0,8 - 10√3"
Exersare Test 2 - 2025,6.0,Cubul rădăcinii mai mari a ecuației x² − 2x − 3 = 0,x = 3; 3³ = 27,27.0,3,Ecuații de gradul II,Ecuații de gradul II,"Ecuații, inecuații și sisteme",3 - consolidare,exersare,2025.0,cubul radacinii mai mari a ecuatiei x² - 2x - 3 = 0,x = 3; 3³ = 27,27.0,51,13,14,4,3,1,0,0,1,0,0,0,cubul radacinii mai mari a ecuatiei x² - 2x - 3 = 0
Exersare Test 2 - 2025,7.0,Baza triunghiului isoscel cu A=60cm² și h=12cm,b = 2A/h = 10 cm,10 cm,2,Geometrie - Arii,Geometrie - Arii,Geometrie,2 - mediu,exersare,2025.0,baza triunghiului isoscel cu a=60cm² si h=12cm,b = 2a/h = 10 cm,10 cm,46,7,16,5,4,2,0,1,0,0,0,0,baza triunghiului isoscel cu a=60cm² si h=12cm
Exersare Test 2 - 2025,10.0,X real: suma X + X/(X−1) = produsul lor,ΔH = V/A = 64/64 = 1 cm,1 cm,3,Geometrie - Volume,Geometrie 3D,Geometrie,3 - consolidare,exersare,2025.0,x real: suma x + x/(x-1) = produsul lor,δh = v/a = 64/64 = 1 cm,1 cm,39,9,23,4,1,5,0,0,0,0,0,0,x real: suma x + x/(x-1) = produsul lor
Pretestare 2022,1.0,Determinați măsura unghiului în figura geometrică dată,"a = -4, b = -5, a·b = (-4)·(-5) = 20",a·b = 20,1,Numere reale,Mulțimi numerice,Mulțimi numerice,1 - bază,pretestare,2022.0,determinati masura unghiului in figura geometrica data,"a = -4, b = -5, a·b = (-4)·(-5) = 20",a·b = 20,54,7,36,8,0,0,0,1,0,0,0,0,determinati masura unghiului in figura geometrica data
Pretestare 2022,2.0,Analizați funcția și determinați proprietățile ei,Se aplică proprietățile geometrice,Măsura unghiului,2,Geometrie - Unghiuri,Geometrie,Geometrie,2 - mediu,pretestare,2022.0,analizati functia si determinati proprietatile ei,se aplica proprietatile geometrice,masura unghiului,49,6,34,16,0,0,0,0,0,0,0,0,analizati functia si determinati proprietatile ei
Pretestare 2022,4.0,Calculați valoarea expresiei aritmetice date,Se calculează procentul: 85% din 1020 = 867 lei,867 lei,2,Procente,Procente,Rapoarte și proporții,2 - mediu,pretestare,2022.0,calculati valoarea expresiei aritmetice date,se calculeaza procentul: 85% din 1020 = 867 lei,867 lei,44,5,47,7,0,0,0,0,0,0,0,0,calculati valoarea expresiei aritmetice date
Pretestare 2022,9.0,Rezolvați inecuația -3x + 5 < -1,-3x < -6 → x > 2,x > 2,3,Inecuații,Inecuații,"Ecuații, inecuații și sisteme",3 - consolidare,pretestare,2022.0,rezolvati inecuatia -3x + 5 < -1,-3x < -6 → x > 2,x > 2,32,7,16,5,3,4,0,0,1,0,0,0,rezolvati inecuatia -3x + 5 < -1
Pretestare 2022,10.0,Calculați volumul cilindrului cu raza și înălțimea date. V = 108π cm³,V = πr²h = π·r²·h = 108π cm³,V = 108π cm³,3,Geometrie - Volume,Geometrie 3D,Geometrie,3 - consolidare,pretestare,2022.0,calculati volumul cilindrului cu raza si inaltimea date. v = 108π cm³,v = πr²h = π·r²·h = 108π cm³,v = 108π cm³,69,12,28,12,3,1,0,1,0,0,0,0,calculati volumul cilindrului cu raza si inaltimea date. v = 108π cm³
Pretestare 2022,11.0,Simplificați expresia algebrică dată,Se factorizează și se simplifică,Expresia simplificată,4,Expresii algebrice,Calcul algebric,Calcul algebric,4 - avansat,pretestare,2022.0,simplificati expresia algebrica data,se factorizeaza si se simplifica,expresia simplificata,36,4,32,21,0,0,0,0,0,0,0,0,simplificati expresia algebrica data
Pretestare 2023,1.0,"Din 1,8 kg struguri se obțin 0,45 kg stafide. Câte kg struguri pentru x kg stafide?","Proporție: 1,8/0,45 = x/y → necesar 20 kg struguri pentru a obține cantitatea dorită",20 kg struguri,2,Proporții,Rapoarte și proporții,Rapoarte și proporții,2 - mediu,pretestare,2023.0,"din 1,8 kg struguri se obtin 0,45 kg stafide. cate kg struguri pentru x kg stafide?","proportie: 1,8/0,45 = x/y → necesar 20 kg struguri pentru a obtine cantitatea dorita",20 kg struguri,83,16,84,14,5,0,0,0,0,0,0,1,"din 1,8 kg struguri se obtin 0,45 kg stafide. cate kg struguri pentru x kg stafide?"
Pretestare 2023,2.0,Calculați √108 și simplificați,√108 = √(36·3) = 6√3,6√3,2,Radicali,Radicali,Mulțimi numerice,2 - mediu,pretestare,2023.0,calculati √108 si simplificati,√108 = √(36·3) = 6√3,6√3,30,4,20,3,3,1,0,0,0,1,0,0,calculati √108 si simplificati
Pretestare 2023,3.0,"Geometrie: AB = 2 cm, BC = 4 cm. Calculați aria trapezului.",Se aplică formula ariei trapezului,Aria trapezului,3,Geometrie - Arii,Geometrie - Arii,Geometrie,3 - consolidare,pretestare,2023.0,"geometrie: ab = 2 cm, bc = 4 cm. calculati aria trapezului.",se aplica formula ariei trapezului,aria trapezului,59,12,34,15,2,2,0,1,0,0,0,0,"geometrie: ab = 2 cm, bc = 4 cm. calculati aria trapezului."
Pretestare 2023,4.0,"Rezolvați sistemul: 2x + 20 = 3(x - 1), găsiți x = 23",2x + 20 = 3x - 3 → x = 23,x = 23,2,Ecuații liniare,Ecuații,"Ecuații, inecuații și sisteme",2 - mediu,pretestare,2023.0,"rezolvati sistemul: 2x + 20 = 3(x - 1), gasiti x = 23",2x + 20 = 3x - 3 → x = 23,x = 23,53,13,25,6,7,6,0,0,1,0,0,0,"rezolvati sistemul: 2x + 20 = 3(x - 1), gasiti x = 23"
Pretestare 2023,7.0,Calculați aria sau perimetrul figurii geometrice,Se aplică formulele corespunzătoare,Aria/Perimetrul,3,Geometrie,Geometrie,Geometrie,3 - consolidare,pretestare,2023.0,calculati aria sau perimetrul figurii geometrice,se aplica formulele corespunzatoare,aria/perimetrul,48,6,35,15,0,0,0,0,0,0,0,0,calculati aria sau perimetrul figurii geometrice
Pretestare 2023,9.0,"Rezolvați inecuația -3x + 8 ≥ 0. Mulțimea soluțiilor: {0, 1, 2}","-3x ≥ -8 → x ≤ 8/3 ≈ 2,67. Întregi: {0, 1, 2}","{0, 1, 2}",3,Inecuații,Inecuații,"Ecuații, inecuații și sisteme",3 - consolidare,pretestare,2023.0,"rezolvati inecuatia -3x + 8 ≥ 0. multimea solutiilor: {0, 1, 2}","-3x ≥ -8 → x ≤ 8/3 ≈ 2,67. intregi: {0, 1, 2}","{0, 1, 2}",63,12,45,9,6,5,0,0,1,0,0,0,"rezolvati inecuatia -3x + 8 ≥ 0. multimea solutiilor: {0, 1, 2}"
Pretestare 2023,11.0,Factorizați expresia: (X-3)(X²-9)/(X+2) → 5X(X+3),Se factorizează și se simplifică,5X(X+3),4,Expresii algebrice,Calcul algebric,Calcul algebric,4 - avansat,pretestare,2023.0,factorizati expresia: (x-3)(x²-9)/(x+2) → 5x(x+3),se factorizeaza si se simplifica,5x(x+3),49,5,32,7,5,13,0,0,0,0,0,0,factorizati expresia: (x-3)(x²-9)/(x+2) → 5x(x+3)
Pretestare 2024,1.0,Calculați a = -15 + 7 și b = (-1)²/2. Determinați a·b.,"a = -8, b = 0.5, a·b = -4",a·b = -4,1,Numere reale,Mulțimi numerice,Mulțimi numerice,1 - bază,pretestare,2024.0,calculati a = -15 + 7 si b = (-1)²/2. determinati a·b.,"a = -8, b = 0.5, a·b = -4",a·b = -4,54,12,25,8,5,8,0,0,0,0,0,0,calculati a = -15 + 7 si b = (-1)²/2. determinati a·b.
Pretestare 2024,2.0,"În triunghiul ABC, MN ∥ AC, BC = 12 cm, NC = 8 cm, BM = 5 cm. Găsiți BN și AM.","Din teorema lui Tales: BN/BC = BM/BA. BN = 4 cm, AM se calculează",BN = 4 cm,3,Geometrie - Asemănare,Geometrie,Geometrie,3 - consolidare,pretestare,2024.0,"in triunghiul abc, mn ∥ ac, bc = 12 cm, nc = 8 cm, bm = 5 cm. gasiti bn si am.","din teorema lui tales: bn/bc = bm/ba. bn = 4 cm, am se calculeaza",bn = 4 cm,78,22,65,9,4,3,0,1,0,0,0,0,"in triunghiul abc, mn ∥ ac, bc = 12 cm, nc = 8 cm, bm = 5 cm. gasiti bn si am."
Pretestare 2024,3.0,Funcția f(x) = x² - 4x + 4. Câte puncte de intersecție cu axa Ox?,"f(x) = (x-2)². Δ = 0, deci un singur punct de intersecție",1 punct,2,Funcția de gradul II,Funcția de gradul II,Funcții,2 - mediu,pretestare,2024.0,functia f(x) = x² - 4x + 4. cate puncte de intersectie cu axa ox?,"f(x) = (x-2)². δ = 0, deci un singur punct de intersectie",1 punct,65,15,57,7,2,5,0,0,0,0,1,0,functia f(x) = x² - 4x + 4. cate puncte de intersectie cu axa ox?
Pretestare 2024,4.0,"În primăvară s-au plantat 276 de copaci, cu 15% mai mult decât în toamnă. Cu câți copaci mai mult?",Toamna: 276/1.15 = 240. Diferența: 276 - 240 = 36 copaci,36 copaci,2,Procente,Procente,Rapoarte și proporții,2 - mediu,pretestare,2024.0,"in primavara s-au plantat 276 de copaci, cu 15% mai mult decat in toamna. cu cati copaci mai mult?",toamna: 276/1.15 = 240. diferenta: 276 - 240 = 36 copaci,36 copaci,98,19,56,9,5,1,1,0,0,0,0,0,"in primavara s-au plantat 276 de copaci, cu 15% mai mult decat in toamna. cu cati copaci mai mult?"
Pretestare 2024,5.0,Calculați 9 + √48·√3 - √27,9 + √144 - √27 = 9 + 12 - 3√3 = 21 - 3√3,21 - 3√3,2,Radicali,Radicali,Mulțimi numerice,2 - mediu,pretestare,2024.0,calculati 9 + √48·√3 - √27,9 + √144 - √27 = 9 + 12 - 3√3 = 21 - 3√3,21 - 3√3,26,6,40,8,6,5,0,0,0,1,0,0,calculati 9 + √48·√3 - √27
Pretestare 2024,6.0,Rezolvați x(x-1) - 12 = 0,"x² - x - 12 = 0. Δ = 49. x₁ = 4, x₂ = -3","x₁ = 4, x₂ = -3",3,Ecuații de gradul II,Ecuații de gradul II,"Ecuații, inecuații și sisteme",3 - consolidare,pretestare,2024.0,rezolvati x(x-1) - 12 = 0,"x² - x - 12 = 0. δ = 49. x₁ = 4, x₂ = -3","x₁ = 4, x₂ = -3",25,6,40,15,4,5,0,0,0,0,0,0,rezolvati x(x-1) - 12 = 0
Pretestare 2024,7.0,Aria unui romb cu unghi de 60° și diagonala mică de 4 cm,Se calculează diagonala mare și aria: A = d₁·d₂/2,Aria rombului,3,Geometrie - Arii,Geometrie - Arii,Geometrie,3 - consolidare,pretestare,2024.0,aria unui romb cu unghi de 60° si diagonala mica de 4 cm,se calculeaza diagonala mare si aria: a = d₁·d₂/2,aria rombului,56,13,49,13,3,0,0,1,0,0,0,0,aria unui romb cu unghi de 60° si diagonala mica de 4 cm
Pretestare 2024,8.0,"Grupuri de dans: 4 și 6 persoane, 12 grupuri, 62 dansatori total. Câte grupuri de fiecare tip?","Fie x grupuri de 4 și y de 6. x+y=12, 4x+6y=62. x=5, y=7","5 grupuri de 4, 7 grupuri de 6",3,Sisteme de ecuații,Sisteme de ecuații,"Ecuații, inecuații și sisteme",3 - consolidare,pretestare,2024.0,"grupuri de dans: 4 si 6 persoane, 12 grupuri, 62 dansatori total. cate grupuri de fiecare tip?","fie x grupuri de 4 si y de 6. x+y=12, 4x+6y=62. x=5, y=7","5 grupuri de 4, 7 grupuri de 6",94,17,56,30,6,0,0,0,0,0,0,0,"grupuri de dans: 4 si 6 persoane, 12 grupuri, 62 dansatori total. cate grupuri de fiecare tip?"
Pretestare 2024,9.0,Domeniul funcției f(x) = √(-3x + 6),-3x + 6 ≥ 0 → x ≤ 2,x ≤ 2,3,Funcții iraționale,Funcții,Funcții,3 - consolidare,pretestare,2024.0,domeniul functiei f(x) = √(-3x + 6),-3x + 6 ≥ 0 → x ≤ 2,x ≤ 2,35,7,19,5,2,8,0,0,0,1,1,0,domeniul functiei f(x) = √(-3x + 6)
Pretestare 2024,10.0,"Piramidă pătrată (baza 6 cm, h=2 cm) topită într-o prismă (baza 2 cm). Găsiți înălțimea prismei.",V_piramidă = (1/3)·36·2 = 24 cm³. V_prismă = 4·h. h = 6 cm,h = 6 cm,3,Geometrie - Volume,Geometrie 3D,Geometrie,3 - consolidare,pretestare,2024.0,"piramida patrata (baza 6 cm, h=2 cm) topita intr-o prisma (baza 2 cm). gasiti inaltimea prismei.",v_piramida = (1/3)·36·2 = 24 cm³. v_prisma = 4·h. h = 6 cm,h = 6 cm,96,16,58,8,3,6,0,1,0,0,0,0,"piramida patrata (baza 6 cm, h=2 cm) topita intr-o prisma (baza 2 cm). gasiti inaltimea prismei."
Pretestare 2024,11.0,Simplificați (2x³-3x²+2x-3)/(2x²-5x+3),Se factorizează și se simplifică expresia,Expresia simplificată,4,Expresii algebrice,Calcul algebric,Calcul algebric,4 - avansat,pretestare,2024.0,simplificati (2x³-3x²+2x-3)/(2x²-5x+3),se factorizeaza si se simplifica expresia,expresia simplificata,38,2,41,21,7,10,0,0,0,0,0,0,simplificati (2x³-3x²+2x-3)/(2x²-5x+3)
Pretestare 2024,12.0,"Funcția liniară f(x)=mx+2m+5 (m≠0) trece prin A(2,1). Determinați monotonia.",f(2) = 2m + 2m + 5 = 1 → 4m = -4 → m = -1. f descrescătoare,"Descrescătoare, m = -1",4,Funcții cu parametru,Funcții,Funcții,4 - avansat,pretestare,2024.0,"functia liniara f(x)=mx+2m+5 (m=0) trece prin a(2,1). determinati monotonia.",f(2) = 2m + 2m + 5 = 1 → 4m = -4 → m = -1. f descrescatoare,"descrescatoare, m = -1",76,9,59,22,5,9,0,0,0,0,1,0,"functia liniara f(x)=mx+2m+5 (m=0) trece prin a(2,1). determinati monotonia."
Pretestare 2025,1.0,"Moldova 2024: exporturi fructe 120.000 t (60% prune, 25% struguri, rest mere). Câte tone mere?",Mere = 100% - 60% - 25% = 15%. 15% din 120000 = 18000 t,18.000 t mere,2,Procente,Procente,Rapoarte și proporții,2 - mediu,pretestare,2025.0,"moldova 2024: exporturi fructe 120.000 t (60% prune, 25% struguri, rest mere). cate tone mere?",mere = 100% - 60% - 25% = 15%. 15% din 120000 = 18000 t,18.000 t mere,94,15,55,13,14,2,1,0,0,0,0,0,"moldova 2024: exporturi fructe 120.000 t (60% prune, 25% struguri, rest mere). cate tone mere?"
Pretestare 2025,3.0,Cel mai mic întreg între rădăcinile ecuației 6x²+7x-3=0,"x₁ = 1/3, x₂ = -3/2. Între -1.5 și 0.33, cel mai mic întreg: -1",-1.0,3,Ecuații de gradul II,Ecuații de gradul II,"Ecuații, inecuații și sisteme",3 - consolidare,pretestare,2025.0,cel mai mic intreg intre radacinile ecuatiei 6x²+7x-3=0,"x₁ = 1/3, x₂ = -3/2. intre -1.5 si 0.33, cel mai mic intreg: -1",-1.0,55,8,63,4,4,3,0,0,1,0,0,0,cel mai mic intreg intre radacinile ecuatiei 6x²+7x-3=0
Pretestare 2025,4.0,Dreptunghi cu diagonala 6 cm și unghi de 30° cu o latură. Calculați aria.,"L = 6·cos30° = 3√3, l = 6·sin30° = 3. A = 9√3 cm²",A = 9√3 cm²,3,Geometrie - Arii,Geometrie - Arii,Geometrie,3 - consolidare,pretestare,2025.0,dreptunghi cu diagonala 6 cm si unghi de 30° cu o latura. calculati aria.,"l = 6·cos30° = 3√3, l = 6·sin30° = 3. a = 9√3 cm²",a = 9√3 cm²,73,14,49,11,3,0,0,1,0,0,0,0,dreptunghi cu diagonala 6 cm si unghi de 30° cu o latura. calculati aria.
Pretestare 2025,5.0,"Două grupe plantează 1000 puieți. Una plantează dublu, alta jumătate. Total plantat: 1100. Câți trebuia fiecare?","Fie x și y obiectivele. 2x + 0.5y = 1100, x + y = 1000. x = 400, y = 600",400 și 600 puieți,3,Sisteme de ecuații,Sisteme de ecuații,"Ecuații, inecuații și sisteme",3 - consolidare,pretestare,2025.0,"doua grupe planteaza 1000 puieti. una planteaza dublu, alta jumatate. total plantat: 1100. cati trebuia fiecare?","fie x si y obiectivele. 2x + 0.5y = 1100, x + y = 1000. x = 400, y = 600",400 si 600 puieti,112,16,72,17,8,0,0,0,0,0,0,0,"doua grupe planteaza 1000 puieti. una planteaza dublu, alta jumatate. total plantat: 1100. cati trebuia fiecare?"
Pretestare 2025,6.0,Intersecția domeniilor D₁ ∩ D₂ pentru funcțiile date,Se determină fiecare domeniu și se calculează intersecția,D₁ ∩ D₂,3,Funcții,Funcții,Funcții,3 - consolidare,pretestare,2025.0,intersectia domeniilor d₁ ∩ d₂ pentru functiile date,se determina fiecare domeniu si se calculeaza intersectia,d₁ ∩ d₂,52,8,57,7,0,0,0,0,0,0,0,0,intersectia domeniilor d₁ ∩ d₂ pentru functiile date
Pretestare 2025,7.0,"Rezervor piramidă pătrată (baza 3 m, h=4 m) umplut cu 400 L/min. Câte minute?",V = (1/3)·9·4 = 12 m³ = 12000 L. Timp = 12000/400 = 30 min,30 minute,3,Geometrie - Volume,Geometrie 3D,Geometrie,3 - consolidare,pretestare,2025.0,"rezervor piramida patrata (baza 3 m, h=4 m) umplut cu 400 l/min. cate minute?",v = (1/3)·9·4 = 12 m³ = 12000 l. timp = 12000/400 = 30 min,30 minute,77,14,58,9,5,4,0,1,0,0,0,0,"rezervor piramida patrata (baza 3 m, h=4 m) umplut cu 400 l/min. cate minute?"
Pretestare 2025,10.0,Demonstrați că (2X⁴-2X²) este pătrat perfect pentru X∈ℕ\{1},Se factorizează și se demonstrează proprietatea,Demonstrație,4,Expresii algebrice,Calcul algebric,Calcul algebric,4 - avansat,pretestare,2025.0,demonstrati ca (2x⁴-2x²) este patrat perfect pentru x∈ℕ\{1},se factorizeaza si se demonstreaza proprietatea,demonstratie,59,8,47,12,3,5,0,0,0,0,0,0,demonstrati ca (2x⁴-2x²) este patrat perfect pentru x∈ℕ\{1}
Pretestare 2025,11.0,Simplificați expresia algebrică,Se factorizează și se simplifică,Expresia simplificată,4,Expresii algebrice,Calcul algebric,Calcul algebric,4 - avansat,pretestare,2025.0,simplificati expresia algebrica,se factorizeaza si se simplifica,expresia simplificata,31,3,32,21,0,0,0,0,0,0,0,0,simplificati expresia algebrica
Sesiune de bază 2022,2.0,"În romb, determinați măsura unghiului de 40°",Se aplică proprietățile rombului,40°,2,Geometrie - Romb,Geometrie - Romburi,Geometrie,2 - mediu,sesiune_baza,2022.0,"in romb, determinati masura unghiului de 40°",se aplica proprietatile rombului,40°,44,7,32,3,2,0,0,1,0,0,0,0,"in romb, determinati masura unghiului de 40°"
Sesiune de bază 2022,3.0,Identificați zeroul funcției f(x) = 2x - 5 sau discutați semnul,f(x) = 0 → 2x - 5 = 0 → x = 2.5,x = 2.5,2,Funcții liniare,Funcții liniare,Funcții,2 - mediu,sesiune_baza,2022.0,identificati zeroul functiei f(x) = 2x - 5 sau discutati semnul,f(x) = 0 → 2x - 5 = 0 → x = 2.5,x = 2.5,63,11,31,7,2,4,0,0,0,0,1,0,identificati zeroul functiei f(x) = 2x - 5 sau discutati semnul
Sesiune de bază 2022,4.0,"Din 1200 bilete, 45% s-au vândut. Câte bilete nevândute?",Vândute = 45% din 1200 = 540. Nevândute = 1200 - 540 = 660,660 bilete,2,Procente,Procente,Rapoarte și proporții,2 - mediu,sesiune_baza,2022.0,"din 1200 bilete, 45% s-au vandut. cate bilete nevandute?",vandute = 45% din 1200 = 540. nevandute = 1200 - 540 = 660,660 bilete,56,9,58,10,6,1,1,0,0,0,0,1,"din 1200 bilete, 45% s-au vandut. cate bilete nevandute?"
Sesiune de bază 2022,6.0,Rezolvați ecuația 6x² + 7x + 2 = 0 pentru cea mai mare rădăcină reală,"Δ = 49 - 48 = 1. x₁ = -1/2, x₂ = -2/3. Cea mai mare: -1/2",x = -1/2,3,Ecuații de gradul II,Ecuații de gradul II,"Ecuații, inecuații și sisteme",3 - consolidare,sesiune_baza,2022.0,rezolvati ecuatia 6x² + 7x + 2 = 0 pentru cea mai mare radacina reala,"δ = 49 - 48 = 1. x₁ = -1/2, x₂ = -2/3. cea mai mare: -1/2",x = -1/2,69,15,57,8,4,3,0,0,1,0,0,0,rezolvati ecuatia 6x² + 7x + 2 = 0 pentru cea mai mare radacina reala
Sesiune de bază 2022,7.0,Triunghi cu înălțime și unghi de 45°. Calculați perimetrul.,Se folosesc relațiile trigonometrice,Perimetrul,3,Geometrie - Triunghiuri,Geometrie - Triunghiuri,Geometrie,3 - consolidare,sesiune_baza,2022.0,triunghi cu inaltime si unghi de 45°. calculati perimetrul.,se folosesc relatiile trigonometrice,perimetrul,59,9,36,10,2,0,0,1,0,0,0,0,triunghi cu inaltime si unghi de 45°. calculati perimetrul.
Sesiune de bază 2022,8.0,"23 echipe, 104 sportivi. Echipe de 6 și 4 membri. Câte de fiecare tip?","x + y = 23, 6x + 4y = 104. x = 6, y = 17","6 echipe de 6, 17 de 4",3,Sisteme de ecuații,Sisteme de ecuații,"Ecuații, inecuații și sisteme",3 - consolidare,sesiune_baza,2022.0,"23 echipe, 104 sportivi. echipe de 6 si 4 membri. cate de fiecare tip?","x + y = 23, 6x + 4y = 104. x = 6, y = 17","6 echipe de 6, 17 de 4",70,14,40,22,7,0,0,0,0,0,0,0,"23 echipe, 104 sportivi. echipe de 6 si 4 membri. cate de fiecare tip?"
Sesiune de bază 2022,9.0,Inecuația cu f(x) = -3x + 8. Găsiți x astfel încât f(x) - f(1) ≤ 2x,(-3x + 8) - (-3 + 8) ≤ 2x → -3x + 3 ≤ 2x → x ≥ 3/5,x ≥ 3/5,3,Inecuații,Inecuații,"Ecuații, inecuații și sisteme",3 - consolidare,sesiune_baza,2022.0,inecuatia cu f(x) = -3x + 8. gasiti x astfel incat f(x) - f(1) ≤ 2x,(-3x + 8) - (-3 + 8) ≤ 2x → -3x + 3 ≤ 2x → x ≥ 3/5,x ≥ 3/5,67,16,50,7,4,11,0,0,1,0,1,0,inecuatia cu f(x) = -3x + 8. gasiti x astfel incat f(x) - f(1) ≤ 2x
Sesiune de bază 2022,10.0,"Cilindru (raza 3 dm, h=5 dm) cu lapte. Este suficient pentru 150 sticle de 0.9 L?","V = π·9·5 = 45π dm³ ≈ 141.4 L. Necesar: 150·0.9 = 135 L. Da, suficient","Da, suficient",3,Geometrie - Volume,Geometrie 3D,Geometrie,3 - consolidare,sesiune_baza,2022.0,"cilindru (raza 3 dm, h=5 dm) cu lapte. este suficient pentru 150 sticle de 0.9 l?","v = π·9·5 = 45π dm³ ≈ 141.4 l. necesar: 150·0.9 = 135 l. da, suficient","da, suficient",81,16,70,13,7,3,0,1,0,0,0,1,"cilindru (raza 3 dm, h=5 dm) cu lapte. este suficient pentru 150 sticle de 0.9 l?"
Sesiune de bază 2022,12.0,"Parabolă cu deschidere în jos, vârf pe axa Ox. Găsiți parametrii.","a < 0, Δ = 0 pentru vârf pe Ox",Parametrii parabolei,4,Funcția de gradul II,Funcția de gradul II,Funcții,4 - avansat,sesiune_baza,2022.0,"parabola cu deschidere in jos, varf pe axa ox. gasiti parametrii.","a < 0, δ = 0 pentru varf pe ox",parametrii parabolei,65,11,30,20,0,0,0,0,0,0,0,0,"parabola cu deschidere in jos, varf pe axa ox. gasiti parametrii."
Sesiune de bază 2023,1.0,"Completați căsuțele: a = -1 - 4, b = 10","a = -5, b = 10","a = -5, b = 10",1,Numere întregi,Mulțimi numerice,Mulțimi numerice,1 - bază,sesiune_baza,2023.0,"completati casutele: a = -1 - 4, b = 10","a = -5, b = 10","a = -5, b = 10",39,10,14,14,4,4,0,0,0,0,0,0,"completati casutele: a = -1 - 4, b = 10"
Sesiune de bază 2023,2.0,"Geometria dreptunghiului, unghiuri ∠A = 40°",Se aplică proprietățile dreptunghiului,Măsurile unghiurilor,2,Geometrie - Dreptunghi,Geometrie,Geometrie,2 - mediu,sesiune_baza,2023.0,"geometria dreptunghiului, unghiuri ∠a = 40°",se aplica proprietatile dreptunghiului,masurile unghiurilor,43,6,38,20,2,1,0,1,0,0,0,0,"geometria dreptunghiului, unghiuri ∠a = 40°"
Sesiune de bază 2023,3.0,Identificați semnul funcției pătratice f(x)=ax²+bx+c (a≠0) și valoarea maximă,Se analizează coeficientul a și formula vârfului,Semnul și maximul,2,Funcția de gradul II,Funcția de gradul II,Funcții,2 - mediu,sesiune_baza,2023.0,identificati semnul functiei patratice f(x)=ax²+bx+c (a=0) si valoarea maxima,se analizeaza coeficientul a si formula varfului,semnul si maximul,77,9,48,17,1,7,0,0,0,0,1,0,identificati semnul functiei patratice f(x)=ax²+bx+c (a=0) si valoarea maxima
Sesiune de bază 2023,4.0,"Control calitate: din 320 piese, 304 sunt bune. Calculați procentul de defecte.",Defecte = 320 - 304 = 16. Procent = 16/320 × 100% = 5%,5% defecte,2,Procente,Procente,Rapoarte și proporții,2 - mediu,sesiune_baza,2023.0,"control calitate: din 320 piese, 304 sunt bune. calculati procentul de defecte.",defecte = 320 - 304 = 16. procent = 16/320 × 100% = 5%,5% defecte,79,12,54,10,6,0,1,0,0,0,0,0,"control calitate: din 320 piese, 304 sunt bune. calculati procentul de defecte."
Sesiune de bază 2023,5.0,Calculați expresia -3³ - 27 - 4,-27 - 27 - 4 = -58,-58.0,1,Calcul aritmetic,Calcul aritmetic,Altele,1 - bază,sesiune_baza,2023.0,calculati expresia -3³ - 27 - 4,-27 - 27 - 4 = -58,-58.0,31,7,18,5,4,3,0,0,0,0,0,0,calculati expresia -3³ - 27 - 4
Sesiune de bază 2023,6.0,Rezolvați x² - 3x - 4 = 0 și găsiți diferența absolută a soluțiilor,"x₁ = 4, x₂ = -1. Diferența: |4 - (-1)| = 5",5.0,3,Ecuații de gradul II,Ecuații de gradul II,"Ecuații, inecuații și sisteme",3 - consolidare,sesiune_baza,2023.0,rezolvati x² - 3x - 4 = 0 si gasiti diferenta absoluta a solutiilor,"x₁ = 4, x₂ = -1. diferenta: |4 - (-1)| = 5",5.0,67,14,42,3,3,3,0,0,1,0,0,0,rezolvati x² - 3x - 4 = 0 si gasiti diferenta absoluta a solutiilor
Sesiune de bază 2023,7.0,Triunghi isoscel cu baza 24 cm și înălțimea 5 cm. Găsiți perimetrul.,Latură = √(12² + 5²) = 13 cm. P = 24 + 13 + 13 = 50 cm,P = 50 cm,3,Geometrie - Triunghiuri,Geometrie - Triunghiuri,Geometrie,3 - consolidare,sesiune_baza,2023.0,triunghi isoscel cu baza 24 cm si inaltimea 5 cm. gasiti perimetrul.,latura = √(12² + 5²) = 13 cm. p = 24 + 13 + 13 = 50 cm,p = 50 cm,68,12,54,9,3,0,0,1,0,0,0,0,triunghi isoscel cu baza 24 cm si inaltimea 5 cm. gasiti perimetrul.
Sesiune de bază 2023,8.0,"Distribuție de cereri între doi operatori: 60 total. Un operator a procesat 24, celălalt 36.",Se verifică: 24 + 36 = 60,24 și 36 cereri,3,Sisteme de ecuații,Sisteme de ecuații,"Ecuații, inecuații și sisteme",3 - consolidare,sesiune_baza,2023.0,"distributie de cereri intre doi operatori: 60 total. un operator a procesat 24, celalalt 36.",se verifica: 24 + 36 = 60,24 si 36 cereri,92,15,25,15,6,0,0,0,0,0,0,0,"distributie de cereri intre doi operatori: 60 total. un operator a procesat 24, celalalt 36."
Sesiune de bază 2023,9.0,Inecuația f(3)·f(x) < 3x pentru f(x) = x - 4,f(3) = -1. -1(x-4) < 3x → -x + 4 < 3x → x > 1,x > 1,3,Inecuații,Inecuații,"Ecuații, inecuații și sisteme",3 - consolidare,sesiune_baza,2023.0,inecuatia f(3)·f(x) < 3x pentru f(x) = x - 4,f(3) = -1. -1(x-4) < 3x → -x + 4 < 3x → x > 1,x > 1,44,10,45,5,3,9,0,0,1,0,1,0,inecuatia f(3)·f(x) < 3x pentru f(x) = x - 4
Sesiune de bază 2023,10.0,"Comparați volumul unui paralelipiped (1×5×15 cm) cu o bară cilindrică (r=0.5 cm, h=1 m)",V_par = 75 cm³. V_cil = π·0.25·100 ≈ 78.5 cm³,Comparația volumelor,3,Geometrie - Volume,Geometrie 3D,Geometrie,3 - consolidare,sesiune_baza,2023.0,"comparati volumul unui paralelipiped (1×5×15 cm) cu o bara cilindrica (r=0.5 cm, h=1 m)",v_par = 75 cm³. v_cil = π·0.25·100 ≈ 78.5 cm³,comparatia volumelor,87,14,45,20,7,6,0,1,0,0,0,0,"comparati volumul unui paralelipiped (1×5×15 cm) cu o bara cilindrica (r=0.5 cm, h=1 m)"
Sesiune de bază 2024,2.0,Linia AM tangentă la cerc în A. ∠AMO = 40°. Găsiți ∠OAM și ∠AOM.,∠OAM = 90° (tangenta⊥raza). ∠AOM = 180° - 90° - 40° = 50°,"∠OAM=90°, ∠AOM=50°",3,Geometrie - Cercul,Geometrie - Cercul,Geometrie,3 - consolidare,sesiune_baza,2024.0,linia am tangenta la cerc in a. ∠amo = 40°. gasiti ∠oam si ∠aom.,∠oam = 90° (tangenta⊥raza). ∠aom = 180° - 90° - 40° = 50°,"∠oam=90°, ∠aom=50°",64,14,57,18,2,1,0,1,0,0,0,0,linia am tangenta la cerc in a. ∠amo = 40°. gasiti ∠oam si ∠aom.
Sesiune de bază 2024,4.0,"Grup turistic: 25 km total, la amiază parcurs 15 km. Ce procent rămâne?",Rămas = 25 - 15 = 10 km. Procent = 10/25 × 100% = 40%,0.4,2,Procente,Procente,Rapoarte și proporții,2 - mediu,sesiune_baza,2024.0,"grup turistic: 25 km total, la amiaza parcurs 15 km. ce procent ramane?",ramas = 25 - 15 = 10 km. procent = 10/25 × 100% = 40%,0.4,71,13,53,3,4,0,1,0,0,0,0,0,"grup turistic: 25 km total, la amiaza parcurs 15 km. ce procent ramane?"
Sesiune de bază 2024,6.0,Rezolvați 3x² - 7x + 2 = 0 pentru soluții mai mari decât √2,"x₁ = 2, x₂ = 1/3. √2 ≈ 1.41. Soluția > √2: x = 2",x = 2,3,Ecuații de gradul II,Ecuații de gradul II,"Ecuații, inecuații și sisteme",3 - consolidare,sesiune_baza,2024.0,rezolvati 3x² - 7x + 2 = 0 pentru solutii mai mari decat √2,"x₁ = 2, x₂ = 1/3. √2 ≈ 1.41. solutia > √2: x = 2",x = 2,59,14,48,5,5,4,0,0,1,1,0,0,rezolvati 3x² - 7x + 2 = 0 pentru solutii mai mari decat √2
Sesiune de bază 2024,7.0,Triunghi isoscel cu unghi la bază 30° și înălțime 1 cm. Calculați aria.,Se folosesc relațiile trigonometrice pentru a calcula baza și aria,Aria triunghiului,3,Geometrie - Arii,Geometrie - Arii,Geometrie,3 - consolidare,sesiune_baza,2024.0,triunghi isoscel cu unghi la baza 30° si inaltime 1 cm. calculati aria.,se folosesc relatiile trigonometrice pentru a calcula baza si aria,aria triunghiului,71,13,66,17,3,0,0,1,0,0,0,0,triunghi isoscel cu unghi la baza 30° si inaltime 1 cm. calculati aria.
Sesiune de bază 2024,8.0,"Barcă cu saci de cartofi: 20 saci → 1200 kg, 25 saci → 1425 kg. Greutatea bărcii și a unui sac?","Fie b barca, s sacul. b + 20s = 1200, b + 25s = 1425. s = 45 kg, b = 300 kg","Barcă=300kg, sac=45kg",3,Sisteme de ecuații,Sisteme de ecuații,"Ecuații, inecuații și sisteme",3 - consolidare,sesiune_baza,2024.0,"barca cu saci de cartofi: 20 saci → 1200 kg, 25 saci → 1425 kg. greutatea barcii si a unui sac?","fie b barca, s sacul. b + 20s = 1200, b + 25s = 1425. s = 45 kg, b = 300 kg","barca=300kg, sac=45kg",95,21,75,21,12,0,0,0,0,0,0,1,"barca cu saci de cartofi: 20 saci → 1200 kg, 25 saci → 1425 kg. greutatea barcii si a unui sac?"
Sesiune de bază 2024,9.0,"Pentru f(x) = -3x + 6, listați x > 1 unde f(x) este pozitiv","f(x) > 0 → -3x + 6 > 0 → x < 2. x > 1 și x < 2 → x ∈ (1, 2)","x ∈ (1, 2)",3,Funcții liniare,Funcții liniare,Funcții,3 - consolidare,sesiune_baza,2024.0,"pentru f(x) = -3x + 6, listati x > 1 unde f(x) este pozitiv","f(x) > 0 → -3x + 6 > 0 → x < 2. x > 1 si x < 2 → x ∈ (1, 2)","x ∈ (1, 2)",59,14,59,10,3,8,0,0,0,0,1,0,"pentru f(x) = -3x + 6, listati x > 1 unde f(x) este pozitiv"
Sesiune de bază 2024,10.0,"Acvariu cubic cu 4 L apă, nivel 10 cm. Găsiți latura cubului.","V = a² × 10 = 4000 cm³. a² = 400, a = 20 cm",a = 20 cm,3,Geometrie - Volume,Geometrie 3D,Geometrie,3 - consolidare,sesiune_baza,2024.0,"acvariu cubic cu 4 l apa, nivel 10 cm. gasiti latura cubului.","v = a² × 10 = 4000 cm³. a² = 400, a = 20 cm",a = 20 cm,61,12,43,9,3,0,0,1,0,0,0,0,"acvariu cubic cu 4 l apa, nivel 10 cm. gasiti latura cubului."
Generat - Procente - crestere,,"Intr-o zi de luni vanzarile unui supermarket au fost de 13500 lei, iar vineri - de 15120 lei. Determinati cu cate procente au crescut vanzarile.",Cresterea = 15120 - 13500 = 1620 lei. Procentul = (1620 × 100) / 13500 = 12%,12%,1,Procente,Procente,Rapoarte și proporții,1 - bază,alta,,"intr-o zi de luni vanzarile unui supermarket au fost de 13500 lei, iar vineri - de 15120 lei. determinati cu cate procente au crescut vanzarile.",cresterea = 15120 - 13500 = 1620 lei. procentul = (1620 × 100) / 13500 = 12%,12%,144,25,76,3,10,2,1,0,0,0,0,1,"intr-o zi de luni vanzarile unui supermarket au fost de 13500 lei, iar vineri - de 15120 lei. determinati cu cate procente au crescut vanzarile."
Generat - Procente - crestere,,"Intr-o zi de luni vanzarile unui farmacie au fost de 22600 lei, iar vineri - de 23730 lei. Determinati cu cate procente au crescut vanzarile.",Cresterea = 23730 - 22600 = 1130 lei. Procentul = (1130 × 100) / 22600 = 5%,5%,1,Procente,Procente,Rapoarte și proporții,1 - bază,alta,,"intr-o zi de luni vanzarile unui farmacie au fost de 22600 lei, iar vineri - de 23730 lei. determinati cu cate procente au crescut vanzarile.",cresterea = 23730 - 22600 = 1130 lei. procentul = (1130 × 100) / 22600 = 5%,5%,141,25,75,2,10,2,1,0,0,0,0,1,"intr-o zi de luni vanzarile unui farmacie au fost de 22600 lei, iar vineri - de 23730 lei. determinati cu cate procente au crescut vanzarile."
Generat - Procente - crestere,,"Intr-o zi de luni vanzarile unui librarie au fost de 26800 lei, iar marti - de 40200 lei. Determinati cu cate procente au crescut vanzarile.",Cresterea = 40200 - 26800 = 13400 lei. Procentul = (13400 × 100) / 26800 = 50%,50%,1,Procente,Procente,Rapoarte și proporții,1 - bază,alta,,"intr-o zi de luni vanzarile unui librarie au fost de 26800 lei, iar marti - de 40200 lei. determinati cu cate procente au crescut vanzarile.",cresterea = 40200 - 26800 = 13400 lei. procentul = (13400 × 100) / 26800 = 50%,50%,140,25,78,3,10,2,1,1,0,0,0,1,"intr-o zi de luni vanzarile unui librarie au fost de 26800 lei, iar marti - de 40200 lei. determinati cu cate procente au crescut vanzarile."
Generat - Procente - crestere,,"Intr-o zi de vineri vanzarile unui farmacie au fost de 22400 lei, iar marti - de 25088 lei. Determinati cu cate procente au crescut vanzarile.",Cresterea = 25088 - 22400 = 2688 lei. Procentul = (2688 × 100) / 22400 = 12%,12%,1,Procente,Procente,Rapoarte și proporții,1 - bază,alta,,"intr-o zi de vineri vanzarile unui farmacie au fost de 22400 lei, iar marti - de 25088 lei. determinati cu cate procente au crescut vanzarile.",cresterea = 25088 - 22400 = 2688 lei. procentul = (2688 × 100) / 22400 = 12%,12%,142,25,76,3,10,2,1,0,0,0,0,1,"intr-o zi de vineri vanzarile unui farmacie au fost de 22400 lei, iar marti - de 25088 lei. determinati cu cate procente au crescut vanzarile."
Generat - Procente - crestere,,"Intr-o zi de vineri vanzarile unui magazin au fost de 39800 lei, iar miercuri - de 43780 lei. Determinati cu cate procente au crescut vanzarile.",Cresterea = 43780 - 39800 = 3980 lei. Procentul = (3980 × 100) / 39800 = 10%,10%,1,Procente,Procente,Rapoarte și proporții,1 - bază,alta,,"intr-o zi de vineri vanzarile unui magazin au fost de 39800 lei, iar miercuri - de 43780 lei. determinati cu cate procente au crescut vanzarile.",cresterea = 43780 - 39800 = 3980 lei. procentul = (3980 × 100) / 39800 = 10%,10%,144,25,76,3,10,2,1,0,0,0,0,1,"intr-o zi de vineri vanzarile unui magazin au fost de 39800 lei, iar miercuri - de 43780 lei. determinati cu cate procente au crescut vanzarile."
Generat - Procente - crestere,,"Intr-o zi de miercuri vanzarile unui librarie au fost de 12000 lei, iar vineri - de 14400 lei. Determinati cu cate procente au crescut vanzarile.",Cresterea = 14400 - 12000 = 2400 lei. Procentul = (2400 × 100) / 12000 = 20%,20%,1,Procente,Procente,Rapoarte și proporții,1 - bază,alta,,"intr-o zi de miercuri vanzarile unui librarie au fost de 12000 lei, iar vineri - de 14400 lei. determinati cu cate procente au crescut vanzarile.",cresterea = 14400 - 12000 = 2400 lei. procentul = (2400 × 100) / 12000 = 20%,20%,145,25,76,3,10,2,1,1,0,0,0,1,"intr-o zi de miercuri vanzarile unui librarie au fost de 12000 lei, iar vineri - de 14400 lei. determinati cu cate procente au crescut vanzarile."
Generat - Procente - crestere,,"Intr-o zi de luni vanzarile unui magazin au fost de 19300 lei, iar joi - de 23160 lei. Determinati cu cate procente au crescut vanzarile.",Cresterea = 23160 - 19300 = 3860 lei. Procentul = (3860 × 100) / 19300 = 20%,20%,1,Procente,Procente,Rapoarte și proporții,1 - bază,alta,,"intr-o zi de luni vanzarile unui magazin au fost de 19300 lei, iar joi - de 23160 lei. determinati cu cate procente au crescut vanzarile.",cresterea = 23160 - 19300 = 3860 lei. procentul = (3860 × 100) / 19300 = 20%,20%,137,25,76,3,10,2,1,0,0,0,0,1,"intr-o zi de luni vanzarile unui magazin au fost de 19300 lei, iar joi - de 23160 lei. determinati cu cate procente au crescut vanzarile."
Generat - Procente - crestere,,"Intr-o zi de miercuri vanzarile unui piata au fost de 28400 lei, iar luni - de 30672 lei. Determinati cu cate procente au crescut vanzarile.",Cresterea = 30672 - 28400 = 2272 lei. Procentul = (2272 × 100) / 28400 = 8%,8%,1,Procente,Procente,Rapoarte și proporții,1 - bază,alta,,"intr-o zi de miercuri vanzarile unui piata au fost de 28400 lei, iar luni - de 30672 lei. determinati cu cate procente au crescut vanzarile.",cresterea = 30672 - 28400 = 2272 lei. procentul = (2272 × 100) / 28400 = 8%,8%,140,25,75,2,10,2,1,0,0,0,0,1,"intr-o zi de miercuri vanzarile unui piata au fost de 28400 lei, iar luni - de 30672 lei. determinati cu cate procente au crescut vanzarile."
Generat - Procente - crestere,,"Intr-o zi de luni vanzarile unui farmacie au fost de 46300 lei, iar miercuri - de 55560 lei. Determinati cu cate procente au crescut vanzarile.",Cresterea = 55560 - 46300 = 9260 lei. Procentul = (9260 × 100) / 46300 = 20%,20%,1,Procente,Procente,Rapoarte și proporții,1 - bază,alta,,"intr-o zi de luni vanzarile unui farmacie au fost de 46300 lei, iar miercuri - de 55560 lei. determinati cu cate procente au crescut vanzarile.",cresterea = 55560 - 46300 = 9260 lei. procentul = (9260 × 100) / 46300 = 20%,20%,143,25,76,3,10,2,1,0,0,0,0,1,"intr-o zi de luni vanzarile unui farmacie au fost de 46300 lei, iar miercuri - de 55560 lei. determinati cu cate procente au crescut vanzarile."
Generat - Procente - crestere,,"Intr-o zi de marti vanzarile unui magazin au fost de 34800 lei, iar luni - de 38976 lei. Determinati cu cate procente au crescut vanzarile.",Cresterea = 38976 - 34800 = 4176 lei. Procentul = (4176 × 100) / 34800 = 12%,12%,1,Procente,Procente,Rapoarte și proporții,1 - bază,alta,,"intr-o zi de marti vanzarile unui magazin au fost de 34800 lei, iar luni - de 38976 lei. determinati cu cate procente au crescut vanzarile.",cresterea = 38976 - 34800 = 4176 lei. procentul = (4176 × 100) / 34800 = 12%,12%,139,25,76,3,10,2,1,0,0,0,0,1,"intr-o zi de marti vanzarile unui magazin au fost de 34800 lei, iar luni - de 38976 lei. determinati cu cate procente au crescut vanzarile."
Generat - Procente - crestere,,"Intr-o zi de luni vanzarile unui magazin au fost de 20400 lei, iar marti - de 23460 lei. Determinati cu cate procente au crescut vanzarile.",Cresterea = 23460 - 20400 = 3060 lei. Procentul = (3060 × 100) / 20400 = 15%,15%,1,Procente,Procente,Rapoarte și proporții,1 - bază,alta,,"intr-o zi de luni vanzarile unui magazin au fost de 20400 lei, iar marti - de 23460 lei. determinati cu cate procente au crescut vanzarile.",cresterea = 23460 - 20400 = 3060 lei. procentul = (3060 × 100) / 20400 = 15%,15%,139,25,76,3,10,2,1,0,0,0,0,1,"intr-o zi de luni vanzarile unui magazin au fost de 20400 lei, iar marti - de 23460 lei. determinati cu cate procente au crescut vanzarile."
Generat - Procente - crestere,,"Intr-o zi de miercuri vanzarile unui supermarket au fost de 19100 lei, iar marti - de 21392 lei. Determinati cu cate procente au crescut vanzarile.",Cresterea = 21392 - 19100 = 2292 lei. Procentul = (2292 × 100) / 19100 = 12%,12%,1,Procente,Procente,Rapoarte și proporții,1 - bază,alta,,"intr-o zi de miercuri vanzarile unui supermarket au fost de 19100 lei, iar marti - de 21392 lei. determinati cu cate procente au crescut vanzarile.",cresterea = 21392 - 19100 = 2292 lei. procentul = (2292 × 100) / 19100 = 12%,12%,147,25,76,3,10,2,1,0,0,0,0,1,"intr-o zi de miercuri vanzarile unui supermarket au fost de 19100 lei, iar marti - de 21392 lei. determinati cu cate procente au crescut vanzarile."
Generat - Procente - crestere,,"Intr-o zi de luni vanzarile unui farmacie au fost de 38300 lei, iar marti - de 42896 lei. Determinati cu cate procente au crescut vanzarile.",Cresterea = 42896 - 38300 = 4596 lei. Procentul = (4596 × 100) / 38300 = 12%,12%,1,Procente,Procente,Rapoarte și proporții,1 - bază,alta,,"intr-o zi de luni vanzarile unui farmacie au fost de 38300 lei, iar marti - de 42896 lei. determinati cu cate procente au crescut vanzarile.",cresterea = 42896 - 38300 = 4596 lei. procentul = (4596 × 100) / 38300 = 12%,12%,140,25,76,3,10,2,1,0,0,0,0,1,"intr-o zi de luni vanzarile unui farmacie au fost de 38300 lei, iar marti - de 42896 lei. determinati cu cate procente au crescut vanzarile."
Generat - Procente - crestere,,"Intr-o zi de joi vanzarile unui supermarket au fost de 48300 lei, iar vineri - de 67620 lei. Determinati cu cate procente au crescut vanzarile.",Cresterea = 67620 - 48300 = 19320 lei. Procentul = (19320 × 100) / 48300 = 40%,40%,1,Procente,Procente,Rapoarte și proporții,1 - bază,alta,,"intr-o zi de joi vanzarile unui supermarket au fost de 48300 lei, iar vineri - de 67620 lei. determinati cu cate procente au crescut vanzarile.",cresterea = 67620 - 48300 = 19320 lei. procentul = (19320 × 100) / 48300 = 40%,40%,143,25,78,3,10,2,1,0,0,0,0,1,"intr-o zi de joi vanzarile unui supermarket au fost de 48300 lei, iar vineri - de 67620 lei. determinati cu cate procente au crescut vanzarile."
Generat - Procente - crestere,,"Intr-o zi de miercuri vanzarile unui librarie au fost de 43000 lei, iar luni - de 45150 lei. Determinati cu cate procente au crescut vanzarile.",Cresterea = 45150 - 43000 = 2150 lei. Procentul = (2150 × 100) / 43000 = 5%,5%,1,Procente,Procente,Rapoarte și proporții,1 - bază,alta,,"intr-o zi de miercuri vanzarile unui librarie au fost de 43000 lei, iar luni - de 45150 lei. determinati cu cate procente au crescut vanzarile.",cresterea = 45150 - 43000 = 2150 lei. procentul = (2150 × 100) / 43000 = 5%,5%,143,25,75,2,10,2,1,1,0,0,0,1,"intr-o zi de miercuri vanzarile unui librarie au fost de 43000 lei, iar luni - de 45150 lei. determinati cu cate procente au crescut vanzarile."
Generat - Procente - crestere,,"Intr-o zi de joi vanzarile unui magazin au fost de 11800 lei, iar miercuri - de 17700 lei. Determinati cu cate procente au crescut vanzarile.",Cresterea = 17700 - 11800 = 5900 lei. Procentul = (5900 × 100) / 11800 = 50%,50%,1,Procente,Procente,Rapoarte și proporții,1 - bază,alta,,"intr-o zi de joi vanzarile unui magazin au fost de 11800 lei, iar miercuri - de 17700 lei. determinati cu cate procente au crescut vanzarile.",cresterea = 17700 - 11800 = 5900 lei. procentul = (5900 × 100) / 11800 = 50%,50%,141,25,76,3,10,2,1,0,0,0,0,1,"intr-o zi de joi vanzarile unui magazin au fost de 11800 lei, iar miercuri - de 17700 lei. determinati cu cate procente au crescut vanzarile."
Generat - Procente - crestere,,"Intr-o zi de marti vanzarile unui piata au fost de 46200 lei, iar joi - de 60060 lei. Determinati cu cate procente au crescut vanzarile.",Cresterea = 60060 - 46200 = 13860 lei. Procentul = (13860 × 100) / 46200 = 30%,30%,1,Procente,Procente,Rapoarte și proporții,1 - bază,alta,,"intr-o zi de marti vanzarile unui piata au fost de 46200 lei, iar joi - de 60060 lei. determinati cu cate procente au crescut vanzarile.",cresterea = 60060 - 46200 = 13860 lei. procentul = (13860 × 100) / 46200 = 30%,30%,136,25,78,3,10,2,1,0,0,0,0,1,"intr-o zi de marti vanzarile unui piata au fost de 46200 lei, iar joi - de 60060 lei. determinati cu cate procente au crescut vanzarile."
Generat - Procente - crestere,,"Intr-o zi de miercuri vanzarile unui librarie au fost de 39100 lei, iar marti - de 54740 lei. Determinati cu cate procente au crescut vanzarile.",Cresterea = 54740 - 39100 = 15640 lei. Procentul = (15640 × 100) / 39100 = 40%,40%,1,Procente,Procente,Rapoarte și proporții,1 - bază,alta,,"intr-o zi de miercuri vanzarile unui librarie au fost de 39100 lei, iar marti - de 54740 lei. determinati cu cate procente au crescut vanzarile.",cresterea = 54740 - 39100 = 15640 lei. procentul = (15640 × 100) / 39100 = 40%,40%,144,25,78,3,10,2,1,1,0,0,0,1,"intr-o zi de miercuri vanzarile unui librarie au fost de 39100 lei, iar marti - de 54740 lei. determinati cu cate procente au crescut vanzarile."
Generat - Procente - crestere,,"Intr-o zi de miercuri vanzarile unui farmacie au fost de 21400 lei, iar joi - de 25680 lei. Determinati cu cate procente au crescut vanzarile.",Cresterea = 25680 - 21400 = 4280 lei. Procentul = (4280 × 100) / 21400 = 20%,20%,1,Procente,Procente,Rapoarte și proporții,1 - bază,alta,,"intr-o zi de miercuri vanzarile unui farmacie au fost de 21400 lei, iar joi - de 25680 lei. determinati cu cate procente au crescut vanzarile.",cresterea = 25680 - 21400 = 4280 lei. procentul = (4280 × 100) / 21400 = 20%,20%,142,25,76,3,10,2,1,0,0,0,0,1,"intr-o zi de miercuri vanzarile unui farmacie au fost de 21400 lei, iar joi - de 25680 lei. determinati cu cate procente au crescut vanzarile."
Generat - Procente - crestere,,"Intr-o zi de marti vanzarile unui magazin au fost de 39600 lei, iar joi - de 41580 lei. Determinati cu cate procente au crescut vanzarile.",Cresterea = 41580 - 39600 = 1980 lei. Procentul = (1980 × 100) / 39600 = 5%,5%,1,Procente,Procente,Rapoarte și proporții,1 - bază,alta,,"intr-o zi de marti vanzarile unui magazin au fost de 39600 lei, iar joi - de 41580 lei. determinati cu cate procente au crescut vanzarile.",cresterea = 41580 - 39600 = 1980 lei. procentul = (1980 × 100) / 39600 = 5%,5%,138,25,75,2,10,2,1,0,0,0,0,1,"intr-o zi de marti vanzarile unui magazin au fost de 39600 lei, iar joi - de 41580 lei. determinati cu cate procente au crescut vanzarile."
Generat - Procente - crestere,,"Intr-o zi de marti vanzarile unui piata au fost de 31500 lei, iar vineri - de 34020 lei. Determinati cu cate procente au crescut vanzarile.",Cresterea = 34020 - 31500 = 2520 lei. Procentul = (2520 × 100) / 31500 = 8%,8%,1,Procente,Procente,Rapoarte și proporții,1 - bază,alta,,"intr-o zi de marti vanzarile unui piata au fost de 31500 lei, iar vineri - de 34020 lei. determinati cu cate procente au crescut vanzarile.",cresterea = 34020 - 31500 = 2520 lei. procentul = (2520 × 100) / 31500 = 8%,8%,139,25,75,2,10,2,1,0,0,0,0,1,"intr-o zi de marti vanzarile unui piata au fost de 31500 lei, iar vineri - de 34020 lei. determinati cu cate procente au crescut vanzarile."
Generat - Procente - crestere,,"Intr-o zi de joi vanzarile unui farmacie au fost de 13800 lei, iar vineri - de 19320 lei. Determinati cu cate procente au crescut vanzarile.",Cresterea = 19320 - 13800 = 5520 lei. Procentul = (5520 × 100) / 13800 = 40%,40%,1,Procente,Procente,Rapoarte și proporții,1 - bază,alta,,"intr-o zi de joi vanzarile unui farmacie au fost de 13800 lei, iar vineri - de 19320 lei. determinati cu cate procente au crescut vanzarile.",cresterea = 19320 - 13800 = 5520 lei. procentul = (5520 × 100) / 13800 = 40%,40%,140,25,76,3,10,2,1,0,0,0,0,1,"intr-o zi de joi vanzarile unui farmacie au fost de 13800 lei, iar vineri - de 19320 lei. determinati cu cate procente au crescut vanzarile."
Generat - Procente - crestere,,"Intr-o zi de luni vanzarile unui supermarket au fost de 6700 lei, iar miercuri - de 7705 lei. Determinati cu cate procente au crescut vanzarile.",Cresterea = 7705 - 6700 = 1005 lei. Procentul = (1005 × 100) / 6700 = 15%,15%,1,Procente,Procente,Rapoarte și proporții,1 - bază,alta,,"intr-o zi de luni vanzarile unui supermarket au fost de 6700 lei, iar miercuri - de 7705 lei. determinati cu cate procente au crescut vanzarile.",cresterea = 7705 - 6700 = 1005 lei. procentul = (1005 × 100) / 6700 = 15%,15%,144,25,73,3,8,2,1,0,0,0,0,1,"intr-o zi de luni vanzarile unui supermarket au fost de 6700 lei, iar miercuri - de 7705 lei. determinati cu cate procente au crescut vanzarile."
Generat - Procente - crestere,,"Intr-o zi de marti vanzarile unui magazin au fost de 49800 lei, iar joi - de 57270 lei. Determinati cu cate procente au crescut vanzarile.",Cresterea = 57270 - 49800 = 7470 lei. Procentul = (7470 × 100) / 49800 = 15%,15%,1,Procente,Procente,Rapoarte și proporții,1 - bază,alta,,"intr-o zi de marti vanzarile unui magazin au fost de 49800 lei, iar joi - de 57270 lei. determinati cu cate procente au crescut vanzarile.",cresterea = 57270 - 49800 = 7470 lei. procentul = (7470 × 100) / 49800 = 15%,15%,138,25,76,3,10,2,1,0,0,0,0,1,"intr-o zi de marti vanzarile unui magazin au fost de 49800 lei, iar joi - de 57270 lei. determinati cu cate procente au crescut vanzarile."
Generat - Procente - crestere,,"Intr-o zi de marti vanzarile unui supermarket au fost de 44000 lei, iar luni - de 61600 lei. Determinati cu cate procente au crescut vanzarile.",Cresterea = 61600 - 44000 = 17600 lei. Procentul = (17600 × 100) / 44000 = 40%,40%,1,Procente,Procente,Rapoarte și proporții,1 - bază,alta,,"intr-o zi de marti vanzarile unui supermarket au fost de 44000 lei, iar luni - de 61600 lei. determinati cu cate procente au crescut vanzarile.",cresterea = 61600 - 44000 = 17600 lei. procentul = (17600 × 100) / 44000 = 40%,40%,143,25,78,3,10,2,1,0,0,0,0,1,"intr-o zi de marti vanzarile unui supermarket au fost de 44000 lei, iar luni - de 61600 lei. determinati cu cate procente au crescut vanzarile."
Generat - Procente - crestere,,"Intr-o zi de marti vanzarile unui supermarket au fost de 40000 lei, iar vineri - de 44000 lei. Determinati cu cate procente au crescut vanzarile.",Cresterea = 44000 - 40000 = 4000 lei. Procentul = (4000 × 100) / 40000 = 10%,10%,1,Procente,Procente,Rapoarte și proporții,1 - bază,alta,,"intr-o zi de marti vanzarile unui supermarket au fost de 40000 lei, iar vineri - de 44000 lei. determinati cu cate procente au crescut vanzarile.",cresterea = 44000 - 40000 = 4000 lei. procentul = (4000 × 100) / 40000 = 10%,10%,145,25,76,3,10,2,1,0,0,0,0,1,"intr-o zi de marti vanzarile unui supermarket au fost de 40000 lei, iar vineri - de 44000 lei. determinati cu cate procente au crescut vanzarile."
Generat - Procente - crestere,,"Intr-o zi de vineri vanzarile unui farmacie au fost de 17500 lei, iar luni - de 22750 lei. Determinati cu cate procente au crescut vanzarile.",Cresterea = 22750 - 17500 = 5250 lei. Procentul = (5250 × 100) / 17500 = 30%,30%,1,Procente,Procente,Rapoarte și proporții,1 - bază,alta,,"intr-o zi de vineri vanzarile unui farmacie au fost de 17500 lei, iar luni - de 22750 lei. determinati cu cate procente au crescut vanzarile.",cresterea = 22750 - 17500 = 5250 lei. procentul = (5250 × 100) / 17500 = 30%,30%,141,25,76,3,10,2,1,0,0,0,0,1,"intr-o zi de vineri vanzarile unui farmacie au fost de 17500 lei, iar luni - de 22750 lei. determinati cu cate procente au crescut vanzarile."
Generat - Procente - crestere,,"Intr-o zi de luni vanzarile unui supermarket au fost de 13200 lei, iar miercuri - de 13860 lei. Determinati cu cate procente au crescut vanzarile.",Cresterea = 13860 - 13200 = 660 lei. Procentul = (660 × 100) / 13200 = 5%,5%,1,Procente,Procente,Rapoarte și proporții,1 - bază,alta,,"intr-o zi de luni vanzarile unui supermarket au fost de 13200 lei, iar miercuri - de 13860 lei. determinati cu cate procente au crescut vanzarile.",cresterea = 13860 - 13200 = 660 lei. procentul = (660 × 100) / 13200 = 5%,5%,146,25,73,2,10,2,1,0,0,0,0,1,"intr-o zi de luni vanzarile unui supermarket au fost de 13200 lei, iar miercuri - de 13860 lei. determinati cu cate procente au crescut vanzarile."
Generat - Procente - crestere,,"Intr-o zi de vineri vanzarile unui magazin au fost de 38400 lei, iar luni - de 49920 lei. Determinati cu cate procente au crescut vanzarile.",Cresterea = 49920 - 38400 = 11520 lei. Procentul = (11520 × 100) / 38400 = 30%,30%,1,Procente,Procente,Rapoarte și proporții,1 - bază,alta,,"intr-o zi de vineri vanzarile unui magazin au fost de 38400 lei, iar luni - de 49920 lei. determinati cu cate procente au crescut vanzarile.",cresterea = 49920 - 38400 = 11520 lei. procentul = (11520 × 100) / 38400 = 30%,30%,140,25,78,3,10,2,1,0,0,0,0,1,"intr-o zi de vineri vanzarile unui magazin au fost de 38400 lei, iar luni - de 49920 lei. determinati cu cate procente au crescut vanzarile."
Generat - Procente - crestere,,"Intr-o zi de vineri vanzarile unui librarie au fost de 34700 lei, iar marti - de 45110 lei. Determinati cu cate procente au crescut vanzarile.",Cresterea = 45110 - 34700 = 10410 lei. Procentul = (10410 × 100) / 34700 = 30%,30%,1,Procente,Procente,Rapoarte și proporții,1 - bază,alta,,"intr-o zi de vineri vanzarile unui librarie au fost de 34700 lei, iar marti - de 45110 lei. determinati cu cate procente au crescut vanzarile.",cresterea = 45110 - 34700 = 10410 lei. procentul = (10410 × 100) / 34700 = 30%,30%,142,25,78,3,10,2,1,1,0,0,0,1,"intr-o zi de vineri vanzarile unui librarie au fost de 34700 lei, iar marti - de 45110 lei. determinati cu cate procente au crescut vanzarile."
Generat - Procente - crestere,,"Intr-o zi de marti vanzarile unui farmacie au fost de 45600 lei, iar miercuri - de 68400 lei. Determinati cu cate procente au crescut vanzarile.",Cresterea = 68400 - 45600 = 22800 lei. Procentul = (22800 × 100) / 45600 = 50%,50%,1,Procente,Procente,Rapoarte și proporții,1 - bază,alta,,"intr-o zi de marti vanzarile unui farmacie au fost de 45600 lei, iar miercuri - de 68400 lei. determinati cu cate procente au crescut vanzarile.",cresterea = 68400 - 45600 = 22800 lei. procentul = (22800 × 100) / 45600 = 50%,50%,144,25,78,3,10,2,1,0,0,0,0,1,"intr-o zi de marti vanzarile unui farmacie au fost de 45600 lei, iar miercuri - de 68400 lei. determinati cu cate procente au crescut vanzarile."
Generat - Procente - crestere,,"Intr-o zi de marti vanzarile unui supermarket au fost de 21400 lei, iar vineri - de 25680 lei. Determinati cu cate procente au crescut vanzarile.",Cresterea = 25680 - 21400 = 4280 lei. Procentul = (4280 × 100) / 21400 = 20%,20%,1,Procente,Procente,Rapoarte și proporții,1 - bază,alta,,"intr-o zi de marti vanzarile unui supermarket au fost de 21400 lei, iar vineri - de 25680 lei. determinati cu cate procente au crescut vanzarile.",cresterea = 25680 - 21400 = 4280 lei. procentul = (4280 × 100) / 21400 = 20%,20%,145,25,76,3,10,2,1,0,0,0,0,1,"intr-o zi de marti vanzarile unui supermarket au fost de 21400 lei, iar vineri - de 25680 lei. determinati cu cate procente au crescut vanzarile."
Generat - Procente - crestere,,"Intr-o zi de vineri vanzarile unui magazin au fost de 13600 lei, iar joi - de 15232 lei. Determinati cu cate procente au crescut vanzarile.",Cresterea = 15232 - 13600 = 1632 lei. Procentul = (1632 × 100) / 13600 = 12%,12%,1,Procente,Procente,Rapoarte și proporții,1 - bază,alta,,"intr-o zi de vineri vanzarile unui magazin au fost de 13600 lei, iar joi - de 15232 lei. determinati cu cate procente au crescut vanzarile.",cresterea = 15232 - 13600 = 1632 lei. procentul = (1632 × 100) / 13600 = 12%,12%,139,25,76,3,10,2,1,0,0,0,0,1,"intr-o zi de vineri vanzarile unui magazin au fost de 13600 lei, iar joi - de 15232 lei. determinati cu cate procente au crescut vanzarile."
Generat - Procente - crestere,,"Intr-o zi de miercuri vanzarile unui farmacie au fost de 29300 lei, iar luni - de 32816 lei. Determinati cu cate procente au crescut vanzarile.",Cresterea = 32816 - 29300 = 3516 lei. Procentul = (3516 × 100) / 29300 = 12%,12%,1,Procente,Procente,Rapoarte și proporții,1 - bază,alta,,"intr-o zi de miercuri vanzarile unui farmacie au fost de 29300 lei, iar luni - de 32816 lei. determinati cu cate procente au crescut vanzarile.",cresterea = 32816 - 29300 = 3516 lei. procentul = (3516 × 100) / 29300 = 12%,12%,143,25,76,3,10,2,1,0,0,0,0,1,"intr-o zi de miercuri vanzarile unui farmacie au fost de 29300 lei, iar luni - de 32816 lei. determinati cu cate procente au crescut vanzarile."
Generat - Procente - crestere,,"Intr-o zi de marti vanzarile unui magazin au fost de 37200 lei, iar luni - de 39060 lei. Determinati cu cate procente au crescut vanzarile.",Cresterea = 39060 - 37200 = 1860 lei. Procentul = (1860 × 100) / 37200 = 5%,5%,1,Procente,Procente,Rapoarte și proporții,1 - bază,alta,,"intr-o zi de marti vanzarile unui magazin au fost de 37200 lei, iar luni - de 39060 lei. determinati cu cate procente au crescut vanzarile.",cresterea = 39060 - 37200 = 1860 lei. procentul = (1860 × 100) / 37200 = 5%,5%,139,25,75,2,10,2,1,0,0,0,0,1,"intr-o zi de marti vanzarile unui magazin au fost de 37200 lei, iar luni - de 39060 lei. determinati cu cate procente au crescut vanzarile."
Generat - Procente - crestere,,"Intr-o zi de luni vanzarile unui supermarket au fost de 4600 lei, iar vineri - de 6440 lei. Determinati cu cate procente au crescut vanzarile.",Cresterea = 6440 - 4600 = 1840 lei. Procentul = (1840 × 100) / 4600 = 40%,40%,1,Procente,Procente,Rapoarte și proporții,1 - bază,alta,,"intr-o zi de luni vanzarile unui supermarket au fost de 4600 lei, iar vineri - de 6440 lei. determinati cu cate procente au crescut vanzarile.",cresterea = 6440 - 4600 = 1840 lei. procentul = (1840 × 100) / 4600 = 40%,40%,142,25,73,3,8,2,1,0,0,0,0,1,"intr-o zi de luni vanzarile unui supermarket au fost de 4600 lei, iar vineri - de 6440 lei. determinati cu cate procente au crescut vanzarile."
Generat - Procente - crestere,,"Intr-o zi de miercuri vanzarile unui librarie au fost de 28600 lei, iar joi - de 31460 lei. Determinati cu cate procente au crescut vanzarile.",Cresterea = 31460 - 28600 = 2860 lei. Procentul = (2860 × 100) / 28600 = 10%,10%,1,Procente,Procente,Rapoarte și proporții,1 - bază,alta,,"intr-o zi de miercuri vanzarile unui librarie au fost de 28600 lei, iar joi - de 31460 lei. determinati cu cate procente au crescut vanzarile.",cresterea = 31460 - 28600 = 2860 lei. procentul = (2860 × 100) / 28600 = 10%,10%,142,25,76,3,10,2,1,1,0,0,0,1,"intr-o zi de miercuri vanzarile unui librarie au fost de 28600 lei, iar joi - de 31460 lei. determinati cu cate procente au crescut vanzarile."
Generat - Procente - crestere,,"Intr-o zi de vineri vanzarile unui librarie au fost de 41100 lei, iar joi - de 53430 lei. Determinati cu cate procente au crescut vanzarile.",Cresterea = 53430 - 41100 = 12330 lei. Procentul = (12330 × 100) / 41100 = 30%,30%,1,Procente,Procente,Rapoarte și proporții,1 - bază,alta,,"intr-o zi de vineri vanzarile unui librarie au fost de 41100 lei, iar joi - de 53430 lei. determinati cu cate procente au crescut vanzarile.",cresterea = 53430 - 41100 = 12330 lei. procentul = (12330 × 100) / 41100 = 30%,30%,140,25,78,3,10,2,1,1,0,0,0,1,"intr-o zi de vineri vanzarile unui librarie au fost de 41100 lei, iar joi - de 53430 lei. determinati cu cate procente au crescut vanzarile."
Generat - Procente - crestere,,"Intr-o zi de marti vanzarile unui magazin au fost de 34700 lei, iar luni - de 43375 lei. Determinati cu cate procente au crescut vanzarile.",Cresterea = 43375 - 34700 = 8675 lei. Procentul = (8675 × 100) / 34700 = 25%,25%,1,Procente,Procente,Rapoarte și proporții,1 - bază,alta,,"intr-o zi de marti vanzarile unui magazin au fost de 34700 lei, iar luni - de 43375 lei. determinati cu cate procente au crescut vanzarile.",cresterea = 43375 - 34700 = 8675 lei. procentul = (8675 × 100) / 34700 = 25%,25%,139,25,76,3,10,2,1,0,0,0,0,1,"intr-o zi de marti vanzarile unui magazin au fost de 34700 lei, iar luni - de 43375 lei. determinati cu cate procente au crescut vanzarile."
Generat - Procente - crestere,,"Intr-o zi de joi vanzarile unui piata au fost de 45200 lei, iar vineri - de 47460 lei. Determinati cu cate procente au crescut vanzarile.",Cresterea = 47460 - 45200 = 2260 lei. Procentul = (2260 × 100) / 45200 = 5%,5%,1,Procente,Procente,Rapoarte și proporții,1 - bază,alta,,"intr-o zi de joi vanzarile unui piata au fost de 45200 lei, iar vineri - de 47460 lei. determinati cu cate procente au crescut vanzarile.",cresterea = 47460 - 45200 = 2260 lei. procentul = (2260 × 100) / 45200 = 5%,5%,137,25,75,2,10,2,1,0,0,0,0,1,"intr-o zi de joi vanzarile unui piata au fost de 45200 lei, iar vineri - de 47460 lei. determinati cu cate procente au crescut vanzarile."
Generat - Procente - crestere,,"Intr-o zi de luni vanzarile unui supermarket au fost de 41900 lei, iar joi - de 45252 lei. Determinati cu cate procente au crescut vanzarile.",Cresterea = 45252 - 41900 = 3352 lei. Procentul = (3352 × 100) / 41900 = 8%,8%,1,Procente,Procente,Rapoarte și proporții,1 - bază,alta,,"intr-o zi de luni vanzarile unui supermarket au fost de 41900 lei, iar joi - de 45252 lei. determinati cu cate procente au crescut vanzarile.",cresterea = 45252 - 41900 = 3352 lei. procentul = (3352 × 100) / 41900 = 8%,8%,141,25,75,2,10,2,1,0,0,0,0,1,"intr-o zi de luni vanzarile unui supermarket au fost de 41900 lei, iar joi - de 45252 lei. determinati cu cate procente au crescut vanzarile."
Generat - Procente - crestere,,"Intr-o zi de marti vanzarile unui farmacie au fost de 23900 lei, iar vineri - de 26290 lei. Determinati cu cate procente au crescut vanzarile.",Cresterea = 26290 - 23900 = 2390 lei. Procentul = (2390 × 100) / 23900 = 10%,10%,1,Procente,Procente,Rapoarte și proporții,1 - bază,alta,,"intr-o zi de marti vanzarile unui farmacie au fost de 23900 lei, iar vineri - de 26290 lei. determinati cu cate procente au crescut vanzarile.",cresterea = 26290 - 23900 = 2390 lei. procentul = (2390 × 100) / 23900 = 10%,10%,142,25,76,3,10,2,1,0,0,0,0,1,"intr-o zi de marti vanzarile unui farmacie au fost de 23900 lei, iar vineri - de 26290 lei. determinati cu cate procente au crescut vanzarile."
Generat - Procente - crestere,,"Intr-o zi de marti vanzarile unui piata au fost de 13700 lei, iar miercuri - de 14796 lei. Determinati cu cate procente au crescut vanzarile.",Cresterea = 14796 - 13700 = 1096 lei. Procentul = (1096 × 100) / 13700 = 8%,8%,1,Procente,Procente,Rapoarte și proporții,1 - bază,alta,,"intr-o zi de marti vanzarile unui piata au fost de 13700 lei, iar miercuri - de 14796 lei. determinati cu cate procente au crescut vanzarile.",cresterea = 14796 - 13700 = 1096 lei. procentul = (1096 × 100) / 13700 = 8%,8%,141,25,75,2,10,2,1,0,0,0,0,1,"intr-o zi de marti vanzarile unui piata au fost de 13700 lei, iar miercuri - de 14796 lei. determinati cu cate procente au crescut vanzarile."
Generat - Procente - crestere,,"Intr-o zi de vineri vanzarile unui magazin au fost de 34300 lei, iar luni - de 48020 lei. Determinati cu cate procente au crescut vanzarile.",Cresterea = 48020 - 34300 = 13720 lei. Procentul = (13720 × 100) / 34300 = 40%,40%,1,Procente,Procente,Rapoarte și proporții,1 - bază,alta,,"intr-o zi de vineri vanzarile unui magazin au fost de 34300 lei, iar luni - de 48020 lei. determinati cu cate procente au crescut vanzarile.",cresterea = 48020 - 34300 = 13720 lei. procentul = (13720 × 100) / 34300 = 40%,40%,140,25,78,3,10,2,1,0,0,0,0,1,"intr-o zi de vineri vanzarile unui magazin au fost de 34300 lei, iar luni - de 48020 lei. determinati cu cate procente au crescut vanzarile."
Generat - Procente - crestere,,"Intr-o zi de luni vanzarile unui librarie au fost de 21800 lei, iar marti - de 28340 lei. Determinati cu cate procente au crescut vanzarile.",Cresterea = 28340 - 21800 = 6540 lei. Procentul = (6540 × 100) / 21800 = 30%,30%,1,Procente,Procente,Rapoarte și proporții,1 - bază,alta,,"intr-o zi de luni vanzarile unui librarie au fost de 21800 lei, iar marti - de 28340 lei. determinati cu cate procente au crescut vanzarile.",cresterea = 28340 - 21800 = 6540 lei. procentul = (6540 × 100) / 21800 = 30%,30%,140,25,76,3,10,2,1,1,0,0,0,1,"intr-o zi de luni vanzarile unui librarie au fost de 21800 lei, iar marti - de 28340 lei. determinati cu cate procente au crescut vanzarile."
Generat - Procente - crestere,,"Intr-o zi de marti vanzarile unui magazin au fost de 9400 lei, iar joi - de 11750 lei. Determinati cu cate procente au crescut vanzarile.",Cresterea = 11750 - 9400 = 2350 lei. Procentul = (2350 × 100) / 9400 = 25%,25%,1,Procente,Procente,Rapoarte și proporții,1 - bază,alta,,"intr-o zi de marti vanzarile unui magazin au fost de 9400 lei, iar joi - de 11750 lei. determinati cu cate procente au crescut vanzarile.",cresterea = 11750 - 9400 = 2350 lei. procentul = (2350 × 100) / 9400 = 25%,25%,137,25,74,3,9,2,1,0,0,0,0,1,"intr-o zi de marti vanzarile unui magazin au fost de 9400 lei, iar joi - de 11750 lei. determinati cu cate procente au crescut vanzarile."
Generat - Procente - crestere,,"Intr-o zi de joi vanzarile unui piata au fost de 15600 lei, iar miercuri - de 19500 lei. Determinati cu cate procente au crescut vanzarile.",Cresterea = 19500 - 15600 = 3900 lei. Procentul = (3900 × 100) / 15600 = 25%,25%,1,Procente,Procente,Rapoarte și proporții,1 - bază,alta,,"intr-o zi de joi vanzarile unui piata au fost de 15600 lei, iar miercuri - de 19500 lei. determinati cu cate procente au crescut vanzarile.",cresterea = 19500 - 15600 = 3900 lei. procentul = (3900 × 100) / 15600 = 25%,25%,139,25,76,3,10,2,1,0,0,0,0,1,"intr-o zi de joi vanzarile unui piata au fost de 15600 lei, iar miercuri - de 19500 lei. determinati cu cate procente au crescut vanzarile."
Generat - Procente - crestere,,"Intr-o zi de joi vanzarile unui librarie au fost de 16100 lei, iar marti - de 18032 lei. Determinati cu cate procente au crescut vanzarile.",Cresterea = 18032 - 16100 = 1932 lei. Procentul = (1932 × 100) / 16100 = 12%,12%,1,Procente,Procente,Rapoarte și proporții,1 - bază,alta,,"intr-o zi de joi vanzarile unui librarie au fost de 16100 lei, iar marti - de 18032 lei. determinati cu cate procente au crescut vanzarile.",cresterea = 18032 - 16100 = 1932 lei. procentul = (1932 × 100) / 16100 = 12%,12%,139,25,76,3,10,2,1,1,0,0,0,1,"intr-o zi de joi vanzarile unui librarie au fost de 16100 lei, iar marti - de 18032 lei. determinati cu cate procente au crescut vanzarile."
Generat - Procente - crestere,,"Intr-o zi de vineri vanzarile unui supermarket au fost de 3900 lei, iar luni - de 4095 lei. Determinati cu cate procente au crescut vanzarile.",Cresterea = 4095 - 3900 = 195 lei. Procentul = (195 × 100) / 3900 = 5%,5%,1,Procente,Procente,Rapoarte și proporții,1 - bază,alta,,"intr-o zi de vineri vanzarile unui supermarket au fost de 3900 lei, iar luni - de 4095 lei. determinati cu cate procente au crescut vanzarile.",cresterea = 4095 - 3900 = 195 lei. procentul = (195 × 100) / 3900 = 5%,5%,142,25,70,2,8,2,1,0,0,0,0,1,"intr-o zi de vineri vanzarile unui supermarket au fost de 3900 lei, iar luni - de 4095 lei. determinati cu cate procente au crescut vanzarile."
Generat - Procente - crestere,,"Intr-o zi de joi vanzarile unui magazin au fost de 27000 lei, iar marti - de 29160 lei. Determinati cu cate procente au crescut vanzarile.",Cresterea = 29160 - 27000 = 2160 lei. Procentul = (2160 × 100) / 27000 = 8%,8%,1,Procente,Procente,Rapoarte și proporții,1 - bază,alta,,"intr-o zi de joi vanzarile unui magazin au fost de 27000 lei, iar marti - de 29160 lei. determinati cu cate procente au crescut vanzarile.",cresterea = 29160 - 27000 = 2160 lei. procentul = (2160 × 100) / 27000 = 8%,8%,138,25,75,2,10,2,1,0,0,0,0,1,"intr-o zi de joi vanzarile unui magazin au fost de 27000 lei, iar marti - de 29160 lei. determinati cu cate procente au crescut vanzarile."
Generat - Procente - crestere,,"Intr-o zi de luni vanzarile unui librarie au fost de 21600 lei, iar vineri - de 23328 lei. Determinati cu cate procente au crescut vanzarile.",Cresterea = 23328 - 21600 = 1728 lei. Procentul = (1728 × 100) / 21600 = 8%,8%,1,Procente,Procente,Rapoarte și proporții,1 - bază,alta,,"intr-o zi de luni vanzarile unui librarie au fost de 21600 lei, iar vineri - de 23328 lei. determinati cu cate procente au crescut vanzarile.",cresterea = 23328 - 21600 = 1728 lei. procentul = (1728 × 100) / 21600 = 8%,8%,141,25,75,2,10,2,1,1,0,0,0,1,"intr-o zi de luni vanzarile unui librarie au fost de 21600 lei, iar vineri - de 23328 lei. determinati cu cate procente au crescut vanzarile."
Generat - Procente - crestere,,"Intr-o zi de marti vanzarile unui farmacie au fost de 5100 lei, iar luni - de 6375 lei. Determinati cu cate procente au crescut vanzarile.",Cresterea = 6375 - 5100 = 1275 lei. Procentul = (1275 × 100) / 5100 = 25%,25%,1,Procente,Procente,Rapoarte și proporții,1 - bază,alta,,"intr-o zi de marti vanzarile unui farmacie au fost de 5100 lei, iar luni - de 6375 lei. determinati cu cate procente au crescut vanzarile.",cresterea = 6375 - 5100 = 1275 lei. procentul = (1275 × 100) / 5100 = 25%,25%,138,25,73,3,8,2,1,0,0,0,0,1,"intr-o zi de marti vanzarile unui farmacie au fost de 5100 lei, iar luni - de 6375 lei. determinati cu cate procente au crescut vanzarile."
Generat - Procente - crestere,,"Intr-o zi de vineri vanzarile unui supermarket au fost de 11400 lei, iar miercuri - de 13680 lei. Determinati cu cate procente au crescut vanzarile.",Cresterea = 13680 - 11400 = 2280 lei. Procentul = (2280 × 100) / 11400 = 20%,20%,1,Procente,Procente,Rapoarte și proporții,1 - bază,alta,,"intr-o zi de vineri vanzarile unui supermarket au fost de 11400 lei, iar miercuri - de 13680 lei. determinati cu cate procente au crescut vanzarile.",cresterea = 13680 - 11400 = 2280 lei. procentul = (2280 × 100) / 11400 = 20%,20%,148,25,76,3,10,2,1,0,0,0,0,1,"intr-o zi de vineri vanzarile unui supermarket au fost de 11400 lei, iar miercuri - de 13680 lei. determinati cu cate procente au crescut vanzarile."
Generat - Procente - crestere,,"Intr-o zi de miercuri vanzarile unui librarie au fost de 35300 lei, iar joi - de 40595 lei. Determinati cu cate procente au crescut vanzarile.",Cresterea = 40595 - 35300 = 5295 lei. Procentul = (5295 × 100) / 35300 = 15%,15%,1,Procente,Procente,Rapoarte și proporții,1 - bază,alta,,"intr-o zi de miercuri vanzarile unui librarie au fost de 35300 lei, iar joi - de 40595 lei. determinati cu cate procente au crescut vanzarile.",cresterea = 40595 - 35300 = 5295 lei. procentul = (5295 × 100) / 35300 = 15%,15%,142,25,76,3,10,2,1,1,0,0,0,1,"intr-o zi de miercuri vanzarile unui librarie au fost de 35300 lei, iar joi - de 40595 lei. determinati cu cate procente au crescut vanzarile."
Generat - Procente - crestere,,"Intr-o zi de miercuri vanzarile unui magazin au fost de 24400 lei, iar luni - de 36600 lei. Determinati cu cate procente au crescut vanzarile.",Cresterea = 36600 - 24400 = 12200 lei. Procentul = (12200 × 100) / 24400 = 50%,50%,1,Procente,Procente,Rapoarte și proporții,1 - bază,alta,,"intr-o zi de miercuri vanzarile unui magazin au fost de 24400 lei, iar luni - de 36600 lei. determinati cu cate procente au crescut vanzarile.",cresterea = 36600 - 24400 = 12200 lei. procentul = (12200 × 100) / 24400 = 50%,50%,142,25,78,3,10,2,1,0,0,0,0,1,"intr-o zi de miercuri vanzarile unui magazin au fost de 24400 lei, iar luni - de 36600 lei. determinati cu cate procente au crescut vanzarile."
Generat - Procente - crestere,,"Intr-o zi de luni vanzarile unui farmacie au fost de 11900 lei, iar vineri - de 16660 lei. Determinati cu cate procente au crescut vanzarile.",Cresterea = 16660 - 11900 = 4760 lei. Procentul = (4760 × 100) / 11900 = 40%,40%,1,Procente,Procente,Rapoarte și proporții,1 - bază,alta,,"intr-o zi de luni vanzarile unui farmacie au fost de 11900 lei, iar vineri - de 16660 lei. determinati cu cate procente au crescut vanzarile.",cresterea = 16660 - 11900 = 4760 lei. procentul = (4760 × 100) / 11900 = 40%,40%,141,25,76,3,10,2,1,0,0,0,0,1,"intr-o zi de luni vanzarile unui farmacie au fost de 11900 lei, iar vineri - de 16660 lei. determinati cu cate procente au crescut vanzarile."
Generat - Procente - crestere,,"Intr-o zi de marti vanzarile unui magazin au fost de 46000 lei, iar miercuri - de 51520 lei. Determinati cu cate procente au crescut vanzarile.",Cresterea = 51520 - 46000 = 5520 lei. Procentul = (5520 × 100) / 46000 = 12%,12%,1,Procente,Procente,Rapoarte și proporții,1 - bază,alta,,"intr-o zi de marti vanzarile unui magazin au fost de 46000 lei, iar miercuri - de 51520 lei. determinati cu cate procente au crescut vanzarile.",cresterea = 51520 - 46000 = 5520 lei. procentul = (5520 × 100) / 46000 = 12%,12%,143,25,76,3,10,2,1,0,0,0,0,1,"intr-o zi de marti vanzarile unui magazin au fost de 46000 lei, iar miercuri - de 51520 lei. determinati cu cate procente au crescut vanzarile."
Generat - Procente - crestere,,"Intr-o zi de miercuri vanzarile unui piata au fost de 43600 lei, iar marti - de 61040 lei. Determinati cu cate procente au crescut vanzarile.",Cresterea = 61040 - 43600 = 17440 lei. Procentul = (17440 × 100) / 43600 = 40%,40%,1,Procente,Procente,Rapoarte și proporții,1 - bază,alta,,"intr-o zi de miercuri vanzarile unui piata au fost de 43600 lei, iar marti - de 61040 lei. determinati cu cate procente au crescut vanzarile.",cresterea = 61040 - 43600 = 17440 lei. procentul = (17440 × 100) / 43600 = 40%,40%,141,25,78,3,10,2,1,0,0,0,0,1,"intr-o zi de miercuri vanzarile unui piata au fost de 43600 lei, iar marti - de 61040 lei. determinati cu cate procente au crescut vanzarile."
Generat - Procente - crestere,,"Intr-o zi de vineri vanzarile unui farmacie au fost de 16300 lei, iar luni - de 17604 lei. Determinati cu cate procente au crescut vanzarile.",Cresterea = 17604 - 16300 = 1304 lei. Procentul = (1304 × 100) / 16300 = 8%,8%,1,Procente,Procente,Rapoarte și proporții,1 - bază,alta,,"intr-o zi de vineri vanzarile unui farmacie au fost de 16300 lei, iar luni - de 17604 lei. determinati cu cate procente au crescut vanzarile.",cresterea = 17604 - 16300 = 1304 lei. procentul = (1304 × 100) / 16300 = 8%,8%,141,25,75,2,10,2,1,0,0,0,0,1,"intr-o zi de vineri vanzarile unui farmacie au fost de 16300 lei, iar luni - de 17604 lei. determinati cu cate procente au crescut vanzarile."
Generat - Procente - crestere,,"Intr-o zi de miercuri vanzarile unui magazin au fost de 39000 lei, iar luni - de 54600 lei. Determinati cu cate procente au crescut vanzarile.",Cresterea = 54600 - 39000 = 15600 lei. Procentul = (15600 × 100) / 39000 = 40%,40%,1,Procente,Procente,Rapoarte și proporții,1 - bază,alta,,"intr-o zi de miercuri vanzarile unui magazin au fost de 39000 lei, iar luni - de 54600 lei. determinati cu cate procente au crescut vanzarile.",cresterea = 54600 - 39000 = 15600 lei. procentul = (15600 × 100) / 39000 = 40%,40%,142,25,78,3,10,2,1,0,0,0,0,1,"intr-o zi de miercuri vanzarile unui magazin au fost de 39000 lei, iar luni - de 54600 lei. determinati cu cate procente au crescut vanzarile."
Generat - Procente - crestere,,"Intr-o zi de miercuri vanzarile unui farmacie au fost de 11700 lei, iar vineri - de 14040 lei. Determinati cu cate procente au crescut vanzarile.",Cresterea = 14040 - 11700 = 2340 lei. Procentul = (2340 × 100) / 11700 = 20%,20%,1,Procente,Procente,Rapoarte și proporții,1 - bază,alta,,"intr-o zi de miercuri vanzarile unui farmacie au fost de 11700 lei, iar vineri - de 14040 lei. determinati cu cate procente au crescut vanzarile.",cresterea = 14040 - 11700 = 2340 lei. procentul = (2340 × 100) / 11700 = 20%,20%,145,25,76,3,10,2,1,0,0,0,0,1,"intr-o zi de miercuri vanzarile unui farmacie au fost de 11700 lei, iar vineri - de 14040 lei. determinati cu cate procente au crescut vanzarile."
Generat - Procente - crestere,,"Intr-o zi de miercuri vanzarile unui supermarket au fost de 47300 lei, iar joi - de 49665 lei. Determinati cu cate procente au crescut vanzarile.",Cresterea = 49665 - 47300 = 2365 lei. Procentul = (2365 × 100) / 47300 = 5%,5%,1,Procente,Procente,Rapoarte și proporții,1 - bază,alta,,"intr-o zi de miercuri vanzarile unui supermarket au fost de 47300 lei, iar joi - de 49665 lei. determinati cu cate procente au crescut vanzarile.",cresterea = 49665 - 47300 = 2365 lei. procentul = (2365 × 100) / 47300 = 5%,5%,145,25,75,2,10,2,1,0,0,0,0,1,"intr-o zi de miercuri vanzarile unui supermarket au fost de 47300 lei, iar joi - de 49665 lei. determinati cu cate procente au crescut vanzarile."
Generat - Procente - crestere,,"Intr-o zi de joi vanzarile unui magazin au fost de 1100 lei, iar miercuri - de 1320 lei. Determinati cu cate procente au crescut vanzarile.",Cresterea = 1320 - 1100 = 220 lei. Procentul = (220 × 100) / 1100 = 20%,20%,1,Procente,Procente,Rapoarte și proporții,1 - bază,alta,,"intr-o zi de joi vanzarile unui magazin au fost de 1100 lei, iar miercuri - de 1320 lei. determinati cu cate procente au crescut vanzarile.",cresterea = 1320 - 1100 = 220 lei. procentul = (220 × 100) / 1100 = 20%,20%,139,25,71,3,8,2,1,0,0,0,0,1,"intr-o zi de joi vanzarile unui magazin au fost de 1100 lei, iar miercuri - de 1320 lei. determinati cu cate procente au crescut vanzarile."
Generat - Procente - crestere,,"Intr-o zi de miercuri vanzarile unui piata au fost de 29200 lei, iar marti - de 36500 lei. Determinati cu cate procente au crescut vanzarile.",Cresterea = 36500 - 29200 = 7300 lei. Procentul = (7300 × 100) / 29200 = 25%,25%,1,Procente,Procente,Rapoarte și proporții,1 - bază,alta,,"intr-o zi de miercuri vanzarile unui piata au fost de 29200 lei, iar marti - de 36500 lei. determinati cu cate procente au crescut vanzarile.",cresterea = 36500 - 29200 = 7300 lei. procentul = (7300 × 100) / 29200 = 25%,25%,141,25,76,3,10,2,1,0,0,0,0,1,"intr-o zi de miercuri vanzarile unui piata au fost de 29200 lei, iar marti - de 36500 lei. determinati cu cate procente au crescut vanzarile."
Generat - Procente - crestere,,"Intr-o zi de luni vanzarile unui magazin au fost de 49300 lei, iar vineri - de 54230 lei. Determinati cu cate procente au crescut vanzarile.",Cresterea = 54230 - 49300 = 4930 lei. Procentul = (4930 × 100) / 49300 = 10%,10%,1,Procente,Procente,Rapoarte și proporții,1 - bază,alta,,"intr-o zi de luni vanzarile unui magazin au fost de 49300 lei, iar vineri - de 54230 lei. determinati cu cate procente au crescut vanzarile.",cresterea = 54230 - 49300 = 4930 lei. procentul = (4930 × 100) / 49300 = 10%,10%,140,25,76,3,10,2,1,0,0,0,0,1,"intr-o zi de luni vanzarile unui magazin au fost de 49300 lei, iar vineri - de 54230 lei. determinati cu cate procente au crescut vanzarile."
Generat - Procente - crestere,,"Intr-o zi de luni vanzarile unui farmacie au fost de 29200 lei, iar miercuri - de 32120 lei. Determinati cu cate procente au crescut vanzarile.",Cresterea = 32120 - 29200 = 2920 lei. Procentul = (2920 × 100) / 29200 = 10%,10%,1,Procente,Procente,Rapoarte și proporții,1 - bază,alta,,"intr-o zi de luni vanzarile unui farmacie au fost de 29200 lei, iar miercuri - de 32120 lei. determinati cu cate procente au crescut vanzarile.",cresterea = 32120 - 29200 = 2920 lei. procentul = (2920 × 100) / 29200 = 10%,10%,143,25,76,3,10,2,1,0,0,0,0,1,"intr-o zi de luni vanzarile unui farmacie au fost de 29200 lei, iar miercuri - de 32120 lei. determinati cu cate procente au crescut vanzarile."
Generat - Procente - crestere,,"Intr-o zi de marti vanzarile unui supermarket au fost de 19600 lei, iar luni - de 20580 lei. Determinati cu cate procente au crescut vanzarile.",Cresterea = 20580 - 19600 = 980 lei. Procentul = (980 × 100) / 19600 = 5%,5%,1,Procente,Procente,Rapoarte și proporții,1 - bază,alta,,"intr-o zi de marti vanzarile unui supermarket au fost de 19600 lei, iar luni - de 20580 lei. determinati cu cate procente au crescut vanzarile.",cresterea = 20580 - 19600 = 980 lei. procentul = (980 × 100) / 19600 = 5%,5%,143,25,73,2,10,2,1,0,0,0,0,1,"intr-o zi de marti vanzarile unui supermarket au fost de 19600 lei, iar luni - de 20580 lei. determinati cu cate procente au crescut vanzarile."
Generat - Procente - crestere,,"Intr-o zi de marti vanzarile unui magazin au fost de 19100 lei, iar vineri - de 26740 lei. Determinati cu cate procente au crescut vanzarile.",Cresterea = 26740 - 19100 = 7640 lei. Procentul = (7640 × 100) / 19100 = 40%,40%,1,Procente,Procente,Rapoarte și proporții,1 - bază,alta,,"intr-o zi de marti vanzarile unui magazin au fost de 19100 lei, iar vineri - de 26740 lei. determinati cu cate procente au crescut vanzarile.",cresterea = 26740 - 19100 = 7640 lei. procentul = (7640 × 100) / 19100 = 40%,40%,141,25,76,3,10,2,1,0,0,0,0,1,"intr-o zi de marti vanzarile unui magazin au fost de 19100 lei, iar vineri - de 26740 lei. determinati cu cate procente au crescut vanzarile."
Generat - Procente - crestere,,"Intr-o zi de vineri vanzarile unui librarie au fost de 45200 lei, iar marti - de 49720 lei. Determinati cu cate procente au crescut vanzarile.",Cresterea = 49720 - 45200 = 4520 lei. Procentul = (4520 × 100) / 45200 = 10%,10%,1,Procente,Procente,Rapoarte și proporții,1 - bază,alta,,"intr-o zi de vineri vanzarile unui librarie au fost de 45200 lei, iar marti - de 49720 lei. determinati cu cate procente au crescut vanzarile.",cresterea = 49720 - 45200 = 4520 lei. procentul = (4520 × 100) / 45200 = 10%,10%,142,25,76,3,10,2,1,1,0,0,0,1,"intr-o zi de vineri vanzarile unui librarie au fost de 45200 lei, iar marti - de 49720 lei. determinati cu cate procente au crescut vanzarile."
Generat - Procente - crestere,,"Intr-o zi de joi vanzarile unui librarie au fost de 38700 lei, iar luni - de 46440 lei. Determinati cu cate procente au crescut vanzarile.",Cresterea = 46440 - 38700 = 7740 lei. Procentul = (7740 × 100) / 38700 = 20%,20%,1,Procente,Procente,Rapoarte și proporții,1 - bază,alta,,"intr-o zi de joi vanzarile unui librarie au fost de 38700 lei, iar luni - de 46440 lei. determinati cu cate procente au crescut vanzarile.",cresterea = 46440 - 38700 = 7740 lei. procentul = (7740 × 100) / 38700 = 20%,20%,138,25,76,3,10,2,1,1,0,0,0,1,"intr-o zi de joi vanzarile unui librarie au fost de 38700 lei, iar luni - de 46440 lei. determinati cu cate procente au crescut vanzarile."
Generat - Procente - crestere,,"Intr-o zi de marti vanzarile unui librarie au fost de 41300 lei, iar miercuri - de 44604 lei. Determinati cu cate procente au crescut vanzarile.",Cresterea = 44604 - 41300 = 3304 lei. Procentul = (3304 × 100) / 41300 = 8%,8%,1,Procente,Procente,Rapoarte și proporții,1 - bază,alta,,"intr-o zi de marti vanzarile unui librarie au fost de 41300 lei, iar miercuri - de 44604 lei. determinati cu cate procente au crescut vanzarile.",cresterea = 44604 - 41300 = 3304 lei. procentul = (3304 × 100) / 41300 = 8%,8%,144,25,75,2,10,2,1,1,0,0,0,1,"intr-o zi de marti vanzarile unui librarie au fost de 41300 lei, iar miercuri - de 44604 lei. determinati cu cate procente au crescut vanzarile."
Generat - Procente - crestere,,"Intr-o zi de luni vanzarile unui librarie au fost de 11200 lei, iar joi - de 14560 lei. Determinati cu cate procente au crescut vanzarile.",Cresterea = 14560 - 11200 = 3360 lei. Procentul = (3360 × 100) / 11200 = 30%,30%,1,Procente,Procente,Rapoarte și proporții,1 - bază,alta,,"intr-o zi de luni vanzarile unui librarie au fost de 11200 lei, iar joi - de 14560 lei. determinati cu cate procente au crescut vanzarile.",cresterea = 14560 - 11200 = 3360 lei. procentul = (3360 × 100) / 11200 = 30%,30%,138,25,76,3,10,2,1,1,0,0,0,1,"intr-o zi de luni vanzarile unui librarie au fost de 11200 lei, iar joi - de 14560 lei. determinati cu cate procente au crescut vanzarile."
Generat - Procente - crestere,,"Intr-o zi de miercuri vanzarile unui librarie au fost de 2200 lei, iar marti - de 2464 lei. Determinati cu cate procente au crescut vanzarile.",Cresterea = 2464 - 2200 = 264 lei. Procentul = (264 × 100) / 2200 = 12%,12%,1,Procente,Procente,Rapoarte și proporții,1 - bază,alta,,"intr-o zi de miercuri vanzarile unui librarie au fost de 2200 lei, iar marti - de 2464 lei. determinati cu cate procente au crescut vanzarile.",cresterea = 2464 - 2200 = 264 lei. procentul = (264 × 100) / 2200 = 12%,12%,142,25,71,3,8,2,1,1,0,0,0,1,"intr-o zi de miercuri vanzarile unui librarie au fost de 2200 lei, iar marti - de 2464 lei. determinati cu cate procente au crescut vanzarile."
Generat - Procente - crestere,,"Intr-o zi de miercuri vanzarile unui magazin au fost de 40500 lei, iar vineri - de 46575 lei. Determinati cu cate procente au crescut vanzarile.",Cresterea = 46575 - 40500 = 6075 lei. Procentul = (6075 × 100) / 40500 = 15%,15%,1,Procente,Procente,Rapoarte și proporții,1 - bază,alta,,"intr-o zi de miercuri vanzarile unui magazin au fost de 40500 lei, iar vineri - de 46575 lei. determinati cu cate procente au crescut vanzarile.",cresterea = 46575 - 40500 = 6075 lei. procentul = (6075 × 100) / 40500 = 15%,15%,144,25,76,3,10,2,1,0,0,0,0,1,"intr-o zi de miercuri vanzarile unui magazin au fost de 40500 lei, iar vineri - de 46575 lei. determinati cu cate procente au crescut vanzarile."
Generat - Procente - crestere,,"Intr-o zi de vineri vanzarile unui farmacie au fost de 17900 lei, iar joi - de 18795 lei. Determinati cu cate procente au crescut vanzarile.",Cresterea = 18795 - 17900 = 895 lei. Procentul = (895 × 100) / 17900 = 5%,5%,1,Procente,Procente,Rapoarte și proporții,1 - bază,alta,,"intr-o zi de vineri vanzarile unui farmacie au fost de 17900 lei, iar joi - de 18795 lei. determinati cu cate procente au crescut vanzarile.",cresterea = 18795 - 17900 = 895 lei. procentul = (895 × 100) / 17900 = 5%,5%,140,25,73,2,10,2,1,0,0,0,0,1,"intr-o zi de vineri vanzarile unui farmacie au fost de 17900 lei, iar joi - de 18795 lei. determinati cu cate procente au crescut vanzarile."
Generat - Procente - crestere,,"Intr-o zi de miercuri vanzarile unui farmacie au fost de 14500 lei, iar marti - de 15225 lei. Determinati cu cate procente au crescut vanzarile.",Cresterea = 15225 - 14500 = 725 lei. Procentul = (725 × 100) / 14500 = 5%,5%,1,Procente,Procente,Rapoarte și proporții,1 - bază,alta,,"intr-o zi de miercuri vanzarile unui farmacie au fost de 14500 lei, iar marti - de 15225 lei. determinati cu cate procente au crescut vanzarile.",cresterea = 15225 - 14500 = 725 lei. procentul = (725 × 100) / 14500 = 5%,5%,144,25,73,2,10,2,1,0,0,0,0,1,"intr-o zi de miercuri vanzarile unui farmacie au fost de 14500 lei, iar marti - de 15225 lei. determinati cu cate procente au crescut vanzarile."
Generat - Procente - crestere,,"Intr-o zi de vineri vanzarile unui supermarket au fost de 38300 lei, iar joi - de 45960 lei. Determinati cu cate procente au crescut vanzarile.",Cresterea = 45960 - 38300 = 7660 lei. Procentul = (7660 × 100) / 38300 = 20%,20%,1,Procente,Procente,Rapoarte și proporții,1 - bază,alta,,"intr-o zi de vineri vanzarile unui supermarket au fost de 38300 lei, iar joi - de 45960 lei. determinati cu cate procente au crescut vanzarile.",cresterea = 45960 - 38300 = 7660 lei. procentul = (7660 × 100) / 38300 = 20%,20%,143,25,76,3,10,2,1,0,0,0,0,1,"intr-o zi de vineri vanzarile unui supermarket au fost de 38300 lei, iar joi - de 45960 lei. determinati cu cate procente au crescut vanzarile."
Generat - Procente - crestere,,"Intr-o zi de vineri vanzarile unui piata au fost de 47000 lei, iar luni - de 70500 lei. Determinati cu cate procente au crescut vanzarile.",Cresterea = 70500 - 47000 = 23500 lei. Procentul = (23500 × 100) / 47000 = 50%,50%,1,Procente,Procente,Rapoarte și proporții,1 - bază,alta,,"intr-o zi de vineri vanzarile unui piata au fost de 47000 lei, iar luni - de 70500 lei. determinati cu cate procente au crescut vanzarile.",cresterea = 70500 - 47000 = 23500 lei. procentul = (23500 × 100) / 47000 = 50%,50%,138,25,78,3,10,2,1,0,0,0,0,1,"intr-o zi de vineri vanzarile unui piata au fost de 47000 lei, iar luni - de 70500 lei. determinati cu cate procente au crescut vanzarile."
Generat - Procente - crestere,,"Intr-o zi de miercuri vanzarile unui piata au fost de 1000 lei, iar luni - de 1400 lei. Determinati cu cate procente au crescut vanzarile.",Cresterea = 1400 - 1000 = 400 lei. Procentul = (400 × 100) / 1000 = 40%,40%,1,Procente,Procente,Rapoarte și proporții,1 - bază,alta,,"intr-o zi de miercuri vanzarile unui piata au fost de 1000 lei, iar luni - de 1400 lei. determinati cu cate procente au crescut vanzarile.",cresterea = 1400 - 1000 = 400 lei. procentul = (400 × 100) / 1000 = 40%,40%,138,25,71,3,8,2,1,0,0,0,0,1,"intr-o zi de miercuri vanzarile unui piata au fost de 1000 lei, iar luni - de 1400 lei. determinati cu cate procente au crescut vanzarile."
Generat - Procente - crestere,,"Intr-o zi de marti vanzarile unui piata au fost de 4500 lei, iar miercuri - de 5400 lei. Determinati cu cate procente au crescut vanzarile.",Cresterea = 5400 - 4500 = 900 lei. Procentul = (900 × 100) / 4500 = 20%,20%,1,Procente,Procente,Rapoarte și proporții,1 - bază,alta,,"intr-o zi de marti vanzarile unui piata au fost de 4500 lei, iar miercuri - de 5400 lei. determinati cu cate procente au crescut vanzarile.",cresterea = 5400 - 4500 = 900 lei. procentul = (900 × 100) / 4500 = 20%,20%,139,25,71,3,8,2,1,0,0,0,0,1,"intr-o zi de marti vanzarile unui piata au fost de 4500 lei, iar miercuri - de 5400 lei. determinati cu cate procente au crescut vanzarile."
Generat - Procente - reducere,,Un farmacie ofera o reducere de 30% la pixuri. Sergiu cumpara pixuri care costa 890 lei. Determinati pretul platit dupa reducere.,Reducerea = 30% din 890 = 890 × 30/100 = 267 lei. Pretul final = 890 - 267 = 623 lei,623 lei,1,Procente,Procente,Rapoarte și proporții,1 - bază,alta,,un farmacie ofera o reducere de 30% la pixuri. sergiu cumpara pixuri care costa 890 lei. determinati pretul platit dupa reducere.,reducerea = 30% din 890 = 890 × 30/100 = 267 lei. pretul final = 890 - 267 = 623 lei,623 lei,129,21,84,7,5,0,1,0,0,0,0,1,un farmacie ofera o reducere de 30% la pixuri. sergiu cumpara pixuri care costa 890 lei. determinati pretul platit dupa reducere.
Generat - Procente - reducere,,Un piata ofera o reducere de 25% la martisoare. Maria cumpara martisoare care costa 900 lei. Determinati pretul platit dupa reducere.,Reducerea = 25% din 900 = 900 × 25/100 = 225 lei. Pretul final = 900 - 225 = 675 lei,675 lei,1,Procente,Procente,Rapoarte și proporții,1 - bază,alta,,un piata ofera o reducere de 25% la martisoare. maria cumpara martisoare care costa 900 lei. determinati pretul platit dupa reducere.,reducerea = 25% din 900 = 900 × 25/100 = 225 lei. pretul final = 900 - 225 = 675 lei,675 lei,133,21,84,7,5,0,1,0,0,0,0,1,un piata ofera o reducere de 25% la martisoare. maria cumpara martisoare care costa 900 lei. determinati pretul platit dupa reducere.
Generat - Procente - reducere,,Un piata ofera o reducere de 25% la caiete. Adrian cumpara caiete care costa 750 lei. Determinati pretul platit dupa reducere.,Reducerea = 25% din 750 = 750 × 25/100 = 187.5 lei. Pretul final = 750 - 187.5 = 562.5 lei,562.5 lei,1,Procente,Procente,Rapoarte și proporții,1 - bază,alta,,un piata ofera o reducere de 25% la caiete. adrian cumpara caiete care costa 750 lei. determinati pretul platit dupa reducere.,reducerea = 25% din 750 = 750 × 25/100 = 187.5 lei. pretul final = 750 - 187.5 = 562.5 lei,562.5 lei,126,21,90,9,5,0,1,0,0,0,0,1,un piata ofera o reducere de 25% la caiete. adrian cumpara caiete care costa 750 lei. determinati pretul platit dupa reducere.
Generat - Procente - reducere,,Un farmacie ofera o reducere de 40% la caiete. Bianca cumpara caiete care costa 910 lei. Determinati pretul platit dupa reducere.,Reducerea = 40% din 910 = 910 × 40/100 = 364 lei. Pretul final = 910 - 364 = 546 lei,546 lei,1,Procente,Procente,Rapoarte și proporții,1 - bază,alta,,un farmacie ofera o reducere de 40% la caiete. bianca cumpara caiete care costa 910 lei. determinati pretul platit dupa reducere.,reducerea = 40% din 910 = 910 × 40/100 = 364 lei. pretul final = 910 - 364 = 546 lei,546 lei,129,21,84,7,5,0,1,0,0,0,0,1,un farmacie ofera o reducere de 40% la caiete. bianca cumpara caiete care costa 910 lei. determinati pretul platit dupa reducere.
Generat - Procente - reducere,,Un supermarket ofera o reducere de 25% la bomboane. Ion cumpara bomboane care costa 560 lei. Determinati pretul platit dupa reducere.,Reducerea = 25% din 560 = 560 × 25/100 = 140 lei. Pretul final = 560 - 140 = 420 lei,420 lei,1,Procente,Procente,Rapoarte și proporții,1 - bază,alta,,un supermarket ofera o reducere de 25% la bomboane. ion cumpara bomboane care costa 560 lei. determinati pretul platit dupa reducere.,reducerea = 25% din 560 = 560 × 25/100 = 140 lei. pretul final = 560 - 140 = 420 lei,420 lei,133,21,84,7,5,0,1,0,0,0,0,1,un supermarket ofera o reducere de 25% la bomboane. ion cumpara bomboane care costa 560 lei. determinati pretul platit dupa reducere.
Generat - Procente - reducere,,Un farmacie ofera o reducere de 25% la martisoare. Camelia cumpara martisoare care costa 310 lei. Determinati pretul platit dupa reducere.,Reducerea = 25% din 310 = 310 × 25/100 = 77.5 lei. Pretul final = 310 - 77.5 = 232.5 lei,232.5 lei,1,Procente,Procente,Rapoarte și proporții,1 - bază,alta,,un farmacie ofera o reducere de 25% la martisoare. camelia cumpara martisoare care costa 310 lei. determinati pretul platit dupa reducere.,reducerea = 25% din 310 = 310 × 25/100 = 77.5 lei. pretul final = 310 - 77.5 = 232.5 lei,232.5 lei,138,21,88,9,5,0,1,0,0,0,0,1,un farmacie ofera o reducere de 25% la martisoare. camelia cumpara martisoare care costa 310 lei. determinati pretul platit dupa reducere.
Generat - Procente - reducere,,Un librarie ofera o reducere de 30% la flori. Simona cumpara flori care costa 640 lei. Determinati pretul platit dupa reducere.,Reducerea = 30% din 640 = 640 × 30/100 = 192 lei. Pretul final = 640 - 192 = 448 lei,448 lei,1,Procente,Procente,Rapoarte și proporții,1 - bază,alta,,un librarie ofera o reducere de 30% la flori. simona cumpara flori care costa 640 lei. determinati pretul platit dupa reducere.,reducerea = 30% din 640 = 640 × 30/100 = 192 lei. pretul final = 640 - 192 = 448 lei,448 lei,127,21,84,7,5,0,1,1,0,0,0,1,un librarie ofera o reducere de 30% la flori. simona cumpara flori care costa 640 lei. determinati pretul platit dupa reducere.
Generat - Procente - reducere,,Un supermarket ofera o reducere de 50% la caiete. Dan cumpara caiete care costa 990 lei. Determinati pretul platit dupa reducere.,Reducerea = 50% din 990 = 990 × 50/100 = 495 lei. Pretul final = 990 - 495 = 495 lei,495 lei,1,Procente,Procente,Rapoarte și proporții,1 - bază,alta,,un supermarket ofera o reducere de 50% la caiete. dan cumpara caiete care costa 990 lei. determinati pretul platit dupa reducere.,reducerea = 50% din 990 = 990 × 50/100 = 495 lei. pretul final = 990 - 495 = 495 lei,495 lei,129,21,84,7,5,0,1,0,0,0,0,1,un supermarket ofera o reducere de 50% la caiete. dan cumpara caiete care costa 990 lei. determinati pretul platit dupa reducere.
Generat - Procente - reducere,,Un librarie ofera o reducere de 30% la creioane. Sergiu cumpara creioane care costa 160 lei. Determinati pretul platit dupa reducere.,Reducerea = 30% din 160 = 160 × 30/100 = 48 lei. Pretul final = 160 - 48 = 112 lei,112 lei,1,Procente,Procente,Rapoarte și proporții,1 - bază,alta,,un librarie ofera o reducere de 30% la creioane. sergiu cumpara creioane care costa 160 lei. determinati pretul platit dupa reducere.,reducerea = 30% din 160 = 160 × 30/100 = 48 lei. pretul final = 160 - 48 = 112 lei,112 lei,133,21,82,7,5,0,1,1,0,0,0,1,un librarie ofera o reducere de 30% la creioane. sergiu cumpara creioane care costa 160 lei. determinati pretul platit dupa reducere.
Generat - Procente - reducere,,Un librarie ofera o reducere de 20% la carti. Andrei cumpara carti care costa 230 lei. Determinati pretul platit dupa reducere.,Reducerea = 20% din 230 = 230 × 20/100 = 46 lei. Pretul final = 230 - 46 = 184 lei,184 lei,1,Procente,Procente,Rapoarte și proporții,1 - bază,alta,,un librarie ofera o reducere de 20% la carti. andrei cumpara carti care costa 230 lei. determinati pretul platit dupa reducere.,reducerea = 20% din 230 = 230 × 20/100 = 46 lei. pretul final = 230 - 46 = 184 lei,184 lei,127,21,82,7,5,0,1,1,0,0,0,1,un librarie ofera o reducere de 20% la carti. andrei cumpara carti care costa 230 lei. determinati pretul platit dupa reducere.
Generat - Procente - reducere,,Un piata ofera o reducere de 50% la pixuri. Cristina cumpara pixuri care costa 830 lei. Determinati pretul platit dupa reducere.,Reducerea = 50% din 830 = 830 × 50/100 = 415 lei. Pretul final = 830 - 415 = 415 lei,415 lei,1,Procente,Procente,Rapoarte și proporții,1 - bază,alta,,un piata ofera o reducere de 50% la pixuri. cristina cumpara pixuri care costa 830 lei. determinati pretul platit dupa reducere.,reducerea = 50% din 830 = 830 × 50/100 = 415 lei. pretul final = 830 - 415 = 415 lei,415 lei,128,21,84,7,5,0,1,0,0,0,0,1,un piata ofera o reducere de 50% la pixuri. cristina cumpara pixuri care costa 830 lei. determinati pretul platit dupa reducere.
Generat - Procente - reducere,,Un piata ofera o reducere de 20% la martisoare. Ilinca cumpara martisoare care costa 960 lei. Determinati pretul platit dupa reducere.,Reducerea = 20% din 960 = 960 × 20/100 = 192 lei. Pretul final = 960 - 192 = 768 lei,768 lei,1,Procente,Procente,Rapoarte și proporții,1 - bază,alta,,un piata ofera o reducere de 20% la martisoare. ilinca cumpara martisoare care costa 960 lei. determinati pretul platit dupa reducere.,reducerea = 20% din 960 = 960 × 20/100 = 192 lei. pretul final = 960 - 192 = 768 lei,768 lei,134,21,84,7,5,0,1,0,0,0,0,1,un piata ofera o reducere de 20% la martisoare. ilinca cumpara martisoare care costa 960 lei. determinati pretul platit dupa reducere.
Generat - Procente - reducere,,Un piata ofera o reducere de 20% la carti. Bogdan cumpara carti care costa 230 lei. Determinati pretul platit dupa reducere.,Reducerea = 20% din 230 = 230 × 20/100 = 46 lei. Pretul final = 230 - 46 = 184 lei,184 lei,1,Procente,Procente,Rapoarte și proporții,1 - bază,alta,,un piata ofera o reducere de 20% la carti. bogdan cumpara carti care costa 230 lei. determinati pretul platit dupa reducere.,reducerea = 20% din 230 = 230 × 20/100 = 46 lei. pretul final = 230 - 46 = 184 lei,184 lei,124,21,82,7,5,0,1,0,0,0,0,1,un piata ofera o reducere de 20% la carti. bogdan cumpara carti care costa 230 lei. determinati pretul platit dupa reducere.
Generat - Procente - reducere,,Un magazin ofera o reducere de 20% la bomboane. Cristina cumpara bomboane care costa 270 lei. Determinati pretul platit dupa reducere.,Reducerea = 20% din 270 = 270 × 20/100 = 54 lei. Pretul final = 270 - 54 = 216 lei,216 lei,1,Procente,Procente,Rapoarte și proporții,1 - bază,alta,,un magazin ofera o reducere de 20% la bomboane. cristina cumpara bomboane care costa 270 lei. determinati pretul platit dupa reducere.,reducerea = 20% din 270 = 270 × 20/100 = 54 lei. pretul final = 270 - 54 = 216 lei,216 lei,134,21,82,7,5,0,1,0,0,0,0,1,un magazin ofera o reducere de 20% la bomboane. cristina cumpara bomboane care costa 270 lei. determinati pretul platit dupa reducere.
Generat - Procente - reducere,,Un piata ofera o reducere de 20% la flori. Stefan cumpara flori care costa 200 lei. Determinati pretul platit dupa reducere.,Reducerea = 20% din 200 = 200 × 20/100 = 40 lei. Pretul final = 200 - 40 = 160 lei,160 lei,1,Procente,Procente,Rapoarte și proporții,1 - bază,alta,,un piata ofera o reducere de 20% la flori. stefan cumpara flori care costa 200 lei. determinati pretul platit dupa reducere.,reducerea = 20% din 200 = 200 × 20/100 = 40 lei. pretul final = 200 - 40 = 160 lei,160 lei,124,21,82,7,5,0,1,0,0,0,0,1,un piata ofera o reducere de 20% la flori. stefan cumpara flori care costa 200 lei. determinati pretul platit dupa reducere.
Generat - Procente - reducere,,Un piata ofera o reducere de 30% la bilete. Daria cumpara bilete care costa 610 lei. Determinati pretul platit dupa reducere.,Reducerea = 30% din 610 = 610 × 30/100 = 183 lei. Pretul final = 610 - 183 = 427 lei,427 lei,1,Procente,Procente,Rapoarte și proporții,1 - bază,alta,,un piata ofera o reducere de 30% la bilete. daria cumpara bilete care costa 610 lei. determinati pretul platit dupa reducere.,reducerea = 30% din 610 = 610 × 30/100 = 183 lei. pretul final = 610 - 183 = 427 lei,427 lei,125,21,84,7,5,0,1,0,0,0,0,1,un piata ofera o reducere de 30% la bilete. daria cumpara bilete care costa 610 lei. determinati pretul platit dupa reducere.
Generat - Procente - reducere,,Un supermarket ofera o reducere de 50% la flori. Simona cumpara flori care costa 250 lei. Determinati pretul platit dupa reducere.,Reducerea = 50% din 250 = 250 × 50/100 = 125 lei. Pretul final = 250 - 125 = 125 lei,125 lei,1,Procente,Procente,Rapoarte și proporții,1 - bază,alta,,un supermarket ofera o reducere de 50% la flori. simona cumpara flori care costa 250 lei. determinati pretul platit dupa reducere.,reducerea = 50% din 250 = 250 × 50/100 = 125 lei. pretul final = 250 - 125 = 125 lei,125 lei,130,21,84,7,5,0,1,0,0,0,0,1,un supermarket ofera o reducere de 50% la flori. simona cumpara flori care costa 250 lei. determinati pretul platit dupa reducere.
Generat - Procente - reducere,,Un piata ofera o reducere de 20% la jucarii. Sofia cumpara jucarii care costa 860 lei. Determinati pretul platit dupa reducere.,Reducerea = 20% din 860 = 860 × 20/100 = 172 lei. Pretul final = 860 - 172 = 688 lei,688 lei,1,Procente,Procente,Rapoarte și proporții,1 - bază,alta,,un piata ofera o reducere de 20% la jucarii. sofia cumpara jucarii care costa 860 lei. determinati pretul platit dupa reducere.,reducerea = 20% din 860 = 860 × 20/100 = 172 lei. pretul final = 860 - 172 = 688 lei,688 lei,127,21,84,7,5,0,1,0,0,0,0,1,un piata ofera o reducere de 20% la jucarii. sofia cumpara jucarii care costa 860 lei. determinati pretul platit dupa reducere.
Generat - Procente - reducere,,Un supermarket ofera o reducere de 20% la flori. Alexandru cumpara flori care costa 400 lei. Determinati pretul platit dupa reducere.,Reducerea = 20% din 400 = 400 × 20/100 = 80 lei. Pretul final = 400 - 80 = 320 lei,320 lei,1,Procente,Procente,Rapoarte și proporții,1 - bază,alta,,un supermarket ofera o reducere de 20% la flori. alexandru cumpara flori care costa 400 lei. determinati pretul platit dupa reducere.,reducerea = 20% din 400 = 400 × 20/100 = 80 lei. pretul final = 400 - 80 = 320 lei,320 lei,133,21,82,7,5,0,1,0,0,0,0,1,un supermarket ofera o reducere de 20% la flori. alexandru cumpara flori care costa 400 lei. determinati pretul platit dupa reducere.
Generat - Procente - reducere,,Un farmacie ofera o reducere de 20% la tricouri. Maria cumpara tricouri care costa 390 lei. Determinati pretul platit dupa reducere.,Reducerea = 20% din 390 = 390 × 20/100 = 78 lei. Pretul final = 390 - 78 = 312 lei,312 lei,1,Procente,Procente,Rapoarte și proporții,1 - bază,alta,,un farmacie ofera o reducere de 20% la tricouri. maria cumpara tricouri care costa 390 lei. determinati pretul platit dupa reducere.,reducerea = 20% din 390 = 390 × 20/100 = 78 lei. pretul final = 390 - 78 = 312 lei,312 lei,132,21,82,7,5,0,1,0,0,0,0,1,un farmacie ofera o reducere de 20% la tricouri. maria cumpara tricouri care costa 390 lei. determinati pretul platit dupa reducere.
Generat - Procente - reducere,,Un piata ofera o reducere de 10% la caiete. Dragos cumpara caiete care costa 220 lei. Determinati pretul platit dupa reducere.,Reducerea = 10% din 220 = 220 × 10/100 = 22 lei. Pretul final = 220 - 22 = 198 lei,198 lei,1,Procente,Procente,Rapoarte și proporții,1 - bază,alta,,un piata ofera o reducere de 10% la caiete. dragos cumpara caiete care costa 220 lei. determinati pretul platit dupa reducere.,reducerea = 10% din 220 = 220 × 10/100 = 22 lei. pretul final = 220 - 22 = 198 lei,198 lei,126,21,82,7,5,0,1,0,0,0,0,1,un piata ofera o reducere de 10% la caiete. dragos cumpara caiete care costa 220 lei. determinati pretul platit dupa reducere.
Generat - Procente - reducere,,Un piata ofera o reducere de 15% la creioane. Alexandru cumpara creioane care costa 950 lei. Determinati pretul platit dupa reducere.,Reducerea = 15% din 950 = 950 × 15/100 = 142.5 lei. Pretul final = 950 - 142.5 = 807.5 lei,807.5 lei,1,Procente,Procente,Rapoarte și proporții,1 - bază,alta,,un piata ofera o reducere de 15% la creioane. alexandru cumpara creioane care costa 950 lei. determinati pretul platit dupa reducere.,reducerea = 15% din 950 = 950 × 15/100 = 142.5 lei. pretul final = 950 - 142.5 = 807.5 lei,807.5 lei,133,21,90,9,5,0,1,0,0,0,0,1,un piata ofera o reducere de 15% la creioane. alexandru cumpara creioane care costa 950 lei. determinati pretul platit dupa reducere.
Generat - Procente - reducere,,Un piata ofera o reducere de 40% la bomboane. Cristina cumpara bomboane care costa 470 lei. Determinati pretul platit dupa reducere.,Reducerea = 40% din 470 = 470 × 40/100 = 188 lei. Pretul final = 470 - 188 = 282 lei,282 lei,1,Procente,Procente,Rapoarte și proporții,1 - bază,alta,,un piata ofera o reducere de 40% la bomboane. cristina cumpara bomboane care costa 470 lei. determinati pretul platit dupa reducere.,reducerea = 40% din 470 = 470 × 40/100 = 188 lei. pretul final = 470 - 188 = 282 lei,282 lei,132,21,84,7,5,0,1,0,0,0,0,1,un piata ofera o reducere de 40% la bomboane. cristina cumpara bomboane care costa 470 lei. determinati pretul platit dupa reducere.
Generat - Procente - reducere,,Un farmacie ofera o reducere de 5% la martisoare. Alina cumpara martisoare care costa 310 lei. Determinati pretul platit dupa reducere.,Reducerea = 5% din 310 = 310 × 5/100 = 15.5 lei. Pretul final = 310 - 15.5 = 294.5 lei,294.5 lei,1,Procente,Procente,Rapoarte și proporții,1 - bază,alta,,un farmacie ofera o reducere de 5% la martisoare. alina cumpara martisoare care costa 310 lei. determinati pretul platit dupa reducere.,reducerea = 5% din 310 = 310 × 5/100 = 15.5 lei. pretul final = 310 - 15.5 = 294.5 lei,294.5 lei,135,21,86,9,4,0,1,0,0,0,0,1,un farmacie ofera o reducere de 5% la martisoare. alina cumpara martisoare care costa 310 lei. determinati pretul platit dupa reducere.
Generat - Procente - reducere,,Un magazin ofera o reducere de 5% la martisoare. Raluca cumpara martisoare care costa 780 lei. Determinati pretul platit dupa reducere.,Reducerea = 5% din 780 = 780 × 5/100 = 39 lei. Pretul final = 780 - 39 = 741 lei,741 lei,1,Procente,Procente,Rapoarte și proporții,1 - bază,alta,,un magazin ofera o reducere de 5% la martisoare. raluca cumpara martisoare care costa 780 lei. determinati pretul platit dupa reducere.,reducerea = 5% din 780 = 780 × 5/100 = 39 lei. pretul final = 780 - 39 = 741 lei,741 lei,135,21,80,7,4,0,1,0,0,0,0,1,un magazin ofera o reducere de 5% la martisoare. raluca cumpara martisoare care costa 780 lei. determinati pretul platit dupa reducere.
Generat - Procente - reducere,,Un farmacie ofera o reducere de 30% la martisoare. Andreea cumpara martisoare care costa 430 lei. Determinati pretul platit dupa reducere.,Reducerea = 30% din 430 = 430 × 30/100 = 129 lei. Pretul final = 430 - 129 = 301 lei,301 lei,1,Procente,Procente,Rapoarte și proporții,1 - bază,alta,,un farmacie ofera o reducere de 30% la martisoare. andreea cumpara martisoare care costa 430 lei. determinati pretul platit dupa reducere.,reducerea = 30% din 430 = 430 × 30/100 = 129 lei. pretul final = 430 - 129 = 301 lei,301 lei,138,21,84,7,5,0,1,0,0,0,0,1,un farmacie ofera o reducere de 30% la martisoare. andreea cumpara martisoare care costa 430 lei. determinati pretul platit dupa reducere.
Generat - Procente - reducere,,Un piata ofera o reducere de 20% la creioane. Vasile cumpara creioane care costa 670 lei. Determinati pretul platit dupa reducere.,Reducerea = 20% din 670 = 670 × 20/100 = 134 lei. Pretul final = 670 - 134 = 536 lei,536 lei,1,Procente,Procente,Rapoarte și proporții,1 - bază,alta,,un piata ofera o reducere de 20% la creioane. vasile cumpara creioane care costa 670 lei. determinati pretul platit dupa reducere.,reducerea = 20% din 670 = 670 × 20/100 = 134 lei. pretul final = 670 - 134 = 536 lei,536 lei,130,21,84,7,5,0,1,0,0,0,0,1,un piata ofera o reducere de 20% la creioane. vasile cumpara creioane care costa 670 lei. determinati pretul platit dupa reducere.
Generat - Procente - reducere,,Un piata ofera o reducere de 50% la martisoare. Ana cumpara martisoare care costa 80 lei. Determinati pretul platit dupa reducere.,Reducerea = 50% din 80 = 80 × 50/100 = 40 lei. Pretul final = 80 - 40 = 40 lei,40 lei,1,Procente,Procente,Rapoarte și proporții,1 - bază,alta,,un piata ofera o reducere de 50% la martisoare. ana cumpara martisoare care costa 80 lei. determinati pretul platit dupa reducere.,reducerea = 50% din 80 = 80 × 50/100 = 40 lei. pretul final = 80 - 40 = 40 lei,40 lei,130,21,78,6,4,0,1,0,0,0,0,1,un piata ofera o reducere de 50% la martisoare. ana cumpara martisoare care costa 80 lei. determinati pretul platit dupa reducere.
Generat - Procente - reducere,,Un farmacie ofera o reducere de 15% la caiete. Bianca cumpara caiete care costa 640 lei. Determinati pretul platit dupa reducere.,Reducerea = 15% din 640 = 640 × 15/100 = 96 lei. Pretul final = 640 - 96 = 544 lei,544 lei,1,Procente,Procente,Rapoarte și proporții,1 - bază,alta,,un farmacie ofera o reducere de 15% la caiete. bianca cumpara caiete care costa 640 lei. determinati pretul platit dupa reducere.,reducerea = 15% din 640 = 640 × 15/100 = 96 lei. pretul final = 640 - 96 = 544 lei,544 lei,129,21,82,7,5,0,1,0,0,0,0,1,un farmacie ofera o reducere de 15% la caiete. bianca cumpara caiete care costa 640 lei. determinati pretul platit dupa reducere.
Generat - Procente - reducere,,Un magazin ofera o reducere de 5% la bilete. Mihaela cumpara bilete care costa 550 lei. Determinati pretul platit dupa reducere.,Reducerea = 5% din 550 = 550 × 5/100 = 27.5 lei. Pretul final = 550 - 27.5 = 522.5 lei,522.5 lei,1,Procente,Procente,Rapoarte și proporții,1 - bază,alta,,un magazin ofera o reducere de 5% la bilete. mihaela cumpara bilete care costa 550 lei. determinati pretul platit dupa reducere.,reducerea = 5% din 550 = 550 × 5/100 = 27.5 lei. pretul final = 550 - 27.5 = 522.5 lei,522.5 lei,128,21,86,9,4,0,1,0,0,0,0,1,un magazin ofera o reducere de 5% la bilete. mihaela cumpara bilete care costa 550 lei. determinati pretul platit dupa reducere.
Generat - Procente - reducere,,Un piata ofera o reducere de 10% la martisoare. Stefan cumpara martisoare care costa 870 lei. Determinati pretul platit dupa reducere.,Reducerea = 10% din 870 = 870 × 10/100 = 87 lei. Pretul final = 870 - 87 = 783 lei,783 lei,1,Procente,Procente,Rapoarte și proporții,1 - bază,alta,,un piata ofera o reducere de 10% la martisoare. stefan cumpara martisoare care costa 870 lei. determinati pretul platit dupa reducere.,reducerea = 10% din 870 = 870 × 10/100 = 87 lei. pretul final = 870 - 87 = 783 lei,783 lei,134,21,82,7,5,0,1,0,0,0,0,1,un piata ofera o reducere de 10% la martisoare. stefan cumpara martisoare care costa 870 lei. determinati pretul platit dupa reducere.
Generat - Procente - reducere,,Un supermarket ofera o reducere de 15% la jucarii. Alina cumpara jucarii care costa 110 lei. Determinati pretul platit dupa reducere.,Reducerea = 15% din 110 = 110 × 15/100 = 16.5 lei. Pretul final = 110 - 16.5 = 93.5 lei,93.5 lei,1,Procente,Procente,Rapoarte și proporții,1 - bază,alta,,un supermarket ofera o reducere de 15% la jucarii. alina cumpara jucarii care costa 110 lei. determinati pretul platit dupa reducere.,reducerea = 15% din 110 = 110 × 15/100 = 16.5 lei. pretul final = 110 - 16.5 = 93.5 lei,93.5 lei,133,21,87,8,5,0,1,0,0,0,0,1,un supermarket ofera o reducere de 15% la jucarii. alina cumpara jucarii care costa 110 lei. determinati pretul platit dupa reducere.
Generat - Procente - reducere,,Un piata ofera o reducere de 20% la tricouri. Ana cumpara tricouri care costa 630 lei. Determinati pretul platit dupa reducere.,Reducerea = 20% din 630 = 630 × 20/100 = 126 lei. Pretul final = 630 - 126 = 504 lei,504 lei,1,Procente,Procente,Rapoarte și proporții,1 - bază,alta,,un piata ofera o reducere de 20% la tricouri. ana cumpara tricouri care costa 630 lei. determinati pretul platit dupa reducere.,reducerea = 20% din 630 = 630 × 20/100 = 126 lei. pretul final = 630 - 126 = 504 lei,504 lei,127,21,84,7,5,0,1,0,0,0,0,1,un piata ofera o reducere de 20% la tricouri. ana cumpara tricouri care costa 630 lei. determinati pretul platit dupa reducere.
Generat - Procente - reducere,,Un piata ofera o reducere de 25% la jucarii. Dan cumpara jucarii care costa 580 lei. Determinati pretul platit dupa reducere.,Reducerea = 25% din 580 = 580 × 25/100 = 145 lei. Pretul final = 580 - 145 = 435 lei,435 lei,1,Procente,Procente,Rapoarte și proporții,1 - bază,alta,,un piata ofera o reducere de 25% la jucarii. dan cumpara jucarii care costa 580 lei. determinati pretul platit dupa reducere.,reducerea = 25% din 580 = 580 × 25/100 = 145 lei. pretul final = 580 - 145 = 435 lei,435 lei,125,21,84,7,5,0,1,0,0,0,0,1,un piata ofera o reducere de 25% la jucarii. dan cumpara jucarii care costa 580 lei. determinati pretul platit dupa reducere.
Generat - Procente - reducere,,Un librarie ofera o reducere de 5% la carti. Elena cumpara carti care costa 740 lei. Determinati pretul platit dupa reducere.,Reducerea = 5% din 740 = 740 × 5/100 = 37 lei. Pretul final = 740 - 37 = 703 lei,703 lei,1,Procente,Procente,Rapoarte și proporții,1 - bază,alta,,un librarie ofera o reducere de 5% la carti. elena cumpara carti care costa 740 lei. determinati pretul platit dupa reducere.,reducerea = 5% din 740 = 740 × 5/100 = 37 lei. pretul final = 740 - 37 = 703 lei,703 lei,125,21,80,7,4,0,1,1,0,0,0,1,un librarie ofera o reducere de 5% la carti. elena cumpara carti care costa 740 lei. determinati pretul platit dupa reducere.
Generat - Procente - reducere,,Un librarie ofera o reducere de 10% la carti. Mihai cumpara carti care costa 880 lei. Determinati pretul platit dupa reducere.,Reducerea = 10% din 880 = 880 × 10/100 = 88 lei. Pretul final = 880 - 88 = 792 lei,792 lei,1,Procente,Procente,Rapoarte și proporții,1 - bază,alta,,un librarie ofera o reducere de 10% la carti. mihai cumpara carti care costa 880 lei. determinati pretul platit dupa reducere.,reducerea = 10% din 880 = 880 × 10/100 = 88 lei. pretul final = 880 - 88 = 792 lei,792 lei,126,21,82,7,5,0,1,1,0,0,0,1,un librarie ofera o reducere de 10% la carti. mihai cumpara carti care costa 880 lei. determinati pretul platit dupa reducere.
Generat - Procente - reducere,,Un librarie ofera o reducere de 20% la bilete. Marius cumpara bilete care costa 70 lei. Determinati pretul platit dupa reducere.,Reducerea = 20% din 70 = 70 × 20/100 = 14 lei. Pretul final = 70 - 14 = 56 lei,56 lei,1,Procente,Procente,Rapoarte și proporții,1 - bază,alta,,un librarie ofera o reducere de 20% la bilete. marius cumpara bilete care costa 70 lei. determinati pretul platit dupa reducere.,reducerea = 20% din 70 = 70 × 20/100 = 14 lei. pretul final = 70 - 14 = 56 lei,56 lei,128,21,78,6,4,0,1,1,0,0,0,1,un librarie ofera o reducere de 20% la bilete. marius cumpara bilete care costa 70 lei. determinati pretul platit dupa reducere.
Generat - Procente - reducere,,Un librarie ofera o reducere de 15% la pixuri. Mihaela cumpara pixuri care costa 650 lei. Determinati pretul platit dupa reducere.,Reducerea = 15% din 650 = 650 × 15/100 = 97.5 lei. Pretul final = 650 - 97.5 = 552.5 lei,552.5 lei,1,Procente,Procente,Rapoarte și proporții,1 - bază,alta,,un librarie ofera o reducere de 15% la pixuri. mihaela cumpara pixuri care costa 650 lei. determinati pretul platit dupa reducere.,reducerea = 15% din 650 = 650 × 15/100 = 97.5 lei. pretul final = 650 - 97.5 = 552.5 lei,552.5 lei,130,21,88,9,5,0,1,1,0,0,0,1,un librarie ofera o reducere de 15% la pixuri. mihaela cumpara pixuri care costa 650 lei. determinati pretul platit dupa reducere.
Generat - Procente - reducere,,Un librarie ofera o reducere de 50% la jucarii. Ioana cumpara jucarii care costa 940 lei. Determinati pretul platit dupa reducere.,Reducerea = 50% din 940 = 940 × 50/100 = 470 lei. Pretul final = 940 - 470 = 470 lei,470 lei,1,Procente,Procente,Rapoarte și proporții,1 - bază,alta,,un librarie ofera o reducere de 50% la jucarii. ioana cumpara jucarii care costa 940 lei. determinati pretul platit dupa reducere.,reducerea = 50% din 940 = 940 × 50/100 = 470 lei. pretul final = 940 - 470 = 470 lei,470 lei,130,21,84,7,5,0,1,1,0,0,0,1,un librarie ofera o reducere de 50% la jucarii. ioana cumpara jucarii care costa 940 lei. determinati pretul platit dupa reducere.
Generat - Procente - reducere,,Un farmacie ofera o reducere de 10% la jucarii. Bogdan cumpara jucarii care costa 250 lei. Determinati pretul platit dupa reducere.,Reducerea = 10% din 250 = 250 × 10/100 = 25 lei. Pretul final = 250 - 25 = 225 lei,225 lei,1,Procente,Procente,Rapoarte și proporții,1 - bază,alta,,un farmacie ofera o reducere de 10% la jucarii. bogdan cumpara jucarii care costa 250 lei. determinati pretul platit dupa reducere.,reducerea = 10% din 250 = 250 × 10/100 = 25 lei. pretul final = 250 - 25 = 225 lei,225 lei,131,21,82,7,5,0,1,0,0,0,0,1,un farmacie ofera o reducere de 10% la jucarii. bogdan cumpara jucarii care costa 250 lei. determinati pretul platit dupa reducere.
Generat - Procente - reducere,,Un piata ofera o reducere de 5% la bilete. Alina cumpara bilete care costa 440 lei. Determinati pretul platit dupa reducere.,Reducerea = 5% din 440 = 440 × 5/100 = 22 lei. Pretul final = 440 - 22 = 418 lei,418 lei,1,Procente,Procente,Rapoarte și proporții,1 - bază,alta,,un piata ofera o reducere de 5% la bilete. alina cumpara bilete care costa 440 lei. determinati pretul platit dupa reducere.,reducerea = 5% din 440 = 440 × 5/100 = 22 lei. pretul final = 440 - 22 = 418 lei,418 lei,124,21,80,7,4,0,1,0,0,0,0,1,un piata ofera o reducere de 5% la bilete. alina cumpara bilete care costa 440 lei. determinati pretul platit dupa reducere.
Generat - Procente - reducere,,Un magazin ofera o reducere de 20% la bilete. Pavel cumpara bilete care costa 140 lei. Determinati pretul platit dupa reducere.,Reducerea = 20% din 140 = 140 × 20/100 = 28 lei. Pretul final = 140 - 28 = 112 lei,112 lei,1,Procente,Procente,Rapoarte și proporții,1 - bază,alta,,un magazin ofera o reducere de 20% la bilete. pavel cumpara bilete care costa 140 lei. determinati pretul platit dupa reducere.,reducerea = 20% din 140 = 140 × 20/100 = 28 lei. pretul final = 140 - 28 = 112 lei,112 lei,127,21,82,7,5,0,1,0,0,0,0,1,un magazin ofera o reducere de 20% la bilete. pavel cumpara bilete care costa 140 lei. determinati pretul platit dupa reducere.
Generat - Procente - reducere,,Un farmacie ofera o reducere de 25% la bilete. Radu cumpara bilete care costa 920 lei. Determinati pretul platit dupa reducere.,Reducerea = 25% din 920 = 920 × 25/100 = 230 lei. Pretul final = 920 - 230 = 690 lei,690 lei,1,Procente,Procente,Rapoarte și proporții,1 - bază,alta,,un farmacie ofera o reducere de 25% la bilete. radu cumpara bilete care costa 920 lei. determinati pretul platit dupa reducere.,reducerea = 25% din 920 = 920 × 25/100 = 230 lei. pretul final = 920 - 230 = 690 lei,690 lei,127,21,84,7,5,0,1,0,0,0,0,1,un farmacie ofera o reducere de 25% la bilete. radu cumpara bilete care costa 920 lei. determinati pretul platit dupa reducere.
Generat - Procente - reducere,,Un supermarket ofera o reducere de 5% la bomboane. Laura cumpara bomboane care costa 490 lei. Determinati pretul platit dupa reducere.,Reducerea = 5% din 490 = 490 × 5/100 = 24.5 lei. Pretul final = 490 - 24.5 = 465.5 lei,465.5 lei,1,Procente,Procente,Rapoarte și proporții,1 - bază,alta,,un supermarket ofera o reducere de 5% la bomboane. laura cumpara bomboane care costa 490 lei. determinati pretul platit dupa reducere.,reducerea = 5% din 490 = 490 × 5/100 = 24.5 lei. pretul final = 490 - 24.5 = 465.5 lei,465.5 lei,134,21,86,9,4,0,1,0,0,0,0,1,un supermarket ofera o reducere de 5% la bomboane. laura cumpara bomboane care costa 490 lei. determinati pretul platit dupa reducere.
Generat - Procente - reducere,,Un piata ofera o reducere de 10% la tricouri. Ion cumpara tricouri care costa 690 lei. Determinati pretul platit dupa reducere.,Reducerea = 10% din 690 = 690 × 10/100 = 69 lei. Pretul final = 690 - 69 = 621 lei,621 lei,1,Procente,Procente,Rapoarte și proporții,1 - bază,alta,,un piata ofera o reducere de 10% la tricouri. ion cumpara tricouri care costa 690 lei. determinati pretul platit dupa reducere.,reducerea = 10% din 690 = 690 × 10/100 = 69 lei. pretul final = 690 - 69 = 621 lei,621 lei,127,21,82,7,5,0,1,0,0,0,0,1,un piata ofera o reducere de 10% la tricouri. ion cumpara tricouri care costa 690 lei. determinati pretul platit dupa reducere.
Generat - Procente - reducere,,Un piata ofera o reducere de 50% la martisoare. Ioana cumpara martisoare care costa 180 lei. Determinati pretul platit dupa reducere.,Reducerea = 50% din 180 = 180 × 50/100 = 90 lei. Pretul final = 180 - 90 = 90 lei,90 lei,1,Procente,Procente,Rapoarte și proporții,1 - bază,alta,,un piata ofera o reducere de 50% la martisoare. ioana cumpara martisoare care costa 180 lei. determinati pretul platit dupa reducere.,reducerea = 50% din 180 = 180 × 50/100 = 90 lei. pretul final = 180 - 90 = 90 lei,90 lei,133,21,81,6,5,0,1,0,0,0,0,1,un piata ofera o reducere de 50% la martisoare. ioana cumpara martisoare care costa 180 lei. determinati pretul platit dupa reducere.
Generat - Procente - reducere,,Un supermarket ofera o reducere de 15% la caiete. Sofia cumpara caiete care costa 600 lei. Determinati pretul platit dupa reducere.,Reducerea = 15% din 600 = 600 × 15/100 = 90 lei. Pretul final = 600 - 90 = 510 lei,510 lei,1,Procente,Procente,Rapoarte și proporții,1 - bază,alta,,un supermarket ofera o reducere de 15% la caiete. sofia cumpara caiete care costa 600 lei. determinati pretul platit dupa reducere.,reducerea = 15% din 600 = 600 × 15/100 = 90 lei. pretul final = 600 - 90 = 510 lei,510 lei,131,21,82,7,5,0,1,0,0,0,0,1,un supermarket ofera o reducere de 15% la caiete. sofia cumpara caiete care costa 600 lei. determinati pretul platit dupa reducere.
Generat - Procente - reducere,,Un supermarket ofera o reducere de 50% la martisoare. Camelia cumpara martisoare care costa 640 lei. Determinati pretul platit dupa reducere.,Reducerea = 50% din 640 = 640 × 50/100 = 320 lei. Pretul final = 640 - 320 = 320 lei,320 lei,1,Procente,Procente,Rapoarte și proporții,1 - bază,alta,,un supermarket ofera o reducere de 50% la martisoare. camelia cumpara martisoare care costa 640 lei. determinati pretul platit dupa reducere.,reducerea = 50% din 640 = 640 × 50/100 = 320 lei. pretul final = 640 - 320 = 320 lei,320 lei,141,21,84,7,5,0,1,0,0,0,0,1,un supermarket ofera o reducere de 50% la martisoare. camelia cumpara martisoare care costa 640 lei. determinati pretul platit dupa reducere.
Generat - Procente - reducere,,Un piata ofera o reducere de 30% la pixuri. Vasile cumpara pixuri care costa 360 lei. Determinati pretul platit dupa reducere.,Reducerea = 30% din 360 = 360 × 30/100 = 108 lei. Pretul final = 360 - 108 = 252 lei,252 lei,1,Procente,Procente,Rapoarte și proporții,1 - bază,alta,,un piata ofera o reducere de 30% la pixuri. vasile cumpara pixuri care costa 360 lei. determinati pretul platit dupa reducere.,reducerea = 30% din 360 = 360 × 30/100 = 108 lei. pretul final = 360 - 108 = 252 lei,252 lei,126,21,84,7,5,0,1,0,0,0,0,1,un piata ofera o reducere de 30% la pixuri. vasile cumpara pixuri care costa 360 lei. determinati pretul platit dupa reducere.
Generat - Procente - reducere,,Un piata ofera o reducere de 20% la bilete. Bianca cumpara bilete care costa 640 lei. Determinati pretul platit dupa reducere.,Reducerea = 20% din 640 = 640 × 20/100 = 128 lei. Pretul final = 640 - 128 = 512 lei,512 lei,1,Procente,Procente,Rapoarte și proporții,1 - bază,alta,,un piata ofera o reducere de 20% la bilete. bianca cumpara bilete care costa 640 lei. determinati pretul platit dupa reducere.,reducerea = 20% din 640 = 640 × 20/100 = 128 lei. pretul final = 640 - 128 = 512 lei,512 lei,126,21,84,7,5,0,1,0,0,0,0,1,un piata ofera o reducere de 20% la bilete. bianca cumpara bilete care costa 640 lei. determinati pretul platit dupa reducere.
Generat - Procente - reducere,,Un librarie ofera o reducere de 30% la flori. Maria cumpara flori care costa 80 lei. Determinati pretul platit dupa reducere.,Reducerea = 30% din 80 = 80 × 30/100 = 24 lei. Pretul final = 80 - 24 = 56 lei,56 lei,1,Procente,Procente,Rapoarte și proporții,1 - bază,alta,,un librarie ofera o reducere de 30% la flori. maria cumpara flori care costa 80 lei. determinati pretul platit dupa reducere.,reducerea = 30% din 80 = 80 × 30/100 = 24 lei. pretul final = 80 - 24 = 56 lei,56 lei,125,21,78,6,4,0,1,1,0,0,0,1,un librarie ofera o reducere de 30% la flori. maria cumpara flori care costa 80 lei. determinati pretul platit dupa reducere.
Generat - Procente - reducere,,Un supermarket ofera o reducere de 50% la tricouri. Gheorghe cumpara tricouri care costa 320 lei. Determinati pretul platit dupa reducere.,Reducerea = 50% din 320 = 320 × 50/100 = 160 lei. Pretul final = 320 - 160 = 160 lei,160 lei,1,Procente,Procente,Rapoarte și proporții,1 - bază,alta,,un supermarket ofera o reducere de 50% la tricouri. gheorghe cumpara tricouri care costa 320 lei. determinati pretul platit dupa reducere.,reducerea = 50% din 320 = 320 × 50/100 = 160 lei. pretul final = 320 - 160 = 160 lei,160 lei,138,21,84,7,5,0,1,0,0,0,0,1,un supermarket ofera o reducere de 50% la tricouri. gheorghe cumpara tricouri care costa 320 lei. determinati pretul platit dupa reducere.
Generat - Procente - reducere,,Un magazin ofera o reducere de 25% la jucarii. Roxana cumpara jucarii care costa 810 lei. Determinati pretul platit dupa reducere.,Reducerea = 25% din 810 = 810 × 25/100 = 202.5 lei. Pretul final = 810 - 202.5 = 607.5 lei,607.5 lei,1,Procente,Procente,Rapoarte și proporții,1 - bază,alta,,un magazin ofera o reducere de 25% la jucarii. roxana cumpara jucarii care costa 810 lei. determinati pretul platit dupa reducere.,reducerea = 25% din 810 = 810 × 25/100 = 202.5 lei. pretul final = 810 - 202.5 = 607.5 lei,607.5 lei,130,21,90,9,5,0,1,0,0,0,0,1,un magazin ofera o reducere de 25% la jucarii. roxana cumpara jucarii care costa 810 lei. determinati pretul platit dupa reducere.
Generat - Procente - reducere,,Un piata ofera o reducere de 20% la creioane. Andreea cumpara creioane care costa 150 lei. Determinati pretul platit dupa reducere.,Reducerea = 20% din 150 = 150 × 20/100 = 30 lei. Pretul final = 150 - 30 = 120 lei,120 lei,1,Procente,Procente,Rapoarte și proporții,1 - bază,alta,,un piata ofera o reducere de 20% la creioane. andreea cumpara creioane care costa 150 lei. determinati pretul platit dupa reducere.,reducerea = 20% din 150 = 150 × 20/100 = 30 lei. pretul final = 150 - 30 = 120 lei,120 lei,131,21,82,7,5,0,1,0,0,0,0,1,un piata ofera o reducere de 20% la creioane. andreea cumpara creioane care costa 150 lei. determinati pretul platit dupa reducere.
Generat - Procente - reducere,,Un piata ofera o reducere de 20% la flori. Ilinca cumpara flori care costa 930 lei. Determinati pretul platit dupa reducere.,Reducerea = 20% din 930 = 930 × 20/100 = 186 lei. Pretul final = 930 - 186 = 744 lei,744 lei,1,Procente,Procente,Rapoarte și proporții,1 - bază,alta,,un piata ofera o reducere de 20% la flori. ilinca cumpara flori care costa 930 lei. determinati pretul platit dupa reducere.,reducerea = 20% din 930 = 930 × 20/100 = 186 lei. pretul final = 930 - 186 = 744 lei,744 lei,124,21,84,7,5,0,1,0,0,0,0,1,un piata ofera o reducere de 20% la flori. ilinca cumpara flori care costa 930 lei. determinati pretul platit dupa reducere.
Generat - Procente - reducere,,Un piata ofera o reducere de 5% la jucarii. Dragos cumpara jucarii care costa 160 lei. Determinati pretul platit dupa reducere.,Reducerea = 5% din 160 = 160 × 5/100 = 8 lei. Pretul final = 160 - 8 = 152 lei,152 lei,1,Procente,Procente,Rapoarte și proporții,1 - bază,alta,,un piata ofera o reducere de 5% la jucarii. dragos cumpara jucarii care costa 160 lei. determinati pretul platit dupa reducere.,reducerea = 5% din 160 = 160 × 5/100 = 8 lei. pretul final = 160 - 8 = 152 lei,152 lei,127,21,78,7,4,0,1,0,0,0,0,1,un piata ofera o reducere de 5% la jucarii. dragos cumpara jucarii care costa 160 lei. determinati pretul platit dupa reducere.
Generat - Procente - reducere,,Un piata ofera o reducere de 20% la bilete. Ioana cumpara bilete care costa 440 lei. Determinati pretul platit dupa reducere.,Reducerea = 20% din 440 = 440 × 20/100 = 88 lei. Pretul final = 440 - 88 = 352 lei,352 lei,1,Procente,Procente,Rapoarte și proporții,1 - bază,alta,,un piata ofera o reducere de 20% la bilete. ioana cumpara bilete care costa 440 lei. determinati pretul platit dupa reducere.,reducerea = 20% din 440 = 440 × 20/100 = 88 lei. pretul final = 440 - 88 = 352 lei,352 lei,125,21,82,7,5,0,1,0,0,0,0,1,un piata ofera o reducere de 20% la bilete. ioana cumpara bilete care costa 440 lei. determinati pretul platit dupa reducere.
Generat - Procente - reducere,,Un supermarket ofera o reducere de 30% la bomboane. Ana cumpara bomboane care costa 590 lei. Determinati pretul platit dupa reducere.,Reducerea = 30% din 590 = 590 × 30/100 = 177 lei. Pretul final = 590 - 177 = 413 lei,413 lei,1,Procente,Procente,Rapoarte și proporții,1 - bază,alta,,un supermarket ofera o reducere de 30% la bomboane. ana cumpara bomboane care costa 590 lei. determinati pretul platit dupa reducere.,reducerea = 30% din 590 = 590 × 30/100 = 177 lei. pretul final = 590 - 177 = 413 lei,413 lei,133,21,84,7,5,0,1,0,0,0,0,1,un supermarket ofera o reducere de 30% la bomboane. ana cumpara bomboane care costa 590 lei. determinati pretul platit dupa reducere.
Generat - Procente - reducere,,Un librarie ofera o reducere de 50% la jucarii. Gheorghe cumpara jucarii care costa 390 lei. Determinati pretul platit dupa reducere.,Reducerea = 50% din 390 = 390 × 50/100 = 195 lei. Pretul final = 390 - 195 = 195 lei,195 lei,1,Procente,Procente,Rapoarte și proporții,1 - bază,alta,,un librarie ofera o reducere de 50% la jucarii. gheorghe cumpara jucarii care costa 390 lei. determinati pretul platit dupa reducere.,reducerea = 50% din 390 = 390 × 50/100 = 195 lei. pretul final = 390 - 195 = 195 lei,195 lei,133,21,84,7,5,0,1,1,0,0,0,1,un librarie ofera o reducere de 50% la jucarii. gheorghe cumpara jucarii care costa 390 lei. determinati pretul platit dupa reducere.
Generat - Procente - reducere,,Un magazin ofera o reducere de 10% la creioane. Maria cumpara creioane care costa 970 lei. Determinati pretul platit dupa reducere.,Reducerea = 10% din 970 = 970 × 10/100 = 97 lei. Pretul final = 970 - 97 = 873 lei,873 lei,1,Procente,Procente,Rapoarte și proporții,1 - bază,alta,,un magazin ofera o reducere de 10% la creioane. maria cumpara creioane care costa 970 lei. determinati pretul platit dupa reducere.,reducerea = 10% din 970 = 970 × 10/100 = 97 lei. pretul final = 970 - 97 = 873 lei,873 lei,131,21,82,7,5,0,1,0,0,0,0,1,un magazin ofera o reducere de 10% la creioane. maria cumpara creioane care costa 970 lei. determinati pretul platit dupa reducere.
Generat - Procente - reducere,,Un supermarket ofera o reducere de 15% la creioane. Raluca cumpara creioane care costa 290 lei. Determinati pretul platit dupa reducere.,Reducerea = 15% din 290 = 290 × 15/100 = 43.5 lei. Pretul final = 290 - 43.5 = 246.5 lei,246.5 lei,1,Procente,Procente,Rapoarte și proporții,1 - bază,alta,,un supermarket ofera o reducere de 15% la creioane. raluca cumpara creioane care costa 290 lei. determinati pretul platit dupa reducere.,reducerea = 15% din 290 = 290 × 15/100 = 43.5 lei. pretul final = 290 - 43.5 = 246.5 lei,246.5 lei,136,21,88,9,5,0,1,0,0,0,0,1,un supermarket ofera o reducere de 15% la creioane. raluca cumpara creioane care costa 290 lei. determinati pretul platit dupa reducere.
Generat - Procente - reducere,,Un librarie ofera o reducere de 25% la creioane. Liviu cumpara creioane care costa 170 lei. Determinati pretul platit dupa reducere.,Reducerea = 25% din 170 = 170 × 25/100 = 42.5 lei. Pretul final = 170 - 42.5 = 127.5 lei,127.5 lei,1,Procente,Procente,Rapoarte și proporții,1 - bază,alta,,un librarie ofera o reducere de 25% la creioane. liviu cumpara creioane care costa 170 lei. determinati pretul platit dupa reducere.,reducerea = 25% din 170 = 170 × 25/100 = 42.5 lei. pretul final = 170 - 42.5 = 127.5 lei,127.5 lei,132,21,88,9,5,0,1,1,0,0,0,1,un librarie ofera o reducere de 25% la creioane. liviu cumpara creioane care costa 170 lei. determinati pretul platit dupa reducere.
Generat - Procente - reducere,,Un farmacie ofera o reducere de 30% la jucarii. Ion cumpara jucarii care costa 270 lei. Determinati pretul platit dupa reducere.,Reducerea = 30% din 270 = 270 × 30/100 = 81 lei. Pretul final = 270 - 81 = 189 lei,189 lei,1,Procente,Procente,Rapoarte și proporții,1 - bază,alta,,un farmacie ofera o reducere de 30% la jucarii. ion cumpara jucarii care costa 270 lei. determinati pretul platit dupa reducere.,reducerea = 30% din 270 = 270 × 30/100 = 81 lei. pretul final = 270 - 81 = 189 lei,189 lei,128,21,82,7,5,0,1,0,0,0,0,1,un farmacie ofera o reducere de 30% la jucarii. ion cumpara jucarii care costa 270 lei. determinati pretul platit dupa reducere.
Generat - Procente - reducere,,Un farmacie ofera o reducere de 15% la carti. Vlad cumpara carti care costa 400 lei. Determinati pretul platit dupa reducere.,Reducerea = 15% din 400 = 400 × 15/100 = 60 lei. Pretul final = 400 - 60 = 340 lei,340 lei,1,Procente,Procente,Rapoarte și proporții,1 - bază,alta,,un farmacie ofera o reducere de 15% la carti. vlad cumpara carti care costa 400 lei. determinati pretul platit dupa reducere.,reducerea = 15% din 400 = 400 × 15/100 = 60 lei. pretul final = 400 - 60 = 340 lei,340 lei,125,21,82,7,5,0,1,0,0,0,0,1,un farmacie ofera o reducere de 15% la carti. vlad cumpara carti care costa 400 lei. determinati pretul platit dupa reducere.
Generat - Procente - reducere,,Un magazin ofera o reducere de 25% la caiete. Ilinca cumpara caiete care costa 940 lei. Determinati pretul platit dupa reducere.,Reducerea = 25% din 940 = 940 × 25/100 = 235 lei. Pretul final = 940 - 235 = 705 lei,705 lei,1,Procente,Procente,Rapoarte și proporții,1 - bază,alta,,un magazin ofera o reducere de 25% la caiete. ilinca cumpara caiete care costa 940 lei. determinati pretul platit dupa reducere.,reducerea = 25% din 940 = 940 × 25/100 = 235 lei. pretul final = 940 - 235 = 705 lei,705 lei,128,21,84,7,5,0,1,0,0,0,0,1,un magazin ofera o reducere de 25% la caiete. ilinca cumpara caiete care costa 940 lei. determinati pretul platit dupa reducere.
Generat - Procente - reducere,,Un piata ofera o reducere de 5% la jucarii. Raluca cumpara jucarii care costa 780 lei. Determinati pretul platit dupa reducere.,Reducerea = 5% din 780 = 780 × 5/100 = 39 lei. Pretul final = 780 - 39 = 741 lei,741 lei,1,Procente,Procente,Rapoarte și proporții,1 - bază,alta,,un piata ofera o reducere de 5% la jucarii. raluca cumpara jucarii care costa 780 lei. determinati pretul platit dupa reducere.,reducerea = 5% din 780 = 780 × 5/100 = 39 lei. pretul final = 780 - 39 = 741 lei,741 lei,127,21,80,7,4,0,1,0,0,0,0,1,un piata ofera o reducere de 5% la jucarii. raluca cumpara jucarii care costa 780 lei. determinati pretul platit dupa reducere.
Generat - Procente - reducere,,Un supermarket ofera o reducere de 50% la caiete. Vlad cumpara caiete care costa 480 lei. Determinati pretul platit dupa reducere.,Reducerea = 50% din 480 = 480 × 50/100 = 240 lei. Pretul final = 480 - 240 = 240 lei,240 lei,1,Procente,Procente,Rapoarte și proporții,1 - bază,alta,,un supermarket ofera o reducere de 50% la caiete. vlad cumpara caiete care costa 480 lei. determinati pretul platit dupa reducere.,reducerea = 50% din 480 = 480 × 50/100 = 240 lei. pretul final = 480 - 240 = 240 lei,240 lei,130,21,84,7,5,0,1,0,0,0,0,1,un supermarket ofera o reducere de 50% la caiete. vlad cumpara caiete care costa 480 lei. determinati pretul platit dupa reducere.
Generat - Procente - reducere,,Un piata ofera o reducere de 50% la pixuri. Diana cumpara pixuri care costa 190 lei. Determinati pretul platit dupa reducere.,Reducerea = 50% din 190 = 190 × 50/100 = 95 lei. Pretul final = 190 - 95 = 95 lei,95 lei,1,Procente,Procente,Rapoarte și proporții,1 - bază,alta,,un piata ofera o reducere de 50% la pixuri. diana cumpara pixuri care costa 190 lei. determinati pretul platit dupa reducere.,reducerea = 50% din 190 = 190 × 50/100 = 95 lei. pretul final = 190 - 95 = 95 lei,95 lei,125,21,81,6,5,0,1,0,0,0,0,1,un piata ofera o reducere de 50% la pixuri. diana cumpara pixuri care costa 190 lei. determinati pretul platit dupa reducere.
Generat - Procente - reducere,,Un librarie ofera o reducere de 10% la carti. Marius cumpara carti care costa 780 lei. Determinati pretul platit dupa reducere.,Reducerea = 10% din 780 = 780 × 10/100 = 78 lei. Pretul final = 780 - 78 = 702 lei,702 lei,1,Procente,Procente,Rapoarte și proporții,1 - bază,alta,,un librarie ofera o reducere de 10% la carti. marius cumpara carti care costa 780 lei. determinati pretul platit dupa reducere.,reducerea = 10% din 780 = 780 × 10/100 = 78 lei. pretul final = 780 - 78 = 702 lei,702 lei,127,21,82,7,5,0,1,1,0,0,0,1,un librarie ofera o reducere de 10% la carti. marius cumpara carti care costa 780 lei. determinati pretul platit dupa reducere.
Generat - Procente - reducere,,Un farmacie ofera o reducere de 25% la creioane. Radu cumpara creioane care costa 150 lei. Determinati pretul platit dupa reducere.,Reducerea = 25% din 150 = 150 × 25/100 = 37.5 lei. Pretul final = 150 - 37.5 = 112.5 lei,112.5 lei,1,Procente,Procente,Rapoarte și proporții,1 - bază,alta,,un farmacie ofera o reducere de 25% la creioane. radu cumpara creioane care costa 150 lei. determinati pretul platit dupa reducere.,reducerea = 25% din 150 = 150 × 25/100 = 37.5 lei. pretul final = 150 - 37.5 = 112.5 lei,112.5 lei,131,21,88,9,5,0,1,0,0,0,0,1,un farmacie ofera o reducere de 25% la creioane. radu cumpara creioane care costa 150 lei. determinati pretul platit dupa reducere.
Generat - Procente - reducere,,Un librarie ofera o reducere de 40% la bilete. Bianca cumpara bilete care costa 820 lei. Determinati pretul platit dupa reducere.,Reducerea = 40% din 820 = 820 × 40/100 = 328 lei. Pretul final = 820 - 328 = 492 lei,492 lei,1,Procente,Procente,Rapoarte și proporții,1 - bază,alta,,un librarie ofera o reducere de 40% la bilete. bianca cumpara bilete care costa 820 lei. determinati pretul platit dupa reducere.,reducerea = 40% din 820 = 820 × 40/100 = 328 lei. pretul final = 820 - 328 = 492 lei,492 lei,129,21,84,7,5,0,1,1,0,0,0,1,un librarie ofera o reducere de 40% la bilete. bianca cumpara bilete care costa 820 lei. determinati pretul platit dupa reducere.
Generat - Procente - reducere,,Un farmacie ofera o reducere de 40% la flori. Sergiu cumpara flori care costa 620 lei. Determinati pretul platit dupa reducere.,Reducerea = 40% din 620 = 620 × 40/100 = 248 lei. Pretul final = 620 - 248 = 372 lei,372 lei,1,Procente,Procente,Rapoarte și proporții,1 - bază,alta,,un farmacie ofera o reducere de 40% la flori. sergiu cumpara flori care costa 620 lei. determinati pretul platit dupa reducere.,reducerea = 40% din 620 = 620 × 40/100 = 248 lei. pretul final = 620 - 248 = 372 lei,372 lei,127,21,84,7,5,0,1,0,0,0,0,1,un farmacie ofera o reducere de 40% la flori. sergiu cumpara flori care costa 620 lei. determinati pretul platit dupa reducere.
Generat - Procente - reducere,,Un magazin ofera o reducere de 40% la bilete. Bianca cumpara bilete care costa 440 lei. Determinati pretul platit dupa reducere.,Reducerea = 40% din 440 = 440 × 40/100 = 176 lei. Pretul final = 440 - 176 = 264 lei,264 lei,1,Procente,Procente,Rapoarte și proporții,1 - bază,alta,,un magazin ofera o reducere de 40% la bilete. bianca cumpara bilete care costa 440 lei. determinati pretul platit dupa reducere.,reducerea = 40% din 440 = 440 × 40/100 = 176 lei. pretul final = 440 - 176 = 264 lei,264 lei,128,21,84,7,5,0,1,0,0,0,0,1,un magazin ofera o reducere de 40% la bilete. bianca cumpara bilete care costa 440 lei. determinati pretul platit dupa reducere.
Generat - Procente - reducere,,Un magazin ofera o reducere de 10% la creioane. Gheorghe cumpara creioane care costa 310 lei. Determinati pretul platit dupa reducere.,Reducerea = 10% din 310 = 310 × 10/100 = 31 lei. Pretul final = 310 - 31 = 279 lei,279 lei,1,Procente,Procente,Rapoarte și proporții,1 - bază,alta,,un magazin ofera o reducere de 10% la creioane. gheorghe cumpara creioane care costa 310 lei. determinati pretul platit dupa reducere.,reducerea = 10% din 310 = 310 × 10/100 = 31 lei. pretul final = 310 - 31 = 279 lei,279 lei,134,21,82,7,5,0,1,0,0,0,0,1,un magazin ofera o reducere de 10% la creioane. gheorghe cumpara creioane care costa 310 lei. determinati pretul platit dupa reducere.
Generat - Procente - reducere,,Un magazin ofera o reducere de 15% la caiete. Roxana cumpara caiete care costa 350 lei. Determinati pretul platit dupa reducere.,Reducerea = 15% din 350 = 350 × 15/100 = 52.5 lei. Pretul final = 350 - 52.5 = 297.5 lei,297.5 lei,1,Procente,Procente,Rapoarte și proporții,1 - bază,alta,,un magazin ofera o reducere de 15% la caiete. roxana cumpara caiete care costa 350 lei. determinati pretul platit dupa reducere.,reducerea = 15% din 350 = 350 × 15/100 = 52.5 lei. pretul final = 350 - 52.5 = 297.5 lei,297.5 lei,128,21,88,9,5,0,1,0,0,0,0,1,un magazin ofera o reducere de 15% la caiete. roxana cumpara caiete care costa 350 lei. determinati pretul platit dupa reducere.
Generat - Procente - reducere,,Un farmacie ofera o reducere de 15% la martisoare. Simona cumpara martisoare care costa 50 lei. Determinati pretul platit dupa reducere.,Reducerea = 15% din 50 = 50 × 15/100 = 7.5 lei. Pretul final = 50 - 7.5 = 42.5 lei,42.5 lei,1,Procente,Procente,Rapoarte și proporții,1 - bază,alta,,un farmacie ofera o reducere de 15% la martisoare. simona cumpara martisoare care costa 50 lei. determinati pretul platit dupa reducere.,reducerea = 15% din 50 = 50 × 15/100 = 7.5 lei. pretul final = 50 - 7.5 = 42.5 lei,42.5 lei,136,21,82,8,4,0,1,0,0,0,0,1,un farmacie ofera o reducere de 15% la martisoare. simona cumpara martisoare care costa 50 lei. determinati pretul platit dupa reducere.
Generat - Procente - reducere,,Un supermarket ofera o reducere de 50% la carti. Dragos cumpara carti care costa 420 lei. Determinati pretul platit dupa reducere.,Reducerea = 50% din 420 = 420 × 50/100 = 210 lei. Pretul final = 420 - 210 = 210 lei,210 lei,1,Procente,Procente,Rapoarte și proporții,1 - bază,alta,,un supermarket ofera o reducere de 50% la carti. dragos cumpara carti care costa 420 lei. determinati pretul platit dupa reducere.,reducerea = 50% din 420 = 420 × 50/100 = 210 lei. pretul final = 420 - 210 = 210 lei,210 lei,130,21,84,7,5,0,1,0,0,0,0,1,un supermarket ofera o reducere de 50% la carti. dragos cumpara carti care costa 420 lei. determinati pretul platit dupa reducere.
Generat - Procente - reducere,,Un librarie ofera o reducere de 25% la flori. Alexandru cumpara flori care costa 940 lei. Determinati pretul platit dupa reducere.,Reducerea = 25% din 940 = 940 × 25/100 = 235 lei. Pretul final = 940 - 235 = 705 lei,705 lei,1,Procente,Procente,Rapoarte și proporții,1 - bază,alta,,un librarie ofera o reducere de 25% la flori. alexandru cumpara flori care costa 940 lei. determinati pretul platit dupa reducere.,reducerea = 25% din 940 = 940 × 25/100 = 235 lei. pretul final = 940 - 235 = 705 lei,705 lei,130,21,84,7,5,0,1,1,0,0,0,1,un librarie ofera o reducere de 25% la flori. alexandru cumpara flori care costa 940 lei. determinati pretul platit dupa reducere.
Generat - Procente - reducere,,Un piata ofera o reducere de 25% la bilete. Adrian cumpara bilete care costa 850 lei. Determinati pretul platit dupa reducere.,Reducerea = 25% din 850 = 850 × 25/100 = 212.5 lei. Pretul final = 850 - 212.5 = 637.5 lei,637.5 lei,1,Procente,Procente,Rapoarte și proporții,1 - bază,alta,,un piata ofera o reducere de 25% la bilete. adrian cumpara bilete care costa 850 lei. determinati pretul platit dupa reducere.,reducerea = 25% din 850 = 850 × 25/100 = 212.5 lei. pretul final = 850 - 212.5 = 637.5 lei,637.5 lei,126,21,90,9,5,0,1,0,0,0,0,1,un piata ofera o reducere de 25% la bilete. adrian cumpara bilete care costa 850 lei. determinati pretul platit dupa reducere.
Generat - Procente - reducere,,Un supermarket ofera o reducere de 10% la creioane. Marius cumpara creioane care costa 740 lei. Determinati pretul platit dupa reducere.,Reducerea = 10% din 740 = 740 × 10/100 = 74 lei. Pretul final = 740 - 74 = 666 lei,666 lei,1,Procente,Procente,Rapoarte și proporții,1 - bază,alta,,un supermarket ofera o reducere de 10% la creioane. marius cumpara creioane care costa 740 lei. determinati pretul platit dupa reducere.,reducerea = 10% din 740 = 740 × 10/100 = 74 lei. pretul final = 740 - 74 = 666 lei,666 lei,136,21,82,7,5,0,1,0,0,0,0,1,un supermarket ofera o reducere de 10% la creioane. marius cumpara creioane care costa 740 lei. determinati pretul platit dupa reducere.
Generat - Procente - fond,,Vlad a cheltuit 10% din salariu si i-au ramas 414 lei. Determinati suma initiala.,"90% ---- 414 lei
100% ---- x lei
x = (414 × 100) / 90 = 460 lei",460 lei,2,Procente,Procente,Rapoarte și proporții,2 - mediu,alta,,vlad a cheltuit 10% din salariu si i-au ramas 414 lei. determinati suma initiala.,90% ---- 414 lei 100% ---- x lei x = (414 × 100) / 90 = 460 lei,460 lei,81,14,63,7,5,1,1,0,0,0,0,1,vlad a cheltuit 10% din salariu si i-au ramas 414 lei. determinati suma initiala.
Generat - Procente - fond,,O companie a utilizat 15% din fondul lunar de salariu pentru perfectionare si i-au ramas 2669 lei. Determinati suma initiala.,"85% ---- 2669 lei
100% ---- x lei
x = (2669 × 100) / 85 = 3140 lei",3140 lei,2,Procente,Procente,Rapoarte și proporții,2 - mediu,alta,,o companie a utilizat 15% din fondul lunar de salariu pentru perfectionare si i-au ramas 2669 lei. determinati suma initiala.,85% ---- 2669 lei 100% ---- x lei x = (2669 × 100) / 85 = 3140 lei,3140 lei,125,20,66,8,6,1,1,0,0,0,0,1,o companie a utilizat 15% din fondul lunar de salariu pentru perfectionare si i-au ramas 2669 lei. determinati suma initiala.
Generat - Procente - fond,,Cristina a economisit 30% din banii primiti si i-au ramas 511 lei. Determinati suma initiala.,"70% ---- 511 lei
100% ---- x lei
x = (511 × 100) / 70 = 730 lei",730 lei,2,Procente,Procente,Rapoarte și proporții,2 - mediu,alta,,cristina a economisit 30% din banii primiti si i-au ramas 511 lei. determinati suma initiala.,70% ---- 511 lei 100% ---- x lei x = (511 × 100) / 70 = 730 lei,730 lei,93,15,63,7,5,1,1,0,0,0,0,1,cristina a economisit 30% din banii primiti si i-au ramas 511 lei. determinati suma initiala.
Generat - Procente - fond,,O companie a utilizat 15% din fondul lunar de salariu pentru perfectionare si i-au ramas 3128 lei. Determinati suma initiala.,"85% ---- 3128 lei
100% ---- x lei
x = (3128 × 100) / 85 = 3680 lei",3680 lei,2,Procente,Procente,Rapoarte și proporții,2 - mediu,alta,,o companie a utilizat 15% din fondul lunar de salariu pentru perfectionare si i-au ramas 3128 lei. determinati suma initiala.,85% ---- 3128 lei 100% ---- x lei x = (3128 × 100) / 85 = 3680 lei,3680 lei,125,20,66,8,6,1,1,0,0,0,0,1,o companie a utilizat 15% din fondul lunar de salariu pentru perfectionare si i-au ramas 3128 lei. determinati suma initiala.
Generat - Procente - fond,,Dan a economisit 30% din banii primiti si i-au ramas 1638 lei. Determinati suma initiala.,"70% ---- 1638 lei
100% ---- x lei
x = (1638 × 100) / 70 = 2340 lei",2340 lei,2,Procente,Procente,Rapoarte și proporții,2 - mediu,alta,,dan a economisit 30% din banii primiti si i-au ramas 1638 lei. determinati suma initiala.,70% ---- 1638 lei 100% ---- x lei x = (1638 × 100) / 70 = 2340 lei,2340 lei,89,15,66,8,6,1,1,0,0,0,0,1,dan a economisit 30% din banii primiti si i-au ramas 1638 lei. determinati suma initiala.
Generat - Procente - fond,,Maria a economisit 25% din banii primiti si i-au ramas 2895 lei. Determinati suma initiala.,"75% ---- 2895 lei
100% ---- x lei
x = (2895 × 100) / 75 = 3860 lei",3860 lei,2,Procente,Procente,Rapoarte și proporții,2 - mediu,alta,,maria a economisit 25% din banii primiti si i-au ramas 2895 lei. determinati suma initiala.,75% ---- 2895 lei 100% ---- x lei x = (2895 × 100) / 75 = 3860 lei,3860 lei,91,15,66,8,6,1,1,0,0,0,0,1,maria a economisit 25% din banii primiti si i-au ramas 2895 lei. determinati suma initiala.
Generat - Procente - fond,,O companie a utilizat 5% din fondul lunar de salariu pentru perfectionare si i-au ramas 3800 lei. Determinati suma initiala.,"95% ---- 3800 lei
100% ---- x lei
x = (3800 × 100) / 95 = 4000 lei",4000 lei,2,Procente,Procente,Rapoarte și proporții,2 - mediu,alta,,o companie a utilizat 5% din fondul lunar de salariu pentru perfectionare si i-au ramas 3800 lei. determinati suma initiala.,95% ---- 3800 lei 100% ---- x lei x = (3800 × 100) / 95 = 4000 lei,4000 lei,124,20,66,8,5,1,1,0,0,0,0,1,o companie a utilizat 5% din fondul lunar de salariu pentru perfectionare si i-au ramas 3800 lei. determinati suma initiala.
Generat - Procente - fond,,Vasile a cheltuit 30% din salariu si i-au ramas 3353 lei. Determinati suma initiala.,"70% ---- 3353 lei
100% ---- x lei
x = (3353 × 100) / 70 = 4790 lei",4790 lei,2,Procente,Procente,Rapoarte și proporții,2 - mediu,alta,,vasile a cheltuit 30% din salariu si i-au ramas 3353 lei. determinati suma initiala.,70% ---- 3353 lei 100% ---- x lei x = (3353 × 100) / 70 = 4790 lei,4790 lei,84,14,66,8,6,1,1,0,0,0,0,1,vasile a cheltuit 30% din salariu si i-au ramas 3353 lei. determinati suma initiala.
Generat - Procente - fond,,O companie a utilizat 30% din fondul lunar de salariu pentru perfectionare si i-au ramas 392 lei. Determinati suma initiala.,"70% ---- 392 lei
100% ---- x lei
x = (392 × 100) / 70 = 560 lei",560 lei,2,Procente,Procente,Rapoarte și proporții,2 - mediu,alta,,o companie a utilizat 30% din fondul lunar de salariu pentru perfectionare si i-au ramas 392 lei. determinati suma initiala.,70% ---- 392 lei 100% ---- x lei x = (392 × 100) / 70 = 560 lei,560 lei,124,20,63,7,5,1,1,0,0,0,0,1,o companie a utilizat 30% din fondul lunar de salariu pentru perfectionare si i-au ramas 392 lei. determinati suma initiala.
Generat - Procente - fond,,Maria a economisit 25% din banii primiti si i-au ramas 1350 lei. Determinati suma initiala.,"75% ---- 1350 lei
100% ---- x lei
x = (1350 × 100) / 75 = 1800 lei",1800 lei,2,Procente,Procente,Rapoarte și proporții,2 - mediu,alta,,maria a economisit 25% din banii primiti si i-au ramas 1350 lei. determinati suma initiala.,75% ---- 1350 lei 100% ---- x lei x = (1350 × 100) / 75 = 1800 lei,1800 lei,91,15,66,8,6,1,1,0,0,0,0,1,maria a economisit 25% din banii primiti si i-au ramas 1350 lei. determinati suma initiala.
Generat - Procente - fond,,Andreea a economisit 10% din banii primiti si i-au ramas 1602 lei. Determinati suma initiala.,"90% ---- 1602 lei
100% ---- x lei
x = (1602 × 100) / 90 = 1780 lei",1780 lei,2,Procente,Procente,Rapoarte și proporții,2 - mediu,alta,,andreea a economisit 10% din banii primiti si i-au ramas 1602 lei. determinati suma initiala.,90% ---- 1602 lei 100% ---- x lei x = (1602 × 100) / 90 = 1780 lei,1780 lei,93,15,66,8,6,1,1,0,0,0,0,1,andreea a economisit 10% din banii primiti si i-au ramas 1602 lei. determinati suma initiala.
Generat - Procente - fond,,Diana a economisit 30% din banii primiti si i-au ramas 1099 lei. Determinati suma initiala.,"70% ---- 1099 lei
100% ---- x lei
x = (1099 × 100) / 70 = 1570 lei",1570 lei,2,Procente,Procente,Rapoarte și proporții,2 - mediu,alta,,diana a economisit 30% din banii primiti si i-au ramas 1099 lei. determinati suma initiala.,70% ---- 1099 lei 100% ---- x lei x = (1099 × 100) / 70 = 1570 lei,1570 lei,91,15,66,8,6,1,1,0,0,0,0,1,diana a economisit 30% din banii primiti si i-au ramas 1099 lei. determinati suma initiala.
Generat - Procente - fond,,O companie a utilizat 5% din fondul lunar de salariu pentru perfectionare si i-au ramas 2299 lei. Determinati suma initiala.,"95% ---- 2299 lei
100% ---- x lei
x = (2299 × 100) / 95 = 2420 lei",2420 lei,2,Procente,Procente,Rapoarte și proporții,2 - mediu,alta,,o companie a utilizat 5% din fondul lunar de salariu pentru perfectionare si i-au ramas 2299 lei. determinati suma initiala.,95% ---- 2299 lei 100% ---- x lei x = (2299 × 100) / 95 = 2420 lei,2420 lei,124,20,66,8,5,1,1,0,0,0,0,1,o companie a utilizat 5% din fondul lunar de salariu pentru perfectionare si i-au ramas 2299 lei. determinati suma initiala.
Generat - Procente - fond,,Diana a economisit 8% din banii primiti si i-au ramas 3726 lei. Determinati suma initiala.,"92% ---- 3726 lei
100% ---- x lei
x = (3726 × 100) / 92 = 4050 lei",4050 lei,2,Procente,Procente,Rapoarte și proporții,2 - mediu,alta,,diana a economisit 8% din banii primiti si i-au ramas 3726 lei. determinati suma initiala.,92% ---- 3726 lei 100% ---- x lei x = (3726 × 100) / 92 = 4050 lei,4050 lei,90,15,66,8,5,1,1,0,0,0,0,1,diana a economisit 8% din banii primiti si i-au ramas 3726 lei. determinati suma initiala.
Generat - Procente - fond,,O companie a utilizat 5% din fondul lunar de salariu pentru perfectionare si i-au ramas 3287 lei. Determinati suma initiala.,"95% ---- 3287 lei
100% ---- x lei
x = (3287 × 100) / 95 = 3460 lei",3460 lei,2,Procente,Procente,Rapoarte și proporții,2 - mediu,alta,,o companie a utilizat 5% din fondul lunar de salariu pentru perfectionare si i-au ramas 3287 lei. determinati suma initiala.,95% ---- 3287 lei 100% ---- x lei x = (3287 × 100) / 95 = 3460 lei,3460 lei,124,20,66,8,5,1,1,0,0,0,0,1,o companie a utilizat 5% din fondul lunar de salariu pentru perfectionare si i-au ramas 3287 lei. determinati suma initiala.
Generat - Procente - fond,,Ioana a economisit 12% din banii primiti si i-au ramas 2420 lei. Determinati suma initiala.,"88% ---- 2420 lei
100% ---- x lei
x = (2420 × 100) / 88 = 2750 lei",2750 lei,2,Procente,Procente,Rapoarte și proporții,2 - mediu,alta,,ioana a economisit 12% din banii primiti si i-au ramas 2420 lei. determinati suma initiala.,88% ---- 2420 lei 100% ---- x lei x = (2420 × 100) / 88 = 2750 lei,2750 lei,91,15,66,8,6,1,1,0,0,0,0,1,ioana a economisit 12% din banii primiti si i-au ramas 2420 lei. determinati suma initiala.
Generat - Procente - fond,,Simona a cheltuit 30% din salariu si i-au ramas 2310 lei. Determinati suma initiala.,"70% ---- 2310 lei
100% ---- x lei
x = (2310 × 100) / 70 = 3300 lei",3300 lei,2,Procente,Procente,Rapoarte și proporții,2 - mediu,alta,,simona a cheltuit 30% din salariu si i-au ramas 2310 lei. determinati suma initiala.,70% ---- 2310 lei 100% ---- x lei x = (2310 × 100) / 70 = 3300 lei,3300 lei,84,14,66,8,6,1,1,0,0,0,0,1,simona a cheltuit 30% din salariu si i-au ramas 2310 lei. determinati suma initiala.
Generat - Procente - fond,,O companie a utilizat 10% din fondul lunar de salariu pentru perfectionare si i-au ramas 4356 lei. Determinati suma initiala.,"90% ---- 4356 lei
100% ---- x lei
x = (4356 × 100) / 90 = 4840 lei",4840 lei,2,Procente,Procente,Rapoarte și proporții,2 - mediu,alta,,o companie a utilizat 10% din fondul lunar de salariu pentru perfectionare si i-au ramas 4356 lei. determinati suma initiala.,90% ---- 4356 lei 100% ---- x lei x = (4356 × 100) / 90 = 4840 lei,4840 lei,125,20,66,8,6,1,1,0,0,0,0,1,o companie a utilizat 10% din fondul lunar de salariu pentru perfectionare si i-au ramas 4356 lei. determinati suma initiala.
Generat - Procente - fond,,Mihai a economisit 30% din banii primiti si i-au ramas 504 lei. Determinati suma initiala.,"70% ---- 504 lei
100% ---- x lei
x = (504 × 100) / 70 = 720 lei",720 lei,2,Procente,Procente,Rapoarte și proporții,2 - mediu,alta,,mihai a economisit 30% din banii primiti si i-au ramas 504 lei. determinati suma initiala.,70% ---- 504 lei 100% ---- x lei x = (504 × 100) / 70 = 720 lei,720 lei,90,15,63,7,5,1,1,0,0,0,0,1,mihai a economisit 30% din banii primiti si i-au ramas 504 lei. determinati suma initiala.
Generat - Procente - fond,,Roxana a cheltuit 10% din salariu si i-au ramas 1521 lei. Determinati suma initiala.,"90% ---- 1521 lei
100% ---- x lei
x = (1521 × 100) / 90 = 1690 lei",1690 lei,2,Procente,Procente,Rapoarte și proporții,2 - mediu,alta,,roxana a cheltuit 10% din salariu si i-au ramas 1521 lei. determinati suma initiala.,90% ---- 1521 lei 100% ---- x lei x = (1521 × 100) / 90 = 1690 lei,1690 lei,84,14,66,8,6,1,1,0,0,0,0,1,roxana a cheltuit 10% din salariu si i-au ramas 1521 lei. determinati suma initiala.
Generat - Procente - fond,,O companie a utilizat 12% din fondul lunar de salariu pentru perfectionare si i-au ramas 3872 lei. Determinati suma initiala.,"88% ---- 3872 lei
100% ---- x lei
x = (3872 × 100) / 88 = 4400 lei",4400 lei,2,Procente,Procente,Rapoarte și proporții,2 - mediu,alta,,o companie a utilizat 12% din fondul lunar de salariu pentru perfectionare si i-au ramas 3872 lei. determinati suma initiala.,88% ---- 3872 lei 100% ---- x lei x = (3872 × 100) / 88 = 4400 lei,4400 lei,125,20,66,8,6,1,1,0,0,0,0,1,o companie a utilizat 12% din fondul lunar de salariu pentru perfectionare si i-au ramas 3872 lei. determinati suma initiala.
Generat - Procente - fond,,Liviu a economisit 10% din banii primiti si i-au ramas 2385 lei. Determinati suma initiala.,"90% ---- 2385 lei
100% ---- x lei
x = (2385 × 100) / 90 = 2650 lei",2650 lei,2,Procente,Procente,Rapoarte și proporții,2 - mediu,alta,,liviu a economisit 10% din banii primiti si i-au ramas 2385 lei. determinati suma initiala.,90% ---- 2385 lei 100% ---- x lei x = (2385 × 100) / 90 = 2650 lei,2650 lei,91,15,66,8,6,1,1,0,0,0,0,1,liviu a economisit 10% din banii primiti si i-au ramas 2385 lei. determinati suma initiala.
Generat - Procente - fond,,O companie a utilizat 15% din fondul lunar de salariu pentru perfectionare si i-au ramas 1887 lei. Determinati suma initiala.,"85% ---- 1887 lei
100% ---- x lei
x = (1887 × 100) / 85 = 2220 lei",2220 lei,2,Procente,Procente,Rapoarte și proporții,2 - mediu,alta,,o companie a utilizat 15% din fondul lunar de salariu pentru perfectionare si i-au ramas 1887 lei. determinati suma initiala.,85% ---- 1887 lei 100% ---- x lei x = (1887 × 100) / 85 = 2220 lei,2220 lei,125,20,66,8,6,1,1,0,0,0,0,1,o companie a utilizat 15% din fondul lunar de salariu pentru perfectionare si i-au ramas 1887 lei. determinati suma initiala.
Generat - Procente - fond,,Adrian a economisit 10% din banii primiti si i-au ramas 1854 lei. Determinati suma initiala.,"90% ---- 1854 lei
100% ---- x lei
x = (1854 × 100) / 90 = 2060 lei",2060 lei,2,Procente,Procente,Rapoarte și proporții,2 - mediu,alta,,adrian a economisit 10% din banii primiti si i-au ramas 1854 lei. determinati suma initiala.,90% ---- 1854 lei 100% ---- x lei x = (1854 × 100) / 90 = 2060 lei,2060 lei,92,15,66,8,6,1,1,0,0,0,0,1,adrian a economisit 10% din banii primiti si i-au ramas 1854 lei. determinati suma initiala.
Generat - Procente - fond,,O companie a utilizat 10% din fondul lunar de salariu pentru perfectionare si i-au ramas 4068 lei. Determinati suma initiala.,"90% ---- 4068 lei
100% ---- x lei
x = (4068 × 100) / 90 = 4520 lei",4520 lei,2,Procente,Procente,Rapoarte și proporții,2 - mediu,alta,,o companie a utilizat 10% din fondul lunar de salariu pentru perfectionare si i-au ramas 4068 lei. determinati suma initiala.,90% ---- 4068 lei 100% ---- x lei x = (4068 × 100) / 90 = 4520 lei,4520 lei,125,20,66,8,6,1,1,0,0,0,0,1,o companie a utilizat 10% din fondul lunar de salariu pentru perfectionare si i-au ramas 4068 lei. determinati suma initiala.
Generat - Procente - fond,,O companie a utilizat 25% din fondul lunar de salariu pentru perfectionare si i-au ramas 1380 lei. Determinati suma initiala.,"75% ---- 1380 lei
100% ---- x lei
x = (1380 × 100) / 75 = 1840 lei",1840 lei,2,Procente,Procente,Rapoarte și proporții,2 - mediu,alta,,o companie a utilizat 25% din fondul lunar de salariu pentru perfectionare si i-au ramas 1380 lei. determinati suma initiala.,75% ---- 1380 lei 100% ---- x lei x = (1380 × 100) / 75 = 1840 lei,1840 lei,125,20,66,8,6,1,1,0,0,0,0,1,o companie a utilizat 25% din fondul lunar de salariu pentru perfectionare si i-au ramas 1380 lei. determinati suma initiala.
Generat - Procente - fond,,Sergiu a economisit 5% din banii primiti si i-au ramas 1463 lei. Determinati suma initiala.,"95% ---- 1463 lei
100% ---- x lei
x = (1463 × 100) / 95 = 1540 lei",1540 lei,2,Procente,Procente,Rapoarte și proporții,2 - mediu,alta,,sergiu a economisit 5% din banii primiti si i-au ramas 1463 lei. determinati suma initiala.,95% ---- 1463 lei 100% ---- x lei x = (1463 × 100) / 95 = 1540 lei,1540 lei,91,15,66,8,5,1,1,0,0,0,0,1,sergiu a economisit 5% din banii primiti si i-au ramas 1463 lei. determinati suma initiala.
Generat - Procente - fond,,O companie a utilizat 30% din fondul lunar de salariu pentru perfectionare si i-au ramas 3171 lei. Determinati suma initiala.,"70% ---- 3171 lei
100% ---- x lei
x = (3171 × 100) / 70 = 4530 lei",4530 lei,2,Procente,Procente,Rapoarte și proporții,2 - mediu,alta,,o companie a utilizat 30% din fondul lunar de salariu pentru perfectionare si i-au ramas 3171 lei. determinati suma initiala.,70% ---- 3171 lei 100% ---- x lei x = (3171 × 100) / 70 = 4530 lei,4530 lei,125,20,66,8,6,1,1,0,0,0,0,1,o companie a utilizat 30% din fondul lunar de salariu pentru perfectionare si i-au ramas 3171 lei. determinati suma initiala.
Generat - Procente - fond,,Ana a economisit 30% din banii primiti si i-au ramas 1302 lei. Determinati suma initiala.,"70% ---- 1302 lei
100% ---- x lei
x = (1302 × 100) / 70 = 1860 lei",1860 lei,2,Procente,Procente,Rapoarte și proporții,2 - mediu,alta,,ana a economisit 30% din banii primiti si i-au ramas 1302 lei. determinati suma initiala.,70% ---- 1302 lei 100% ---- x lei x = (1302 × 100) / 70 = 1860 lei,1860 lei,89,15,66,8,6,1,1,0,0,0,0,1,ana a economisit 30% din banii primiti si i-au ramas 1302 lei. determinati suma initiala.
Generat - Procente - fond,,Adrian a economisit 20% din banii primiti si i-au ramas 3640 lei. Determinati suma initiala.,"80% ---- 3640 lei
100% ---- x lei
x = (3640 × 100) / 80 = 4550 lei",4550 lei,2,Procente,Procente,Rapoarte și proporții,2 - mediu,alta,,adrian a economisit 20% din banii primiti si i-au ramas 3640 lei. determinati suma initiala.,80% ---- 3640 lei 100% ---- x lei x = (3640 × 100) / 80 = 4550 lei,4550 lei,92,15,66,8,6,1,1,0,0,0,0,1,adrian a economisit 20% din banii primiti si i-au ramas 3640 lei. determinati suma initiala.
Generat - Procente - fond,,Maria a economisit 25% din banii primiti si i-au ramas 240 lei. Determinati suma initiala.,"75% ---- 240 lei
100% ---- x lei
x = (240 × 100) / 75 = 320 lei",320 lei,2,Procente,Procente,Rapoarte și proporții,2 - mediu,alta,,maria a economisit 25% din banii primiti si i-au ramas 240 lei. determinati suma initiala.,75% ---- 240 lei 100% ---- x lei x = (240 × 100) / 75 = 320 lei,320 lei,90,15,63,7,5,1,1,0,0,0,0,1,maria a economisit 25% din banii primiti si i-au ramas 240 lei. determinati suma initiala.
Generat - Procente - fond,,O companie a utilizat 30% din fondul lunar de salariu pentru perfectionare si i-au ramas 2597 lei. Determinati suma initiala.,"70% ---- 2597 lei
100% ---- x lei
x = (2597 × 100) / 70 = 3710 lei",3710 lei,2,Procente,Procente,Rapoarte și proporții,2 - mediu,alta,,o companie a utilizat 30% din fondul lunar de salariu pentru perfectionare si i-au ramas 2597 lei. determinati suma initiala.,70% ---- 2597 lei 100% ---- x lei x = (2597 × 100) / 70 = 3710 lei,3710 lei,125,20,66,8,6,1,1,0,0,0,0,1,o companie a utilizat 30% din fondul lunar de salariu pentru perfectionare si i-au ramas 2597 lei. determinati suma initiala.
Generat - Procente - fond,,Andrei a cheltuit 10% din salariu si i-au ramas 2367 lei. Determinati suma initiala.,"90% ---- 2367 lei
100% ---- x lei
x = (2367 × 100) / 90 = 2630 lei",2630 lei,2,Procente,Procente,Rapoarte și proporții,2 - mediu,alta,,andrei a cheltuit 10% din salariu si i-au ramas 2367 lei. determinati suma initiala.,90% ---- 2367 lei 100% ---- x lei x = (2367 × 100) / 90 = 2630 lei,2630 lei,84,14,66,8,6,1,1,0,0,0,0,1,andrei a cheltuit 10% din salariu si i-au ramas 2367 lei. determinati suma initiala.
Generat - Procente - fond,,O companie a utilizat 20% din fondul lunar de salariu pentru perfectionare si i-au ramas 3640 lei. Determinati suma initiala.,"80% ---- 3640 lei
100% ---- x lei
x = (3640 × 100) / 80 = 4550 lei",4550 lei,2,Procente,Procente,Rapoarte și proporții,2 - mediu,alta,,o companie a utilizat 20% din fondul lunar de salariu pentru perfectionare si i-au ramas 3640 lei. determinati suma initiala.,80% ---- 3640 lei 100% ---- x lei x = (3640 × 100) / 80 = 4550 lei,4550 lei,125,20,66,8,6,1,1,0,0,0,0,1,o companie a utilizat 20% din fondul lunar de salariu pentru perfectionare si i-au ramas 3640 lei. determinati suma initiala.
Generat - Procente - fond,,O companie a utilizat 30% din fondul lunar de salariu pentru perfectionare si i-au ramas 119 lei. Determinati suma initiala.,"70% ---- 119 lei
100% ---- x lei
x = (119 × 100) / 70 = 170 lei",170 lei,2,Procente,Procente,Rapoarte și proporții,2 - mediu,alta,,o companie a utilizat 30% din fondul lunar de salariu pentru perfectionare si i-au ramas 119 lei. determinati suma initiala.,70% ---- 119 lei 100% ---- x lei x = (119 × 100) / 70 = 170 lei,170 lei,124,20,63,7,5,1,1,0,0,0,0,1,o companie a utilizat 30% din fondul lunar de salariu pentru perfectionare si i-au ramas 119 lei. determinati suma initiala.
Generat - Procente - fond,,O companie a utilizat 10% din fondul lunar de salariu pentru perfectionare si i-au ramas 432 lei. Determinati suma initiala.,"90% ---- 432 lei
100% ---- x lei
x = (432 × 100) / 90 = 480 lei",480 lei,2,Procente,Procente,Rapoarte și proporții,2 - mediu,alta,,o companie a utilizat 10% din fondul lunar de salariu pentru perfectionare si i-au ramas 432 lei. determinati suma initiala.,90% ---- 432 lei 100% ---- x lei x = (432 × 100) / 90 = 480 lei,480 lei,124,20,63,7,5,1,1,0,0,0,0,1,o companie a utilizat 10% din fondul lunar de salariu pentru perfectionare si i-au ramas 432 lei. determinati suma initiala.
Generat - Procente - fond,,Diana a economisit 20% din banii primiti si i-au ramas 2632 lei. Determinati suma initiala.,"80% ---- 2632 lei
100% ---- x lei
x = (2632 × 100) / 80 = 3290 lei",3290 lei,2,Procente,Procente,Rapoarte și proporții,2 - mediu,alta,,diana a economisit 20% din banii primiti si i-au ramas 2632 lei. determinati suma initiala.,80% ---- 2632 lei 100% ---- x lei x = (2632 × 100) / 80 = 3290 lei,3290 lei,91,15,66,8,6,1,1,0,0,0,0,1,diana a economisit 20% din banii primiti si i-au ramas 2632 lei. determinati suma initiala.
Generat - Procente - fond,,O companie a utilizat 20% din fondul lunar de salariu pentru perfectionare si i-au ramas 3568 lei. Determinati suma initiala.,"80% ---- 3568 lei
100% ---- x lei
x = (3568 × 100) / 80 = 4460 lei",4460 lei,2,Procente,Procente,Rapoarte și proporții,2 - mediu,alta,,o companie a utilizat 20% din fondul lunar de salariu pentru perfectionare si i-au ramas 3568 lei. determinati suma initiala.,80% ---- 3568 lei 100% ---- x lei x = (3568 × 100) / 80 = 4460 lei,4460 lei,125,20,66,8,6,1,1,0,0,0,0,1,o companie a utilizat 20% din fondul lunar de salariu pentru perfectionare si i-au ramas 3568 lei. determinati suma initiala.
Generat - Procente - fond,,Ilinca a economisit 20% din banii primiti si i-au ramas 2640 lei. Determinati suma initiala.,"80% ---- 2640 lei
100% ---- x lei
x = (2640 × 100) / 80 = 3300 lei",3300 lei,2,Procente,Procente,Rapoarte și proporții,2 - mediu,alta,,ilinca a economisit 20% din banii primiti si i-au ramas 2640 lei. determinati suma initiala.,80% ---- 2640 lei 100% ---- x lei x = (2640 × 100) / 80 = 3300 lei,3300 lei,92,15,66,8,6,1,1,0,0,0,0,1,ilinca a economisit 20% din banii primiti si i-au ramas 2640 lei. determinati suma initiala.
Generat - Procente - fond,,Alexandru a cheltuit 5% din salariu si i-au ramas 3097 lei. Determinati suma initiala.,"95% ---- 3097 lei
100% ---- x lei
x = (3097 × 100) / 95 = 3260 lei",3260 lei,2,Procente,Procente,Rapoarte și proporții,2 - mediu,alta,,alexandru a cheltuit 5% din salariu si i-au ramas 3097 lei. determinati suma initiala.,95% ---- 3097 lei 100% ---- x lei x = (3097 × 100) / 95 = 3260 lei,3260 lei,86,14,66,8,5,1,1,0,0,0,0,1,alexandru a cheltuit 5% din salariu si i-au ramas 3097 lei. determinati suma initiala.
Generat - Procente - fond,,O companie a utilizat 15% din fondul lunar de salariu pentru perfectionare si i-au ramas 1071 lei. Determinati suma initiala.,"85% ---- 1071 lei
100% ---- x lei
x = (1071 × 100) / 85 = 1260 lei",1260 lei,2,Procente,Procente,Rapoarte și proporții,2 - mediu,alta,,o companie a utilizat 15% din fondul lunar de salariu pentru perfectionare si i-au ramas 1071 lei. determinati suma initiala.,85% ---- 1071 lei 100% ---- x lei x = (1071 × 100) / 85 = 1260 lei,1260 lei,125,20,66,8,6,1,1,0,0,0,0,1,o companie a utilizat 15% din fondul lunar de salariu pentru perfectionare si i-au ramas 1071 lei. determinati suma initiala.
Generat - Ecuatii grad II,,Rezolvati in R ecuatia x² - 3x - 70 = 0,Δ = -3² - 4·1·-70 = 289. √Δ = 17. x₁ = (3 - 17)/(2·1) = -7; x₂ = (3 + 17)/(2·1) = 10,"x₁ = -7, x₂ = 10",2,Ecuatii de gradul II,Ecuații de gradul II,"Ecuații, inecuații și sisteme",2 - mediu,alta,,rezolvati in r ecuatia x² - 3x - 70 = 0,δ = -3² - 4·1·-70 = 289. √δ = 17. x₁ = (3 - 17)/(2·1) = -7; x₂ = (3 + 17)/(2·1) = 10,"x₁ = -7, x₂ = 10",39,11,84,16,4,3,0,0,1,0,0,0,rezolvati in r ecuatia x² - 3x - 70 = 0
Generat - Ecuatii grad II,,Rezolvati in R ecuatia x² + x - 20 = 0,Δ = 1² - 4·1·-20 = 81. √Δ = 9. x₁ = (-1 - 9)/(2·1) = -5; x₂ = (-1 + 9)/(2·1) = 4,"x₁ = -5, x₂ = 4",1,Ecuatii de gradul II,Ecuații de gradul II,"Ecuații, inecuații și sisteme",1 - bază,alta,,rezolvati in r ecuatia x² + x - 20 = 0,δ = 1² - 4·1·-20 = 81. √δ = 9. x₁ = (-1 - 9)/(2·1) = -5; x₂ = (-1 + 9)/(2·1) = 4,"x₁ = -5, x₂ = 4",38,11,80,15,3,3,0,0,1,0,0,0,rezolvati in r ecuatia x² + x - 20 = 0
Generat - Ecuatii grad II,,Rezolvati in R ecuatia x² + 19x + 90 = 0,Δ = 19² - 4·1·90 = 1. √Δ = 1. x₁ = (-19 - 1)/(2·1) = -10; x₂ = (-19 + 1)/(2·1) = -9,"x₁ = -10, x₂ = -9",2,Ecuatii de gradul II,Ecuații de gradul II,"Ecuații, inecuații și sisteme",2 - mediu,alta,,rezolvati in r ecuatia x² + 19x + 90 = 0,δ = 19² - 4·1·90 = 1. √δ = 1. x₁ = (-19 - 1)/(2·1) = -10; x₂ = (-19 + 1)/(2·1) = -9,"x₁ = -10, x₂ = -9",40,11,83,17,5,3,0,0,1,0,0,0,rezolvati in r ecuatia x² + 19x + 90 = 0
Generat - Ecuatii grad II,,Rezolvati in R ecuatia x² + 10x + 9 = 0,Δ = 10² - 4·1·9 = 64. √Δ = 8. x₁ = (-10 - 8)/(2·1) = -9; x₂ = (-10 + 8)/(2·1) = -1,"x₁ = -9, x₂ = -1",2,Ecuatii de gradul II,Ecuații de gradul II,"Ecuații, inecuații și sisteme",2 - mediu,alta,,rezolvati in r ecuatia x² + 10x + 9 = 0,δ = 10² - 4·1·9 = 64. √δ = 8. x₁ = (-10 - 8)/(2·1) = -9; x₂ = (-10 + 8)/(2·1) = -1,"x₁ = -9, x₂ = -1",39,11,82,16,4,3,0,0,1,0,0,0,rezolvati in r ecuatia x² + 10x + 9 = 0
Generat - Ecuatii grad II,,Rezolvati in R ecuatia x² - 4x + 3 = 0,Δ = -4² - 4·1·3 = 4. √Δ = 2. x₁ = (4 - 2)/(2·1) = 1; x₂ = (4 + 2)/(2·1) = 3,"x₁ = 1, x₂ = 3",1,Ecuatii de gradul II,Ecuații de gradul II,"Ecuații, inecuații și sisteme",1 - bază,alta,,rezolvati in r ecuatia x² - 4x + 3 = 0,δ = -4² - 4·1·3 = 4. √δ = 2. x₁ = (4 - 2)/(2·1) = 1; x₂ = (4 + 2)/(2·1) = 3,"x₁ = 1, x₂ = 3",38,11,75,14,3,3,0,0,1,0,0,0,rezolvati in r ecuatia x² - 4x + 3 = 0
Generat - Ecuatii grad II,,Rezolvati in R ecuatia 2x² - 6x - 36 = 0,Δ = -6² - 4·2·-36 = 324. √Δ = 18. x₁ = (6 - 18)/(2·2) = -3; x₂ = (6 + 18)/(2·2) = 6,"x₁ = -3, x₂ = 6",2,Ecuatii de gradul II,Ecuații de gradul II,"Ecuații, inecuații și sisteme",2 - mediu,alta,,rezolvati in r ecuatia 2x² - 6x - 36 = 0,δ = -6² - 4·2·-36 = 324. √δ = 18. x₁ = (6 - 18)/(2·2) = -3; x₂ = (6 + 18)/(2·2) = 6,"x₁ = -3, x₂ = 6",40,11,83,15,5,3,0,0,1,0,0,0,rezolvati in r ecuatia 2x² - 6x - 36 = 0
Generat - Ecuatii grad II,,Rezolvati in R ecuatia x² - 3x - 40 = 0,Δ = -3² - 4·1·-40 = 169. √Δ = 13. x₁ = (3 - 13)/(2·1) = -5; x₂ = (3 + 13)/(2·1) = 8,"x₁ = -5, x₂ = 8",2,Ecuatii de gradul II,Ecuații de gradul II,"Ecuații, inecuații și sisteme",2 - mediu,alta,,rezolvati in r ecuatia x² - 3x - 40 = 0,δ = -3² - 4·1·-40 = 169. √δ = 13. x₁ = (3 - 13)/(2·1) = -5; x₂ = (3 + 13)/(2·1) = 8,"x₁ = -5, x₂ = 8",39,11,83,15,4,3,0,0,1,0,0,0,rezolvati in r ecuatia x² - 3x - 40 = 0
Generat - Ecuatii grad II,,Rezolvati in R ecuatia 3x² + 39x + 120 = 0,Δ = 39² - 4·3·120 = 81. √Δ = 9. x₁ = (-39 - 9)/(2·3) = -8; x₂ = (-39 + 9)/(2·3) = -5,"x₁ = -8, x₂ = -5",2,Ecuatii de gradul II,Ecuații de gradul II,"Ecuații, inecuații și sisteme",2 - mediu,alta,,rezolvati in r ecuatia 3x² + 39x + 120 = 0,δ = 39² - 4·3·120 = 81. √δ = 9. x₁ = (-39 - 9)/(2·3) = -8; x₂ = (-39 + 9)/(2·3) = -5,"x₁ = -8, x₂ = -5",42,11,84,16,7,3,0,0,1,0,0,0,rezolvati in r ecuatia 3x² + 39x + 120 = 0
Generat - Ecuatii grad II,,Rezolvati in R ecuatia x² - 11x + 18 = 0,Δ = -11² - 4·1·18 = 49. √Δ = 7. x₁ = (11 - 7)/(2·1) = 2; x₂ = (11 + 7)/(2·1) = 9,"x₁ = 2, x₂ = 9",2,Ecuatii de gradul II,Ecuații de gradul II,"Ecuații, inecuații și sisteme",2 - mediu,alta,,rezolvati in r ecuatia x² - 11x + 18 = 0,δ = -11² - 4·1·18 = 49. √δ = 7. x₁ = (11 - 7)/(2·1) = 2; x₂ = (11 + 7)/(2·1) = 9,"x₁ = 2, x₂ = 9",40,11,80,14,5,3,0,0,1,0,0,0,rezolvati in r ecuatia x² - 11x + 18 = 0
Generat - Ecuatii grad II,,Rezolvati in R ecuatia x² - 13x + 40 = 0,Δ = -13² - 4·1·40 = 9. √Δ = 3. x₁ = (13 - 3)/(2·1) = 5; x₂ = (13 + 3)/(2·1) = 8,"x₁ = 5, x₂ = 8",2,Ecuatii de gradul II,Ecuații de gradul II,"Ecuații, inecuații și sisteme",2 - mediu,alta,,rezolvati in r ecuatia x² - 13x + 40 = 0,δ = -13² - 4·1·40 = 9. √δ = 3. x₁ = (13 - 3)/(2·1) = 5; x₂ = (13 + 3)/(2·1) = 8,"x₁ = 5, x₂ = 8",40,11,79,14,5,3,0,0,1,0,0,0,rezolvati in r ecuatia x² - 13x + 40 = 0
Generat - Ecuatii grad II,,Rezolvati in R ecuatia x² - x - 12 = 0,Δ = -1² - 4·1·-12 = 49. √Δ = 7. x₁ = (1 - 7)/(2·1) = -3; x₂ = (1 + 7)/(2·1) = 4,"x₁ = -3, x₂ = 4",1,Ecuatii de gradul II,Ecuații de gradul II,"Ecuații, inecuații și sisteme",1 - bază,alta,,rezolvati in r ecuatia x² - x - 12 = 0,δ = -1² - 4·1·-12 = 49. √δ = 7. x₁ = (1 - 7)/(2·1) = -3; x₂ = (1 + 7)/(2·1) = 4,"x₁ = -3, x₂ = 4",38,11,79,15,3,3,0,0,1,0,0,0,rezolvati in r ecuatia x² - x - 12 = 0
Generat - Ecuatii grad II,,Rezolvati in R ecuatia x² - 2x - 8 = 0,Δ = -2² - 4·1·-8 = 36. √Δ = 6. x₁ = (2 - 6)/(2·1) = -2; x₂ = (2 + 6)/(2·1) = 4,"x₁ = -2, x₂ = 4",1,Ecuatii de gradul II,Ecuații de gradul II,"Ecuații, inecuații și sisteme",1 - bază,alta,,rezolvati in r ecuatia x² - 2x - 8 = 0,δ = -2² - 4·1·-8 = 36. √δ = 6. x₁ = (2 - 6)/(2·1) = -2; x₂ = (2 + 6)/(2·1) = 4,"x₁ = -2, x₂ = 4",38,11,78,15,3,3,0,0,1,0,0,0,rezolvati in r ecuatia x² - 2x - 8 = 0
Generat - Ecuatii grad II,,Rezolvati in R ecuatia 3x² - 9x - 12 = 0,Δ = -9² - 4·3·-12 = 225. √Δ = 15. x₁ = (9 - 15)/(2·3) = -1; x₂ = (9 + 15)/(2·3) = 4,"x₁ = -1, x₂ = 4",2,Ecuatii de gradul II,Ecuații de gradul II,"Ecuații, inecuații și sisteme",2 - mediu,alta,,rezolvati in r ecuatia 3x² - 9x - 12 = 0,δ = -9² - 4·3·-12 = 225. √δ = 15. x₁ = (9 - 15)/(2·3) = -1; x₂ = (9 + 15)/(2·3) = 4,"x₁ = -1, x₂ = 4",40,11,83,15,5,3,0,0,1,0,0,0,rezolvati in r ecuatia 3x² - 9x - 12 = 0
Generat - Ecuatii grad II,,Rezolvati in R ecuatia 2x² + 26x + 80 = 0,Δ = 26² - 4·2·80 = 36. √Δ = 6. x₁ = (-26 - 6)/(2·2) = -8; x₂ = (-26 + 6)/(2·2) = -5,"x₁ = -8, x₂ = -5",2,Ecuatii de gradul II,Ecuații de gradul II,"Ecuații, inecuații și sisteme",2 - mediu,alta,,rezolvati in r ecuatia 2x² + 26x + 80 = 0,δ = 26² - 4·2·80 = 36. √δ = 6. x₁ = (-26 - 6)/(2·2) = -8; x₂ = (-26 + 6)/(2·2) = -5,"x₁ = -8, x₂ = -5",41,11,83,16,6,3,0,0,1,0,0,0,rezolvati in r ecuatia 2x² + 26x + 80 = 0
Generat - Ecuatii grad II,,Rezolvati in R ecuatia x² - 9x + 8 = 0,Δ = -9² - 4·1·8 = 49. √Δ = 7. x₁ = (9 - 7)/(2·1) = 1; x₂ = (9 + 7)/(2·1) = 8,"x₁ = 1, x₂ = 8",2,Ecuatii de gradul II,Ecuații de gradul II,"Ecuații, inecuații și sisteme",2 - mediu,alta,,rezolvati in r ecuatia x² - 9x + 8 = 0,δ = -9² - 4·1·8 = 49. √δ = 7. x₁ = (9 - 7)/(2·1) = 1; x₂ = (9 + 7)/(2·1) = 8,"x₁ = 1, x₂ = 8",38,11,76,14,3,3,0,0,1,0,0,0,rezolvati in r ecuatia x² - 9x + 8 = 0
Generat - Ecuatii grad II,,Rezolvati in R ecuatia x² - 13x + 30 = 0,Δ = -13² - 4·1·30 = 49. √Δ = 7. x₁ = (13 - 7)/(2·1) = 3; x₂ = (13 + 7)/(2·1) = 10,"x₁ = 3, x₂ = 10",2,Ecuatii de gradul II,Ecuații de gradul II,"Ecuații, inecuații și sisteme",2 - mediu,alta,,rezolvati in r ecuatia x² - 13x + 30 = 0,δ = -13² - 4·1·30 = 49. √δ = 7. x₁ = (13 - 7)/(2·1) = 3; x₂ = (13 + 7)/(2·1) = 10,"x₁ = 3, x₂ = 10",40,11,81,15,5,3,0,0,1,0,0,0,rezolvati in r ecuatia x² - 13x + 30 = 0
Generat - Ecuatii grad II,,Rezolvati in R ecuatia x² - 3x - 4 = 0,Δ = -3² - 4·1·-4 = 25. √Δ = 5. x₁ = (3 - 5)/(2·1) = -1; x₂ = (3 + 5)/(2·1) = 4,"x₁ = -1, x₂ = 4",1,Ecuatii de gradul II,Ecuații de gradul II,"Ecuații, inecuații și sisteme",1 - bază,alta,,rezolvati in r ecuatia x² - 3x - 4 = 0,δ = -3² - 4·1·-4 = 25. √δ = 5. x₁ = (3 - 5)/(2·1) = -1; x₂ = (3 + 5)/(2·1) = 4,"x₁ = -1, x₂ = 4",38,11,78,15,3,3,0,0,1,0,0,0,rezolvati in r ecuatia x² - 3x - 4 = 0
Generat - Ecuatii grad II,,Rezolvati in R ecuatia x² - 7x + 10 = 0,Δ = -7² - 4·1·10 = 9. √Δ = 3. x₁ = (7 - 3)/(2·1) = 2; x₂ = (7 + 3)/(2·1) = 5,"x₁ = 2, x₂ = 5",1,Ecuatii de gradul II,Ecuații de gradul II,"Ecuații, inecuații și sisteme",1 - bază,alta,,rezolvati in r ecuatia x² - 7x + 10 = 0,δ = -7² - 4·1·10 = 9. √δ = 3. x₁ = (7 - 3)/(2·1) = 2; x₂ = (7 + 3)/(2·1) = 5,"x₁ = 2, x₂ = 5",39,11,76,14,4,3,0,0,1,0,0,0,rezolvati in r ecuatia x² - 7x + 10 = 0
Generat - Ecuatii grad II,,Rezolvati in R ecuatia 3x² + 3x - 18 = 0,Δ = 3² - 4·3·-18 = 225. √Δ = 15. x₁ = (-3 - 15)/(2·3) = -3; x₂ = (-3 + 15)/(2·3) = 2,"x₁ = -3, x₂ = 2",2,Ecuatii de gradul II,Ecuații de gradul II,"Ecuații, inecuații și sisteme",2 - mediu,alta,,rezolvati in r ecuatia 3x² + 3x - 18 = 0,δ = 3² - 4·3·-18 = 225. √δ = 15. x₁ = (-3 - 15)/(2·3) = -3; x₂ = (-3 + 15)/(2·3) = 2,"x₁ = -3, x₂ = 2",40,11,84,15,5,3,0,0,1,0,0,0,rezolvati in r ecuatia 3x² + 3x - 18 = 0
Generat - Ecuatii grad II,,Rezolvati in R ecuatia 2x² + 22x + 20 = 0,Δ = 22² - 4·2·20 = 324. √Δ = 18. x₁ = (-22 - 18)/(2·2) = -10; x₂ = (-22 + 18)/(2·2) = -1,"x₁ = -10, x₂ = -1",2,Ecuatii de gradul II,Ecuații de gradul II,"Ecuații, inecuații și sisteme",2 - mediu,alta,,rezolvati in r ecuatia 2x² + 22x + 20 = 0,δ = 22² - 4·2·20 = 324. √δ = 18. x₁ = (-22 - 18)/(2·2) = -10; x₂ = (-22 + 18)/(2·2) = -1,"x₁ = -10, x₂ = -1",41,11,88,17,6,3,0,0,1,0,0,0,rezolvati in r ecuatia 2x² + 22x + 20 = 0
Generat - Ecuatii grad II,,Rezolvati in R ecuatia 3x² + 36x + 60 = 0,Δ = 36² - 4·3·60 = 576. √Δ = 24. x₁ = (-36 - 24)/(2·3) = -10; x₂ = (-36 + 24)/(2·3) = -2,"x₁ = -10, x₂ = -2",2,Ecuatii de gradul II,Ecuații de gradul II,"Ecuații, inecuații și sisteme",2 - mediu,alta,,rezolvati in r ecuatia 3x² + 36x + 60 = 0,δ = 36² - 4·3·60 = 576. √δ = 24. x₁ = (-36 - 24)/(2·3) = -10; x₂ = (-36 + 24)/(2·3) = -2,"x₁ = -10, x₂ = -2",41,11,88,17,6,3,0,0,1,0,0,0,rezolvati in r ecuatia 3x² + 36x + 60 = 0
Generat - Ecuatii grad II,,Rezolvati in R ecuatia 2x² - 162 = 0,Δ = 0² - 4·2·-162 = 1296. √Δ = 36. x₁ = (0 - 36)/(2·2) = -9; x₂ = (0 + 36)/(2·2) = 9,"x₁ = -9, x₂ = 9",2,Ecuatii de gradul II,Ecuații de gradul II,"Ecuații, inecuații și sisteme",2 - mediu,alta,,rezolvati in r ecuatia 2x² - 162 = 0,δ = 0² - 4·2·-162 = 1296. √δ = 36. x₁ = (0 - 36)/(2·2) = -9; x₂ = (0 + 36)/(2·2) = 9,"x₁ = -9, x₂ = 9",36,9,84,15,5,2,0,0,1,0,0,0,rezolvati in r ecuatia 2x² - 162 = 0
Generat - Ecuatii grad II,,Rezolvati in R ecuatia 3x² + 12x + 9 = 0,Δ = 12² - 4·3·9 = 36. √Δ = 6. x₁ = (-12 - 6)/(2·3) = -3; x₂ = (-12 + 6)/(2·3) = -1,"x₁ = -3, x₂ = -1",2,Ecuatii de gradul II,Ecuații de gradul II,"Ecuații, inecuații și sisteme",2 - mediu,alta,,rezolvati in r ecuatia 3x² + 12x + 9 = 0,δ = 12² - 4·3·9 = 36. √δ = 6. x₁ = (-12 - 6)/(2·3) = -3; x₂ = (-12 + 6)/(2·3) = -1,"x₁ = -3, x₂ = -1",40,11,82,16,5,3,0,0,1,0,0,0,rezolvati in r ecuatia 3x² + 12x + 9 = 0
Generat - Ecuatii grad II,,Rezolvati in R ecuatia x² + 2x - 3 = 0,Δ = 2² - 4·1·-3 = 16. √Δ = 4. x₁ = (-2 - 4)/(2·1) = -3; x₂ = (-2 + 4)/(2·1) = 1,"x₁ = -3, x₂ = 1",1,Ecuatii de gradul II,Ecuații de gradul II,"Ecuații, inecuații și sisteme",1 - bază,alta,,rezolvati in r ecuatia x² + 2x - 3 = 0,δ = 2² - 4·1·-3 = 16. √δ = 4. x₁ = (-2 - 4)/(2·1) = -3; x₂ = (-2 + 4)/(2·1) = 1,"x₁ = -3, x₂ = 1",38,11,79,15,3,3,0,0,1,0,0,0,rezolvati in r ecuatia x² + 2x - 3 = 0
Generat - Ecuatii grad II,,Rezolvati in R ecuatia x² - 7x - 18 = 0,Δ = -7² - 4·1·-18 = 121. √Δ = 11. x₁ = (7 - 11)/(2·1) = -2; x₂ = (7 + 11)/(2·1) = 9,"x₁ = -2, x₂ = 9",2,Ecuatii de gradul II,Ecuații de gradul II,"Ecuații, inecuații și sisteme",2 - mediu,alta,,rezolvati in r ecuatia x² - 7x - 18 = 0,δ = -7² - 4·1·-18 = 121. √δ = 11. x₁ = (7 - 11)/(2·1) = -2; x₂ = (7 + 11)/(2·1) = 9,"x₁ = -2, x₂ = 9",39,11,83,15,4,3,0,0,1,0,0,0,rezolvati in r ecuatia x² - 7x - 18 = 0
Generat - Ecuatii grad II,,Rezolvati in R ecuatia x² + 9x + 8 = 0,Δ = 9² - 4·1·8 = 49. √Δ = 7. x₁ = (-9 - 7)/(2·1) = -8; x₂ = (-9 + 7)/(2·1) = -1,"x₁ = -8, x₂ = -1",2,Ecuatii de gradul II,Ecuații de gradul II,"Ecuații, inecuații și sisteme",2 - mediu,alta,,rezolvati in r ecuatia x² + 9x + 8 = 0,δ = 9² - 4·1·8 = 49. √δ = 7. x₁ = (-9 - 7)/(2·1) = -8; x₂ = (-9 + 7)/(2·1) = -1,"x₁ = -8, x₂ = -1",38,11,79,16,3,3,0,0,1,0,0,0,rezolvati in r ecuatia x² + 9x + 8 = 0
Generat - Ecuatii grad II,,Rezolvati in R ecuatia x² + 2x - 15 = 0,Δ = 2² - 4·1·-15 = 64. √Δ = 8. x₁ = (-2 - 8)/(2·1) = -5; x₂ = (-2 + 8)/(2·1) = 3,"x₁ = -5, x₂ = 3",1,Ecuatii de gradul II,Ecuații de gradul II,"Ecuații, inecuații și sisteme",1 - bază,alta,,rezolvati in r ecuatia x² + 2x - 15 = 0,δ = 2² - 4·1·-15 = 64. √δ = 8. x₁ = (-2 - 8)/(2·1) = -5; x₂ = (-2 + 8)/(2·1) = 3,"x₁ = -5, x₂ = 3",39,11,80,15,4,3,0,0,1,0,0,0,rezolvati in r ecuatia x² + 2x - 15 = 0
Generat - Ecuatii grad II,,Rezolvati in R ecuatia x² - x - 42 = 0,Δ = -1² - 4·1·-42 = 169. √Δ = 13. x₁ = (1 - 13)/(2·1) = -6; x₂ = (1 + 13)/(2·1) = 7,"x₁ = -6, x₂ = 7",2,Ecuatii de gradul II,Ecuații de gradul II,"Ecuații, inecuații și sisteme",2 - mediu,alta,,rezolvati in r ecuatia x² - x - 42 = 0,δ = -1² - 4·1·-42 = 169. √δ = 13. x₁ = (1 - 13)/(2·1) = -6; x₂ = (1 + 13)/(2·1) = 7,"x₁ = -6, x₂ = 7",38,11,83,15,3,3,0,0,1,0,0,0,rezolvati in r ecuatia x² - x - 42 = 0
Generat - Ecuatii grad II,,Rezolvati in R ecuatia x² - 12x + 36 = 0,Δ = -12² - 4·1·36 = 0. x₁ = x₂ = 12/(2·1) = 6,x = 6 (radacina dubla),2,Ecuatii de gradul II,Ecuații de gradul II,"Ecuații, inecuații și sisteme",2 - mediu,alta,,rezolvati in r ecuatia x² - 12x + 36 = 0,δ = -12² - 4·1·36 = 0. x₁ = x₂ = 12/(2·1) = 6,x = 6 (radacina dubla),40,11,45,22,5,3,0,0,1,0,0,0,rezolvati in r ecuatia x² - 12x + 36 = 0
Generat - Ecuatii grad II,,Rezolvati in R ecuatia 2x² + 14x + 20 = 0,Δ = 14² - 4·2·20 = 36. √Δ = 6. x₁ = (-14 - 6)/(2·2) = -5; x₂ = (-14 + 6)/(2·2) = -2,"x₁ = -5, x₂ = -2",2,Ecuatii de gradul II,Ecuații de gradul II,"Ecuații, inecuații și sisteme",2 - mediu,alta,,rezolvati in r ecuatia 2x² + 14x + 20 = 0,δ = 14² - 4·2·20 = 36. √δ = 6. x₁ = (-14 - 6)/(2·2) = -5; x₂ = (-14 + 6)/(2·2) = -2,"x₁ = -5, x₂ = -2",41,11,83,16,6,3,0,0,1,0,0,0,rezolvati in r ecuatia 2x² + 14x + 20 = 0
Generat - Ecuatii grad II,,Rezolvati in R ecuatia x² + x = 0,Δ = 1² - 4·1·0 = 1. √Δ = 1. x₁ = (-1 - 1)/(2·1) = -1; x₂ = (-1 + 1)/(2·1) = 0,"x₁ = -1, x₂ = 0",1,Ecuatii de gradul II,Ecuații de gradul II,"Ecuații, inecuații și sisteme",1 - bază,alta,,rezolvati in r ecuatia x² + x = 0,δ = 1² - 4·1·0 = 1. √δ = 1. x₁ = (-1 - 1)/(2·1) = -1; x₂ = (-1 + 1)/(2·1) = 0,"x₁ = -1, x₂ = 0",33,9,77,15,1,2,0,0,1,0,0,0,rezolvati in r ecuatia x² + x = 0
Generat - Ecuatii grad II,,Rezolvati in R ecuatia x² + 4x - 32 = 0,Δ = 4² - 4·1·-32 = 144. √Δ = 12. x₁ = (-4 - 12)/(2·1) = -8; x₂ = (-4 + 12)/(2·1) = 4,"x₁ = -8, x₂ = 4",2,Ecuatii de gradul II,Ecuații de gradul II,"Ecuații, inecuații și sisteme",2 - mediu,alta,,rezolvati in r ecuatia x² + 4x - 32 = 0,δ = 4² - 4·1·-32 = 144. √δ = 12. x₁ = (-4 - 12)/(2·1) = -8; x₂ = (-4 + 12)/(2·1) = 4,"x₁ = -8, x₂ = 4",39,11,84,15,4,3,0,0,1,0,0,0,rezolvati in r ecuatia x² + 4x - 32 = 0
Generat - Ecuatii grad II,,Rezolvati in R ecuatia 2x² + 14x - 16 = 0,Δ = 14² - 4·2·-16 = 324. √Δ = 18. x₁ = (-14 - 18)/(2·2) = -8; x₂ = (-14 + 18)/(2·2) = 1,"x₁ = -8, x₂ = 1",2,Ecuatii de gradul II,Ecuații de gradul II,"Ecuații, inecuații și sisteme",2 - mediu,alta,,rezolvati in r ecuatia 2x² + 14x - 16 = 0,δ = 14² - 4·2·-16 = 324. √δ = 18. x₁ = (-14 - 18)/(2·2) = -8; x₂ = (-14 + 18)/(2·2) = 1,"x₁ = -8, x₂ = 1",41,11,87,15,6,3,0,0,1,0,0,0,rezolvati in r ecuatia 2x² + 14x - 16 = 0
Generat - Ecuatii grad II,,Rezolvati in R ecuatia x² + 3x - 28 = 0,Δ = 3² - 4·1·-28 = 121. √Δ = 11. x₁ = (-3 - 11)/(2·1) = -7; x₂ = (-3 + 11)/(2·1) = 4,"x₁ = -7, x₂ = 4",2,Ecuatii de gradul II,Ecuații de gradul II,"Ecuații, inecuații și sisteme",2 - mediu,alta,,rezolvati in r ecuatia x² + 3x - 28 = 0,δ = 3² - 4·1·-28 = 121. √δ = 11. x₁ = (-3 - 11)/(2·1) = -7; x₂ = (-3 + 11)/(2·1) = 4,"x₁ = -7, x₂ = 4",39,11,84,15,4,3,0,0,1,0,0,0,rezolvati in r ecuatia x² + 3x - 28 = 0
Generat - Ecuatii grad II,,Rezolvati in R ecuatia 2x² - 12x - 32 = 0,Δ = -12² - 4·2·-32 = 400. √Δ = 20. x₁ = (12 - 20)/(2·2) = -2; x₂ = (12 + 20)/(2·2) = 8,"x₁ = -2, x₂ = 8",2,Ecuatii de gradul II,Ecuații de gradul II,"Ecuații, inecuații și sisteme",2 - mediu,alta,,rezolvati in r ecuatia 2x² - 12x - 32 = 0,δ = -12² - 4·2·-32 = 400. √δ = 20. x₁ = (12 - 20)/(2·2) = -2; x₂ = (12 + 20)/(2·2) = 8,"x₁ = -2, x₂ = 8",41,11,86,15,6,3,0,0,1,0,0,0,rezolvati in r ecuatia 2x² - 12x - 32 = 0
Generat - Ecuatii grad II,,Rezolvati in R ecuatia x² - 11x + 10 = 0,Δ = -11² - 4·1·10 = 81. √Δ = 9. x₁ = (11 - 9)/(2·1) = 1; x₂ = (11 + 9)/(2·1) = 10,"x₁ = 1, x₂ = 10",2,Ecuatii de gradul II,Ecuații de gradul II,"Ecuații, inecuații și sisteme",2 - mediu,alta,,rezolvati in r ecuatia x² - 11x + 10 = 0,δ = -11² - 4·1·10 = 81. √δ = 9. x₁ = (11 - 9)/(2·1) = 1; x₂ = (11 + 9)/(2·1) = 10,"x₁ = 1, x₂ = 10",40,11,81,15,5,3,0,0,1,0,0,0,rezolvati in r ecuatia x² - 11x + 10 = 0
Generat - Ecuatii grad II,,Rezolvati in R ecuatia x² - 2x - 15 = 0,Δ = -2² - 4·1·-15 = 64. √Δ = 8. x₁ = (2 - 8)/(2·1) = -3; x₂ = (2 + 8)/(2·1) = 5,"x₁ = -3, x₂ = 5",1,Ecuatii de gradul II,Ecuații de gradul II,"Ecuații, inecuații și sisteme",1 - bază,alta,,rezolvati in r ecuatia x² - 2x - 15 = 0,δ = -2² - 4·1·-15 = 64. √δ = 8. x₁ = (2 - 8)/(2·1) = -3; x₂ = (2 + 8)/(2·1) = 5,"x₁ = -3, x₂ = 5",39,11,79,15,4,3,0,0,1,0,0,0,rezolvati in r ecuatia x² - 2x - 15 = 0
Generat - Ecuatii grad II,,Rezolvati in R ecuatia x² - 16x + 63 = 0,Δ = -16² - 4·1·63 = 4. √Δ = 2. x₁ = (16 - 2)/(2·1) = 7; x₂ = (16 + 2)/(2·1) = 9,"x₁ = 7, x₂ = 9",2,Ecuatii de gradul II,Ecuații de gradul II,"Ecuații, inecuații și sisteme",2 - mediu,alta,,rezolvati in r ecuatia x² - 16x + 63 = 0,δ = -16² - 4·1·63 = 4. √δ = 2. x₁ = (16 - 2)/(2·1) = 7; x₂ = (16 + 2)/(2·1) = 9,"x₁ = 7, x₂ = 9",40,11,79,14,5,3,0,0,1,0,0,0,rezolvati in r ecuatia x² - 16x + 63 = 0
Generat - Ecuatii grad II,,Rezolvati in R ecuatia x² - 6x - 27 = 0,Δ = -6² - 4·1·-27 = 144. √Δ = 12. x₁ = (6 - 12)/(2·1) = -3; x₂ = (6 + 12)/(2·1) = 9,"x₁ = -3, x₂ = 9",2,Ecuatii de gradul II,Ecuații de gradul II,"Ecuații, inecuații și sisteme",2 - mediu,alta,,rezolvati in r ecuatia x² - 6x - 27 = 0,δ = -6² - 4·1·-27 = 144. √δ = 12. x₁ = (6 - 12)/(2·1) = -3; x₂ = (6 + 12)/(2·1) = 9,"x₁ = -3, x₂ = 9",39,11,83,15,4,3,0,0,1,0,0,0,rezolvati in r ecuatia x² - 6x - 27 = 0
Generat - Ecuatii grad II,,Rezolvati in R ecuatia x² - 14x + 40 = 0,Δ = -14² - 4·1·40 = 36. √Δ = 6. x₁ = (14 - 6)/(2·1) = 4; x₂ = (14 + 6)/(2·1) = 10,"x₁ = 4, x₂ = 10",2,Ecuatii de gradul II,Ecuații de gradul II,"Ecuații, inecuații și sisteme",2 - mediu,alta,,rezolvati in r ecuatia x² - 14x + 40 = 0,δ = -14² - 4·1·40 = 36. √δ = 6. x₁ = (14 - 6)/(2·1) = 4; x₂ = (14 + 6)/(2·1) = 10,"x₁ = 4, x₂ = 10",40,11,81,15,5,3,0,0,1,0,0,0,rezolvati in r ecuatia x² - 14x + 40 = 0
Generat - Ecuatii grad II,,Rezolvati in R ecuatia x² + 15x + 54 = 0,Δ = 15² - 4·1·54 = 9. √Δ = 3. x₁ = (-15 - 3)/(2·1) = -9; x₂ = (-15 + 3)/(2·1) = -6,"x₁ = -9, x₂ = -6",2,Ecuatii de gradul II,Ecuații de gradul II,"Ecuații, inecuații și sisteme",2 - mediu,alta,,rezolvati in r ecuatia x² + 15x + 54 = 0,δ = 15² - 4·1·54 = 9. √δ = 3. x₁ = (-15 - 3)/(2·1) = -9; x₂ = (-15 + 3)/(2·1) = -6,"x₁ = -9, x₂ = -6",40,11,82,16,5,3,0,0,1,0,0,0,rezolvati in r ecuatia x² + 15x + 54 = 0
Generat - Ecuatii grad II,,Rezolvati in R ecuatia x² - 4x - 5 = 0,Δ = -4² - 4·1·-5 = 36. √Δ = 6. x₁ = (4 - 6)/(2·1) = -1; x₂ = (4 + 6)/(2·1) = 5,"x₁ = -1, x₂ = 5",1,Ecuatii de gradul II,Ecuații de gradul II,"Ecuații, inecuații și sisteme",1 - bază,alta,,rezolvati in r ecuatia x² - 4x - 5 = 0,δ = -4² - 4·1·-5 = 36. √δ = 6. x₁ = (4 - 6)/(2·1) = -1; x₂ = (4 + 6)/(2·1) = 5,"x₁ = -1, x₂ = 5",38,11,78,15,3,3,0,0,1,0,0,0,rezolvati in r ecuatia x² - 4x - 5 = 0
Generat - Ecuatii grad II,,Rezolvati in R ecuatia 3x² + 30x + 63 = 0,Δ = 30² - 4·3·63 = 144. √Δ = 12. x₁ = (-30 - 12)/(2·3) = -7; x₂ = (-30 + 12)/(2·3) = -3,"x₁ = -7, x₂ = -3",2,Ecuatii de gradul II,Ecuații de gradul II,"Ecuații, inecuații și sisteme",2 - mediu,alta,,rezolvati in r ecuatia 3x² + 30x + 63 = 0,δ = 30² - 4·3·63 = 144. √δ = 12. x₁ = (-30 - 12)/(2·3) = -7; x₂ = (-30 + 12)/(2·3) = -3,"x₁ = -7, x₂ = -3",41,11,87,16,6,3,0,0,1,0,0,0,rezolvati in r ecuatia 3x² + 30x + 63 = 0
Generat - Ecuatii grad II,,Rezolvati in R ecuatia 2x² + 8x - 24 = 0,Δ = 8² - 4·2·-24 = 256. √Δ = 16. x₁ = (-8 - 16)/(2·2) = -6; x₂ = (-8 + 16)/(2·2) = 2,"x₁ = -6, x₂ = 2",2,Ecuatii de gradul II,Ecuații de gradul II,"Ecuații, inecuații și sisteme",2 - mediu,alta,,rezolvati in r ecuatia 2x² + 8x - 24 = 0,δ = 8² - 4·2·-24 = 256. √δ = 16. x₁ = (-8 - 16)/(2·2) = -6; x₂ = (-8 + 16)/(2·2) = 2,"x₁ = -6, x₂ = 2",40,11,84,15,5,3,0,0,1,0,0,0,rezolvati in r ecuatia 2x² + 8x - 24 = 0
Generat - Ecuatii grad II,,Rezolvati in R ecuatia 2x² - 16x + 14 = 0,Δ = -16² - 4·2·14 = 144. √Δ = 12. x₁ = (16 - 12)/(2·2) = 1; x₂ = (16 + 12)/(2·2) = 7,"x₁ = 1, x₂ = 7",2,Ecuatii de gradul II,Ecuații de gradul II,"Ecuații, inecuații și sisteme",2 - mediu,alta,,rezolvati in r ecuatia 2x² - 16x + 14 = 0,δ = -16² - 4·2·14 = 144. √δ = 12. x₁ = (16 - 12)/(2·2) = 1; x₂ = (16 + 12)/(2·2) = 7,"x₁ = 1, x₂ = 7",41,11,84,14,6,3,0,0,1,0,0,0,rezolvati in r ecuatia 2x² - 16x + 14 = 0
Generat - Ecuatii grad II,,Rezolvati in R ecuatia 2x² - 4x - 96 = 0,Δ = -4² - 4·2·-96 = 784. √Δ = 28. x₁ = (4 - 28)/(2·2) = -6; x₂ = (4 + 28)/(2·2) = 8,"x₁ = -6, x₂ = 8",2,Ecuatii de gradul II,Ecuații de gradul II,"Ecuații, inecuații și sisteme",2 - mediu,alta,,rezolvati in r ecuatia 2x² - 4x - 96 = 0,δ = -4² - 4·2·-96 = 784. √δ = 28. x₁ = (4 - 28)/(2·2) = -6; x₂ = (4 + 28)/(2·2) = 8,"x₁ = -6, x₂ = 8",40,11,83,15,5,3,0,0,1,0,0,0,rezolvati in r ecuatia 2x² - 4x - 96 = 0
Generat - Ecuatii grad II,,Rezolvati in R ecuatia 2x² - 6x - 140 = 0,Δ = -6² - 4·2·-140 = 1156. √Δ = 34. x₁ = (6 - 34)/(2·2) = -7; x₂ = (6 + 34)/(2·2) = 10,"x₁ = -7, x₂ = 10",2,Ecuatii de gradul II,Ecuații de gradul II,"Ecuații, inecuații și sisteme",2 - mediu,alta,,rezolvati in r ecuatia 2x² - 6x - 140 = 0,δ = -6² - 4·2·-140 = 1156. √δ = 34. x₁ = (6 - 34)/(2·2) = -7; x₂ = (6 + 34)/(2·2) = 10,"x₁ = -7, x₂ = 10",41,11,86,16,6,3,0,0,1,0,0,0,rezolvati in r ecuatia 2x² - 6x - 140 = 0
Generat - Ecuatii grad II,,Rezolvati in R ecuatia x² - 12x + 27 = 0,Δ = -12² - 4·1·27 = 36. √Δ = 6. x₁ = (12 - 6)/(2·1) = 3; x₂ = (12 + 6)/(2·1) = 9,"x₁ = 3, x₂ = 9",2,Ecuatii de gradul II,Ecuații de gradul II,"Ecuații, inecuații și sisteme",2 - mediu,alta,,rezolvati in r ecuatia x² - 12x + 27 = 0,δ = -12² - 4·1·27 = 36. √δ = 6. x₁ = (12 - 6)/(2·1) = 3; x₂ = (12 + 6)/(2·1) = 9,"x₁ = 3, x₂ = 9",40,11,80,14,5,3,0,0,1,0,0,0,rezolvati in r ecuatia x² - 12x + 27 = 0
Generat - Ecuatii grad II,,Rezolvati in R ecuatia x² + 8x - 9 = 0,Δ = 8² - 4·1·-9 = 100. √Δ = 10. x₁ = (-8 - 10)/(2·1) = -9; x₂ = (-8 + 10)/(2·1) = 1,"x₁ = -9, x₂ = 1",2,Ecuatii de gradul II,Ecuații de gradul II,"Ecuații, inecuații și sisteme",2 - mediu,alta,,rezolvati in r ecuatia x² + 8x - 9 = 0,δ = 8² - 4·1·-9 = 100. √δ = 10. x₁ = (-8 - 10)/(2·1) = -9; x₂ = (-8 + 10)/(2·1) = 1,"x₁ = -9, x₂ = 1",38,11,83,15,3,3,0,0,1,0,0,0,rezolvati in r ecuatia x² + 8x - 9 = 0
Generat - Ecuatii grad II,,Rezolvati in R ecuatia x² - 8x + 16 = 0,Δ = -8² - 4·1·16 = 0. x₁ = x₂ = 8/(2·1) = 4,x = 4 (radacina dubla),1,Ecuatii de gradul II,Ecuații de gradul II,"Ecuații, inecuații și sisteme",1 - bază,alta,,rezolvati in r ecuatia x² - 8x + 16 = 0,δ = -8² - 4·1·16 = 0. x₁ = x₂ = 8/(2·1) = 4,x = 4 (radacina dubla),39,11,43,22,4,3,0,0,1,0,0,0,rezolvati in r ecuatia x² - 8x + 16 = 0
Generat - Ecuatii grad II,,Rezolvati in R ecuatia x² + 6x - 7 = 0,Δ = 6² - 4·1·-7 = 64. √Δ = 8. x₁ = (-6 - 8)/(2·1) = -7; x₂ = (-6 + 8)/(2·1) = 1,"x₁ = -7, x₂ = 1",2,Ecuatii de gradul II,Ecuații de gradul II,"Ecuații, inecuații și sisteme",2 - mediu,alta,,rezolvati in r ecuatia x² + 6x - 7 = 0,δ = 6² - 4·1·-7 = 64. √δ = 8. x₁ = (-6 - 8)/(2·1) = -7; x₂ = (-6 + 8)/(2·1) = 1,"x₁ = -7, x₂ = 1",38,11,79,15,3,3,0,0,1,0,0,0,rezolvati in r ecuatia x² + 6x - 7 = 0
Generat - Ecuatii grad II,,Rezolvati in R ecuatia x² - 17x + 70 = 0,Δ = -17² - 4·1·70 = 9. √Δ = 3. x₁ = (17 - 3)/(2·1) = 7; x₂ = (17 + 3)/(2·1) = 10,"x₁ = 7, x₂ = 10",2,Ecuatii de gradul II,Ecuații de gradul II,"Ecuații, inecuații și sisteme",2 - mediu,alta,,rezolvati in r ecuatia x² - 17x + 70 = 0,δ = -17² - 4·1·70 = 9. √δ = 3. x₁ = (17 - 3)/(2·1) = 7; x₂ = (17 + 3)/(2·1) = 10,"x₁ = 7, x₂ = 10",40,11,80,15,5,3,0,0,1,0,0,0,rezolvati in r ecuatia x² - 17x + 70 = 0
Generat - Ecuatii grad II,,Rezolvati in R ecuatia x² + 7x - 18 = 0,Δ = 7² - 4·1·-18 = 121. √Δ = 11. x₁ = (-7 - 11)/(2·1) = -9; x₂ = (-7 + 11)/(2·1) = 2,"x₁ = -9, x₂ = 2",2,Ecuatii de gradul II,Ecuații de gradul II,"Ecuații, inecuații și sisteme",2 - mediu,alta,,rezolvati in r ecuatia x² + 7x - 18 = 0,δ = 7² - 4·1·-18 = 121. √δ = 11. x₁ = (-7 - 11)/(2·1) = -9; x₂ = (-7 + 11)/(2·1) = 2,"x₁ = -9, x₂ = 2",39,11,84,15,4,3,0,0,1,0,0,0,rezolvati in r ecuatia x² + 7x - 18 = 0
Generat - Ecuatii grad II,,Rezolvati in R ecuatia 2x² + 22x + 56 = 0,Δ = 22² - 4·2·56 = 36. √Δ = 6. x₁ = (-22 - 6)/(2·2) = -7; x₂ = (-22 + 6)/(2·2) = -4,"x₁ = -7, x₂ = -4",2,Ecuatii de gradul II,Ecuații de gradul II,"Ecuații, inecuații și sisteme",2 - mediu,alta,,rezolvati in r ecuatia 2x² + 22x + 56 = 0,δ = 22² - 4·2·56 = 36. √δ = 6. x₁ = (-22 - 6)/(2·2) = -7; x₂ = (-22 + 6)/(2·2) = -4,"x₁ = -7, x₂ = -4",41,11,83,16,6,3,0,0,1,0,0,0,rezolvati in r ecuatia 2x² + 22x + 56 = 0
Generat - Ecuatii grad II,,Rezolvati in R ecuatia 3x² + 36x + 96 = 0,Δ = 36² - 4·3·96 = 144. √Δ = 12. x₁ = (-36 - 12)/(2·3) = -8; x₂ = (-36 + 12)/(2·3) = -4,"x₁ = -8, x₂ = -4",2,Ecuatii de gradul II,Ecuații de gradul II,"Ecuații, inecuații și sisteme",2 - mediu,alta,,rezolvati in r ecuatia 3x² + 36x + 96 = 0,δ = 36² - 4·3·96 = 144. √δ = 12. x₁ = (-36 - 12)/(2·3) = -8; x₂ = (-36 + 12)/(2·3) = -4,"x₁ = -8, x₂ = -4",41,11,87,16,6,3,0,0,1,0,0,0,rezolvati in r ecuatia 3x² + 36x + 96 = 0
Generat - Ecuatii grad II,,Rezolvati in R ecuatia 3x² + 27x + 54 = 0,Δ = 27² - 4·3·54 = 81. √Δ = 9. x₁ = (-27 - 9)/(2·3) = -6; x₂ = (-27 + 9)/(2·3) = -3,"x₁ = -6, x₂ = -3",2,Ecuatii de gradul II,Ecuații de gradul II,"Ecuații, inecuații și sisteme",2 - mediu,alta,,rezolvati in r ecuatia 3x² + 27x + 54 = 0,δ = 27² - 4·3·54 = 81. √δ = 9. x₁ = (-27 - 9)/(2·3) = -6; x₂ = (-27 + 9)/(2·3) = -3,"x₁ = -6, x₂ = -3",41,11,83,16,6,3,0,0,1,0,0,0,rezolvati in r ecuatia 3x² + 27x + 54 = 0
Generat - Ecuatii grad II,,Rezolvati in R ecuatia x² - 4x - 32 = 0,Δ = -4² - 4·1·-32 = 144. √Δ = 12. x₁ = (4 - 12)/(2·1) = -4; x₂ = (4 + 12)/(2·1) = 8,"x₁ = -4, x₂ = 8",2,Ecuatii de gradul II,Ecuații de gradul II,"Ecuații, inecuații și sisteme",2 - mediu,alta,,rezolvati in r ecuatia x² - 4x - 32 = 0,δ = -4² - 4·1·-32 = 144. √δ = 12. x₁ = (4 - 12)/(2·1) = -4; x₂ = (4 + 12)/(2·1) = 8,"x₁ = -4, x₂ = 8",39,11,83,15,4,3,0,0,1,0,0,0,rezolvati in r ecuatia x² - 4x - 32 = 0
Generat - Ecuatii grad II,,Rezolvati in R ecuatia x² + 3x = 0,Δ = 3² - 4·1·0 = 9. √Δ = 3. x₁ = (-3 - 3)/(2·1) = -3; x₂ = (-3 + 3)/(2·1) = 0,"x₁ = -3, x₂ = 0",1,Ecuatii de gradul II,Ecuații de gradul II,"Ecuații, inecuații și sisteme",1 - bază,alta,,rezolvati in r ecuatia x² + 3x = 0,δ = 3² - 4·1·0 = 9. √δ = 3. x₁ = (-3 - 3)/(2·1) = -3; x₂ = (-3 + 3)/(2·1) = 0,"x₁ = -3, x₂ = 0",34,9,77,15,2,2,0,0,1,0,0,0,rezolvati in r ecuatia x² + 3x = 0
Generat - Ecuatii grad II,,Rezolvati in R ecuatia x² + x - 90 = 0,Δ = 1² - 4·1·-90 = 361. √Δ = 19. x₁ = (-1 - 19)/(2·1) = -10; x₂ = (-1 + 19)/(2·1) = 9,"x₁ = -10, x₂ = 9",2,Ecuatii de gradul II,Ecuații de gradul II,"Ecuații, inecuații și sisteme",2 - mediu,alta,,rezolvati in r ecuatia x² + x - 90 = 0,δ = 1² - 4·1·-90 = 361. √δ = 19. x₁ = (-1 - 19)/(2·1) = -10; x₂ = (-1 + 19)/(2·1) = 9,"x₁ = -10, x₂ = 9",38,11,85,16,3,3,0,0,1,0,0,0,rezolvati in r ecuatia x² + x - 90 = 0
Generat - Ecuatii grad II,,Rezolvati in R ecuatia 3x² + 36x + 108 = 0,Δ = 36² - 4·3·108 = 0. x₁ = x₂ = -36/(2·3) = -6,x = -6 (radacina dubla),2,Ecuatii de gradul II,Ecuații de gradul II,"Ecuații, inecuații și sisteme",2 - mediu,alta,,rezolvati in r ecuatia 3x² + 36x + 108 = 0,δ = 36² - 4·3·108 = 0. x₁ = x₂ = -36/(2·3) = -6,x = -6 (radacina dubla),42,11,47,23,7,3,0,0,1,0,0,0,rezolvati in r ecuatia 3x² + 36x + 108 = 0
Generat - Ecuatii grad II,,Rezolvati in R ecuatia x² + 7x + 10 = 0,Δ = 7² - 4·1·10 = 9. √Δ = 3. x₁ = (-7 - 3)/(2·1) = -5; x₂ = (-7 + 3)/(2·1) = -2,"x₁ = -5, x₂ = -2",1,Ecuatii de gradul II,Ecuații de gradul II,"Ecuații, inecuații și sisteme",1 - bază,alta,,rezolvati in r ecuatia x² + 7x + 10 = 0,δ = 7² - 4·1·10 = 9. √δ = 3. x₁ = (-7 - 3)/(2·1) = -5; x₂ = (-7 + 3)/(2·1) = -2,"x₁ = -5, x₂ = -2",39,11,79,16,4,3,0,0,1,0,0,0,rezolvati in r ecuatia x² + 7x + 10 = 0
Generat - Ecuatii grad II,,Rezolvati in R ecuatia x² + 16x + 60 = 0,Δ = 16² - 4·1·60 = 16. √Δ = 4. x₁ = (-16 - 4)/(2·1) = -10; x₂ = (-16 + 4)/(2·1) = -6,"x₁ = -10, x₂ = -6",2,Ecuatii de gradul II,Ecuații de gradul II,"Ecuații, inecuații și sisteme",2 - mediu,alta,,rezolvati in r ecuatia x² + 16x + 60 = 0,δ = 16² - 4·1·60 = 16. √δ = 4. x₁ = (-16 - 4)/(2·1) = -10; x₂ = (-16 + 4)/(2·1) = -6,"x₁ = -10, x₂ = -6",40,11,84,17,5,3,0,0,1,0,0,0,rezolvati in r ecuatia x² + 16x + 60 = 0
Generat - Ecuatii grad II,,Rezolvati in R ecuatia 3x² + 6x - 9 = 0,Δ = 6² - 4·3·-9 = 144. √Δ = 12. x₁ = (-6 - 12)/(2·3) = -3; x₂ = (-6 + 12)/(2·3) = 1,"x₁ = -3, x₂ = 1",2,Ecuatii de gradul II,Ecuații de gradul II,"Ecuații, inecuații și sisteme",2 - mediu,alta,,rezolvati in r ecuatia 3x² + 6x - 9 = 0,δ = 6² - 4·3·-9 = 144. √δ = 12. x₁ = (-6 - 12)/(2·3) = -3; x₂ = (-6 + 12)/(2·3) = 1,"x₁ = -3, x₂ = 1",39,11,83,15,4,3,0,0,1,0,0,0,rezolvati in r ecuatia 3x² + 6x - 9 = 0
Generat - Ecuatii grad II,,Rezolvati in R ecuatia x² + 10x = 0,Δ = 10² - 4·1·0 = 100. √Δ = 10. x₁ = (-10 - 10)/(2·1) = -10; x₂ = (-10 + 10)/(2·1) = 0,"x₁ = -10, x₂ = 0",2,Ecuatii de gradul II,Ecuații de gradul II,"Ecuații, inecuații și sisteme",2 - mediu,alta,,rezolvati in r ecuatia x² + 10x = 0,δ = 10² - 4·1·0 = 100. √δ = 10. x₁ = (-10 - 10)/(2·1) = -10; x₂ = (-10 + 10)/(2·1) = 0,"x₁ = -10, x₂ = 0",35,9,86,16,3,2,0,0,1,0,0,0,rezolvati in r ecuatia x² + 10x = 0
Generat - Ecuatii grad II,,Rezolvati in R ecuatia x² + 11x + 18 = 0,Δ = 11² - 4·1·18 = 49. √Δ = 7. x₁ = (-11 - 7)/(2·1) = -9; x₂ = (-11 + 7)/(2·1) = -2,"x₁ = -9, x₂ = -2",2,Ecuatii de gradul II,Ecuații de gradul II,"Ecuații, inecuații și sisteme",2 - mediu,alta,,rezolvati in r ecuatia x² + 11x + 18 = 0,δ = 11² - 4·1·18 = 49. √δ = 7. x₁ = (-11 - 7)/(2·1) = -9; x₂ = (-11 + 7)/(2·1) = -2,"x₁ = -9, x₂ = -2",40,11,83,16,5,3,0,0,1,0,0,0,rezolvati in r ecuatia x² + 11x + 18 = 0
Generat - Ecuatii grad II,,Rezolvati in R ecuatia x² - 9x + 18 = 0,Δ = -9² - 4·1·18 = 9. √Δ = 3. x₁ = (9 - 3)/(2·1) = 3; x₂ = (9 + 3)/(2·1) = 6,"x₁ = 3, x₂ = 6",2,Ecuatii de gradul II,Ecuații de gradul II,"Ecuații, inecuații și sisteme",2 - mediu,alta,,rezolvati in r ecuatia x² - 9x + 18 = 0,δ = -9² - 4·1·18 = 9. √δ = 3. x₁ = (9 - 3)/(2·1) = 3; x₂ = (9 + 3)/(2·1) = 6,"x₁ = 3, x₂ = 6",39,11,76,14,4,3,0,0,1,0,0,0,rezolvati in r ecuatia x² - 9x + 18 = 0
Generat - Ecuatii grad II,,Rezolvati in R ecuatia 2x² + 6x - 80 = 0,Δ = 6² - 4·2·-80 = 676. √Δ = 26. x₁ = (-6 - 26)/(2·2) = -8; x₂ = (-6 + 26)/(2·2) = 5,"x₁ = -8, x₂ = 5",2,Ecuatii de gradul II,Ecuații de gradul II,"Ecuații, inecuații și sisteme",2 - mediu,alta,,rezolvati in r ecuatia 2x² + 6x - 80 = 0,δ = 6² - 4·2·-80 = 676. √δ = 26. x₁ = (-6 - 26)/(2·2) = -8; x₂ = (-6 + 26)/(2·2) = 5,"x₁ = -8, x₂ = 5",40,11,84,15,5,3,0,0,1,0,0,0,rezolvati in r ecuatia 2x² + 6x - 80 = 0
Generat - Ecuatii grad II,,Rezolvati in R ecuatia 3x² - 21x + 18 = 0,Δ = -21² - 4·3·18 = 225. √Δ = 15. x₁ = (21 - 15)/(2·3) = 1; x₂ = (21 + 15)/(2·3) = 6,"x₁ = 1, x₂ = 6",2,Ecuatii de gradul II,Ecuații de gradul II,"Ecuații, inecuații și sisteme",2 - mediu,alta,,rezolvati in r ecuatia 3x² - 21x + 18 = 0,δ = -21² - 4·3·18 = 225. √δ = 15. x₁ = (21 - 15)/(2·3) = 1; x₂ = (21 + 15)/(2·3) = 6,"x₁ = 1, x₂ = 6",41,11,84,14,6,3,0,0,1,0,0,0,rezolvati in r ecuatia 3x² - 21x + 18 = 0
Generat - Ecuatii grad II,,Rezolvati in R ecuatia 3x² + 9x - 84 = 0,Δ = 9² - 4·3·-84 = 1089. √Δ = 33. x₁ = (-9 - 33)/(2·3) = -7; x₂ = (-9 + 33)/(2·3) = 4,"x₁ = -7, x₂ = 4",2,Ecuatii de gradul II,Ecuații de gradul II,"Ecuații, inecuații și sisteme",2 - mediu,alta,,rezolvati in r ecuatia 3x² + 9x - 84 = 0,δ = 9² - 4·3·-84 = 1089. √δ = 33. x₁ = (-9 - 33)/(2·3) = -7; x₂ = (-9 + 33)/(2·3) = 4,"x₁ = -7, x₂ = 4",40,11,85,15,5,3,0,0,1,0,0,0,rezolvati in r ecuatia 3x² + 9x - 84 = 0
Generat - Ecuatii grad II,,Rezolvati in R ecuatia 2x² - 10x - 12 = 0,Δ = -10² - 4·2·-12 = 196. √Δ = 14. x₁ = (10 - 14)/(2·2) = -1; x₂ = (10 + 14)/(2·2) = 6,"x₁ = -1, x₂ = 6",2,Ecuatii de gradul II,Ecuații de gradul II,"Ecuații, inecuații și sisteme",2 - mediu,alta,,rezolvati in r ecuatia 2x² - 10x - 12 = 0,δ = -10² - 4·2·-12 = 196. √δ = 14. x₁ = (10 - 14)/(2·2) = -1; x₂ = (10 + 14)/(2·2) = 6,"x₁ = -1, x₂ = 6",41,11,86,15,6,3,0,0,1,0,0,0,rezolvati in r ecuatia 2x² - 10x - 12 = 0
Generat - Ecuatii grad II,,Rezolvati in R ecuatia x² - 100 = 0,Δ = 0² - 4·1·-100 = 400. √Δ = 20. x₁ = (0 - 20)/(2·1) = -10; x₂ = (0 + 20)/(2·1) = 10,"x₁ = -10, x₂ = 10",2,Ecuatii de gradul II,Ecuații de gradul II,"Ecuații, inecuații și sisteme",2 - mediu,alta,,rezolvati in r ecuatia x² - 100 = 0,δ = 0² - 4·1·-100 = 400. √δ = 20. x₁ = (0 - 20)/(2·1) = -10; x₂ = (0 + 20)/(2·1) = 10,"x₁ = -10, x₂ = 10",35,9,85,17,4,2,0,0,1,0,0,0,rezolvati in r ecuatia x² - 100 = 0
Generat - Ecuatii grad II,,Rezolvati in R ecuatia 2x² - 14x + 20 = 0,Δ = -14² - 4·2·20 = 36. √Δ = 6. x₁ = (14 - 6)/(2·2) = 2; x₂ = (14 + 6)/(2·2) = 5,"x₁ = 2, x₂ = 5",2,Ecuatii de gradul II,Ecuații de gradul II,"Ecuații, inecuații și sisteme",2 - mediu,alta,,rezolvati in r ecuatia 2x² - 14x + 20 = 0,δ = -14² - 4·2·20 = 36. √δ = 6. x₁ = (14 - 6)/(2·2) = 2; x₂ = (14 + 6)/(2·2) = 5,"x₁ = 2, x₂ = 5",41,11,80,14,6,3,0,0,1,0,0,0,rezolvati in r ecuatia 2x² - 14x + 20 = 0
Generat - Ecuatii grad II,,Rezolvati in R ecuatia 2x² + 4x - 70 = 0,Δ = 4² - 4·2·-70 = 576. √Δ = 24. x₁ = (-4 - 24)/(2·2) = -7; x₂ = (-4 + 24)/(2·2) = 5,"x₁ = -7, x₂ = 5",2,Ecuatii de gradul II,Ecuații de gradul II,"Ecuații, inecuații și sisteme",2 - mediu,alta,,rezolvati in r ecuatia 2x² + 4x - 70 = 0,δ = 4² - 4·2·-70 = 576. √δ = 24. x₁ = (-4 - 24)/(2·2) = -7; x₂ = (-4 + 24)/(2·2) = 5,"x₁ = -7, x₂ = 5",40,11,84,15,5,3,0,0,1,0,0,0,rezolvati in r ecuatia 2x² + 4x - 70 = 0
Generat - Ecuatii grad II,,Rezolvati in R ecuatia x² + 16x + 64 = 0,Δ = 16² - 4·1·64 = 0. x₁ = x₂ = -16/(2·1) = -8,x = -8 (radacina dubla),2,Ecuatii de gradul II,Ecuații de gradul II,"Ecuații, inecuații și sisteme",2 - mediu,alta,,rezolvati in r ecuatia x² + 16x + 64 = 0,δ = 16² - 4·1·64 = 0. x₁ = x₂ = -16/(2·1) = -8,x = -8 (radacina dubla),40,11,46,23,5,3,0,0,1,0,0,0,rezolvati in r ecuatia x² + 16x + 64 = 0
Generat - Ecuatii grad II,,Rezolvati in R ecuatia x² - 3x - 54 = 0,Δ = -3² - 4·1·-54 = 225. √Δ = 15. x₁ = (3 - 15)/(2·1) = -6; x₂ = (3 + 15)/(2·1) = 9,"x₁ = -6, x₂ = 9",2,Ecuatii de gradul II,Ecuații de gradul II,"Ecuații, inecuații și sisteme",2 - mediu,alta,,rezolvati in r ecuatia x² - 3x - 54 = 0,δ = -3² - 4·1·-54 = 225. √δ = 15. x₁ = (3 - 15)/(2·1) = -6; x₂ = (3 + 15)/(2·1) = 9,"x₁ = -6, x₂ = 9",39,11,83,15,4,3,0,0,1,0,0,0,rezolvati in r ecuatia x² - 3x - 54 = 0
Generat - Ecuatii grad II,,Rezolvati in R ecuatia 3x² + 24x + 36 = 0,Δ = 24² - 4·3·36 = 144. √Δ = 12. x₁ = (-24 - 12)/(2·3) = -6; x₂ = (-24 + 12)/(2·3) = -2,"x₁ = -6, x₂ = -2",2,Ecuatii de gradul II,Ecuații de gradul II,"Ecuații, inecuații și sisteme",2 - mediu,alta,,rezolvati in r ecuatia 3x² + 24x + 36 = 0,δ = 24² - 4·3·36 = 144. √δ = 12. x₁ = (-24 - 12)/(2·3) = -6; x₂ = (-24 + 12)/(2·3) = -2,"x₁ = -6, x₂ = -2",41,11,87,16,6,3,0,0,1,0,0,0,rezolvati in r ecuatia 3x² + 24x + 36 = 0
Generat - Ecuatii grad II,,Rezolvati in R ecuatia 3x² - 54x + 240 = 0,Δ = -54² - 4·3·240 = 36. √Δ = 6. x₁ = (54 - 6)/(2·3) = 8; x₂ = (54 + 6)/(2·3) = 10,"x₁ = 8, x₂ = 10",2,Ecuatii de gradul II,Ecuații de gradul II,"Ecuații, inecuații și sisteme",2 - mediu,alta,,rezolvati in r ecuatia 3x² - 54x + 240 = 0,δ = -54² - 4·3·240 = 36. √δ = 6. x₁ = (54 - 6)/(2·3) = 8; x₂ = (54 + 6)/(2·3) = 10,"x₁ = 8, x₂ = 10",42,11,82,15,7,3,0,0,1,0,0,0,rezolvati in r ecuatia 3x² - 54x + 240 = 0
Generat - Ecuatii grad II,,Rezolvati in R ecuatia 3x² - 6x = 0,Δ = -6² - 4·3·0 = 36. √Δ = 6. x₁ = (6 - 6)/(2·3) = 0; x₂ = (6 + 6)/(2·3) = 2,"x₁ = 0, x₂ = 2",2,Ecuatii de gradul II,Ecuații de gradul II,"Ecuații, inecuații și sisteme",2 - mediu,alta,,rezolvati in r ecuatia 3x² - 6x = 0,δ = -6² - 4·3·0 = 36. √δ = 6. x₁ = (6 - 6)/(2·3) = 0; x₂ = (6 + 6)/(2·3) = 2,"x₁ = 0, x₂ = 2",35,9,76,14,3,2,0,0,1,0,0,0,rezolvati in r ecuatia 3x² - 6x = 0
Generat - Ecuatii grad II,,Rezolvati in R ecuatia 2x² - 30x + 108 = 0,Δ = -30² - 4·2·108 = 36. √Δ = 6. x₁ = (30 - 6)/(2·2) = 6; x₂ = (30 + 6)/(2·2) = 9,"x₁ = 6, x₂ = 9",2,Ecuatii de gradul II,Ecuații de gradul II,"Ecuații, inecuații și sisteme",2 - mediu,alta,,rezolvati in r ecuatia 2x² - 30x + 108 = 0,δ = -30² - 4·2·108 = 36. √δ = 6. x₁ = (30 - 6)/(2·2) = 6; x₂ = (30 + 6)/(2·2) = 9,"x₁ = 6, x₂ = 9",42,11,81,14,7,3,0,0,1,0,0,0,rezolvati in r ecuatia 2x² - 30x + 108 = 0
Generat - Ecuatii grad II,,Rezolvati in R ecuatia 3x² + 42x + 147 = 0,Δ = 42² - 4·3·147 = 0. x₁ = x₂ = -42/(2·3) = -7,x = -7 (radacina dubla),2,Ecuatii de gradul II,Ecuații de gradul II,"Ecuații, inecuații și sisteme",2 - mediu,alta,,rezolvati in r ecuatia 3x² + 42x + 147 = 0,δ = 42² - 4·3·147 = 0. x₁ = x₂ = -42/(2·3) = -7,x = -7 (radacina dubla),42,11,47,23,7,3,0,0,1,0,0,0,rezolvati in r ecuatia 3x² + 42x + 147 = 0
Generat - Ecuatii grad II,,Rezolvati in R ecuatia 2x² + 2x - 24 = 0,Δ = 2² - 4·2·-24 = 196. √Δ = 14. x₁ = (-2 - 14)/(2·2) = -4; x₂ = (-2 + 14)/(2·2) = 3,"x₁ = -4, x₂ = 3",2,Ecuatii de gradul II,Ecuații de gradul II,"Ecuații, inecuații și sisteme",2 - mediu,alta,,rezolvati in r ecuatia 2x² + 2x - 24 = 0,δ = 2² - 4·2·-24 = 196. √δ = 14. x₁ = (-2 - 14)/(2·2) = -4; x₂ = (-2 + 14)/(2·2) = 3,"x₁ = -4, x₂ = 3",40,11,84,15,5,3,0,0,1,0,0,0,rezolvati in r ecuatia 2x² + 2x - 24 = 0
Generat - Ecuatii grad II,,Rezolvati in R ecuatia x² - 9 = 0,Δ = 0² - 4·1·-9 = 36. √Δ = 6. x₁ = (0 - 6)/(2·1) = -3; x₂ = (0 + 6)/(2·1) = 3,"x₁ = -3, x₂ = 3",1,Ecuatii de gradul II,Ecuații de gradul II,"Ecuații, inecuații și sisteme",1 - bază,alta,,rezolvati in r ecuatia x² - 9 = 0,δ = 0² - 4·1·-9 = 36. √δ = 6. x₁ = (0 - 6)/(2·1) = -3; x₂ = (0 + 6)/(2·1) = 3,"x₁ = -3, x₂ = 3",33,9,77,15,2,2,0,0,1,0,0,0,rezolvati in r ecuatia x² - 9 = 0
Generat - Ecuatii grad II,,Rezolvati in R ecuatia 2x² - 12x + 16 = 0,Δ = -12² - 4·2·16 = 16. √Δ = 4. x₁ = (12 - 4)/(2·2) = 2; x₂ = (12 + 4)/(2·2) = 4,"x₁ = 2, x₂ = 4",2,Ecuatii de gradul II,Ecuații de gradul II,"Ecuații, inecuații și sisteme",2 - mediu,alta,,rezolvati in r ecuatia 2x² - 12x + 16 = 0,δ = -12² - 4·2·16 = 16. √δ = 4. x₁ = (12 - 4)/(2·2) = 2; x₂ = (12 + 4)/(2·2) = 4,"x₁ = 2, x₂ = 4",41,11,80,14,6,3,0,0,1,0,0,0,rezolvati in r ecuatia 2x² - 12x + 16 = 0
Generat - Ecuatii grad II,,Rezolvati in R ecuatia 2x² + 14x = 0,Δ = 14² - 4·2·0 = 196. √Δ = 14. x₁ = (-14 - 14)/(2·2) = -7; x₂ = (-14 + 14)/(2·2) = 0,"x₁ = -7, x₂ = 0",2,Ecuatii de gradul II,Ecuații de gradul II,"Ecuații, inecuații și sisteme",2 - mediu,alta,,rezolvati in r ecuatia 2x² + 14x = 0,δ = 14² - 4·2·0 = 196. √δ = 14. x₁ = (-14 - 14)/(2·2) = -7; x₂ = (-14 + 14)/(2·2) = 0,"x₁ = -7, x₂ = 0",36,9,85,15,4,2,0,0,1,0,0,0,rezolvati in r ecuatia 2x² + 14x = 0
Generat - Ecuatii grad II,,Rezolvati in R ecuatia x² + 2x = 0,Δ = 2² - 4·1·0 = 4. √Δ = 2. x₁ = (-2 - 2)/(2·1) = -2; x₂ = (-2 + 2)/(2·1) = 0,"x₁ = -2, x₂ = 0",1,Ecuatii de gradul II,Ecuații de gradul II,"Ecuații, inecuații și sisteme",1 - bază,alta,,rezolvati in r ecuatia x² + 2x = 0,δ = 2² - 4·1·0 = 4. √δ = 2. x₁ = (-2 - 2)/(2·1) = -2; x₂ = (-2 + 2)/(2·1) = 0,"x₁ = -2, x₂ = 0",34,9,77,15,2,2,0,0,1,0,0,0,rezolvati in r ecuatia x² + 2x = 0
Generat - Ecuatii grad II,,Rezolvati in R ecuatia x² + x - 30 = 0,Δ = 1² - 4·1·-30 = 121. √Δ = 11. x₁ = (-1 - 11)/(2·1) = -6; x₂ = (-1 + 11)/(2·1) = 5,"x₁ = -6, x₂ = 5",2,Ecuatii de gradul II,Ecuații de gradul II,"Ecuații, inecuații și sisteme",2 - mediu,alta,,rezolvati in r ecuatia x² + x - 30 = 0,δ = 1² - 4·1·-30 = 121. √δ = 11. x₁ = (-1 - 11)/(2·1) = -6; x₂ = (-1 + 11)/(2·1) = 5,"x₁ = -6, x₂ = 5",38,11,84,15,3,3,0,0,1,0,0,0,rezolvati in r ecuatia x² + x - 30 = 0
Generat - Ecuatii grad II,,Rezolvati in R ecuatia x² + 4x - 21 = 0,Δ = 4² - 4·1·-21 = 100. √Δ = 10. x₁ = (-4 - 10)/(2·1) = -7; x₂ = (-4 + 10)/(2·1) = 3,"x₁ = -7, x₂ = 3",2,Ecuatii de gradul II,Ecuații de gradul II,"Ecuații, inecuații și sisteme",2 - mediu,alta,,rezolvati in r ecuatia x² + 4x - 21 = 0,δ = 4² - 4·1·-21 = 100. √δ = 10. x₁ = (-4 - 10)/(2·1) = -7; x₂ = (-4 + 10)/(2·1) = 3,"x₁ = -7, x₂ = 3",39,11,84,15,4,3,0,0,1,0,0,0,rezolvati in r ecuatia x² + 4x - 21 = 0
Generat - Ecuatii grad II,,Rezolvati in R ecuatia 3x² - 45x + 168 = 0,Δ = -45² - 4·3·168 = 9. √Δ = 3. x₁ = (45 - 3)/(2·3) = 7; x₂ = (45 + 3)/(2·3) = 8,"x₁ = 7, x₂ = 8",2,Ecuatii de gradul II,Ecuații de gradul II,"Ecuații, inecuații și sisteme",2 - mediu,alta,,rezolvati in r ecuatia 3x² - 45x + 168 = 0,δ = -45² - 4·3·168 = 9. √δ = 3. x₁ = (45 - 3)/(2·3) = 7; x₂ = (45 + 3)/(2·3) = 8,"x₁ = 7, x₂ = 8",42,11,80,14,7,3,0,0,1,0,0,0,rezolvati in r ecuatia 3x² - 45x + 168 = 0
Generat - Ecuatii grad II,,Rezolvati in R ecuatia x² - 8x - 9 = 0,Δ = -8² - 4·1·-9 = 100. √Δ = 10. x₁ = (8 - 10)/(2·1) = -1; x₂ = (8 + 10)/(2·1) = 9,"x₁ = -1, x₂ = 9",2,Ecuatii de gradul II,Ecuații de gradul II,"Ecuații, inecuații și sisteme",2 - mediu,alta,,rezolvati in r ecuatia x² - 8x - 9 = 0,δ = -8² - 4·1·-9 = 100. √δ = 10. x₁ = (8 - 10)/(2·1) = -1; x₂ = (8 + 10)/(2·1) = 9,"x₁ = -1, x₂ = 9",38,11,82,15,3,3,0,0,1,0,0,0,rezolvati in r ecuatia x² - 8x - 9 = 0
Generat - Ecuatii grad II,,Rezolvati in R ecuatia 3x² + 18x - 21 = 0,Δ = 18² - 4·3·-21 = 576. √Δ = 24. x₁ = (-18 - 24)/(2·3) = -7; x₂ = (-18 + 24)/(2·3) = 1,"x₁ = -7, x₂ = 1",2,Ecuatii de gradul II,Ecuații de gradul II,"Ecuații, inecuații și sisteme",2 - mediu,alta,,rezolvati in r ecuatia 3x² + 18x - 21 = 0,δ = 18² - 4·3·-21 = 576. √δ = 24. x₁ = (-18 - 24)/(2·3) = -7; x₂ = (-18 + 24)/(2·3) = 1,"x₁ = -7, x₂ = 1",41,11,87,15,6,3,0,0,1,0,0,0,rezolvati in r ecuatia 3x² + 18x - 21 = 0
Generat - Ecuatii grad II,,Rezolvati in R ecuatia x² - 2x - 24 = 0,Δ = -2² - 4·1·-24 = 100. √Δ = 10. x₁ = (2 - 10)/(2·1) = -4; x₂ = (2 + 10)/(2·1) = 6,"x₁ = -4, x₂ = 6",2,Ecuatii de gradul II,Ecuații de gradul II,"Ecuații, inecuații și sisteme",2 - mediu,alta,,rezolvati in r ecuatia x² - 2x - 24 = 0,δ = -2² - 4·1·-24 = 100. √δ = 10. x₁ = (2 - 10)/(2·1) = -4; x₂ = (2 + 10)/(2·1) = 6,"x₁ = -4, x₂ = 6",39,11,83,15,4,3,0,0,1,0,0,0,rezolvati in r ecuatia x² - 2x - 24 = 0
Generat - Ecuatii grad II,,Rezolvati in R ecuatia x² - 8x + 7 = 0,Δ = -8² - 4·1·7 = 36. √Δ = 6. x₁ = (8 - 6)/(2·1) = 1; x₂ = (8 + 6)/(2·1) = 7,"x₁ = 1, x₂ = 7",2,Ecuatii de gradul II,Ecuații de gradul II,"Ecuații, inecuații și sisteme",2 - mediu,alta,,rezolvati in r ecuatia x² - 8x + 7 = 0,δ = -8² - 4·1·7 = 36. √δ = 6. x₁ = (8 - 6)/(2·1) = 1; x₂ = (8 + 6)/(2·1) = 7,"x₁ = 1, x₂ = 7",38,11,76,14,3,3,0,0,1,0,0,0,rezolvati in r ecuatia x² - 8x + 7 = 0
Generat - Ecuatii grad II,,Rezolvati in R ecuatia 3x² + 27x + 42 = 0,Δ = 27² - 4·3·42 = 225. √Δ = 15. x₁ = (-27 - 15)/(2·3) = -7; x₂ = (-27 + 15)/(2·3) = -2,"x₁ = -7, x₂ = -2",2,Ecuatii de gradul II,Ecuații de gradul II,"Ecuații, inecuații și sisteme",2 - mediu,alta,,rezolvati in r ecuatia 3x² + 27x + 42 = 0,δ = 27² - 4·3·42 = 225. √δ = 15. x₁ = (-27 - 15)/(2·3) = -7; x₂ = (-27 + 15)/(2·3) = -2,"x₁ = -7, x₂ = -2",41,11,87,16,6,3,0,0,1,0,0,0,rezolvati in r ecuatia 3x² + 27x + 42 = 0
Generat - Ecuatii grad II,,Rezolvati in R ecuatia 3x² - 27 = 0,Δ = 0² - 4·3·-27 = 324. √Δ = 18. x₁ = (0 - 18)/(2·3) = -3; x₂ = (0 + 18)/(2·3) = 3,"x₁ = -3, x₂ = 3",2,Ecuatii de gradul II,Ecuații de gradul II,"Ecuații, inecuații și sisteme",2 - mediu,alta,,rezolvati in r ecuatia 3x² - 27 = 0,δ = 0² - 4·3·-27 = 324. √δ = 18. x₁ = (0 - 18)/(2·3) = -3; x₂ = (0 + 18)/(2·3) = 3,"x₁ = -3, x₂ = 3",35,9,82,15,4,2,0,0,1,0,0,0,rezolvati in r ecuatia 3x² - 27 = 0
Generat - Ecuatii grad II,,Rezolvati in R ecuatia 3x² - 54x + 243 = 0,Δ = -54² - 4·3·243 = 0. x₁ = x₂ = 54/(2·3) = 9,x = 9 (radacina dubla),2,Ecuatii de gradul II,Ecuații de gradul II,"Ecuații, inecuații și sisteme",2 - mediu,alta,,rezolvati in r ecuatia 3x² - 54x + 243 = 0,δ = -54² - 4·3·243 = 0. x₁ = x₂ = 54/(2·3) = 9,x = 9 (radacina dubla),42,11,46,22,7,3,0,0,1,0,0,0,rezolvati in r ecuatia 3x² - 54x + 243 = 0
Generat - Ecuatii grad II,,Rezolvati in R ecuatia x² + 15x + 50 = 0,Δ = 15² - 4·1·50 = 25. √Δ = 5. x₁ = (-15 - 5)/(2·1) = -10; x₂ = (-15 + 5)/(2·1) = -5,"x₁ = -10, x₂ = -5",2,Ecuatii de gradul II,Ecuații de gradul II,"Ecuații, inecuații și sisteme",2 - mediu,alta,,rezolvati in r ecuatia x² + 15x + 50 = 0,δ = 15² - 4·1·50 = 25. √δ = 5. x₁ = (-15 - 5)/(2·1) = -10; x₂ = (-15 + 5)/(2·1) = -5,"x₁ = -10, x₂ = -5",40,11,84,17,5,3,0,0,1,0,0,0,rezolvati in r ecuatia x² + 15x + 50 = 0
Generat - Ecuatii grad II,,Rezolvati in R ecuatia x² - 10x + 16 = 0,Δ = -10² - 4·1·16 = 36. √Δ = 6. x₁ = (10 - 6)/(2·1) = 2; x₂ = (10 + 6)/(2·1) = 8,"x₁ = 2, x₂ = 8",2,Ecuatii de gradul II,Ecuații de gradul II,"Ecuații, inecuații și sisteme",2 - mediu,alta,,rezolvati in r ecuatia x² - 10x + 16 = 0,δ = -10² - 4·1·16 = 36. √δ = 6. x₁ = (10 - 6)/(2·1) = 2; x₂ = (10 + 6)/(2·1) = 8,"x₁ = 2, x₂ = 8",40,11,80,14,5,3,0,0,1,0,0,0,rezolvati in r ecuatia x² - 10x + 16 = 0
Generat - Ecuatii grad II,,Rezolvati in R ecuatia x² - 4x - 60 = 0,Δ = -4² - 4·1·-60 = 256. √Δ = 16. x₁ = (4 - 16)/(2·1) = -6; x₂ = (4 + 16)/(2·1) = 10,"x₁ = -6, x₂ = 10",2,Ecuatii de gradul II,Ecuații de gradul II,"Ecuații, inecuații și sisteme",2 - mediu,alta,,rezolvati in r ecuatia x² - 4x - 60 = 0,δ = -4² - 4·1·-60 = 256. √δ = 16. x₁ = (4 - 16)/(2·1) = -6; x₂ = (4 + 16)/(2·1) = 10,"x₁ = -6, x₂ = 10",39,11,84,16,4,3,0,0,1,0,0,0,rezolvati in r ecuatia x² - 4x - 60 = 0
Generat - Ecuatii grad II,,Rezolvati in R ecuatia x² + 2x - 48 = 0,Δ = 2² - 4·1·-48 = 196. √Δ = 14. x₁ = (-2 - 14)/(2·1) = -8; x₂ = (-2 + 14)/(2·1) = 6,"x₁ = -8, x₂ = 6",2,Ecuatii de gradul II,Ecuații de gradul II,"Ecuații, inecuații și sisteme",2 - mediu,alta,,rezolvati in r ecuatia x² + 2x - 48 = 0,δ = 2² - 4·1·-48 = 196. √δ = 14. x₁ = (-2 - 14)/(2·1) = -8; x₂ = (-2 + 14)/(2·1) = 6,"x₁ = -8, x₂ = 6",39,11,84,15,4,3,0,0,1,0,0,0,rezolvati in r ecuatia x² + 2x - 48 = 0
Generat - Ecuatii grad II,,Rezolvati in R ecuatia 2x² - 10x + 12 = 0,Δ = -10² - 4·2·12 = 4. √Δ = 2. x₁ = (10 - 2)/(2·2) = 2; x₂ = (10 + 2)/(2·2) = 3,"x₁ = 2, x₂ = 3",2,Ecuatii de gradul II,Ecuații de gradul II,"Ecuații, inecuații și sisteme",2 - mediu,alta,,rezolvati in r ecuatia 2x² - 10x + 12 = 0,δ = -10² - 4·2·12 = 4. √δ = 2. x₁ = (10 - 2)/(2·2) = 2; x₂ = (10 + 2)/(2·2) = 3,"x₁ = 2, x₂ = 3",41,11,79,14,6,3,0,0,1,0,0,0,rezolvati in r ecuatia 2x² - 10x + 12 = 0
Generat - Ecuatii grad II,,Rezolvati in R ecuatia x² + 5x = 0,Δ = 5² - 4·1·0 = 25. √Δ = 5. x₁ = (-5 - 5)/(2·1) = -5; x₂ = (-5 + 5)/(2·1) = 0,"x₁ = -5, x₂ = 0",1,Ecuatii de gradul II,Ecuații de gradul II,"Ecuații, inecuații și sisteme",1 - bază,alta,,rezolvati in r ecuatia x² + 5x = 0,δ = 5² - 4·1·0 = 25. √δ = 5. x₁ = (-5 - 5)/(2·1) = -5; x₂ = (-5 + 5)/(2·1) = 0,"x₁ = -5, x₂ = 0",34,9,78,15,2,2,0,0,1,0,0,0,rezolvati in r ecuatia x² + 5x = 0
Generat - Functii liniare,,"Se considera functia f: R → R, f(x) = -x. Scrieti daca functia f este strict crescatoare sau strict descrescatoare pe R.","Coeficientul lui x este -1 < 0, deci functia este strict descrescatoare",strict descrescatoare,1,Functii liniare,Funcții liniare,Funcții,1 - bază,alta,,"se considera functia f: r → r, f(x) = -x. scrieti daca functia f este strict crescatoare sau strict descrescatoare pe r.","coeficientul lui x este -1 < 0, deci functia este strict descrescatoare",strict descrescatoare,120,22,71,21,0,4,0,0,0,0,1,0,"se considera functia f: r → r, f(x) = -x. scrieti daca functia f este strict crescatoare sau strict descrescatoare pe r."
Generat - Functii liniare,,"Fie f: R → R, f(x) = -5x - 11. Calculati f(4).",f(4) = -5·(4) + -11 = -20 + -11 = -31,-31,1,Functii liniare,Funcții liniare,Funcții,1 - bază,alta,,"fie f: r → r, f(x) = -5x - 11. calculati f(4).",f(4) = -5·(4) + -11 = -20 + -11 = -31,-31,46,12,37,3,4,7,0,0,0,0,1,0,"fie f: r → r, f(x) = -5x - 11. calculati f(4)."
Generat - Functii liniare,,"Fie f: R → R, f(x) = -5x - 15. Determinati x pentru care f(x) = -25.",-5x + -15 = -25 => -5x = -10 => x = 2,x = 2,2,Functii liniare,Funcții liniare,Funcții,2 - mediu,alta,,"fie f: r → r, f(x) = -5x - 15. determinati x pentru care f(x) = -25.",-5x + -15 = -25 => -5x = -10 => x = 2,x = 2,68,17,37,5,5,9,0,0,0,0,1,0,"fie f: r → r, f(x) = -5x - 15. determinati x pentru care f(x) = -25."
Generat - Functii liniare,,"Fie f: R → R, f(x) = 2x + 11. Determinati intersectia graficului cu axa Ox.",f(x) = 0 => 2x + 11 = 0 => x = -11/2,"(-11/2, 0)",2,Functii liniare,Funcții liniare,Funcții,2 - mediu,alta,,"fie f: r → r, f(x) = 2x + 11. determinati intersectia graficului cu axa ox.",f(x) = 0 => 2x + 11 = 0 => x = -11/2,"(-11/2, 0)",75,16,36,10,3,4,0,0,0,0,1,0,"fie f: r → r, f(x) = 2x + 11. determinati intersectia graficului cu axa ox."
Generat - Functii liniare,,"Fie f: R → R, f(x) = 2x - 3. Calculati f(3).",f(3) = 2·(3) + -3 = 6 + -3 = 3,3,1,Functii liniare,Funcții liniare,Funcții,1 - bază,alta,,"fie f: r → r, f(x) = 2x - 3. calculati f(3).",f(3) = 2·(3) + -3 = 6 + -3 = 3,3,44,12,30,1,3,6,0,0,0,0,1,0,"fie f: r → r, f(x) = 2x - 3. calculati f(3)."
Generat - Functii liniare,,"Fie f: R → R, f(x) = -4x + 2. Determinati intersectia graficului cu axa Ox.",f(x) = 0 => -4x + 2 = 0 => x = 1/2,"(1/2, 0)",2,Functii liniare,Funcții liniare,Funcții,2 - mediu,alta,,"fie f: r → r, f(x) = -4x + 2. determinati intersectia graficului cu axa ox.",f(x) = 0 => -4x + 2 = 0 => x = 1/2,"(1/2, 0)",75,16,34,8,2,5,0,0,0,0,1,0,"fie f: r → r, f(x) = -4x + 2. determinati intersectia graficului cu axa ox."
Generat - Functii liniare,,"Fie f: R → R, f(x) = -4x - 2. Determinati intersectia graficului cu axa Ox.",f(x) = 0 => -4x + -2 = 0 => x = -1/2,"(-1/2, 0)",2,Functii liniare,Funcții liniare,Funcții,2 - mediu,alta,,"fie f: r → r, f(x) = -4x - 2. determinati intersectia graficului cu axa ox.",f(x) = 0 => -4x + -2 = 0 => x = -1/2,"(-1/2, 0)",75,16,36,9,2,5,0,0,0,0,1,0,"fie f: r → r, f(x) = -4x - 2. determinati intersectia graficului cu axa ox."
Generat - Functii liniare,,"Se considera functia f: R → R, f(x) = 4x - 1. Scrieti daca functia f este strict crescatoare sau strict descrescatoare pe R.","Coeficientul lui x este 4 > 0, deci functia este strict crescatoare",strict crescatoare,1,Functii liniare,Funcții liniare,Funcții,1 - bază,alta,,"se considera functia f: r → r, f(x) = 4x - 1. scrieti daca functia f este strict crescatoare sau strict descrescatoare pe r.","coeficientul lui x este 4 > 0, deci functia este strict crescatoare",strict crescatoare,124,24,67,18,2,4,0,0,0,0,1,0,"se considera functia f: r → r, f(x) = 4x - 1. scrieti daca functia f este strict crescatoare sau strict descrescatoare pe r."
Generat - Functii liniare,,"Se considera functia f: R → R, f(x) = -2x + 5. Scrieti daca functia f este strict crescatoare sau strict descrescatoare pe R.","Coeficientul lui x este -2 < 0, deci functia este strict descrescatoare",strict descrescatoare,1,Functii liniare,Funcții liniare,Funcții,1 - bază,alta,,"se considera functia f: r → r, f(x) = -2x + 5. scrieti daca functia f este strict crescatoare sau strict descrescatoare pe r.","coeficientul lui x este -2 < 0, deci functia este strict descrescatoare",strict descrescatoare,125,24,71,21,2,5,0,0,0,0,1,0,"se considera functia f: r → r, f(x) = -2x + 5. scrieti daca functia f este strict crescatoare sau strict descrescatoare pe r."
Generat - Functii liniare,,"Fie f: R → R, f(x) = -5x - 7. Determinati x pentru care f(x) = 3.",-5x + -7 = 3 => -5x = 10 => x = -2,x = -2,2,Functii liniare,Funcții liniare,Funcții,2 - mediu,alta,,"fie f: r → r, f(x) = -5x - 7. determinati x pentru care f(x) = 3.",-5x + -7 = 3 => -5x = 10 => x = -2,x = -2,65,17,34,6,3,8,0,0,0,0,1,0,"fie f: r → r, f(x) = -5x - 7. determinati x pentru care f(x) = 3."
Generat - Functii liniare,,"Fie f: R → R, f(x) = -3x - 4. Determinati x pentru care f(x) = -4.",-3x + -4 = -4 => -3x = 0 => x = 0,x = 0,2,Functii liniare,Funcții liniare,Funcții,2 - mediu,alta,,"fie f: r → r, f(x) = -3x - 4. determinati x pentru care f(x) = -4.",-3x + -4 = -4 => -3x = 0 => x = 0,x = 0,66,17,33,5,3,9,0,0,0,0,1,0,"fie f: r → r, f(x) = -3x - 4. determinati x pentru care f(x) = -4."
Generat - Functii liniare,,"Fie f: R → R, f(x) = -4x - 20. Determinati intersectia graficului cu axa Ox.",f(x) = 0 => -4x + -20 = 0 => x = -5,"(-5, 0)",2,Functii liniare,Funcții liniare,Funcții,2 - mediu,alta,,"fie f: r → r, f(x) = -4x - 20. determinati intersectia graficului cu axa ox.",f(x) = 0 => -4x + -20 = 0 => x = -5,"(-5, 0)",76,16,35,7,3,5,0,0,0,0,1,0,"fie f: r → r, f(x) = -4x - 20. determinati intersectia graficului cu axa ox."
Generat - Functii liniare,,"Fie f: R → R, f(x) = 2x - 9. Calculati f(1).",f(1) = 2·(1) + -9 = 2 + -9 = -7,-7,1,Functii liniare,Funcții liniare,Funcții,1 - bază,alta,,"fie f: r → r, f(x) = 2x - 9. calculati f(1).",f(1) = 2·(1) + -9 = 2 + -9 = -7,-7,44,12,31,2,3,6,0,0,0,0,1,0,"fie f: r → r, f(x) = 2x - 9. calculati f(1)."
Generat - Functii liniare,,"Fie f: R → R, f(x) = 4x - 6. Determinati x pentru care f(x) = -22.",4x + -6 = -22 => 4x = -16 => x = -4,x = -4,2,Functii liniare,Funcții liniare,Funcții,2 - mediu,alta,,"fie f: r → r, f(x) = 4x - 6. determinati x pentru care f(x) = -22.",4x + -6 = -22 => 4x = -16 => x = -4,x = -4,66,17,35,6,4,8,0,0,0,0,1,0,"fie f: r → r, f(x) = 4x - 6. determinati x pentru care f(x) = -22."
Generat - Functii liniare,,"Fie f: R → R, f(x) = 2x - 18. Determinati intersectia graficului cu axa Ox.",f(x) = 0 => 2x + -18 = 0 => x = 9,"(9, 0)",2,Functii liniare,Funcții liniare,Funcții,2 - mediu,alta,,"fie f: r → r, f(x) = 2x - 18. determinati intersectia graficului cu axa ox.",f(x) = 0 => 2x + -18 = 0 => x = 9,"(9, 0)",75,16,33,6,3,4,0,0,0,0,1,0,"fie f: r → r, f(x) = 2x - 18. determinati intersectia graficului cu axa ox."
Generat - Functii liniare,,"Se considera functia f: R → R, f(x) = -5x + 9. Scrieti daca functia f este strict crescatoare sau strict descrescatoare pe R.","Coeficientul lui x este -5 < 0, deci functia este strict descrescatoare",strict descrescatoare,1,Functii liniare,Funcții liniare,Funcții,1 - bază,alta,,"se considera functia f: r → r, f(x) = -5x + 9. scrieti daca functia f este strict crescatoare sau strict descrescatoare pe r.","coeficientul lui x este -5 < 0, deci functia este strict descrescatoare",strict descrescatoare,125,24,71,21,2,5,0,0,0,0,1,0,"se considera functia f: r → r, f(x) = -5x + 9. scrieti daca functia f este strict crescatoare sau strict descrescatoare pe r."
Generat - Functii liniare,,"Fie f: R → R, f(x) = x + 16. Determinati intersectia graficului cu axa Ox.",f(x) = 0 => 1x + 16 = 0 => x = -16,"(-16, 0)",2,Functii liniare,Funcții liniare,Funcții,2 - mediu,alta,,"fie f: r → r, f(x) = x + 16. determinati intersectia graficului cu axa ox.",f(x) = 0 => 1x + 16 = 0 => x = -16,"(-16, 0)",74,16,34,8,2,4,0,0,0,0,1,0,"fie f: r → r, f(x) = x + 16. determinati intersectia graficului cu axa ox."
Generat - Functii liniare,,"Fie f: R → R, f(x) = 5x + 5. Determinati intersectia graficului cu axa Ox.",f(x) = 0 => 5x + 5 = 0 => x = -1,"(-1, 0)",2,Functii liniare,Funcții liniare,Funcții,2 - mediu,alta,,"fie f: r → r, f(x) = 5x + 5. determinati intersectia graficului cu axa ox.",f(x) = 0 => 5x + 5 = 0 => x = -1,"(-1, 0)",74,16,32,7,2,4,0,0,0,0,1,0,"fie f: r → r, f(x) = 5x + 5. determinati intersectia graficului cu axa ox."
Generat - Functii liniare,,"Fie f: R → R, f(x) = -x - 13. Determinati intersectia graficului cu axa Ox.",f(x) = 0 => -1x + -13 = 0 => x = -13,"(-13, 0)",2,Functii liniare,Funcții liniare,Funcții,2 - mediu,alta,,"fie f: r → r, f(x) = -x - 13. determinati intersectia graficului cu axa ox.",f(x) = 0 => -1x + -13 = 0 => x = -13,"(-13, 0)",75,16,36,8,2,5,0,0,0,0,1,0,"fie f: r → r, f(x) = -x - 13. determinati intersectia graficului cu axa ox."
Generat - Functii liniare,,"Fie f: R → R, f(x) = -5x. Calculati f(4).",f(4) = -5·(4) + 0 = -20 + 0 = -20,-20,1,Functii liniare,Funcții liniare,Funcții,1 - bază,alta,,"fie f: r → r, f(x) = -5x. calculati f(4).",f(4) = -5·(4) + 0 = -20 + 0 = -20,-20,41,10,33,3,2,6,0,0,0,0,1,0,"fie f: r → r, f(x) = -5x. calculati f(4)."
Generat - Functii liniare,,"Se considera functia f: R → R, f(x) = 3x + 3. Scrieti daca functia f este strict crescatoare sau strict descrescatoare pe R.","Coeficientul lui x este 3 > 0, deci functia este strict crescatoare",strict crescatoare,1,Functii liniare,Funcții liniare,Funcții,1 - bază,alta,,"se considera functia f: r → r, f(x) = 3x + 3. scrieti daca functia f este strict crescatoare sau strict descrescatoare pe r.","coeficientul lui x este 3 > 0, deci functia este strict crescatoare",strict crescatoare,124,24,67,18,2,4,0,0,0,0,1,0,"se considera functia f: r → r, f(x) = 3x + 3. scrieti daca functia f este strict crescatoare sau strict descrescatoare pe r."
Generat - Functii liniare,,"Fie f: R → R, f(x) = 2x - 14. Calculati f(1).",f(1) = 2·(1) + -14 = 2 + -14 = -12,-12,1,Functii liniare,Funcții liniare,Funcții,1 - bază,alta,,"fie f: r → r, f(x) = 2x - 14. calculati f(1).",f(1) = 2·(1) + -14 = 2 + -14 = -12,-12,45,12,34,3,4,6,0,0,0,0,1,0,"fie f: r → r, f(x) = 2x - 14. calculati f(1)."
Generat - Functii liniare,,"Se considera functia f: R → R, f(x) = 5x + 5. Scrieti daca functia f este strict crescatoare sau strict descrescatoare pe R.","Coeficientul lui x este 5 > 0, deci functia este strict crescatoare",strict crescatoare,1,Functii liniare,Funcții liniare,Funcții,1 - bază,alta,,"se considera functia f: r → r, f(x) = 5x + 5. scrieti daca functia f este strict crescatoare sau strict descrescatoare pe r.","coeficientul lui x este 5 > 0, deci functia este strict crescatoare",strict crescatoare,124,24,67,18,2,4,0,0,0,0,1,0,"se considera functia f: r → r, f(x) = 5x + 5. scrieti daca functia f este strict crescatoare sau strict descrescatoare pe r."
Generat - Functii liniare,,"Fie f: R → R, f(x) = 2x - 1. Determinati x pentru care f(x) = -5.",2x + -1 = -5 => 2x = -4 => x = -2,x = -2,2,Functii liniare,Funcții liniare,Funcții,2 - mediu,alta,,"fie f: r → r, f(x) = 2x - 1. determinati x pentru care f(x) = -5.",2x + -1 = -5 => 2x = -4 => x = -2,x = -2,65,17,33,6,3,8,0,0,0,0,1,0,"fie f: r → r, f(x) = 2x - 1. determinati x pentru care f(x) = -5."
Generat - Functii liniare,,"Se considera functia f: R → R, f(x) = x - 10. Scrieti daca functia f este strict crescatoare sau strict descrescatoare pe R.","Coeficientul lui x este 1 > 0, deci functia este strict crescatoare",strict crescatoare,1,Functii liniare,Funcții liniare,Funcții,1 - bază,alta,,"se considera functia f: r → r, f(x) = x - 10. scrieti daca functia f este strict crescatoare sau strict descrescatoare pe r.","coeficientul lui x este 1 > 0, deci functia este strict crescatoare",strict crescatoare,124,24,67,18,2,4,0,0,0,0,1,0,"se considera functia f: r → r, f(x) = x - 10. scrieti daca functia f este strict crescatoare sau strict descrescatoare pe r."
Generat - Functii liniare,,"Se considera functia f: R → R, f(x) = 4x + 20. Scrieti daca functia f este strict crescatoare sau strict descrescatoare pe R.","Coeficientul lui x este 4 > 0, deci functia este strict crescatoare",strict crescatoare,1,Functii liniare,Funcții liniare,Funcții,1 - bază,alta,,"se considera functia f: r → r, f(x) = 4x + 20. scrieti daca functia f este strict crescatoare sau strict descrescatoare pe r.","coeficientul lui x este 4 > 0, deci functia este strict crescatoare",strict crescatoare,125,24,67,18,3,4,0,0,0,0,1,0,"se considera functia f: r → r, f(x) = 4x + 20. scrieti daca functia f este strict crescatoare sau strict descrescatoare pe r."
Generat - Functii liniare,,"Fie f: R → R, f(x) = 4x + 12. Calculati f(0).",f(0) = 4·(0) + 12 = 0 + 12 = 12,12,1,Functii liniare,Funcții liniare,Funcții,1 - bază,alta,,"fie f: r → r, f(x) = 4x + 12. calculati f(0).",f(0) = 4·(0) + 12 = 0 + 12 = 12,12,45,12,31,2,4,6,0,0,0,0,1,0,"fie f: r → r, f(x) = 4x + 12. calculati f(0)."
Generat - Functii liniare,,"Fie f: R → R, f(x) = x - 11. Calculati f(-4).",f(-4) = 1·(-4) + -11 = -4 + -11 = -15,-15,1,Functii liniare,Funcții liniare,Funcții,1 - bază,alta,,"fie f: r → r, f(x) = x - 11. calculati f(-4).",f(-4) = 1·(-4) + -11 = -4 + -11 = -15,-15,45,12,37,3,3,7,0,0,0,0,1,0,"fie f: r → r, f(x) = x - 11. calculati f(-4)."
Generat - Functii liniare,,"Fie f: R → R, f(x) = -3x - 4. Calculati f(-3).",f(-3) = -3·(-3) + -4 = 9 + -4 = 5,5,1,Functii liniare,Funcții liniare,Funcții,1 - bază,alta,,"fie f: r → r, f(x) = -3x - 4. calculati f(-3).",f(-3) = -3·(-3) + -4 = 9 + -4 = 5,5,46,12,33,1,3,8,0,0,0,0,1,0,"fie f: r → r, f(x) = -3x - 4. calculati f(-3)."
Generat - Functii liniare,,"Se considera functia f: R → R, f(x) = 5x - 11. Scrieti daca functia f este strict crescatoare sau strict descrescatoare pe R.","Coeficientul lui x este 5 > 0, deci functia este strict crescatoare",strict crescatoare,1,Functii liniare,Funcții liniare,Funcții,1 - bază,alta,,"se considera functia f: r → r, f(x) = 5x - 11. scrieti daca functia f este strict crescatoare sau strict descrescatoare pe r.","coeficientul lui x este 5 > 0, deci functia este strict crescatoare",strict crescatoare,125,24,67,18,3,4,0,0,0,0,1,0,"se considera functia f: r → r, f(x) = 5x - 11. scrieti daca functia f este strict crescatoare sau strict descrescatoare pe r."
Generat - Functii liniare,,"Fie f: R → R, f(x) = -3x + 20. Determinati intersectia graficului cu axa Ox.",f(x) = 0 => -3x + 20 = 0 => x = 20/3,"(20/3, 0)",2,Functii liniare,Funcții liniare,Funcții,2 - mediu,alta,,"fie f: r → r, f(x) = -3x + 20. determinati intersectia graficului cu axa ox.",f(x) = 0 => -3x + 20 = 0 => x = 20/3,"(20/3, 0)",76,16,36,9,3,5,0,0,0,0,1,0,"fie f: r → r, f(x) = -3x + 20. determinati intersectia graficului cu axa ox."
Generat - Functii liniare,,"Fie f: R → R, f(x) = 3x + 16. Determinati intersectia graficului cu axa Ox.",f(x) = 0 => 3x + 16 = 0 => x = -16/3,"(-16/3, 0)",2,Functii liniare,Funcții liniare,Funcții,2 - mediu,alta,,"fie f: r → r, f(x) = 3x + 16. determinati intersectia graficului cu axa ox.",f(x) = 0 => 3x + 16 = 0 => x = -16/3,"(-16/3, 0)",75,16,36,10,3,4,0,0,0,0,1,0,"fie f: r → r, f(x) = 3x + 16. determinati intersectia graficului cu axa ox."
Generat - Functii liniare,,"Fie f: R → R, f(x) = 5x + 20. Determinati x pentru care f(x) = 45.",5x + 20 = 45 => 5x = 25 => x = 5,x = 5,2,Functii liniare,Funcții liniare,Funcții,2 - mediu,alta,,"fie f: r → r, f(x) = 5x + 20. determinati x pentru care f(x) = 45.",5x + 20 = 45 => 5x = 25 => x = 5,x = 5,66,17,32,5,5,7,0,0,0,0,1,0,"fie f: r → r, f(x) = 5x + 20. determinati x pentru care f(x) = 45."
Generat - Functii liniare,,"Fie f: R → R, f(x) = x - 11. Determinati intersectia graficului cu axa Ox.",f(x) = 0 => 1x + -11 = 0 => x = 11,"(11, 0)",2,Functii liniare,Funcții liniare,Funcții,2 - mediu,alta,,"fie f: r → r, f(x) = x - 11. determinati intersectia graficului cu axa ox.",f(x) = 0 => 1x + -11 = 0 => x = 11,"(11, 0)",74,16,34,7,2,4,0,0,0,0,1,0,"fie f: r → r, f(x) = x - 11. determinati intersectia graficului cu axa ox."
Generat - Functii liniare,,"Fie f: R → R, f(x) = -4x + 10. Determinati intersectia graficului cu axa Ox.",f(x) = 0 => -4x + 10 = 0 => x = 5/2,"(5/2, 0)",2,Functii liniare,Funcții liniare,Funcții,2 - mediu,alta,,"fie f: r → r, f(x) = -4x + 10. determinati intersectia graficului cu axa ox.",f(x) = 0 => -4x + 10 = 0 => x = 5/2,"(5/2, 0)",76,16,35,8,3,5,0,0,0,0,1,0,"fie f: r → r, f(x) = -4x + 10. determinati intersectia graficului cu axa ox."
Generat - Functii liniare,,"Se considera functia f: R → R, f(x) = -x - 3. Scrieti daca functia f este strict crescatoare sau strict descrescatoare pe R.","Coeficientul lui x este -1 < 0, deci functia este strict descrescatoare",strict descrescatoare,1,Functii liniare,Funcții liniare,Funcții,1 - bază,alta,,"se considera functia f: r → r, f(x) = -x - 3. scrieti daca functia f este strict crescatoare sau strict descrescatoare pe r.","coeficientul lui x este -1 < 0, deci functia este strict descrescatoare",strict descrescatoare,124,24,71,21,1,5,0,0,0,0,1,0,"se considera functia f: r → r, f(x) = -x - 3. scrieti daca functia f este strict crescatoare sau strict descrescatoare pe r."
Generat - Functii liniare,,"Se considera functia f: R → R, f(x) = x + 12. Scrieti daca functia f este strict crescatoare sau strict descrescatoare pe R.","Coeficientul lui x este 1 > 0, deci functia este strict crescatoare",strict crescatoare,1,Functii liniare,Funcții liniare,Funcții,1 - bază,alta,,"se considera functia f: r → r, f(x) = x + 12. scrieti daca functia f este strict crescatoare sau strict descrescatoare pe r.","coeficientul lui x este 1 > 0, deci functia este strict crescatoare",strict crescatoare,124,24,67,18,2,4,0,0,0,0,1,0,"se considera functia f: r → r, f(x) = x + 12. scrieti daca functia f este strict crescatoare sau strict descrescatoare pe r."
Generat - Functii liniare,,"Fie f: R → R, f(x) = -x + 9. Determinati intersectia graficului cu axa Ox.",f(x) = 0 => -1x + 9 = 0 => x = 9,"(9, 0)",2,Functii liniare,Funcții liniare,Funcții,2 - mediu,alta,,"fie f: r → r, f(x) = -x + 9. determinati intersectia graficului cu axa ox.",f(x) = 0 => -1x + 9 = 0 => x = 9,"(9, 0)",74,16,32,6,1,5,0,0,0,0,1,0,"fie f: r → r, f(x) = -x + 9. determinati intersectia graficului cu axa ox."
Generat - Functii liniare,,"Fie f: R → R, f(x) = -5x - 17. Determinati x pentru care f(x) = -12.",-5x + -17 = -12 => -5x = 5 => x = -1,x = -1,2,Functii liniare,Funcții liniare,Funcții,2 - mediu,alta,,"fie f: r → r, f(x) = -5x - 17. determinati x pentru care f(x) = -12.",-5x + -17 = -12 => -5x = 5 => x = -1,x = -1,68,17,36,6,5,9,0,0,0,0,1,0,"fie f: r → r, f(x) = -5x - 17. determinati x pentru care f(x) = -12."
Generat - Functii liniare,,"Fie f: R → R, f(x) = -4x - 15. Determinati intersectia graficului cu axa Ox.",f(x) = 0 => -4x + -15 = 0 => x = -15/4,"(-15/4, 0)",2,Functii liniare,Funcții liniare,Funcții,2 - mediu,alta,,"fie f: r → r, f(x) = -4x - 15. determinati intersectia graficului cu axa ox.",f(x) = 0 => -4x + -15 = 0 => x = -15/4,"(-15/4, 0)",76,16,38,10,3,5,0,0,0,0,1,0,"fie f: r → r, f(x) = -4x - 15. determinati intersectia graficului cu axa ox."
Generat - Functii liniare,,"Se considera functia f: R → R, f(x) = 3x + 17. Scrieti daca functia f este strict crescatoare sau strict descrescatoare pe R.","Coeficientul lui x este 3 > 0, deci functia este strict crescatoare",strict crescatoare,1,Functii liniare,Funcții liniare,Funcții,1 - bază,alta,,"se considera functia f: r → r, f(x) = 3x + 17. scrieti daca functia f este strict crescatoare sau strict descrescatoare pe r.","coeficientul lui x este 3 > 0, deci functia este strict crescatoare",strict crescatoare,125,24,67,18,3,4,0,0,0,0,1,0,"se considera functia f: r → r, f(x) = 3x + 17. scrieti daca functia f este strict crescatoare sau strict descrescatoare pe r."
Generat - Functii liniare,,"Fie f: R → R, f(x) = 3x + 16. Calculati f(0).",f(0) = 3·(0) + 16 = 0 + 16 = 16,16,1,Functii liniare,Funcții liniare,Funcții,1 - bază,alta,,"fie f: r → r, f(x) = 3x + 16. calculati f(0).",f(0) = 3·(0) + 16 = 0 + 16 = 16,16,45,12,31,2,4,6,0,0,0,0,1,0,"fie f: r → r, f(x) = 3x + 16. calculati f(0)."
Generat - Functii liniare,,"Fie f: R → R, f(x) = 5x + 10. Calculati f(-5).",f(-5) = 5·(-5) + 10 = -25 + 10 = -15,-15,1,Functii liniare,Funcții liniare,Funcții,1 - bază,alta,,"fie f: r → r, f(x) = 5x + 10. calculati f(-5).",f(-5) = 5·(-5) + 10 = -25 + 10 = -15,-15,46,12,36,3,4,7,0,0,0,0,1,0,"fie f: r → r, f(x) = 5x + 10. calculati f(-5)."
Generat - Functii liniare,,"Fie f: R → R, f(x) = 3x - 14. Determinati x pentru care f(x) = -26.",3x + -14 = -26 => 3x = -12 => x = -4,x = -4,2,Functii liniare,Funcții liniare,Funcții,2 - mediu,alta,,"fie f: r → r, f(x) = 3x - 14. determinati x pentru care f(x) = -26.",3x + -14 = -26 => 3x = -12 => x = -4,x = -4,67,17,36,6,5,8,0,0,0,0,1,0,"fie f: r → r, f(x) = 3x - 14. determinati x pentru care f(x) = -26."
Generat - Functii liniare,,"Se considera functia f: R → R, f(x) = 4x - 9. Scrieti daca functia f este strict crescatoare sau strict descrescatoare pe R.","Coeficientul lui x este 4 > 0, deci functia este strict crescatoare",strict crescatoare,1,Functii liniare,Funcții liniare,Funcții,1 - bază,alta,,"se considera functia f: r → r, f(x) = 4x - 9. scrieti daca functia f este strict crescatoare sau strict descrescatoare pe r.","coeficientul lui x este 4 > 0, deci functia este strict crescatoare",strict crescatoare,124,24,67,18,2,4,0,0,0,0,1,0,"se considera functia f: r → r, f(x) = 4x - 9. scrieti daca functia f este strict crescatoare sau strict descrescatoare pe r."
Generat - Functii liniare,,"Fie f: R → R, f(x) = -2x + 8. Determinati intersectia graficului cu axa Ox.",f(x) = 0 => -2x + 8 = 0 => x = 4,"(4, 0)",2,Functii liniare,Funcții liniare,Funcții,2 - mediu,alta,,"fie f: r → r, f(x) = -2x + 8. determinati intersectia graficului cu axa ox.",f(x) = 0 => -2x + 8 = 0 => x = 4,"(4, 0)",75,16,32,6,2,5,0,0,0,0,1,0,"fie f: r → r, f(x) = -2x + 8. determinati intersectia graficului cu axa ox."
Generat - Functii liniare,,"Fie f: R → R, f(x) = 4x + 13. Calculati f(0).",f(0) = 4·(0) + 13 = 0 + 13 = 13,13,1,Functii liniare,Funcții liniare,Funcții,1 - bază,alta,,"fie f: r → r, f(x) = 4x + 13. calculati f(0).",f(0) = 4·(0) + 13 = 0 + 13 = 13,13,45,12,31,2,4,6,0,0,0,0,1,0,"fie f: r → r, f(x) = 4x + 13. calculati f(0)."
Generat - Functii liniare,,"Fie f: R → R, f(x) = x - 2. Determinati intersectia graficului cu axa Ox.",f(x) = 0 => 1x + -2 = 0 => x = 2,"(2, 0)",2,Functii liniare,Funcții liniare,Funcții,2 - mediu,alta,,"fie f: r → r, f(x) = x - 2. determinati intersectia graficului cu axa ox.",f(x) = 0 => 1x + -2 = 0 => x = 2,"(2, 0)",73,16,32,6,1,4,0,0,0,0,1,0,"fie f: r → r, f(x) = x - 2. determinati intersectia graficului cu axa ox."
Generat - Functii liniare,,"Se considera functia f: R → R, f(x) = 2x + 1. Scrieti daca functia f este strict crescatoare sau strict descrescatoare pe R.","Coeficientul lui x este 2 > 0, deci functia este strict crescatoare",strict crescatoare,1,Functii liniare,Funcții liniare,Funcții,1 - bază,alta,,"se considera functia f: r → r, f(x) = 2x + 1. scrieti daca functia f este strict crescatoare sau strict descrescatoare pe r.","coeficientul lui x este 2 > 0, deci functia este strict crescatoare",strict crescatoare,124,24,67,18,2,4,0,0,0,0,1,0,"se considera functia f: r → r, f(x) = 2x + 1. scrieti daca functia f este strict crescatoare sau strict descrescatoare pe r."
Generat - Functii liniare,,"Fie f: R → R, f(x) = x - 16. Determinati x pentru care f(x) = -20.",1x + -16 = -20 => 1x = -4 => x = -4,x = -4,2,Functii liniare,Funcții liniare,Funcții,2 - mediu,alta,,"fie f: r → r, f(x) = x - 16. determinati x pentru care f(x) = -20.",1x + -16 = -20 => 1x = -4 => x = -4,x = -4,66,17,35,6,4,8,0,0,0,0,1,0,"fie f: r → r, f(x) = x - 16. determinati x pentru care f(x) = -20."
Generat - Functii liniare,,"Fie f: R → R, f(x) = 4x + 4. Determinati x pentru care f(x) = 0.",4x + 4 = 0 => 4x = -4 => x = -1,x = -1,2,Functii liniare,Funcții liniare,Funcții,2 - mediu,alta,,"fie f: r → r, f(x) = 4x + 4. determinati x pentru care f(x) = 0.",4x + 4 = 0 => 4x = -4 => x = -1,x = -1,64,17,31,6,3,7,0,0,0,0,1,0,"fie f: r → r, f(x) = 4x + 4. determinati x pentru care f(x) = 0."
Generat - Functii liniare,,"Fie f: R → R, f(x) = 5x - 11. Determinati x pentru care f(x) = -31.",5x + -11 = -31 => 5x = -20 => x = -4,x = -4,2,Functii liniare,Funcții liniare,Funcții,2 - mediu,alta,,"fie f: r → r, f(x) = 5x - 11. determinati x pentru care f(x) = -31.",5x + -11 = -31 => 5x = -20 => x = -4,x = -4,67,17,36,6,5,8,0,0,0,0,1,0,"fie f: r → r, f(x) = 5x - 11. determinati x pentru care f(x) = -31."
Generat - Functii liniare,,"Fie f: R → R, f(x) = 5x - 11. Determinati x pentru care f(x) = -16.",5x + -11 = -16 => 5x = -5 => x = -1,x = -1,2,Functii liniare,Funcții liniare,Funcții,2 - mediu,alta,,"fie f: r → r, f(x) = 5x - 11. determinati x pentru care f(x) = -16.",5x + -11 = -16 => 5x = -5 => x = -1,x = -1,67,17,35,6,5,8,0,0,0,0,1,0,"fie f: r → r, f(x) = 5x - 11. determinati x pentru care f(x) = -16."
Generat - Functii liniare,,"Se considera functia f: R → R, f(x) = 2x - 12. Scrieti daca functia f este strict crescatoare sau strict descrescatoare pe R.","Coeficientul lui x este 2 > 0, deci functia este strict crescatoare",strict crescatoare,1,Functii liniare,Funcții liniare,Funcții,1 - bază,alta,,"se considera functia f: r → r, f(x) = 2x - 12. scrieti daca functia f este strict crescatoare sau strict descrescatoare pe r.","coeficientul lui x este 2 > 0, deci functia este strict crescatoare",strict crescatoare,125,24,67,18,3,4,0,0,0,0,1,0,"se considera functia f: r → r, f(x) = 2x - 12. scrieti daca functia f este strict crescatoare sau strict descrescatoare pe r."
Generat - Functii liniare,,"Fie f: R → R, f(x) = -x + 15. Determinati intersectia graficului cu axa Ox.",f(x) = 0 => -1x + 15 = 0 => x = 15,"(15, 0)",2,Functii liniare,Funcții liniare,Funcții,2 - mediu,alta,,"fie f: r → r, f(x) = -x + 15. determinati intersectia graficului cu axa ox.",f(x) = 0 => -1x + 15 = 0 => x = 15,"(15, 0)",75,16,34,7,2,5,0,0,0,0,1,0,"fie f: r → r, f(x) = -x + 15. determinati intersectia graficului cu axa ox."
Generat - Functii liniare,,"Se considera functia f: R → R, f(x) = x - 12. Scrieti daca functia f este strict crescatoare sau strict descrescatoare pe R.","Coeficientul lui x este 1 > 0, deci functia este strict crescatoare",strict crescatoare,1,Functii liniare,Funcții liniare,Funcții,1 - bază,alta,,"se considera functia f: r → r, f(x) = x - 12. scrieti daca functia f este strict crescatoare sau strict descrescatoare pe r.","coeficientul lui x este 1 > 0, deci functia este strict crescatoare",strict crescatoare,124,24,67,18,2,4,0,0,0,0,1,0,"se considera functia f: r → r, f(x) = x - 12. scrieti daca functia f este strict crescatoare sau strict descrescatoare pe r."
Generat - Functii liniare,,"Fie f: R → R, f(x) = 2x + 12. Determinati x pentru care f(x) = 2.",2x + 12 = 2 => 2x = -10 => x = -5,x = -5,2,Functii liniare,Funcții liniare,Funcții,2 - mediu,alta,,"fie f: r → r, f(x) = 2x + 12. determinati x pentru care f(x) = 2.",2x + 12 = 2 => 2x = -10 => x = -5,x = -5,65,17,33,6,4,7,0,0,0,0,1,0,"fie f: r → r, f(x) = 2x + 12. determinati x pentru care f(x) = 2."
Generat - Functii liniare,,"Fie f: R → R, f(x) = x - 1. Calculati f(-2).",f(-2) = 1·(-2) + -1 = -2 + -1 = -3,-3,1,Functii liniare,Funcții liniare,Funcții,1 - bază,alta,,"fie f: r → r, f(x) = x - 1. calculati f(-2).",f(-2) = 1·(-2) + -1 = -2 + -1 = -3,-3,44,12,34,2,2,7,0,0,0,0,1,0,"fie f: r → r, f(x) = x - 1. calculati f(-2)."
Generat - Functii liniare,,"Fie f: R → R, f(x) = x + 11. Calculati f(-2).",f(-2) = 1·(-2) + 11 = -2 + 11 = 9,9,1,Functii liniare,Funcții liniare,Funcții,1 - bază,alta,,"fie f: r → r, f(x) = x + 11. calculati f(-2).",f(-2) = 1·(-2) + 11 = -2 + 11 = 9,9,45,12,33,1,3,7,0,0,0,0,1,0,"fie f: r → r, f(x) = x + 11. calculati f(-2)."
Generat - Functii liniare,,"Se considera functia f: R → R, f(x) = -3x - 11. Scrieti daca functia f este strict crescatoare sau strict descrescatoare pe R.","Coeficientul lui x este -3 < 0, deci functia este strict descrescatoare",strict descrescatoare,1,Functii liniare,Funcții liniare,Funcții,1 - bază,alta,,"se considera functia f: r → r, f(x) = -3x - 11. scrieti daca functia f este strict crescatoare sau strict descrescatoare pe r.","coeficientul lui x este -3 < 0, deci functia este strict descrescatoare",strict descrescatoare,126,24,71,21,3,5,0,0,0,0,1,0,"se considera functia f: r → r, f(x) = -3x - 11. scrieti daca functia f este strict crescatoare sau strict descrescatoare pe r."
Generat - Functii liniare,,"Se considera functia f: R → R, f(x) = -x - 14. Scrieti daca functia f este strict crescatoare sau strict descrescatoare pe R.","Coeficientul lui x este -1 < 0, deci functia este strict descrescatoare",strict descrescatoare,1,Functii liniare,Funcții liniare,Funcții,1 - bază,alta,,"se considera functia f: r → r, f(x) = -x - 14. scrieti daca functia f este strict crescatoare sau strict descrescatoare pe r.","coeficientul lui x este -1 < 0, deci functia este strict descrescatoare",strict descrescatoare,125,24,71,21,2,5,0,0,0,0,1,0,"se considera functia f: r → r, f(x) = -x - 14. scrieti daca functia f este strict crescatoare sau strict descrescatoare pe r."
Generat - Functii liniare,,"Fie f: R → R, f(x) = x + 19. Calculati f(4).",f(4) = 1·(4) + 19 = 4 + 19 = 23,23,1,Functii liniare,Funcții liniare,Funcții,1 - bază,alta,,"fie f: r → r, f(x) = x + 19. calculati f(4).",f(4) = 1·(4) + 19 = 4 + 19 = 23,23,44,12,31,2,3,6,0,0,0,0,1,0,"fie f: r → r, f(x) = x + 19. calculati f(4)."
Generat - Functii liniare,,"Fie f: R → R, f(x) = 2x - 11. Calculati f(-3).",f(-3) = 2·(-3) + -11 = -6 + -11 = -17,-17,1,Functii liniare,Funcții liniare,Funcții,1 - bază,alta,,"fie f: r → r, f(x) = 2x - 11. calculati f(-3).",f(-3) = 2·(-3) + -11 = -6 + -11 = -17,-17,46,12,37,3,4,7,0,0,0,0,1,0,"fie f: r → r, f(x) = 2x - 11. calculati f(-3)."
Generat - Functii liniare,,"Fie f: R → R, f(x) = 5x - 10. Determinati intersectia graficului cu axa Ox.",f(x) = 0 => 5x + -10 = 0 => x = 2,"(2, 0)",2,Functii liniare,Funcții liniare,Funcții,2 - mediu,alta,,"fie f: r → r, f(x) = 5x - 10. determinati intersectia graficului cu axa ox.",f(x) = 0 => 5x + -10 = 0 => x = 2,"(2, 0)",75,16,33,6,3,4,0,0,0,0,1,0,"fie f: r → r, f(x) = 5x - 10. determinati intersectia graficului cu axa ox."
Generat - Functii liniare,,"Fie f: R → R, f(x) = -5x + 6. Determinati x pentru care f(x) = -19.",-5x + 6 = -19 => -5x = -25 => x = 5,x = 5,2,Functii liniare,Funcții liniare,Funcții,2 - mediu,alta,,"fie f: r → r, f(x) = -5x + 6. determinati x pentru care f(x) = -19.",-5x + 6 = -19 => -5x = -25 => x = 5,x = 5,67,17,35,5,4,9,0,0,0,0,1,0,"fie f: r → r, f(x) = -5x + 6. determinati x pentru care f(x) = -19."
Generat - Functii liniare,,"Fie f: R → R, f(x) = -2x + 8. Determinati x pentru care f(x) = 4.",-2x + 8 = 4 => -2x = -4 => x = 2,x = 2,2,Functii liniare,Funcții liniare,Funcții,2 - mediu,alta,,"fie f: r → r, f(x) = -2x + 8. determinati x pentru care f(x) = 4.",-2x + 8 = 4 => -2x = -4 => x = 2,x = 2,65,17,32,5,3,8,0,0,0,0,1,0,"fie f: r → r, f(x) = -2x + 8. determinati x pentru care f(x) = 4."
Generat - Functii liniare,,"Fie f: R → R, f(x) = -2x + 14. Calculati f(-1).",f(-1) = -2·(-1) + 14 = 2 + 14 = 16,16,1,Functii liniare,Funcții liniare,Funcții,1 - bază,alta,,"fie f: r → r, f(x) = -2x + 14. calculati f(-1).",f(-1) = -2·(-1) + 14 = 2 + 14 = 16,16,47,12,34,2,4,8,0,0,0,0,1,0,"fie f: r → r, f(x) = -2x + 14. calculati f(-1)."
Generat - Functii liniare,,"Fie f: R → R, f(x) = 3x - 8. Determinati x pentru care f(x) = 7.",3x + -8 = 7 => 3x = 15 => x = 5,x = 5,2,Functii liniare,Funcții liniare,Funcții,2 - mediu,alta,,"fie f: r → r, f(x) = 3x - 8. determinati x pentru care f(x) = 7.",3x + -8 = 7 => 3x = 15 => x = 5,x = 5,64,17,31,5,3,7,0,0,0,0,1,0,"fie f: r → r, f(x) = 3x - 8. determinati x pentru care f(x) = 7."
Generat - Functii liniare,,"Fie f: R → R, f(x) = 5x + 8. Determinati intersectia graficului cu axa Ox.",f(x) = 0 => 5x + 8 = 0 => x = -8/5,"(-8/5, 0)",2,Functii liniare,Funcții liniare,Funcții,2 - mediu,alta,,"fie f: r → r, f(x) = 5x + 8. determinati intersectia graficului cu axa ox.",f(x) = 0 => 5x + 8 = 0 => x = -8/5,"(-8/5, 0)",74,16,34,9,2,4,0,0,0,0,1,0,"fie f: r → r, f(x) = 5x + 8. determinati intersectia graficului cu axa ox."
Generat - Functii liniare,,"Fie f: R → R, f(x) = -x + 4. Determinati intersectia graficului cu axa Ox.",f(x) = 0 => -1x + 4 = 0 => x = 4,"(4, 0)",2,Functii liniare,Funcții liniare,Funcții,2 - mediu,alta,,"fie f: r → r, f(x) = -x + 4. determinati intersectia graficului cu axa ox.",f(x) = 0 => -1x + 4 = 0 => x = 4,"(4, 0)",74,16,32,6,1,5,0,0,0,0,1,0,"fie f: r → r, f(x) = -x + 4. determinati intersectia graficului cu axa ox."
Generat - Functii liniare,,"Fie f: R → R, f(x) = -3x - 8. Calculati f(-1).",f(-1) = -3·(-1) + -8 = 3 + -8 = -5,-5,1,Functii liniare,Funcții liniare,Funcții,1 - bază,alta,,"fie f: r → r, f(x) = -3x - 8. calculati f(-1).",f(-1) = -3·(-1) + -8 = 3 + -8 = -5,-5,46,12,34,2,3,8,0,0,0,0,1,0,"fie f: r → r, f(x) = -3x - 8. calculati f(-1)."
Generat - Functii liniare,,"Fie f: R → R, f(x) = -5x + 10. Determinati x pentru care f(x) = -5.",-5x + 10 = -5 => -5x = -15 => x = 3,x = 3,2,Functii liniare,Funcții liniare,Funcții,2 - mediu,alta,,"fie f: r → r, f(x) = -5x + 10. determinati x pentru care f(x) = -5.",-5x + 10 = -5 => -5x = -15 => x = 3,x = 3,67,17,35,5,4,9,0,0,0,0,1,0,"fie f: r → r, f(x) = -5x + 10. determinati x pentru care f(x) = -5."
Generat - Functii liniare,,"Se considera functia f: R → R, f(x) = -4x + 13. Scrieti daca functia f este strict crescatoare sau strict descrescatoare pe R.","Coeficientul lui x este -4 < 0, deci functia este strict descrescatoare",strict descrescatoare,1,Functii liniare,Funcții liniare,Funcții,1 - bază,alta,,"se considera functia f: r → r, f(x) = -4x + 13. scrieti daca functia f este strict crescatoare sau strict descrescatoare pe r.","coeficientul lui x este -4 < 0, deci functia este strict descrescatoare",strict descrescatoare,126,24,71,21,3,5,0,0,0,0,1,0,"se considera functia f: r → r, f(x) = -4x + 13. scrieti daca functia f este strict crescatoare sau strict descrescatoare pe r."
Generat - Functii liniare,,"Fie f: R → R, f(x) = -x - 15. Calculati f(-1).",f(-1) = -1·(-1) + -15 = 1 + -15 = -14,-14,1,Functii liniare,Funcții liniare,Funcții,1 - bază,alta,,"fie f: r → r, f(x) = -x - 15. calculati f(-1).",f(-1) = -1·(-1) + -15 = 1 + -15 = -14,-14,46,12,37,3,3,8,0,0,0,0,1,0,"fie f: r → r, f(x) = -x - 15. calculati f(-1)."
Generat - Functii liniare,,"Fie f: R → R, f(x) = 3x + 12. Calculati f(1).",f(1) = 3·(1) + 12 = 3 + 12 = 15,15,1,Functii liniare,Funcții liniare,Funcții,1 - bază,alta,,"fie f: r → r, f(x) = 3x + 12. calculati f(1).",f(1) = 3·(1) + 12 = 3 + 12 = 15,15,45,12,31,2,4,6,0,0,0,0,1,0,"fie f: r → r, f(x) = 3x + 12. calculati f(1)."
Generat - Functii liniare,,"Fie f: R → R, f(x) = -4x - 6. Determinati intersectia graficului cu axa Ox.",f(x) = 0 => -4x + -6 = 0 => x = -3/2,"(-3/2, 0)",2,Functii liniare,Funcții liniare,Funcții,2 - mediu,alta,,"fie f: r → r, f(x) = -4x - 6. determinati intersectia graficului cu axa ox.",f(x) = 0 => -4x + -6 = 0 => x = -3/2,"(-3/2, 0)",75,16,36,9,2,5,0,0,0,0,1,0,"fie f: r → r, f(x) = -4x - 6. determinati intersectia graficului cu axa ox."
Generat - Functii liniare,,"Fie f: R → R, f(x) = x - 19. Determinati intersectia graficului cu axa Ox.",f(x) = 0 => 1x + -19 = 0 => x = 19,"(19, 0)",2,Functii liniare,Funcții liniare,Funcții,2 - mediu,alta,,"fie f: r → r, f(x) = x - 19. determinati intersectia graficului cu axa ox.",f(x) = 0 => 1x + -19 = 0 => x = 19,"(19, 0)",74,16,34,7,2,4,0,0,0,0,1,0,"fie f: r → r, f(x) = x - 19. determinati intersectia graficului cu axa ox."
Generat - Functii liniare,,"Fie f: R → R, f(x) = -5x + 5. Determinati x pentru care f(x) = 15.",-5x + 5 = 15 => -5x = 10 => x = -2,x = -2,2,Functii liniare,Funcții liniare,Funcții,2 - mediu,alta,,"fie f: r → r, f(x) = -5x + 5. determinati x pentru care f(x) = 15.",-5x + 5 = 15 => -5x = 10 => x = -2,x = -2,66,17,34,6,4,8,0,0,0,0,1,0,"fie f: r → r, f(x) = -5x + 5. determinati x pentru care f(x) = 15."
Generat - Functii liniare,,"Fie f: R → R, f(x) = 2x - 15. Determinati x pentru care f(x) = -19.",2x + -15 = -19 => 2x = -4 => x = -2,x = -2,2,Functii liniare,Funcții liniare,Funcții,2 - mediu,alta,,"fie f: r → r, f(x) = 2x - 15. determinati x pentru care f(x) = -19.",2x + -15 = -19 => 2x = -4 => x = -2,x = -2,67,17,35,6,5,8,0,0,0,0,1,0,"fie f: r → r, f(x) = 2x - 15. determinati x pentru care f(x) = -19."
Generat - Functii liniare,,"Se considera functia f: R → R, f(x) = -5x. Scrieti daca functia f este strict crescatoare sau strict descrescatoare pe R.","Coeficientul lui x este -5 < 0, deci functia este strict descrescatoare",strict descrescatoare,1,Functii liniare,Funcții liniare,Funcții,1 - bază,alta,,"se considera functia f: r → r, f(x) = -5x. scrieti daca functia f este strict crescatoare sau strict descrescatoare pe r.","coeficientul lui x este -5 < 0, deci functia este strict descrescatoare",strict descrescatoare,121,22,71,21,1,4,0,0,0,0,1,0,"se considera functia f: r → r, f(x) = -5x. scrieti daca functia f este strict crescatoare sau strict descrescatoare pe r."
Generat - Functii liniare,,"Fie f: R → R, f(x) = x - 11. Calculati f(-5).",f(-5) = 1·(-5) + -11 = -5 + -11 = -16,-16,1,Functii liniare,Funcții liniare,Funcții,1 - bază,alta,,"fie f: r → r, f(x) = x - 11. calculati f(-5).",f(-5) = 1·(-5) + -11 = -5 + -11 = -16,-16,45,12,37,3,3,7,0,0,0,0,1,0,"fie f: r → r, f(x) = x - 11. calculati f(-5)."
Generat - Functii liniare,,"Fie f: R → R, f(x) = -x + 10. Calculati f(2).",f(2) = -1·(2) + 10 = -2 + 10 = 8,8,1,Functii liniare,Funcții liniare,Funcții,1 - bază,alta,,"fie f: r → r, f(x) = -x + 10. calculati f(2).",f(2) = -1·(2) + 10 = -2 + 10 = 8,8,45,12,32,1,3,7,0,0,0,0,1,0,"fie f: r → r, f(x) = -x + 10. calculati f(2)."
Generat - Functii liniare,,"Se considera functia f: R → R, f(x) = 3x + 19. Scrieti daca functia f este strict crescatoare sau strict descrescatoare pe R.","Coeficientul lui x este 3 > 0, deci functia este strict crescatoare",strict crescatoare,1,Functii liniare,Funcții liniare,Funcții,1 - bază,alta,,"se considera functia f: r → r, f(x) = 3x + 19. scrieti daca functia f este strict crescatoare sau strict descrescatoare pe r.","coeficientul lui x este 3 > 0, deci functia este strict crescatoare",strict crescatoare,125,24,67,18,3,4,0,0,0,0,1,0,"se considera functia f: r → r, f(x) = 3x + 19. scrieti daca functia f este strict crescatoare sau strict descrescatoare pe r."
Generat - Functii liniare,,"Fie f: R → R, f(x) = -4x - 19. Determinati x pentru care f(x) = -11.",-4x + -19 = -11 => -4x = 8 => x = -2,x = -2,2,Functii liniare,Funcții liniare,Funcții,2 - mediu,alta,,"fie f: r → r, f(x) = -4x - 19. determinati x pentru care f(x) = -11.",-4x + -19 = -11 => -4x = 8 => x = -2,x = -2,68,17,36,6,5,9,0,0,0,0,1,0,"fie f: r → r, f(x) = -4x - 19. determinati x pentru care f(x) = -11."
Generat - Functii liniare,,"Fie f: R → R, f(x) = -3x + 15. Determinati intersectia graficului cu axa Ox.",f(x) = 0 => -3x + 15 = 0 => x = 5,"(5, 0)",2,Functii liniare,Funcții liniare,Funcții,2 - mediu,alta,,"fie f: r → r, f(x) = -3x + 15. determinati intersectia graficului cu axa ox.",f(x) = 0 => -3x + 15 = 0 => x = 5,"(5, 0)",76,16,33,6,3,5,0,0,0,0,1,0,"fie f: r → r, f(x) = -3x + 15. determinati intersectia graficului cu axa ox."
Generat - Functii liniare,,"Fie f: R → R, f(x) = -4x - 2. Calculati f(-1).",f(-1) = -4·(-1) + -2 = 4 + -2 = 2,2,1,Functii liniare,Funcții liniare,Funcții,1 - bază,alta,,"fie f: r → r, f(x) = -4x - 2. calculati f(-1).",f(-1) = -4·(-1) + -2 = 4 + -2 = 2,2,46,12,33,1,3,8,0,0,0,0,1,0,"fie f: r → r, f(x) = -4x - 2. calculati f(-1)."
Generat - Functii liniare,,"Fie f: R → R, f(x) = -4x - 17. Calculati f(1).",f(1) = -4·(1) + -17 = -4 + -17 = -21,-21,1,Functii liniare,Funcții liniare,Funcții,1 - bază,alta,,"fie f: r → r, f(x) = -4x - 17. calculati f(1).",f(1) = -4·(1) + -17 = -4 + -17 = -21,-21,46,12,36,3,4,7,0,0,0,0,1,0,"fie f: r → r, f(x) = -4x - 17. calculati f(1)."
Generat - Functii liniare,,"Se considera functia f: R → R, f(x) = 5x + 9. Scrieti daca functia f este strict crescatoare sau strict descrescatoare pe R.","Coeficientul lui x este 5 > 0, deci functia este strict crescatoare",strict crescatoare,1,Functii liniare,Funcții liniare,Funcții,1 - bază,alta,,"se considera functia f: r → r, f(x) = 5x + 9. scrieti daca functia f este strict crescatoare sau strict descrescatoare pe r.","coeficientul lui x este 5 > 0, deci functia este strict crescatoare",strict crescatoare,124,24,67,18,2,4,0,0,0,0,1,0,"se considera functia f: r → r, f(x) = 5x + 9. scrieti daca functia f este strict crescatoare sau strict descrescatoare pe r."
Generat - Functii liniare,,"Se considera functia f: R → R, f(x) = -4x + 11. Scrieti daca functia f este strict crescatoare sau strict descrescatoare pe R.","Coeficientul lui x este -4 < 0, deci functia este strict descrescatoare",strict descrescatoare,1,Functii liniare,Funcții liniare,Funcții,1 - bază,alta,,"se considera functia f: r → r, f(x) = -4x + 11. scrieti daca functia f este strict crescatoare sau strict descrescatoare pe r.","coeficientul lui x este -4 < 0, deci functia este strict descrescatoare",strict descrescatoare,126,24,71,21,3,5,0,0,0,0,1,0,"se considera functia f: r → r, f(x) = -4x + 11. scrieti daca functia f este strict crescatoare sau strict descrescatoare pe r."
Generat - Functii liniare,,"Fie f: R → R, f(x) = 4x + 16. Calculati f(-3).",f(-3) = 4·(-3) + 16 = -12 + 16 = 4,4,1,Functii liniare,Funcții liniare,Funcții,1 - bază,alta,,"fie f: r → r, f(x) = 4x + 16. calculati f(-3).",f(-3) = 4·(-3) + 16 = -12 + 16 = 4,4,46,12,34,1,4,7,0,0,0,0,1,0,"fie f: r → r, f(x) = 4x + 16. calculati f(-3)."
Generat - Functii liniare,,"Se considera functia f: R → R, f(x) = -x + 7. Scrieti daca functia f este strict crescatoare sau strict descrescatoare pe R.","Coeficientul lui x este -1 < 0, deci functia este strict descrescatoare",strict descrescatoare,1,Functii liniare,Funcții liniare,Funcții,1 - bază,alta,,"se considera functia f: r → r, f(x) = -x + 7. scrieti daca functia f este strict crescatoare sau strict descrescatoare pe r.","coeficientul lui x este -1 < 0, deci functia este strict descrescatoare",strict descrescatoare,124,24,71,21,1,5,0,0,0,0,1,0,"se considera functia f: r → r, f(x) = -x + 7. scrieti daca functia f este strict crescatoare sau strict descrescatoare pe r."
Generat - Functii liniare,,"Fie f: R → R, f(x) = 5x + 2. Calculati f(4).",f(4) = 5·(4) + 2 = 20 + 2 = 22,22,1,Functii liniare,Funcții liniare,Funcții,1 - bază,alta,,"fie f: r → r, f(x) = 5x + 2. calculati f(4).",f(4) = 5·(4) + 2 = 20 + 2 = 22,22,44,12,30,2,3,6,0,0,0,0,1,0,"fie f: r → r, f(x) = 5x + 2. calculati f(4)."
Generat - Functii liniare,,"Se considera functia f: R → R, f(x) = 2x - 9. Scrieti daca functia f este strict crescatoare sau strict descrescatoare pe R.","Coeficientul lui x este 2 > 0, deci functia este strict crescatoare",strict crescatoare,1,Functii liniare,Funcții liniare,Funcții,1 - bază,alta,,"se considera functia f: r → r, f(x) = 2x - 9. scrieti daca functia f este strict crescatoare sau strict descrescatoare pe r.","coeficientul lui x este 2 > 0, deci functia este strict crescatoare",strict crescatoare,124,24,67,18,2,4,0,0,0,0,1,0,"se considera functia f: r → r, f(x) = 2x - 9. scrieti daca functia f este strict crescatoare sau strict descrescatoare pe r."
Generat - Functii liniare,,"Se considera functia f: R → R, f(x) = 4x + 3. Scrieti daca functia f este strict crescatoare sau strict descrescatoare pe R.","Coeficientul lui x este 4 > 0, deci functia este strict crescatoare",strict crescatoare,1,Functii liniare,Funcții liniare,Funcții,1 - bază,alta,,"se considera functia f: r → r, f(x) = 4x + 3. scrieti daca functia f este strict crescatoare sau strict descrescatoare pe r.","coeficientul lui x este 4 > 0, deci functia este strict crescatoare",strict crescatoare,124,24,67,18,2,4,0,0,0,0,1,0,"se considera functia f: r → r, f(x) = 4x + 3. scrieti daca functia f este strict crescatoare sau strict descrescatoare pe r."
Generat - Functii liniare,,"Se considera functia f: R → R, f(x) = 4x + 14. Scrieti daca functia f este strict crescatoare sau strict descrescatoare pe R.","Coeficientul lui x este 4 > 0, deci functia este strict crescatoare",strict crescatoare,1,Functii liniare,Funcții liniare,Funcții,1 - bază,alta,,"se considera functia f: r → r, f(x) = 4x + 14. scrieti daca functia f este strict crescatoare sau strict descrescatoare pe r.","coeficientul lui x este 4 > 0, deci functia este strict crescatoare",strict crescatoare,125,24,67,18,3,4,0,0,0,0,1,0,"se considera functia f: r → r, f(x) = 4x + 14. scrieti daca functia f este strict crescatoare sau strict descrescatoare pe r."
Generat - Functii liniare,,"Se considera functia f: R → R, f(x) = 2x + 10. Scrieti daca functia f este strict crescatoare sau strict descrescatoare pe R.","Coeficientul lui x este 2 > 0, deci functia este strict crescatoare",strict crescatoare,1,Functii liniare,Funcții liniare,Funcții,1 - bază,alta,,"se considera functia f: r → r, f(x) = 2x + 10. scrieti daca functia f este strict crescatoare sau strict descrescatoare pe r.","coeficientul lui x este 2 > 0, deci functia este strict crescatoare",strict crescatoare,125,24,67,18,3,4,0,0,0,0,1,0,"se considera functia f: r → r, f(x) = 2x + 10. scrieti daca functia f este strict crescatoare sau strict descrescatoare pe r."
Generat - Functii liniare,,"Fie f: R → R, f(x) = 2x + 3. Determinati x pentru care f(x) = -7.",2x + 3 = -7 => 2x = -10 => x = -5,x = -5,2,Functii liniare,Funcții liniare,Funcții,2 - mediu,alta,,"fie f: r → r, f(x) = 2x + 3. determinati x pentru care f(x) = -7.",2x + 3 = -7 => 2x = -10 => x = -5,x = -5,65,17,33,6,3,8,0,0,0,0,1,0,"fie f: r → r, f(x) = 2x + 3. determinati x pentru care f(x) = -7."
Generat - Functii liniare,,"Fie f: R → R, f(x) = x - 16. Determinati x pentru care f(x) = -18.",1x + -16 = -18 => 1x = -2 => x = -2,x = -2,2,Functii liniare,Funcții liniare,Funcții,2 - mediu,alta,,"fie f: r → r, f(x) = x - 16. determinati x pentru care f(x) = -18.",1x + -16 = -18 => 1x = -2 => x = -2,x = -2,66,17,35,6,4,8,0,0,0,0,1,0,"fie f: r → r, f(x) = x - 16. determinati x pentru care f(x) = -18."
Generat - Functii liniare,,"Fie f: R → R, f(x) = -4x + 17. Determinati x pentru care f(x) = 29.",-4x + 17 = 29 => -4x = 12 => x = -3,x = -3,2,Functii liniare,Funcții liniare,Funcții,2 - mediu,alta,,"fie f: r → r, f(x) = -4x + 17. determinati x pentru care f(x) = 29.",-4x + 17 = 29 => -4x = 12 => x = -3,x = -3,67,17,35,6,5,8,0,0,0,0,1,0,"fie f: r → r, f(x) = -4x + 17. determinati x pentru care f(x) = 29."
Generat - Functii liniare,,"Fie f: R → R, f(x) = -5x + 2. Determinati x pentru care f(x) = -23.",-5x + 2 = -23 => -5x = -25 => x = 5,x = 5,2,Functii liniare,Funcții liniare,Funcții,2 - mediu,alta,,"fie f: r → r, f(x) = -5x + 2. determinati x pentru care f(x) = -23.",-5x + 2 = -23 => -5x = -25 => x = 5,x = 5,67,17,35,5,4,9,0,0,0,0,1,0,"fie f: r → r, f(x) = -5x + 2. determinati x pentru care f(x) = -23."
Generat - Sisteme ecuatii,,Rezolvati sistemul de ecuatii: 5x - y = -29 si -x - 2y = -3,Din prima ecuatie: 5x - y = -29. Din a doua: -x - 2y = -3. Folosind metoda substitutiei sau reducerii: det = 5·-2 - -1·-1 = -11. x = (-29·-2 - -3·-1)/-11 = 55//-11 = -5. y = (5·-3 - -1·-29)/-11 = -44//-11 = 4.,"x = -5, y = 4",2,Sisteme de ecuatii,Sisteme de ecuații,"Ecuații, inecuații și sisteme",2 - mediu,alta,,rezolvati sistemul de ecuatii: 5x - y = -29 si -x - 2y = -3,din prima ecuatie: 5x - y = -29. din a doua: -x - 2y = -3. folosind metoda substitutiei sau reducerii: det = 5·-2 - -1·-1 = -11. x = (-29·-2 - -3·-1)/-11 = 55//-11 = -5. y = (5·-3 - -1·-29)/-11 = -44//-11 = 4.,"x = -5, y = 4",59,15,209,13,5,7,0,0,1,0,0,0,rezolvati sistemul de ecuatii: 5x - y = -29 si -x - 2y = -3
Generat - Sisteme ecuatii,,Rezolvati sistemul de ecuatii: 2x + y = -1 si -3x + y = -21,Din prima ecuatie: 2x + y = -1. Din a doua: -3x + y = -21. Folosind metoda substitutiei sau reducerii: det = 2·1 - -3·1 = 5. x = (-1·1 - -21·1)/5 = 20//5 = 4. y = (2·-21 - -3·-1)/5 = -45//5 = -9.,"x = 4, y = -9",3,Sisteme de ecuatii,Sisteme de ecuații,"Ecuații, inecuații și sisteme",3 - consolidare,alta,,rezolvati sistemul de ecuatii: 2x + y = -1 si -3x + y = -21,din prima ecuatie: 2x + y = -1. din a doua: -3x + y = -21. folosind metoda substitutiei sau reducerii: det = 2·1 - -3·1 = 5. x = (-1·1 - -21·1)/5 = 20//5 = 4. y = (2·-21 - -3·-1)/5 = -45//5 = -9.,"x = 4, y = -9",59,15,195,13,5,7,0,0,1,0,0,0,rezolvati sistemul de ecuatii: 2x + y = -1 si -3x + y = -21
Generat - Sisteme ecuatii,,Rezolvati sistemul de ecuatii: 2x + 4y = -18 si 5x + 2y = -45,Din prima ecuatie: 2x + 4y = -18. Din a doua: 5x + 2y = -45. Folosind metoda substitutiei sau reducerii: det = 2·2 - 5·4 = -16. x = (-18·2 - -45·4)/-16 = 144//-16 = -9. y = (2·-45 - 5·-18)/-16 = 0//-16 = 0.,"x = -9, y = 0",3,Sisteme de ecuatii,Sisteme de ecuații,"Ecuații, inecuații și sisteme",3 - consolidare,alta,,rezolvati sistemul de ecuatii: 2x + 4y = -18 si 5x + 2y = -45,din prima ecuatie: 2x + 4y = -18. din a doua: 5x + 2y = -45. folosind metoda substitutiei sau reducerii: det = 2·2 - 5·4 = -16. x = (-18·2 - -45·4)/-16 = 144//-16 = -9. y = (2·-45 - 5·-18)/-16 = 0//-16 = 0.,"x = -9, y = 0",61,15,206,13,8,6,0,0,1,0,0,0,rezolvati sistemul de ecuatii: 2x + 4y = -18 si 5x + 2y = -45
Generat - Sisteme ecuatii,,Rezolvati sistemul de ecuatii: x + 2y = 11 si 3x - 3y = -57,Din prima ecuatie: x + 2y = 11. Din a doua: 3x - 3y = -57. Folosind metoda substitutiei sau reducerii: det = 1·-3 - 3·2 = -9. x = (11·-3 - -57·2)/-9 = 81//-9 = -9. y = (1·-57 - 3·11)/-9 = -90//-9 = 10.,"x = -9, y = 10",3,Sisteme de ecuatii,Sisteme de ecuații,"Ecuații, inecuații și sisteme",3 - consolidare,alta,,rezolvati sistemul de ecuatii: x + 2y = 11 si 3x - 3y = -57,din prima ecuatie: x + 2y = 11. din a doua: 3x - 3y = -57. folosind metoda substitutiei sau reducerii: det = 1·-3 - 3·2 = -9. x = (11·-3 - -57·2)/-9 = 81//-9 = -9. y = (1·-57 - 3·11)/-9 = -90//-9 = 10.,"x = -9, y = 10",59,15,201,14,7,5,0,0,1,0,0,0,rezolvati sistemul de ecuatii: x + 2y = 11 si 3x - 3y = -57
Generat - Sisteme ecuatii,,Rezolvati sistemul de ecuatii: 2x - 2y = 20 si 3x + 4y = 30,Din prima ecuatie: 2x - 2y = 20. Din a doua: 3x + 4y = 30. Folosind metoda substitutiei sau reducerii: det = 2·4 - 3·-2 = 14. x = (20·4 - 30·-2)/14 = 140//14 = 10. y = (2·30 - 3·20)/14 = 0//14 = 0.,"x = 10, y = 0",3,Sisteme de ecuatii,Sisteme de ecuații,"Ecuații, inecuații și sisteme",3 - consolidare,alta,,rezolvati sistemul de ecuatii: 2x - 2y = 20 si 3x + 4y = 30,din prima ecuatie: 2x - 2y = 20. din a doua: 3x + 4y = 30. folosind metoda substitutiei sau reducerii: det = 2·4 - 3·-2 = 14. x = (20·4 - 30·-2)/14 = 140//14 = 10. y = (2·30 - 3·20)/14 = 0//14 = 0.,"x = 10, y = 0",59,15,197,13,8,4,0,0,1,0,0,0,rezolvati sistemul de ecuatii: 2x - 2y = 20 si 3x + 4y = 30
Generat - Sisteme ecuatii,,Rezolvati sistemul de ecuatii: 4x + 3y = 20 si -x + 5y = 18,Din prima ecuatie: 4x + 3y = 20. Din a doua: -x + 5y = 18. Folosind metoda substitutiei sau reducerii: det = 4·5 - -1·3 = 23. x = (20·5 - 18·3)/23 = 46//23 = 2. y = (4·18 - -1·20)/23 = 92//23 = 4.,"x = 2, y = 4",2,Sisteme de ecuatii,Sisteme de ecuații,"Ecuații, inecuații și sisteme",2 - mediu,alta,,rezolvati sistemul de ecuatii: 4x + 3y = 20 si -x + 5y = 18,din prima ecuatie: 4x + 3y = 20. din a doua: -x + 5y = 18. folosind metoda substitutiei sau reducerii: det = 4·5 - -1·3 = 23. x = (20·5 - 18·3)/23 = 46//23 = 2. y = (4·18 - -1·20)/23 = 92//23 = 4.,"x = 2, y = 4",59,15,196,12,7,5,0,0,1,0,0,0,rezolvati sistemul de ecuatii: 4x + 3y = 20 si -x + 5y = 18
Generat - Sisteme ecuatii,,Rezolvati sistemul de ecuatii: 2x - 2y = 8 si 4x - 2y = 18,Din prima ecuatie: 2x - 2y = 8. Din a doua: 4x - 2y = 18. Folosind metoda substitutiei sau reducerii: det = 2·-2 - 4·-2 = 4. x = (8·-2 - 18·-2)/4 = 20//4 = 5. y = (2·18 - 4·8)/4 = 4//4 = 1.,"x = 5, y = 1",2,Sisteme de ecuatii,Sisteme de ecuații,"Ecuații, inecuații și sisteme",2 - mediu,alta,,rezolvati sistemul de ecuatii: 2x - 2y = 8 si 4x - 2y = 18,din prima ecuatie: 2x - 2y = 8. din a doua: 4x - 2y = 18. folosind metoda substitutiei sau reducerii: det = 2·-2 - 4·-2 = 4. x = (8·-2 - 18·-2)/4 = 20//4 = 5. y = (2·18 - 4·8)/4 = 4//4 = 1.,"x = 5, y = 1",58,15,189,12,7,4,0,0,1,0,0,0,rezolvati sistemul de ecuatii: 2x - 2y = 8 si 4x - 2y = 18
Generat - Sisteme ecuatii,,Rezolvati sistemul de ecuatii: -x + 2y = 15 si 3x - 2y = -9,Din prima ecuatie: -x + 2y = 15. Din a doua: 3x - 2y = -9. Folosind metoda substitutiei sau reducerii: det = -1·-2 - 3·2 = -4. x = (15·-2 - -9·2)/-4 = -12//-4 = 3. y = (-1·-9 - 3·15)/-4 = -36//-4 = 9.,"x = 3, y = 9",3,Sisteme de ecuatii,Sisteme de ecuații,"Ecuații, inecuații și sisteme",3 - consolidare,alta,,rezolvati sistemul de ecuatii: -x + 2y = 15 si 3x - 2y = -9,din prima ecuatie: -x + 2y = 15. din a doua: 3x - 2y = -9. folosind metoda substitutiei sau reducerii: det = -1·-2 - 3·2 = -4. x = (15·-2 - -9·2)/-4 = -12//-4 = 3. y = (-1·-9 - 3·15)/-4 = -36//-4 = 9.,"x = 3, y = 9",59,15,200,12,6,6,0,0,1,0,0,0,rezolvati sistemul de ecuatii: -x + 2y = 15 si 3x - 2y = -9
Generat - Sisteme ecuatii,,Rezolvati sistemul de ecuatii: 2x + 2y = -16 si 5x + 4y = -40,Din prima ecuatie: 2x + 2y = -16. Din a doua: 5x + 4y = -40. Folosind metoda substitutiei sau reducerii: det = 2·4 - 5·2 = -2. x = (-16·4 - -40·2)/-2 = 16//-2 = -8. y = (2·-40 - 5·-16)/-2 = 0//-2 = 0.,"x = -8, y = 0",3,Sisteme de ecuatii,Sisteme de ecuații,"Ecuații, inecuații și sisteme",3 - consolidare,alta,,rezolvati sistemul de ecuatii: 2x + 2y = -16 si 5x + 4y = -40,din prima ecuatie: 2x + 2y = -16. din a doua: 5x + 4y = -40. folosind metoda substitutiei sau reducerii: det = 2·4 - 5·2 = -2. x = (-16·4 - -40·2)/-2 = 16//-2 = -8. y = (2·-40 - 5·-16)/-2 = 0//-2 = 0.,"x = -8, y = 0",61,15,200,13,8,6,0,0,1,0,0,0,rezolvati sistemul de ecuatii: 2x + 2y = -16 si 5x + 4y = -40
Generat - Sisteme ecuatii,,Rezolvati sistemul de ecuatii: 3x + 5y = 5 si -3x + 3y = 27,Din prima ecuatie: 3x + 5y = 5. Din a doua: -3x + 3y = 27. Folosind metoda substitutiei sau reducerii: det = 3·3 - -3·5 = 24. x = (5·3 - 27·5)/24 = -120//24 = -5. y = (3·27 - -3·5)/24 = 96//24 = 4.,"x = -5, y = 4",2,Sisteme de ecuatii,Sisteme de ecuații,"Ecuații, inecuații și sisteme",2 - mediu,alta,,rezolvati sistemul de ecuatii: 3x + 5y = 5 si -3x + 3y = 27,din prima ecuatie: 3x + 5y = 5. din a doua: -3x + 3y = 27. folosind metoda substitutiei sau reducerii: det = 3·3 - -3·5 = 24. x = (5·3 - 27·5)/24 = -120//24 = -5. y = (3·27 - -3·5)/24 = 96//24 = 4.,"x = -5, y = 4",59,15,197,13,7,5,0,0,1,0,0,0,rezolvati sistemul de ecuatii: 3x + 5y = 5 si -3x + 3y = 27
Generat - Sisteme ecuatii,,Rezolvati sistemul de ecuatii: 2x - 3y = 9 si -2x + 4y = -6,Din prima ecuatie: 2x - 3y = 9. Din a doua: -2x + 4y = -6. Folosind metoda substitutiei sau reducerii: det = 2·4 - -2·-3 = 2. x = (9·4 - -6·-3)/2 = 18//2 = 9. y = (2·-6 - -2·9)/2 = 6//2 = 3.,"x = 9, y = 3",3,Sisteme de ecuatii,Sisteme de ecuații,"Ecuații, inecuații și sisteme",3 - consolidare,alta,,rezolvati sistemul de ecuatii: 2x - 3y = 9 si -2x + 4y = -6,din prima ecuatie: 2x - 3y = 9. din a doua: -2x + 4y = -6. folosind metoda substitutiei sau reducerii: det = 2·4 - -2·-3 = 2. x = (9·4 - -6·-3)/2 = 18//2 = 9. y = (2·-6 - -2·9)/2 = 6//2 = 3.,"x = 9, y = 3",59,15,190,12,6,6,0,0,1,0,0,0,rezolvati sistemul de ecuatii: 2x - 3y = 9 si -2x + 4y = -6
Generat - Sisteme ecuatii,,Rezolvati sistemul de ecuatii: -x - 3y = -19 si -x + 5y = 29,Din prima ecuatie: -x - 3y = -19. Din a doua: -x + 5y = 29. Folosind metoda substitutiei sau reducerii: det = -1·5 - -1·-3 = -8. x = (-19·5 - 29·-3)/-8 = -8//-8 = 1. y = (-1·29 - -1·-19)/-8 = -48//-8 = 6.,"x = 1, y = 6",3,Sisteme de ecuatii,Sisteme de ecuații,"Ecuații, inecuații și sisteme",3 - consolidare,alta,,rezolvati sistemul de ecuatii: -x - 3y = -19 si -x + 5y = 29,din prima ecuatie: -x - 3y = -19. din a doua: -x + 5y = 29. folosind metoda substitutiei sau reducerii: det = -1·5 - -1·-3 = -8. x = (-19·5 - 29·-3)/-8 = -8//-8 = 1. y = (-1·29 - -1·-19)/-8 = -48//-8 = 6.,"x = 1, y = 6",60,15,204,12,6,7,0,0,1,0,0,0,rezolvati sistemul de ecuatii: -x - 3y = -19 si -x + 5y = 29
Generat - Sisteme ecuatii,,Rezolvati sistemul de ecuatii: -2x + y = 12 si 3x + 3y = -45,Din prima ecuatie: -2x + y = 12. Din a doua: 3x + 3y = -45. Folosind metoda substitutiei sau reducerii: det = -2·3 - 3·1 = -9. x = (12·3 - -45·1)/-9 = 81//-9 = -9. y = (-2·-45 - 3·12)/-9 = 54//-9 = -6.,"x = -9, y = -6",3,Sisteme de ecuatii,Sisteme de ecuații,"Ecuații, inecuații și sisteme",3 - consolidare,alta,,rezolvati sistemul de ecuatii: -2x + y = 12 si 3x + 3y = -45,din prima ecuatie: -2x + y = 12. din a doua: 3x + 3y = -45. folosind metoda substitutiei sau reducerii: det = -2·3 - 3·1 = -9. x = (12·3 - -45·1)/-9 = 81//-9 = -9. y = (-2·-45 - 3·12)/-9 = 54//-9 = -6.,"x = -9, y = -6",60,15,201,14,7,6,0,0,1,0,0,0,rezolvati sistemul de ecuatii: -2x + y = 12 si 3x + 3y = -45
Generat - Sisteme ecuatii,,Rezolvati sistemul de ecuatii: -3x - y = -14 si 5x + 3y = 34,Din prima ecuatie: -3x - y = -14. Din a doua: 5x + 3y = 34. Folosind metoda substitutiei sau reducerii: det = -3·3 - 5·-1 = -4. x = (-14·3 - 34·-1)/-4 = -8//-4 = 2. y = (-3·34 - 5·-14)/-4 = -32//-4 = 8.,"x = 2, y = 8",3,Sisteme de ecuatii,Sisteme de ecuații,"Ecuații, inecuații și sisteme",3 - consolidare,alta,,rezolvati sistemul de ecuatii: -3x - y = -14 si 5x + 3y = 34,din prima ecuatie: -3x - y = -14. din a doua: 5x + 3y = 34. folosind metoda substitutiei sau reducerii: det = -3·3 - 5·-1 = -4. x = (-14·3 - 34·-1)/-4 = -8//-4 = 2. y = (-3·34 - 5·-14)/-4 = -32//-4 = 8.,"x = 2, y = 8",60,15,202,12,7,6,0,0,1,0,0,0,rezolvati sistemul de ecuatii: -3x - y = -14 si 5x + 3y = 34
Generat - Sisteme ecuatii,,Rezolvati sistemul de ecuatii: -2x - y = -6 si 3x + 4y = 19,Din prima ecuatie: -2x - y = -6. Din a doua: 3x + 4y = 19. Folosind metoda substitutiei sau reducerii: det = -2·4 - 3·-1 = -5. x = (-6·4 - 19·-1)/-5 = -5//-5 = 1. y = (-2·19 - 3·-6)/-5 = -20//-5 = 4.,"x = 1, y = 4",2,Sisteme de ecuatii,Sisteme de ecuații,"Ecuații, inecuații și sisteme",2 - mediu,alta,,rezolvati sistemul de ecuatii: -2x - y = -6 si 3x + 4y = 19,din prima ecuatie: -2x - y = -6. din a doua: 3x + 4y = 19. folosind metoda substitutiei sau reducerii: det = -2·4 - 3·-1 = -5. x = (-6·4 - 19·-1)/-5 = -5//-5 = 1. y = (-2·19 - 3·-6)/-5 = -20//-5 = 4.,"x = 1, y = 4",59,15,199,12,6,6,0,0,1,0,0,0,rezolvati sistemul de ecuatii: -2x - y = -6 si 3x + 4y = 19
Generat - Sisteme ecuatii,,Rezolvati sistemul de ecuatii: 2x + y = 10 si -2x - 3y = -30,Din prima ecuatie: 2x + y = 10. Din a doua: -2x - 3y = -30. Folosind metoda substitutiei sau reducerii: det = 2·-3 - -2·1 = -4. x = (10·-3 - -30·1)/-4 = 0//-4 = 0. y = (2·-30 - -2·10)/-4 = -40//-4 = 10.,"x = 0, y = 10",3,Sisteme de ecuatii,Sisteme de ecuații,"Ecuații, inecuații și sisteme",3 - consolidare,alta,,rezolvati sistemul de ecuatii: 2x + y = 10 si -2x - 3y = -30,din prima ecuatie: 2x + y = 10. din a doua: -2x - 3y = -30. folosind metoda substitutiei sau reducerii: det = 2·-3 - -2·1 = -4. x = (10·-3 - -30·1)/-4 = 0//-4 = 0. y = (2·-30 - -2·10)/-4 = -40//-4 = 10.,"x = 0, y = 10",60,15,202,13,7,6,0,0,1,0,0,0,rezolvati sistemul de ecuatii: 2x + y = 10 si -2x - 3y = -30
Generat - Sisteme ecuatii,,Rezolvati sistemul de ecuatii: 4x - 2y = -30 si 2x + 2y = 0,Din prima ecuatie: 4x - 2y = -30. Din a doua: 2x + 2y = 0. Folosind metoda substitutiei sau reducerii: det = 4·2 - 2·-2 = 12. x = (-30·2 - 0·-2)/12 = -60//12 = -5. y = (4·0 - 2·-30)/12 = 60//12 = 5.,"x = -5, y = 5",2,Sisteme de ecuatii,Sisteme de ecuații,"Ecuații, inecuații și sisteme",2 - mediu,alta,,rezolvati sistemul de ecuatii: 4x - 2y = -30 si 2x + 2y = 0,din prima ecuatie: 4x - 2y = -30. din a doua: 2x + 2y = 0. folosind metoda substitutiei sau reducerii: det = 4·2 - 2·-2 = 12. x = (-30·2 - 0·-2)/12 = -60//12 = -5. y = (4·0 - 2·-30)/12 = 60//12 = 5.,"x = -5, y = 5",59,15,198,13,7,5,0,0,1,0,0,0,rezolvati sistemul de ecuatii: 4x - 2y = -30 si 2x + 2y = 0
Generat - Sisteme ecuatii,,Rezolvati sistemul de ecuatii: 2x + 5y = -12 si x - 2y = 12,Din prima ecuatie: 2x + 5y = -12. Din a doua: x - 2y = 12. Folosind metoda substitutiei sau reducerii: det = 2·-2 - 1·5 = -9. x = (-12·-2 - 12·5)/-9 = -36//-9 = 4. y = (2·12 - 1·-12)/-9 = 36//-9 = -4.,"x = 4, y = -4",2,Sisteme de ecuatii,Sisteme de ecuații,"Ecuații, inecuații și sisteme",2 - mediu,alta,,rezolvati sistemul de ecuatii: 2x + 5y = -12 si x - 2y = 12,din prima ecuatie: 2x + 5y = -12. din a doua: x - 2y = 12. folosind metoda substitutiei sau reducerii: det = 2·-2 - 1·5 = -9. x = (-12·-2 - 12·5)/-9 = -36//-9 = 4. y = (2·12 - 1·-12)/-9 = 36//-9 = -4.,"x = 4, y = -4",59,15,200,13,7,5,0,0,1,0,0,0,rezolvati sistemul de ecuatii: 2x + 5y = -12 si x - 2y = 12
Generat - Sisteme ecuatii,,Rezolvati sistemul de ecuatii: 5x - y = -22 si 5x - 2y = -14,Din prima ecuatie: 5x - y = -22. Din a doua: 5x - 2y = -14. Folosind metoda substitutiei sau reducerii: det = 5·-2 - 5·-1 = -5. x = (-22·-2 - -14·-1)/-5 = 30//-5 = -6. y = (5·-14 - 5·-22)/-5 = 40//-5 = -8.,"x = -6, y = -8",3,Sisteme de ecuatii,Sisteme de ecuații,"Ecuații, inecuații și sisteme",3 - consolidare,alta,,rezolvati sistemul de ecuatii: 5x - y = -22 si 5x - 2y = -14,din prima ecuatie: 5x - y = -22. din a doua: 5x - 2y = -14. folosind metoda substitutiei sau reducerii: det = 5·-2 - 5·-1 = -5. x = (-22·-2 - -14·-1)/-5 = 30//-5 = -6. y = (5·-14 - 5·-22)/-5 = 40//-5 = -8.,"x = -6, y = -8",60,15,205,14,7,6,0,0,1,0,0,0,rezolvati sistemul de ecuatii: 5x - y = -22 si 5x - 2y = -14
Generat - Sisteme ecuatii,,Rezolvati sistemul de ecuatii: -2x + 2y = 2 si 2x - y = -1,Din prima ecuatie: -2x + 2y = 2. Din a doua: 2x - y = -1. Folosind metoda substitutiei sau reducerii: det = -2·-1 - 2·2 = -2. x = (2·-1 - -1·2)/-2 = 0//-2 = 0. y = (-2·-1 - 2·2)/-2 = -2//-2 = 1.,"x = 0, y = 1",2,Sisteme de ecuatii,Sisteme de ecuații,"Ecuații, inecuații și sisteme",2 - mediu,alta,,rezolvati sistemul de ecuatii: -2x + 2y = 2 si 2x - y = -1,din prima ecuatie: -2x + 2y = 2. din a doua: 2x - y = -1. folosind metoda substitutiei sau reducerii: det = -2·-1 - 2·2 = -2. x = (2·-1 - -1·2)/-2 = 0//-2 = 0. y = (-2·-1 - 2·2)/-2 = -2//-2 = 1.,"x = 0, y = 1",58,15,194,12,5,6,0,0,1,0,0,0,rezolvati sistemul de ecuatii: -2x + 2y = 2 si 2x - y = -1
Generat - Sisteme ecuatii,,Rezolvati sistemul de ecuatii: 3x + y = 25 si -2x + y = -25,Din prima ecuatie: 3x + y = 25. Din a doua: -2x + y = -25. Folosind metoda substitutiei sau reducerii: det = 3·1 - -2·1 = 5. x = (25·1 - -25·1)/5 = 50//5 = 10. y = (3·-25 - -2·25)/5 = -25//5 = -5.,"x = 10, y = -5",3,Sisteme de ecuatii,Sisteme de ecuații,"Ecuații, inecuații și sisteme",3 - consolidare,alta,,rezolvati sistemul de ecuatii: 3x + y = 25 si -2x + y = -25,din prima ecuatie: 3x + y = 25. din a doua: -2x + y = -25. folosind metoda substitutiei sau reducerii: det = 3·1 - -2·1 = 5. x = (25·1 - -25·1)/5 = 50//5 = 10. y = (3·-25 - -2·25)/5 = -25//5 = -5.,"x = 10, y = -5",59,15,196,14,6,6,0,0,1,0,0,0,rezolvati sistemul de ecuatii: 3x + y = 25 si -2x + y = -25
Generat - Sisteme ecuatii,,Rezolvati sistemul de ecuatii: 5x - 3y = -21 si 3x + 3y = -27,Din prima ecuatie: 5x - 3y = -21. Din a doua: 3x + 3y = -27. Folosind metoda substitutiei sau reducerii: det = 5·3 - 3·-3 = 24. x = (-21·3 - -27·-3)/24 = -144//24 = -6. y = (5·-27 - 3·-21)/24 = -72//24 = -3.,"x = -6, y = -3",3,Sisteme de ecuatii,Sisteme de ecuații,"Ecuații, inecuații și sisteme",3 - consolidare,alta,,rezolvati sistemul de ecuatii: 5x - 3y = -21 si 3x + 3y = -27,din prima ecuatie: 5x - 3y = -21. din a doua: 3x + 3y = -27. folosind metoda substitutiei sau reducerii: det = 5·3 - 3·-3 = 24. x = (-21·3 - -27·-3)/24 = -144//24 = -6. y = (5·-27 - 3·-21)/24 = -72//24 = -3.,"x = -6, y = -3",61,15,207,14,8,6,0,0,1,0,0,0,rezolvati sistemul de ecuatii: 5x - 3y = -21 si 3x + 3y = -27
Generat - Sisteme ecuatii,,Rezolvati sistemul de ecuatii: -x - 2y = -18 si -2x + 2y = 6,Din prima ecuatie: -x - 2y = -18. Din a doua: -2x + 2y = 6. Folosind metoda substitutiei sau reducerii: det = -1·2 - -2·-2 = -6. x = (-18·2 - 6·-2)/-6 = -24//-6 = 4. y = (-1·6 - -2·-18)/-6 = -42//-6 = 7.,"x = 4, y = 7",3,Sisteme de ecuatii,Sisteme de ecuații,"Ecuații, inecuații și sisteme",3 - consolidare,alta,,rezolvati sistemul de ecuatii: -x - 2y = -18 si -2x + 2y = 6,din prima ecuatie: -x - 2y = -18. din a doua: -2x + 2y = 6. folosind metoda substitutiei sau reducerii: det = -1·2 - -2·-2 = -6. x = (-18·2 - 6·-2)/-6 = -24//-6 = 4. y = (-1·6 - -2·-18)/-6 = -42//-6 = 7.,"x = 4, y = 7",60,15,203,12,6,7,0,0,1,0,0,0,rezolvati sistemul de ecuatii: -x - 2y = -18 si -2x + 2y = 6
Generat - Sisteme ecuatii,,Rezolvati sistemul de ecuatii: 4x + 4y = 28 si -2x - y = -9,Din prima ecuatie: 4x + 4y = 28. Din a doua: -2x - y = -9. Folosind metoda substitutiei sau reducerii: det = 4·-1 - -2·4 = 4. x = (28·-1 - -9·4)/4 = 8//4 = 2. y = (4·-9 - -2·28)/4 = 20//4 = 5.,"x = 2, y = 5",2,Sisteme de ecuatii,Sisteme de ecuații,"Ecuații, inecuații și sisteme",2 - mediu,alta,,rezolvati sistemul de ecuatii: 4x + 4y = 28 si -2x - y = -9,din prima ecuatie: 4x + 4y = 28. din a doua: -2x - y = -9. folosind metoda substitutiei sau reducerii: det = 4·-1 - -2·4 = 4. x = (28·-1 - -9·4)/4 = 8//4 = 2. y = (4·-9 - -2·28)/4 = 20//4 = 5.,"x = 2, y = 5",59,15,192,12,6,6,0,0,1,0,0,0,rezolvati sistemul de ecuatii: 4x + 4y = 28 si -2x - y = -9
Generat - Sisteme ecuatii,,Rezolvati sistemul de ecuatii: -2x + 5y = 50 si 5x + 3y = 30,Din prima ecuatie: -2x + 5y = 50. Din a doua: 5x + 3y = 30. Folosind metoda substitutiei sau reducerii: det = -2·3 - 5·5 = -31. x = (50·3 - 30·5)/-31 = 0//-31 = 0. y = (-2·30 - 5·50)/-31 = -310//-31 = 10.,"x = 0, y = 10",3,Sisteme de ecuatii,Sisteme de ecuații,"Ecuații, inecuații și sisteme",3 - consolidare,alta,,rezolvati sistemul de ecuatii: -2x + 5y = 50 si 5x + 3y = 30,din prima ecuatie: -2x + 5y = 50. din a doua: 5x + 3y = 30. folosind metoda substitutiei sau reducerii: det = -2·3 - 5·5 = -31. x = (50·3 - 30·5)/-31 = 0//-31 = 0. y = (-2·30 - 5·50)/-31 = -310//-31 = 10.,"x = 0, y = 10",60,15,204,13,8,5,0,0,1,0,0,0,rezolvati sistemul de ecuatii: -2x + 5y = 50 si 5x + 3y = 30
Generat - Sisteme ecuatii,,Rezolvati sistemul de ecuatii: -x - y = -1 si 4x - 3y = -45,Din prima ecuatie: -x - y = -1. Din a doua: 4x - 3y = -45. Folosind metoda substitutiei sau reducerii: det = -1·-3 - 4·-1 = 7. x = (-1·-3 - -45·-1)/7 = -42//7 = -6. y = (-1·-45 - 4·-1)/7 = 49//7 = 7.,"x = -6, y = 7",3,Sisteme de ecuatii,Sisteme de ecuații,"Ecuații, inecuații și sisteme",3 - consolidare,alta,,rezolvati sistemul de ecuatii: -x - y = -1 si 4x - 3y = -45,din prima ecuatie: -x - y = -1. din a doua: 4x - 3y = -45. folosind metoda substitutiei sau reducerii: det = -1·-3 - 4·-1 = 7. x = (-1·-3 - -45·-1)/7 = -42//7 = -6. y = (-1·-45 - 4·-1)/7 = 49//7 = 7.,"x = -6, y = 7",59,15,199,13,5,7,0,0,1,0,0,0,rezolvati sistemul de ecuatii: -x - y = -1 si 4x - 3y = -45
Generat - Sisteme ecuatii,,Rezolvati sistemul de ecuatii: -x + 2y = 19 si -x - y = 1,Din prima ecuatie: -x + 2y = 19. Din a doua: -x - y = 1. Folosind metoda substitutiei sau reducerii: det = -1·-1 - -1·2 = 3. x = (19·-1 - 1·2)/3 = -21//3 = -7. y = (-1·1 - -1·19)/3 = 18//3 = 6.,"x = -7, y = 6",3,Sisteme de ecuatii,Sisteme de ecuații,"Ecuații, inecuații și sisteme",3 - consolidare,alta,,rezolvati sistemul de ecuatii: -x + 2y = 19 si -x - y = 1,din prima ecuatie: -x + 2y = 19. din a doua: -x - y = 1. folosind metoda substitutiei sau reducerii: det = -1·-1 - -1·2 = 3. x = (19·-1 - 1·2)/3 = -21//3 = -7. y = (-1·1 - -1·19)/3 = 18//3 = 6.,"x = -7, y = 6",57,15,193,13,4,6,0,0,1,0,0,0,rezolvati sistemul de ecuatii: -x + 2y = 19 si -x - y = 1
Generat - Sisteme ecuatii,,Rezolvati sistemul de ecuatii: 3x + 2y = -6 si -2x + 2y = -6,Din prima ecuatie: 3x + 2y = -6. Din a doua: -2x + 2y = -6. Folosind metoda substitutiei sau reducerii: det = 3·2 - -2·2 = 10. x = (-6·2 - -6·2)/10 = 0//10 = 0. y = (3·-6 - -2·-6)/10 = -30//10 = -3.,"x = 0, y = -3",2,Sisteme de ecuatii,Sisteme de ecuații,"Ecuații, inecuații și sisteme",2 - mediu,alta,,rezolvati sistemul de ecuatii: 3x + 2y = -6 si -2x + 2y = -6,din prima ecuatie: 3x + 2y = -6. din a doua: -2x + 2y = -6. folosind metoda substitutiei sau reducerii: det = 3·2 - -2·2 = 10. x = (-6·2 - -6·2)/10 = 0//10 = 0. y = (3·-6 - -2·-6)/10 = -30//10 = -3.,"x = 0, y = -3",60,15,198,13,6,7,0,0,1,0,0,0,rezolvati sistemul de ecuatii: 3x + 2y = -6 si -2x + 2y = -6
Generat - Sisteme ecuatii,,Rezolvati sistemul de ecuatii: 2x - y = -18 si 2x - 2y = -28,Din prima ecuatie: 2x - y = -18. Din a doua: 2x - 2y = -28. Folosind metoda substitutiei sau reducerii: det = 2·-2 - 2·-1 = -2. x = (-18·-2 - -28·-1)/-2 = 8//-2 = -4. y = (2·-28 - 2·-18)/-2 = -20//-2 = 10.,"x = -4, y = 10",3,Sisteme de ecuatii,Sisteme de ecuații,"Ecuații, inecuații și sisteme",3 - consolidare,alta,,rezolvati sistemul de ecuatii: 2x - y = -18 si 2x - 2y = -28,din prima ecuatie: 2x - y = -18. din a doua: 2x - 2y = -28. folosind metoda substitutiei sau reducerii: det = 2·-2 - 2·-1 = -2. x = (-18·-2 - -28·-1)/-2 = 8//-2 = -4. y = (2·-28 - 2·-18)/-2 = -20//-2 = 10.,"x = -4, y = 10",60,15,205,14,7,6,0,0,1,0,0,0,rezolvati sistemul de ecuatii: 2x - y = -18 si 2x - 2y = -28
Generat - Sisteme ecuatii,,Rezolvati sistemul de ecuatii: -x - y = -16 si -x + 3y = 24,Din prima ecuatie: -x - y = -16. Din a doua: -x + 3y = 24. Folosind metoda substitutiei sau reducerii: det = -1·3 - -1·-1 = -4. x = (-16·3 - 24·-1)/-4 = -24//-4 = 6. y = (-1·24 - -1·-16)/-4 = -40//-4 = 10.,"x = 6, y = 10",3,Sisteme de ecuatii,Sisteme de ecuații,"Ecuații, inecuații și sisteme",3 - consolidare,alta,,rezolvati sistemul de ecuatii: -x - y = -16 si -x + 3y = 24,din prima ecuatie: -x - y = -16. din a doua: -x + 3y = 24. folosind metoda substitutiei sau reducerii: det = -1·3 - -1·-1 = -4. x = (-16·3 - 24·-1)/-4 = -24//-4 = 6. y = (-1·24 - -1·-16)/-4 = -40//-4 = 10.,"x = 6, y = 10",59,15,205,13,5,7,0,0,1,0,0,0,rezolvati sistemul de ecuatii: -x - y = -16 si -x + 3y = 24
Generat - Sisteme ecuatii,,Rezolvati sistemul de ecuatii: -3x - 2y = -6 si -3x + 2y = -42,Din prima ecuatie: -3x - 2y = -6. Din a doua: -3x + 2y = -42. Folosind metoda substitutiei sau reducerii: det = -3·2 - -3·-2 = -12. x = (-6·2 - -42·-2)/-12 = -96//-12 = 8. y = (-3·-42 - -3·-6)/-12 = 108//-12 = -9.,"x = 8, y = -9",3,Sisteme de ecuatii,Sisteme de ecuații,"Ecuații, inecuații și sisteme",3 - consolidare,alta,,rezolvati sistemul de ecuatii: -3x - 2y = -6 si -3x + 2y = -42,din prima ecuatie: -3x - 2y = -6. din a doua: -3x + 2y = -42. folosind metoda substitutiei sau reducerii: det = -3·2 - -3·-2 = -12. x = (-6·2 - -42·-2)/-12 = -96//-12 = 8. y = (-3·-42 - -3·-6)/-12 = 108//-12 = -9.,"x = 8, y = -9",62,15,213,13,7,8,0,0,1,0,0,0,rezolvati sistemul de ecuatii: -3x - 2y = -6 si -3x + 2y = -42
Generat - Sisteme ecuatii,,Rezolvati sistemul de ecuatii: 4x - 3y = 52 si 5x + 2y = 42,Din prima ecuatie: 4x - 3y = 52. Din a doua: 5x + 2y = 42. Folosind metoda substitutiei sau reducerii: det = 4·2 - 5·-3 = 23. x = (52·2 - 42·-3)/23 = 230//23 = 10. y = (4·42 - 5·52)/23 = -92//23 = -4.,"x = 10, y = -4",3,Sisteme de ecuatii,Sisteme de ecuații,"Ecuații, inecuații și sisteme",3 - consolidare,alta,,rezolvati sistemul de ecuatii: 4x - 3y = 52 si 5x + 2y = 42,din prima ecuatie: 4x - 3y = 52. din a doua: 5x + 2y = 42. folosind metoda substitutiei sau reducerii: det = 4·2 - 5·-3 = 23. x = (52·2 - 42·-3)/23 = 230//23 = 10. y = (4·42 - 5·52)/23 = -92//23 = -4.,"x = 10, y = -4",59,15,200,14,8,4,0,0,1,0,0,0,rezolvati sistemul de ecuatii: 4x - 3y = 52 si 5x + 2y = 42
Generat - Sisteme ecuatii,,Rezolvati sistemul de ecuatii: 5x + y = 49 si 4x + 2y = 38,Din prima ecuatie: 5x + y = 49. Din a doua: 4x + 2y = 38. Folosind metoda substitutiei sau reducerii: det = 5·2 - 4·1 = 6. x = (49·2 - 38·1)/6 = 60//6 = 10. y = (5·38 - 4·49)/6 = -6//6 = -1.,"x = 10, y = -1",3,Sisteme de ecuatii,Sisteme de ecuații,"Ecuații, inecuații și sisteme",3 - consolidare,alta,,rezolvati sistemul de ecuatii: 5x + y = 49 si 4x + 2y = 38,din prima ecuatie: 5x + y = 49. din a doua: 4x + 2y = 38. folosind metoda substitutiei sau reducerii: det = 5·2 - 4·1 = 6. x = (49·2 - 38·1)/6 = 60//6 = 10. y = (5·38 - 4·49)/6 = -6//6 = -1.,"x = 10, y = -1",58,15,190,14,7,4,0,0,1,0,0,0,rezolvati sistemul de ecuatii: 5x + y = 49 si 4x + 2y = 38
Generat - Sisteme ecuatii,,Rezolvati sistemul de ecuatii: -3x - y = -4 si 5x + 4y = -12,Din prima ecuatie: -3x - y = -4. Din a doua: 5x + 4y = -12. Folosind metoda substitutiei sau reducerii: det = -3·4 - 5·-1 = -7. x = (-4·4 - -12·-1)/-7 = -28//-7 = 4. y = (-3·-12 - 5·-4)/-7 = 56//-7 = -8.,"x = 4, y = -8",3,Sisteme de ecuatii,Sisteme de ecuații,"Ecuații, inecuații și sisteme",3 - consolidare,alta,,rezolvati sistemul de ecuatii: -3x - y = -4 si 5x + 4y = -12,din prima ecuatie: -3x - y = -4. din a doua: 5x + 4y = -12. folosind metoda substitutiei sau reducerii: det = -3·4 - 5·-1 = -7. x = (-4·4 - -12·-1)/-7 = -28//-7 = 4. y = (-3·-12 - 5·-4)/-7 = 56//-7 = -8.,"x = 4, y = -8",60,15,203,13,6,7,0,0,1,0,0,0,rezolvati sistemul de ecuatii: -3x - y = -4 si 5x + 4y = -12
Generat - Sisteme ecuatii,,Rezolvati sistemul de ecuatii: x + 3y = 17 si -x + 3y = 7,Din prima ecuatie: x + 3y = 17. Din a doua: -x + 3y = 7. Folosind metoda substitutiei sau reducerii: det = 1·3 - -1·3 = 6. x = (17·3 - 7·3)/6 = 30//6 = 5. y = (1·7 - -1·17)/6 = 24//6 = 4.,"x = 5, y = 4",2,Sisteme de ecuatii,Sisteme de ecuații,"Ecuații, inecuații și sisteme",2 - mediu,alta,,rezolvati sistemul de ecuatii: x + 3y = 17 si -x + 3y = 7,din prima ecuatie: x + 3y = 17. din a doua: -x + 3y = 7. folosind metoda substitutiei sau reducerii: det = 1·3 - -1·3 = 6. x = (17·3 - 7·3)/6 = 30//6 = 5. y = (1·7 - -1·17)/6 = 24//6 = 4.,"x = 5, y = 4",57,15,187,12,5,5,0,0,1,0,0,0,rezolvati sistemul de ecuatii: x + 3y = 17 si -x + 3y = 7
Generat - Sisteme ecuatii,,Rezolvati sistemul de ecuatii: 4x - y = -1 si 3x - 2y = -2,Din prima ecuatie: 4x - y = -1. Din a doua: 3x - 2y = -2. Folosind metoda substitutiei sau reducerii: det = 4·-2 - 3·-1 = -5. x = (-1·-2 - -2·-1)/-5 = 0//-5 = 0. y = (4·-2 - 3·-1)/-5 = -5//-5 = 1.,"x = 0, y = 1",2,Sisteme de ecuatii,Sisteme de ecuații,"Ecuații, inecuații și sisteme",2 - mediu,alta,,rezolvati sistemul de ecuatii: 4x - y = -1 si 3x - 2y = -2,din prima ecuatie: 4x - y = -1. din a doua: 3x - 2y = -2. folosind metoda substitutiei sau reducerii: det = 4·-2 - 3·-1 = -5. x = (-1·-2 - -2·-1)/-5 = 0//-5 = 0. y = (4·-2 - 3·-1)/-5 = -5//-5 = 1.,"x = 0, y = 1",58,15,196,12,5,6,0,0,1,0,0,0,rezolvati sistemul de ecuatii: 4x - y = -1 si 3x - 2y = -2
Generat - Sisteme ecuatii,,Rezolvati sistemul de ecuatii: 5x - 2y = 6 si 2x + 5y = -15,Din prima ecuatie: 5x - 2y = 6. Din a doua: 2x + 5y = -15. Folosind metoda substitutiei sau reducerii: det = 5·5 - 2·-2 = 29. x = (6·5 - -15·-2)/29 = 0//29 = 0. y = (5·-15 - 2·6)/29 = -87//29 = -3.,"x = 0, y = -3",2,Sisteme de ecuatii,Sisteme de ecuații,"Ecuații, inecuații și sisteme",2 - mediu,alta,,rezolvati sistemul de ecuatii: 5x - 2y = 6 si 2x + 5y = -15,din prima ecuatie: 5x - 2y = 6. din a doua: 2x + 5y = -15. folosind metoda substitutiei sau reducerii: det = 5·5 - 2·-2 = 29. x = (6·5 - -15·-2)/29 = 0//29 = 0. y = (5·-15 - 2·6)/29 = -87//29 = -3.,"x = 0, y = -3",59,15,197,13,7,5,0,0,1,0,0,0,rezolvati sistemul de ecuatii: 5x - 2y = 6 si 2x + 5y = -15
Generat - Sisteme ecuatii,,Rezolvati sistemul de ecuatii: -2x - 3y = 24 si 2x + 4y = -30,Din prima ecuatie: -2x - 3y = 24. Din a doua: 2x + 4y = -30. Folosind metoda substitutiei sau reducerii: det = -2·4 - 2·-3 = -2. x = (24·4 - -30·-3)/-2 = 6//-2 = -3. y = (-2·-30 - 2·24)/-2 = 12//-2 = -6.,"x = -3, y = -6",3,Sisteme de ecuatii,Sisteme de ecuații,"Ecuații, inecuații și sisteme",3 - consolidare,alta,,rezolvati sistemul de ecuatii: -2x - 3y = 24 si 2x + 4y = -30,din prima ecuatie: -2x - 3y = 24. din a doua: 2x + 4y = -30. folosind metoda substitutiei sau reducerii: det = -2·4 - 2·-3 = -2. x = (24·4 - -30·-3)/-2 = 6//-2 = -3. y = (-2·-30 - 2·24)/-2 = 12//-2 = -6.,"x = -3, y = -6",61,15,203,14,8,6,0,0,1,0,0,0,rezolvati sistemul de ecuatii: -2x - 3y = 24 si 2x + 4y = -30
Generat - Sisteme ecuatii,,Rezolvati sistemul de ecuatii: x - y = 6 si 3x + 3y = 36,Din prima ecuatie: x - y = 6. Din a doua: 3x + 3y = 36. Folosind metoda substitutiei sau reducerii: det = 1·3 - 3·-1 = 6. x = (6·3 - 36·-1)/6 = 54//6 = 9. y = (1·36 - 3·6)/6 = 18//6 = 3.,"x = 9, y = 3",3,Sisteme de ecuatii,Sisteme de ecuații,"Ecuații, inecuații și sisteme",3 - consolidare,alta,,rezolvati sistemul de ecuatii: x - y = 6 si 3x + 3y = 36,din prima ecuatie: x - y = 6. din a doua: 3x + 3y = 36. folosind metoda substitutiei sau reducerii: det = 1·3 - 3·-1 = 6. x = (6·3 - 36·-1)/6 = 54//6 = 9. y = (1·36 - 3·6)/6 = 18//6 = 3.,"x = 9, y = 3",56,15,186,12,5,4,0,0,1,0,0,0,rezolvati sistemul de ecuatii: x - y = 6 si 3x + 3y = 36
Generat - Sisteme ecuatii,,Rezolvati sistemul de ecuatii: 5x + 5y = -45 si 5x + 2y = -30,Din prima ecuatie: 5x + 5y = -45. Din a doua: 5x + 2y = -30. Folosind metoda substitutiei sau reducerii: det = 5·2 - 5·5 = -15. x = (-45·2 - -30·5)/-15 = 60//-15 = -4. y = (5·-30 - 5·-45)/-15 = 75//-15 = -5.,"x = -4, y = -5",2,Sisteme de ecuatii,Sisteme de ecuații,"Ecuații, inecuații și sisteme",2 - mediu,alta,,rezolvati sistemul de ecuatii: 5x + 5y = -45 si 5x + 2y = -30,din prima ecuatie: 5x + 5y = -45. din a doua: 5x + 2y = -30. folosind metoda substitutiei sau reducerii: det = 5·2 - 5·5 = -15. x = (-45·2 - -30·5)/-15 = 60//-15 = -4. y = (5·-30 - 5·-45)/-15 = 75//-15 = -5.,"x = -4, y = -5",61,15,207,14,8,6,0,0,1,0,0,0,rezolvati sistemul de ecuatii: 5x + 5y = -45 si 5x + 2y = -30
Generat - Sisteme ecuatii,,Rezolvati sistemul de ecuatii: -2x + 4y = -50 si 5x + y = 15,Din prima ecuatie: -2x + 4y = -50. Din a doua: 5x + y = 15. Folosind metoda substitutiei sau reducerii: det = -2·1 - 5·4 = -22. x = (-50·1 - 15·4)/-22 = -110//-22 = 5. y = (-2·15 - 5·-50)/-22 = 220//-22 = -10.,"x = 5, y = -10",3,Sisteme de ecuatii,Sisteme de ecuații,"Ecuații, inecuații și sisteme",3 - consolidare,alta,,rezolvati sistemul de ecuatii: -2x + 4y = -50 si 5x + y = 15,din prima ecuatie: -2x + 4y = -50. din a doua: 5x + y = 15. folosind metoda substitutiei sau reducerii: det = -2·1 - 5·4 = -22. x = (-50·1 - 15·4)/-22 = -110//-22 = 5. y = (-2·15 - 5·-50)/-22 = 220//-22 = -10.,"x = 5, y = -10",60,15,209,14,7,6,0,0,1,0,0,0,rezolvati sistemul de ecuatii: -2x + 4y = -50 si 5x + y = 15
Generat - Sisteme ecuatii,,Rezolvati sistemul de ecuatii: 3x - 3y = -36 si -3x + 2y = 28,Din prima ecuatie: 3x - 3y = -36. Din a doua: -3x + 2y = 28. Folosind metoda substitutiei sau reducerii: det = 3·2 - -3·-3 = -3. x = (-36·2 - 28·-3)/-3 = 12//-3 = -4. y = (3·28 - -3·-36)/-3 = -24//-3 = 8.,"x = -4, y = 8",3,Sisteme de ecuatii,Sisteme de ecuații,"Ecuații, inecuații și sisteme",3 - consolidare,alta,,rezolvati sistemul de ecuatii: 3x - 3y = -36 si -3x + 2y = 28,din prima ecuatie: 3x - 3y = -36. din a doua: -3x + 2y = 28. folosind metoda substitutiei sau reducerii: det = 3·2 - -3·-3 = -3. x = (-36·2 - 28·-3)/-3 = 12//-3 = -4. y = (3·28 - -3·-36)/-3 = -24//-3 = 8.,"x = -4, y = 8",61,15,204,13,8,6,0,0,1,0,0,0,rezolvati sistemul de ecuatii: 3x - 3y = -36 si -3x + 2y = 28
Generat - Sisteme ecuatii,,Rezolvati sistemul de ecuatii: 5x + 2y = 43 si -3x - 2y = -33,Din prima ecuatie: 5x + 2y = 43. Din a doua: -3x - 2y = -33. Folosind metoda substitutiei sau reducerii: det = 5·-2 - -3·2 = -4. x = (43·-2 - -33·2)/-4 = -20//-4 = 5. y = (5·-33 - -3·43)/-4 = -36//-4 = 9.,"x = 5, y = 9",3,Sisteme de ecuatii,Sisteme de ecuații,"Ecuații, inecuații și sisteme",3 - consolidare,alta,,rezolvati sistemul de ecuatii: 5x + 2y = 43 si -3x - 2y = -33,din prima ecuatie: 5x + 2y = 43. din a doua: -3x - 2y = -33. folosind metoda substitutiei sau reducerii: det = 5·-2 - -3·2 = -4. x = (43·-2 - -33·2)/-4 = -20//-4 = 5. y = (5·-33 - -3·43)/-4 = -36//-4 = 9.,"x = 5, y = 9",61,15,204,12,8,6,0,0,1,0,0,0,rezolvati sistemul de ecuatii: 5x + 2y = 43 si -3x - 2y = -33
Generat - Sisteme ecuatii,,Rezolvati sistemul de ecuatii: 2x + 3y = -12 si 4x + 3y = -6,Din prima ecuatie: 2x + 3y = -12. Din a doua: 4x + 3y = -6. Folosind metoda substitutiei sau reducerii: det = 2·3 - 4·3 = -6. x = (-12·3 - -6·3)/-6 = -18//-6 = 3. y = (2·-6 - 4·-12)/-6 = 36//-6 = -6.,"x = 3, y = -6",3,Sisteme de ecuatii,Sisteme de ecuații,"Ecuații, inecuații și sisteme",3 - consolidare,alta,,rezolvati sistemul de ecuatii: 2x + 3y = -12 si 4x + 3y = -6,din prima ecuatie: 2x + 3y = -12. din a doua: 4x + 3y = -6. folosind metoda substitutiei sau reducerii: det = 2·3 - 4·3 = -6. x = (-12·3 - -6·3)/-6 = -18//-6 = 3. y = (2·-6 - 4·-12)/-6 = 36//-6 = -6.,"x = 3, y = -6",60,15,199,13,7,6,0,0,1,0,0,0,rezolvati sistemul de ecuatii: 2x + 3y = -12 si 4x + 3y = -6
Generat - Sisteme ecuatii,,Rezolvati sistemul de ecuatii: -3x + y = 29 si 3x + 2y = -23,Din prima ecuatie: -3x + y = 29. Din a doua: 3x + 2y = -23. Folosind metoda substitutiei sau reducerii: det = -3·2 - 3·1 = -9. x = (29·2 - -23·1)/-9 = 81//-9 = -9. y = (-3·-23 - 3·29)/-9 = -18//-9 = 2.,"x = -9, y = 2",3,Sisteme de ecuatii,Sisteme de ecuații,"Ecuații, inecuații și sisteme",3 - consolidare,alta,,rezolvati sistemul de ecuatii: -3x + y = 29 si 3x + 2y = -23,din prima ecuatie: -3x + y = 29. din a doua: 3x + 2y = -23. folosind metoda substitutiei sau reducerii: det = -3·2 - 3·1 = -9. x = (29·2 - -23·1)/-9 = 81//-9 = -9. y = (-3·-23 - 3·29)/-9 = -18//-9 = 2.,"x = -9, y = 2",60,15,201,13,7,6,0,0,1,0,0,0,rezolvati sistemul de ecuatii: -3x + y = 29 si 3x + 2y = -23
Generat - Sisteme ecuatii,,Rezolvati sistemul de ecuatii: 5x + 2y = -36 si -2x - y = 14,Din prima ecuatie: 5x + 2y = -36. Din a doua: -2x - y = 14. Folosind metoda substitutiei sau reducerii: det = 5·-1 - -2·2 = -1. x = (-36·-1 - 14·2)/-1 = 8//-1 = -8. y = (5·14 - -2·-36)/-1 = -2//-1 = 2.,"x = -8, y = 2",3,Sisteme de ecuatii,Sisteme de ecuații,"Ecuații, inecuații și sisteme",3 - consolidare,alta,,rezolvati sistemul de ecuatii: 5x + 2y = -36 si -2x - y = 14,din prima ecuatie: 5x + 2y = -36. din a doua: -2x - y = 14. folosind metoda substitutiei sau reducerii: det = 5·-1 - -2·2 = -1. x = (-36·-1 - 14·2)/-1 = 8//-1 = -8. y = (5·14 - -2·-36)/-1 = -2//-1 = 2.,"x = -8, y = 2",60,15,201,13,7,6,0,0,1,0,0,0,rezolvati sistemul de ecuatii: 5x + 2y = -36 si -2x - y = 14
Generat - Sisteme ecuatii,,Rezolvati sistemul de ecuatii: 3x + 3y = -15 si 3x - y = -23,Din prima ecuatie: 3x + 3y = -15. Din a doua: 3x - y = -23. Folosind metoda substitutiei sau reducerii: det = 3·-1 - 3·3 = -12. x = (-15·-1 - -23·3)/-12 = 84//-12 = -7. y = (3·-23 - 3·-15)/-12 = -24//-12 = 2.,"x = -7, y = 2",3,Sisteme de ecuatii,Sisteme de ecuații,"Ecuații, inecuații și sisteme",3 - consolidare,alta,,rezolvati sistemul de ecuatii: 3x + 3y = -15 si 3x - y = -23,din prima ecuatie: 3x + 3y = -15. din a doua: 3x - y = -23. folosind metoda substitutiei sau reducerii: det = 3·-1 - 3·3 = -12. x = (-15·-1 - -23·3)/-12 = 84//-12 = -7. y = (3·-23 - 3·-15)/-12 = -24//-12 = 2.,"x = -7, y = 2",60,15,208,13,7,6,0,0,1,0,0,0,rezolvati sistemul de ecuatii: 3x + 3y = -15 si 3x - y = -23
Generat - Sisteme ecuatii,,Rezolvati sistemul de ecuatii: 4x - 3y = -43 si -3x - 3y = -15,Din prima ecuatie: 4x - 3y = -43. Din a doua: -3x - 3y = -15. Folosind metoda substitutiei sau reducerii: det = 4·-3 - -3·-3 = -21. x = (-43·-3 - -15·-3)/-21 = 84//-21 = -4. y = (4·-15 - -3·-43)/-21 = -189//-21 = 9.,"x = -4, y = 9",3,Sisteme de ecuatii,Sisteme de ecuații,"Ecuații, inecuații și sisteme",3 - consolidare,alta,,rezolvati sistemul de ecuatii: 4x - 3y = -43 si -3x - 3y = -15,din prima ecuatie: 4x - 3y = -43. din a doua: -3x - 3y = -15. folosind metoda substitutiei sau reducerii: det = 4·-3 - -3·-3 = -21. x = (-43·-3 - -15·-3)/-21 = 84//-21 = -4. y = (4·-15 - -3·-43)/-21 = -189//-21 = 9.,"x = -4, y = 9",62,15,215,13,8,7,0,0,1,0,0,0,rezolvati sistemul de ecuatii: 4x - 3y = -43 si -3x - 3y = -15
Generat - Sisteme ecuatii,,Rezolvati sistemul de ecuatii: 3x - y = -9 si 4x + 2y = 18,Din prima ecuatie: 3x - y = -9. Din a doua: 4x + 2y = 18. Folosind metoda substitutiei sau reducerii: det = 3·2 - 4·-1 = 10. x = (-9·2 - 18·-1)/10 = 0//10 = 0. y = (3·18 - 4·-9)/10 = 90//10 = 9.,"x = 0, y = 9",3,Sisteme de ecuatii,Sisteme de ecuații,"Ecuații, inecuații și sisteme",3 - consolidare,alta,,rezolvati sistemul de ecuatii: 3x - y = -9 si 4x + 2y = 18,din prima ecuatie: 3x - y = -9. din a doua: 4x + 2y = 18. folosind metoda substitutiei sau reducerii: det = 3·2 - 4·-1 = 10. x = (-9·2 - 18·-1)/10 = 0//10 = 0. y = (3·18 - 4·-9)/10 = 90//10 = 9.,"x = 0, y = 9",58,15,194,12,6,5,0,0,1,0,0,0,rezolvati sistemul de ecuatii: 3x - y = -9 si 4x + 2y = 18
Generat - Sisteme ecuatii,,Rezolvati sistemul de ecuatii: 5x + 2y = 40 si 5x - 3y = 40,Din prima ecuatie: 5x + 2y = 40. Din a doua: 5x - 3y = 40. Folosind metoda substitutiei sau reducerii: det = 5·-3 - 5·2 = -25. x = (40·-3 - 40·2)/-25 = -200//-25 = 8. y = (5·40 - 5·40)/-25 = 0//-25 = 0.,"x = 8, y = 0",3,Sisteme de ecuatii,Sisteme de ecuații,"Ecuații, inecuații și sisteme",3 - consolidare,alta,,rezolvati sistemul de ecuatii: 5x + 2y = 40 si 5x - 3y = 40,din prima ecuatie: 5x + 2y = 40. din a doua: 5x - 3y = 40. folosind metoda substitutiei sau reducerii: det = 5·-3 - 5·2 = -25. x = (40·-3 - 40·2)/-25 = -200//-25 = 8. y = (5·40 - 5·40)/-25 = 0//-25 = 0.,"x = 8, y = 0",59,15,202,12,8,4,0,0,1,0,0,0,rezolvati sistemul de ecuatii: 5x + 2y = 40 si 5x - 3y = 40
Generat - Sisteme ecuatii,,Rezolvati sistemul de ecuatii: -2x + 4y = -2 si 2x - 3y = 2,Din prima ecuatie: -2x + 4y = -2. Din a doua: 2x - 3y = 2. Folosind metoda substitutiei sau reducerii: det = -2·-3 - 2·4 = -2. x = (-2·-3 - 2·4)/-2 = -2//-2 = 1. y = (-2·2 - 2·-2)/-2 = 0//-2 = 0.,"x = 1, y = 0",2,Sisteme de ecuatii,Sisteme de ecuații,"Ecuații, inecuații și sisteme",2 - mediu,alta,,rezolvati sistemul de ecuatii: -2x + 4y = -2 si 2x - 3y = 2,din prima ecuatie: -2x + 4y = -2. din a doua: 2x - 3y = 2. folosind metoda substitutiei sau reducerii: det = -2·-3 - 2·4 = -2. x = (-2·-3 - 2·4)/-2 = -2//-2 = 1. y = (-2·2 - 2·-2)/-2 = 0//-2 = 0.,"x = 1, y = 0",59,15,195,12,6,6,0,0,1,0,0,0,rezolvati sistemul de ecuatii: -2x + 4y = -2 si 2x - 3y = 2
Generat - Sisteme ecuatii,,Rezolvati sistemul de ecuatii: 2x + y = 23 si -3x + 5y = -2,Din prima ecuatie: 2x + y = 23. Din a doua: -3x + 5y = -2. Folosind metoda substitutiei sau reducerii: det = 2·5 - -3·1 = 13. x = (23·5 - -2·1)/13 = 117//13 = 9. y = (2·-2 - -3·23)/13 = 65//13 = 5.,"x = 9, y = 5",3,Sisteme de ecuatii,Sisteme de ecuații,"Ecuații, inecuații și sisteme",3 - consolidare,alta,,rezolvati sistemul de ecuatii: 2x + y = 23 si -3x + 5y = -2,din prima ecuatie: 2x + y = 23. din a doua: -3x + 5y = -2. folosind metoda substitutiei sau reducerii: det = 2·5 - -3·1 = 13. x = (23·5 - -2·1)/13 = 117//13 = 9. y = (2·-2 - -3·23)/13 = 65//13 = 5.,"x = 9, y = 5",59,15,197,12,6,6,0,0,1,0,0,0,rezolvati sistemul de ecuatii: 2x + y = 23 si -3x + 5y = -2
Generat - Sisteme ecuatii,,Rezolvati sistemul de ecuatii: 4x - y = -26 si x - 3y = -23,Din prima ecuatie: 4x - y = -26. Din a doua: x - 3y = -23. Folosind metoda substitutiei sau reducerii: det = 4·-3 - 1·-1 = -11. x = (-26·-3 - -23·-1)/-11 = 55//-11 = -5. y = (4·-23 - 1·-26)/-11 = -66//-11 = 6.,"x = -5, y = 6",3,Sisteme de ecuatii,Sisteme de ecuații,"Ecuații, inecuații și sisteme",3 - consolidare,alta,,rezolvati sistemul de ecuatii: 4x - y = -26 si x - 3y = -23,din prima ecuatie: 4x - y = -26. din a doua: x - 3y = -23. folosind metoda substitutiei sau reducerii: det = 4·-3 - 1·-1 = -11. x = (-26·-3 - -23·-1)/-11 = 55//-11 = -5. y = (4·-23 - 1·-26)/-11 = -66//-11 = 6.,"x = -5, y = 6",59,15,209,13,6,6,0,0,1,0,0,0,rezolvati sistemul de ecuatii: 4x - y = -26 si x - 3y = -23
Generat - Sisteme ecuatii,,Rezolvati sistemul de ecuatii: x - 3y = 29 si 5x + 3y = 19,Din prima ecuatie: x - 3y = 29. Din a doua: 5x + 3y = 19. Folosind metoda substitutiei sau reducerii: det = 1·3 - 5·-3 = 18. x = (29·3 - 19·-3)/18 = 144//18 = 8. y = (1·19 - 5·29)/18 = -126//18 = -7.,"x = 8, y = -7",3,Sisteme de ecuatii,Sisteme de ecuații,"Ecuații, inecuații și sisteme",3 - consolidare,alta,,rezolvati sistemul de ecuatii: x - 3y = 29 si 5x + 3y = 19,din prima ecuatie: x - 3y = 29. din a doua: 5x + 3y = 19. folosind metoda substitutiei sau reducerii: det = 1·3 - 5·-3 = 18. x = (29·3 - 19·-3)/18 = 144//18 = 8. y = (1·19 - 5·29)/18 = -126//18 = -7.,"x = 8, y = -7",58,15,199,13,7,4,0,0,1,0,0,0,rezolvati sistemul de ecuatii: x - 3y = 29 si 5x + 3y = 19
Generat - Sisteme ecuatii,,Rezolvati sistemul de ecuatii: 4x + y = 6 si 4x + 5y = -18,Din prima ecuatie: 4x + y = 6. Din a doua: 4x + 5y = -18. Folosind metoda substitutiei sau reducerii: det = 4·5 - 4·1 = 16. x = (6·5 - -18·1)/16 = 48//16 = 3. y = (4·-18 - 4·6)/16 = -96//16 = -6.,"x = 3, y = -6",3,Sisteme de ecuatii,Sisteme de ecuații,"Ecuații, inecuații și sisteme",3 - consolidare,alta,,rezolvati sistemul de ecuatii: 4x + y = 6 si 4x + 5y = -18,din prima ecuatie: 4x + y = 6. din a doua: 4x + 5y = -18. folosind metoda substitutiei sau reducerii: det = 4·5 - 4·1 = 16. x = (6·5 - -18·1)/16 = 48//16 = 3. y = (4·-18 - 4·6)/16 = -96//16 = -6.,"x = 3, y = -6",58,15,195,13,6,5,0,0,1,0,0,0,rezolvati sistemul de ecuatii: 4x + y = 6 si 4x + 5y = -18
Generat - Sisteme ecuatii,,Rezolvati sistemul de ecuatii: x + 3y = -27 si 5x + 4y = -69,Din prima ecuatie: x + 3y = -27. Din a doua: 5x + 4y = -69. Folosind metoda substitutiei sau reducerii: det = 1·4 - 5·3 = -11. x = (-27·4 - -69·3)/-11 = 99//-11 = -9. y = (1·-69 - 5·-27)/-11 = 66//-11 = -6.,"x = -9, y = -6",3,Sisteme de ecuatii,Sisteme de ecuații,"Ecuații, inecuații și sisteme",3 - consolidare,alta,,rezolvati sistemul de ecuatii: x + 3y = -27 si 5x + 4y = -69,din prima ecuatie: x + 3y = -27. din a doua: 5x + 4y = -69. folosind metoda substitutiei sau reducerii: det = 1·4 - 5·3 = -11. x = (-27·4 - -69·3)/-11 = 99//-11 = -9. y = (1·-69 - 5·-27)/-11 = 66//-11 = -6.,"x = -9, y = -6",60,15,206,14,7,6,0,0,1,0,0,0,rezolvati sistemul de ecuatii: x + 3y = -27 si 5x + 4y = -69
Generat - Sisteme ecuatii,,Rezolvati sistemul de ecuatii: 5x + 3y = -15 si 3x + 2y = -10,Din prima ecuatie: 5x + 3y = -15. Din a doua: 3x + 2y = -10. Folosind metoda substitutiei sau reducerii: det = 5·2 - 3·3 = 1. x = (-15·2 - -10·3)/1 = 0//1 = 0. y = (5·-10 - 3·-15)/1 = -5//1 = -5.,"x = 0, y = -5",2,Sisteme de ecuatii,Sisteme de ecuații,"Ecuații, inecuații și sisteme",2 - mediu,alta,,rezolvati sistemul de ecuatii: 5x + 3y = -15 si 3x + 2y = -10,din prima ecuatie: 5x + 3y = -15. din a doua: 3x + 2y = -10. folosind metoda substitutiei sau reducerii: det = 5·2 - 3·3 = 1. x = (-15·2 - -10·3)/1 = 0//1 = 0. y = (5·-10 - 3·-15)/1 = -5//1 = -5.,"x = 0, y = -5",61,15,195,13,8,6,0,0,1,0,0,0,rezolvati sistemul de ecuatii: 5x + 3y = -15 si 3x + 2y = -10
Generat - Sisteme ecuatii,,Rezolvati sistemul de ecuatii: 2x + y = -7 si 5x + 3y = -18,Din prima ecuatie: 2x + y = -7. Din a doua: 5x + 3y = -18. Folosind metoda substitutiei sau reducerii: det = 2·3 - 5·1 = 1. x = (-7·3 - -18·1)/1 = -3//1 = -3. y = (2·-18 - 5·-7)/1 = -1//1 = -1.,"x = -3, y = -1",2,Sisteme de ecuatii,Sisteme de ecuații,"Ecuații, inecuații și sisteme",2 - mediu,alta,,rezolvati sistemul de ecuatii: 2x + y = -7 si 5x + 3y = -18,din prima ecuatie: 2x + y = -7. din a doua: 5x + 3y = -18. folosind metoda substitutiei sau reducerii: det = 2·3 - 5·1 = 1. x = (-7·3 - -18·1)/1 = -3//1 = -3. y = (2·-18 - 5·-7)/1 = -1//1 = -1.,"x = -3, y = -1",59,15,193,14,6,6,0,0,1,0,0,0,rezolvati sistemul de ecuatii: 2x + y = -7 si 5x + 3y = -18
Generat - Sisteme ecuatii,,Rezolvati sistemul de ecuatii: 2x + 2y = 12 si -2x + 4y = -6,Din prima ecuatie: 2x + 2y = 12. Din a doua: -2x + 4y = -6. Folosind metoda substitutiei sau reducerii: det = 2·4 - -2·2 = 12. x = (12·4 - -6·2)/12 = 60//12 = 5. y = (2·-6 - -2·12)/12 = 12//12 = 1.,"x = 5, y = 1",2,Sisteme de ecuatii,Sisteme de ecuații,"Ecuații, inecuații și sisteme",2 - mediu,alta,,rezolvati sistemul de ecuatii: 2x + 2y = 12 si -2x + 4y = -6,din prima ecuatie: 2x + 2y = 12. din a doua: -2x + 4y = -6. folosind metoda substitutiei sau reducerii: det = 2·4 - -2·2 = 12. x = (12·4 - -6·2)/12 = 60//12 = 5. y = (2·-6 - -2·12)/12 = 12//12 = 1.,"x = 5, y = 1",60,15,197,12,7,6,0,0,1,0,0,0,rezolvati sistemul de ecuatii: 2x + 2y = 12 si -2x + 4y = -6
Generat - Sisteme ecuatii,,Rezolvati sistemul de ecuatii: -x + 2y = 0 si -3x + 2y = -4,Din prima ecuatie: -x + 2y = 0. Din a doua: -3x + 2y = -4. Folosind metoda substitutiei sau reducerii: det = -1·2 - -3·2 = 4. x = (0·2 - -4·2)/4 = 8//4 = 2. y = (-1·-4 - -3·0)/4 = 4//4 = 1.,"x = 2, y = 1",2,Sisteme de ecuatii,Sisteme de ecuații,"Ecuații, inecuații și sisteme",2 - mediu,alta,,rezolvati sistemul de ecuatii: -x + 2y = 0 si -3x + 2y = -4,din prima ecuatie: -x + 2y = 0. din a doua: -3x + 2y = -4. folosind metoda substitutiei sau reducerii: det = -1·2 - -3·2 = 4. x = (0·2 - -4·2)/4 = 8//4 = 2. y = (-1·-4 - -3·0)/4 = 4//4 = 1.,"x = 2, y = 1",59,15,189,12,5,7,0,0,1,0,0,0,rezolvati sistemul de ecuatii: -x + 2y = 0 si -3x + 2y = -4
Generat - Sisteme ecuatii,,Rezolvati sistemul de ecuatii: 5x + 2y = -38 si 5x + y = -39,Din prima ecuatie: 5x + 2y = -38. Din a doua: 5x + y = -39. Folosind metoda substitutiei sau reducerii: det = 5·1 - 5·2 = -5. x = (-38·1 - -39·2)/-5 = 40//-5 = -8. y = (5·-39 - 5·-38)/-5 = -5//-5 = 1.,"x = -8, y = 1",3,Sisteme de ecuatii,Sisteme de ecuații,"Ecuații, inecuații și sisteme",3 - consolidare,alta,,rezolvati sistemul de ecuatii: 5x + 2y = -38 si 5x + y = -39,din prima ecuatie: 5x + 2y = -38. din a doua: 5x + y = -39. folosind metoda substitutiei sau reducerii: det = 5·1 - 5·2 = -5. x = (-38·1 - -39·2)/-5 = 40//-5 = -8. y = (5·-39 - 5·-38)/-5 = -5//-5 = 1.,"x = -8, y = 1",60,15,200,13,7,6,0,0,1,0,0,0,rezolvati sistemul de ecuatii: 5x + 2y = -38 si 5x + y = -39
Generat - Sisteme ecuatii,,Rezolvati sistemul de ecuatii: 2x + 2y = 6 si -x - 2y = -10,Din prima ecuatie: 2x + 2y = 6. Din a doua: -x - 2y = -10. Folosind metoda substitutiei sau reducerii: det = 2·-2 - -1·2 = -2. x = (6·-2 - -10·2)/-2 = 8//-2 = -4. y = (2·-10 - -1·6)/-2 = -14//-2 = 7.,"x = -4, y = 7",3,Sisteme de ecuatii,Sisteme de ecuații,"Ecuații, inecuații și sisteme",3 - consolidare,alta,,rezolvati sistemul de ecuatii: 2x + 2y = 6 si -x - 2y = -10,din prima ecuatie: 2x + 2y = 6. din a doua: -x - 2y = -10. folosind metoda substitutiei sau reducerii: det = 2·-2 - -1·2 = -2. x = (6·-2 - -10·2)/-2 = 8//-2 = -4. y = (2·-10 - -1·6)/-2 = -14//-2 = 7.,"x = -4, y = 7",59,15,199,13,6,6,0,0,1,0,0,0,rezolvati sistemul de ecuatii: 2x + 2y = 6 si -x - 2y = -10
Generat - Sisteme ecuatii,,Rezolvati sistemul de ecuatii: x + y = 17 si -3x + y = -19,Din prima ecuatie: x + y = 17. Din a doua: -3x + y = -19. Folosind metoda substitutiei sau reducerii: det = 1·1 - -3·1 = 4. x = (17·1 - -19·1)/4 = 36//4 = 9. y = (1·-19 - -3·17)/4 = 32//4 = 8.,"x = 9, y = 8",3,Sisteme de ecuatii,Sisteme de ecuații,"Ecuații, inecuații și sisteme",3 - consolidare,alta,,rezolvati sistemul de ecuatii: x + y = 17 si -3x + y = -19,din prima ecuatie: x + y = 17. din a doua: -3x + y = -19. folosind metoda substitutiei sau reducerii: det = 1·1 - -3·1 = 4. x = (17·1 - -19·1)/4 = 36//4 = 9. y = (1·-19 - -3·17)/4 = 32//4 = 8.,"x = 9, y = 8",58,15,192,12,5,6,0,0,1,0,0,0,rezolvati sistemul de ecuatii: x + y = 17 si -3x + y = -19
Generat - Sisteme ecuatii,,Rezolvati sistemul de ecuatii: -3x - 2y = -24 si 4x + 3y = 31,Din prima ecuatie: -3x - 2y = -24. Din a doua: 4x + 3y = 31. Folosind metoda substitutiei sau reducerii: det = -3·3 - 4·-2 = -1. x = (-24·3 - 31·-2)/-1 = -10//-1 = 10. y = (-3·31 - 4·-24)/-1 = 3//-1 = -3.,"x = 10, y = -3",3,Sisteme de ecuatii,Sisteme de ecuații,"Ecuații, inecuații și sisteme",3 - consolidare,alta,,rezolvati sistemul de ecuatii: -3x - 2y = -24 si 4x + 3y = 31,din prima ecuatie: -3x - 2y = -24. din a doua: 4x + 3y = 31. folosind metoda substitutiei sau reducerii: det = -3·3 - 4·-2 = -1. x = (-24·3 - 31·-2)/-1 = -10//-1 = 10. y = (-3·31 - 4·-24)/-1 = 3//-1 = -3.,"x = 10, y = -3",61,15,204,14,8,6,0,0,1,0,0,0,rezolvati sistemul de ecuatii: -3x - 2y = -24 si 4x + 3y = 31
Generat - Sisteme ecuatii,,Rezolvati sistemul de ecuatii: -x - 3y = 16 si -x + 4y = -33,Din prima ecuatie: -x - 3y = 16. Din a doua: -x + 4y = -33. Folosind metoda substitutiei sau reducerii: det = -1·4 - -1·-3 = -7. x = (16·4 - -33·-3)/-7 = -35//-7 = 5. y = (-1·-33 - -1·16)/-7 = 49//-7 = -7.,"x = 5, y = -7",3,Sisteme de ecuatii,Sisteme de ecuații,"Ecuații, inecuații și sisteme",3 - consolidare,alta,,rezolvati sistemul de ecuatii: -x - 3y = 16 si -x + 4y = -33,din prima ecuatie: -x - 3y = 16. din a doua: -x + 4y = -33. folosind metoda substitutiei sau reducerii: det = -1·4 - -1·-3 = -7. x = (16·4 - -33·-3)/-7 = -35//-7 = 5. y = (-1·-33 - -1·16)/-7 = 49//-7 = -7.,"x = 5, y = -7",60,15,205,13,6,7,0,0,1,0,0,0,rezolvati sistemul de ecuatii: -x - 3y = 16 si -x + 4y = -33
Generat - Sisteme ecuatii,,Rezolvati sistemul de ecuatii: 5x + y = 55 si 2x + 3y = 35,Din prima ecuatie: 5x + y = 55. Din a doua: 2x + 3y = 35. Folosind metoda substitutiei sau reducerii: det = 5·3 - 2·1 = 13. x = (55·3 - 35·1)/13 = 130//13 = 10. y = (5·35 - 2·55)/13 = 65//13 = 5.,"x = 10, y = 5",3,Sisteme de ecuatii,Sisteme de ecuații,"Ecuații, inecuații și sisteme",3 - consolidare,alta,,rezolvati sistemul de ecuatii: 5x + y = 55 si 2x + 3y = 35,din prima ecuatie: 5x + y = 55. din a doua: 2x + 3y = 35. folosind metoda substitutiei sau reducerii: det = 5·3 - 2·1 = 13. x = (55·3 - 35·1)/13 = 130//13 = 10. y = (5·35 - 2·55)/13 = 65//13 = 5.,"x = 10, y = 5",58,15,195,13,7,4,0,0,1,0,0,0,rezolvati sistemul de ecuatii: 5x + y = 55 si 2x + 3y = 35
Generat - Sisteme ecuatii,,Rezolvati sistemul de ecuatii: -3x - 2y = -17 si x - 3y = -31,Din prima ecuatie: -3x - 2y = -17. Din a doua: x - 3y = -31. Folosind metoda substitutiei sau reducerii: det = -3·-3 - 1·-2 = 11. x = (-17·-3 - -31·-2)/11 = -11//11 = -1. y = (-3·-31 - 1·-17)/11 = 110//11 = 10.,"x = -1, y = 10",3,Sisteme de ecuatii,Sisteme de ecuații,"Ecuații, inecuații și sisteme",3 - consolidare,alta,,rezolvati sistemul de ecuatii: -3x - 2y = -17 si x - 3y = -31,din prima ecuatie: -3x - 2y = -17. din a doua: x - 3y = -31. folosind metoda substitutiei sau reducerii: det = -3·-3 - 1·-2 = 11. x = (-17·-3 - -31·-2)/11 = -11//11 = -1. y = (-3·-31 - 1·-17)/11 = 110//11 = 10.,"x = -1, y = 10",61,15,210,14,7,7,0,0,1,0,0,0,rezolvati sistemul de ecuatii: -3x - 2y = -17 si x - 3y = -31
Generat - Sisteme ecuatii,,Rezolvati sistemul de ecuatii: -x - 3y = -4 si 4x + 5y = -5,Din prima ecuatie: -x - 3y = -4. Din a doua: 4x + 5y = -5. Folosind metoda substitutiei sau reducerii: det = -1·5 - 4·-3 = 7. x = (-4·5 - -5·-3)/7 = -35//7 = -5. y = (-1·-5 - 4·-4)/7 = 21//7 = 3.,"x = -5, y = 3",2,Sisteme de ecuatii,Sisteme de ecuații,"Ecuații, inecuații și sisteme",2 - mediu,alta,,rezolvati sistemul de ecuatii: -x - 3y = -4 si 4x + 5y = -5,din prima ecuatie: -x - 3y = -4. din a doua: 4x + 5y = -5. folosind metoda substitutiei sau reducerii: det = -1·5 - 4·-3 = 7. x = (-4·5 - -5·-3)/7 = -35//7 = -5. y = (-1·-5 - 4·-4)/7 = 21//7 = 3.,"x = -5, y = 3",59,15,195,13,5,7,0,0,1,0,0,0,rezolvati sistemul de ecuatii: -x - 3y = -4 si 4x + 5y = -5
Generat - Sisteme ecuatii,,Rezolvati sistemul de ecuatii: -3x - 3y = 18 si 2x - 2y = -8,Din prima ecuatie: -3x - 3y = 18. Din a doua: 2x - 2y = -8. Folosind metoda substitutiei sau reducerii: det = -3·-2 - 2·-3 = 12. x = (18·-2 - -8·-3)/12 = -60//12 = -5. y = (-3·-8 - 2·18)/12 = -12//12 = -1.,"x = -5, y = -1",2,Sisteme de ecuatii,Sisteme de ecuații,"Ecuații, inecuații și sisteme",2 - mediu,alta,,rezolvati sistemul de ecuatii: -3x - 3y = 18 si 2x - 2y = -8,din prima ecuatie: -3x - 3y = 18. din a doua: 2x - 2y = -8. folosind metoda substitutiei sau reducerii: det = -3·-2 - 2·-3 = 12. x = (18·-2 - -8·-3)/12 = -60//12 = -5. y = (-3·-8 - 2·18)/12 = -12//12 = -1.,"x = -5, y = -1",60,15,205,14,7,6,0,0,1,0,0,0,rezolvati sistemul de ecuatii: -3x - 3y = 18 si 2x - 2y = -8
Generat - Sisteme ecuatii,,Rezolvati sistemul de ecuatii: 5x + 5y = -5 si -x + 5y = -5,Din prima ecuatie: 5x + 5y = -5. Din a doua: -x + 5y = -5. Folosind metoda substitutiei sau reducerii: det = 5·5 - -1·5 = 30. x = (-5·5 - -5·5)/30 = 0//30 = 0. y = (5·-5 - -1·-5)/30 = -30//30 = -1.,"x = 0, y = -1",2,Sisteme de ecuatii,Sisteme de ecuații,"Ecuații, inecuații și sisteme",2 - mediu,alta,,rezolvati sistemul de ecuatii: 5x + 5y = -5 si -x + 5y = -5,din prima ecuatie: 5x + 5y = -5. din a doua: -x + 5y = -5. folosind metoda substitutiei sau reducerii: det = 5·5 - -1·5 = 30. x = (-5·5 - -5·5)/30 = 0//30 = 0. y = (5·-5 - -1·-5)/30 = -30//30 = -1.,"x = 0, y = -1",59,15,197,13,5,7,0,0,1,0,0,0,rezolvati sistemul de ecuatii: 5x + 5y = -5 si -x + 5y = -5
Generat - Sisteme ecuatii,,Rezolvati sistemul de ecuatii: -2x + 3y = -8 si -x + 5y = -18,Din prima ecuatie: -2x + 3y = -8. Din a doua: -x + 5y = -18. Folosind metoda substitutiei sau reducerii: det = -2·5 - -1·3 = -7. x = (-8·5 - -18·3)/-7 = 14//-7 = -2. y = (-2·-18 - -1·-8)/-7 = 28//-7 = -4.,"x = -2, y = -4",2,Sisteme de ecuatii,Sisteme de ecuații,"Ecuații, inecuații și sisteme",2 - mediu,alta,,rezolvati sistemul de ecuatii: -2x + 3y = -8 si -x + 5y = -18,din prima ecuatie: -2x + 3y = -8. din a doua: -x + 5y = -18. folosind metoda substitutiei sau reducerii: det = -2·5 - -1·3 = -7. x = (-8·5 - -18·3)/-7 = 14//-7 = -2. y = (-2·-18 - -1·-8)/-7 = 28//-7 = -4.,"x = -2, y = -4",61,15,204,14,6,8,0,0,1,0,0,0,rezolvati sistemul de ecuatii: -2x + 3y = -8 si -x + 5y = -18
Generat - Sisteme ecuatii,,Rezolvati sistemul de ecuatii: -x - 3y = -4 si 3x + 2y = 26,Din prima ecuatie: -x - 3y = -4. Din a doua: 3x + 2y = 26. Folosind metoda substitutiei sau reducerii: det = -1·2 - 3·-3 = 7. x = (-4·2 - 26·-3)/7 = 70//7 = 10. y = (-1·26 - 3·-4)/7 = -14//7 = -2.,"x = 10, y = -2",3,Sisteme de ecuatii,Sisteme de ecuații,"Ecuații, inecuații și sisteme",3 - consolidare,alta,,rezolvati sistemul de ecuatii: -x - 3y = -4 si 3x + 2y = 26,din prima ecuatie: -x - 3y = -4. din a doua: 3x + 2y = 26. folosind metoda substitutiei sau reducerii: det = -1·2 - 3·-3 = 7. x = (-4·2 - 26·-3)/7 = 70//7 = 10. y = (-1·26 - 3·-4)/7 = -14//7 = -2.,"x = 10, y = -2",59,15,196,14,6,6,0,0,1,0,0,0,rezolvati sistemul de ecuatii: -x - 3y = -4 si 3x + 2y = 26
Generat - Sisteme ecuatii,,Rezolvati sistemul de ecuatii: -x + 4y = -24 si 4x + 3y = 20,Din prima ecuatie: -x + 4y = -24. Din a doua: 4x + 3y = 20. Folosind metoda substitutiei sau reducerii: det = -1·3 - 4·4 = -19. x = (-24·3 - 20·4)/-19 = -152//-19 = 8. y = (-1·20 - 4·-24)/-19 = 76//-19 = -4.,"x = 8, y = -4",3,Sisteme de ecuatii,Sisteme de ecuații,"Ecuații, inecuații și sisteme",3 - consolidare,alta,,rezolvati sistemul de ecuatii: -x + 4y = -24 si 4x + 3y = 20,din prima ecuatie: -x + 4y = -24. din a doua: 4x + 3y = 20. folosind metoda substitutiei sau reducerii: det = -1·3 - 4·4 = -19. x = (-24·3 - 20·4)/-19 = -152//-19 = 8. y = (-1·20 - 4·-24)/-19 = 76//-19 = -4.,"x = 8, y = -4",60,15,207,13,7,6,0,0,1,0,0,0,rezolvati sistemul de ecuatii: -x + 4y = -24 si 4x + 3y = 20
Generat - Sisteme ecuatii,,Rezolvati sistemul de ecuatii: -2x - y = 14 si -x + 5y = 18,Din prima ecuatie: -2x - y = 14. Din a doua: -x + 5y = 18. Folosind metoda substitutiei sau reducerii: det = -2·5 - -1·-1 = -11. x = (14·5 - 18·-1)/-11 = 88//-11 = -8. y = (-2·18 - -1·14)/-11 = -22//-11 = 2.,"x = -8, y = 2",3,Sisteme de ecuatii,Sisteme de ecuații,"Ecuații, inecuații și sisteme",3 - consolidare,alta,,rezolvati sistemul de ecuatii: -2x - y = 14 si -x + 5y = 18,din prima ecuatie: -2x - y = 14. din a doua: -x + 5y = 18. folosind metoda substitutiei sau reducerii: det = -2·5 - -1·-1 = -11. x = (14·5 - 18·-1)/-11 = 88//-11 = -8. y = (-2·18 - -1·14)/-11 = -22//-11 = 2.,"x = -8, y = 2",59,15,207,13,6,6,0,0,1,0,0,0,rezolvati sistemul de ecuatii: -2x - y = 14 si -x + 5y = 18
Generat - Sisteme ecuatii,,Rezolvati sistemul de ecuatii: -3x + 2y = -6 si 4x + y = -3,Din prima ecuatie: -3x + 2y = -6. Din a doua: 4x + y = -3. Folosind metoda substitutiei sau reducerii: det = -3·1 - 4·2 = -11. x = (-6·1 - -3·2)/-11 = 0//-11 = 0. y = (-3·-3 - 4·-6)/-11 = 33//-11 = -3.,"x = 0, y = -3",2,Sisteme de ecuatii,Sisteme de ecuații,"Ecuații, inecuații și sisteme",2 - mediu,alta,,rezolvati sistemul de ecuatii: -3x + 2y = -6 si 4x + y = -3,din prima ecuatie: -3x + 2y = -6. din a doua: 4x + y = -3. folosind metoda substitutiei sau reducerii: det = -3·1 - 4·2 = -11. x = (-6·1 - -3·2)/-11 = 0//-11 = 0. y = (-3·-3 - 4·-6)/-11 = 33//-11 = -3.,"x = 0, y = -3",59,15,201,13,5,7,0,0,1,0,0,0,rezolvati sistemul de ecuatii: -3x + 2y = -6 si 4x + y = -3
Generat - Sisteme ecuatii,,Rezolvati sistemul de ecuatii: 3x + 2y = 8 si -3x + 2y = -16,Din prima ecuatie: 3x + 2y = 8. Din a doua: -3x + 2y = -16. Folosind metoda substitutiei sau reducerii: det = 3·2 - -3·2 = 12. x = (8·2 - -16·2)/12 = 48//12 = 4. y = (3·-16 - -3·8)/12 = -24//12 = -2.,"x = 4, y = -2",2,Sisteme de ecuatii,Sisteme de ecuații,"Ecuații, inecuații și sisteme",2 - mediu,alta,,rezolvati sistemul de ecuatii: 3x + 2y = 8 si -3x + 2y = -16,din prima ecuatie: 3x + 2y = 8. din a doua: -3x + 2y = -16. folosind metoda substitutiei sau reducerii: det = 3·2 - -3·2 = 12. x = (8·2 - -16·2)/12 = 48//12 = 4. y = (3·-16 - -3·8)/12 = -24//12 = -2.,"x = 4, y = -2",60,15,199,13,7,6,0,0,1,0,0,0,rezolvati sistemul de ecuatii: 3x + 2y = 8 si -3x + 2y = -16
Generat - Sisteme ecuatii,,Rezolvati sistemul de ecuatii: x - 3y = 7 si -2x + 5y = -15,Din prima ecuatie: x - 3y = 7. Din a doua: -2x + 5y = -15. Folosind metoda substitutiei sau reducerii: det = 1·5 - -2·-3 = -1. x = (7·5 - -15·-3)/-1 = -10//-1 = 10. y = (1·-15 - -2·7)/-1 = -1//-1 = 1.,"x = 10, y = 1",3,Sisteme de ecuatii,Sisteme de ecuații,"Ecuații, inecuații și sisteme",3 - consolidare,alta,,rezolvati sistemul de ecuatii: x - 3y = 7 si -2x + 5y = -15,din prima ecuatie: x - 3y = 7. din a doua: -2x + 5y = -15. folosind metoda substitutiei sau reducerii: det = 1·5 - -2·-3 = -1. x = (7·5 - -15·-3)/-1 = -10//-1 = 10. y = (1·-15 - -2·7)/-1 = -1//-1 = 1.,"x = 10, y = 1",59,15,200,13,6,6,0,0,1,0,0,0,rezolvati sistemul de ecuatii: x - 3y = 7 si -2x + 5y = -15
Generat - Sisteme ecuatii,,Rezolvati sistemul de ecuatii: 4x + 2y = -14 si -2x + 2y = -8,Din prima ecuatie: 4x + 2y = -14. Din a doua: -2x + 2y = -8. Folosind metoda substitutiei sau reducerii: det = 4·2 - -2·2 = 12. x = (-14·2 - -8·2)/12 = -12//12 = -1. y = (4·-8 - -2·-14)/12 = -60//12 = -5.,"x = -1, y = -5",2,Sisteme de ecuatii,Sisteme de ecuații,"Ecuații, inecuații și sisteme",2 - mediu,alta,,rezolvati sistemul de ecuatii: 4x + 2y = -14 si -2x + 2y = -8,din prima ecuatie: 4x + 2y = -14. din a doua: -2x + 2y = -8. folosind metoda substitutiei sau reducerii: det = 4·2 - -2·2 = 12. x = (-14·2 - -8·2)/12 = -12//12 = -1. y = (4·-8 - -2·-14)/12 = -60//12 = -5.,"x = -1, y = -5",61,15,204,14,7,7,0,0,1,0,0,0,rezolvati sistemul de ecuatii: 4x + 2y = -14 si -2x + 2y = -8
Generat - Sisteme ecuatii,,Rezolvati sistemul de ecuatii: x + y = 10 si -x + 5y = 44,Din prima ecuatie: x + y = 10. Din a doua: -x + 5y = 44. Folosind metoda substitutiei sau reducerii: det = 1·5 - -1·1 = 6. x = (10·5 - 44·1)/6 = 6//6 = 1. y = (1·44 - -1·10)/6 = 54//6 = 9.,"x = 1, y = 9",3,Sisteme de ecuatii,Sisteme de ecuații,"Ecuații, inecuații și sisteme",3 - consolidare,alta,,rezolvati sistemul de ecuatii: x + y = 10 si -x + 5y = 44,din prima ecuatie: x + y = 10. din a doua: -x + 5y = 44. folosind metoda substitutiei sau reducerii: det = 1·5 - -1·1 = 6. x = (10·5 - 44·1)/6 = 6//6 = 1. y = (1·44 - -1·10)/6 = 54//6 = 9.,"x = 1, y = 9",57,15,188,12,5,5,0,0,1,0,0,0,rezolvati sistemul de ecuatii: x + y = 10 si -x + 5y = 44
Generat - Sisteme ecuatii,,Rezolvati sistemul de ecuatii: 3x + 4y = -2 si 5x + y = -26,Din prima ecuatie: 3x + 4y = -2. Din a doua: 5x + y = -26. Folosind metoda substitutiei sau reducerii: det = 3·1 - 5·4 = -17. x = (-2·1 - -26·4)/-17 = 102//-17 = -6. y = (3·-26 - 5·-2)/-17 = -68//-17 = 4.,"x = -6, y = 4",3,Sisteme de ecuatii,Sisteme de ecuații,"Ecuații, inecuații și sisteme",3 - consolidare,alta,,rezolvati sistemul de ecuatii: 3x + 4y = -2 si 5x + y = -26,din prima ecuatie: 3x + 4y = -2. din a doua: 5x + y = -26. folosind metoda substitutiei sau reducerii: det = 3·1 - 5·4 = -17. x = (-2·1 - -26·4)/-17 = 102//-17 = -6. y = (3·-26 - 5·-2)/-17 = -68//-17 = 4.,"x = -6, y = 4",59,15,204,13,6,6,0,0,1,0,0,0,rezolvati sistemul de ecuatii: 3x + 4y = -2 si 5x + y = -26
Generat - Sisteme ecuatii,,Rezolvati sistemul de ecuatii: -2x + 5y = 51 si 3x - 2y = -27,Din prima ecuatie: -2x + 5y = 51. Din a doua: 3x - 2y = -27. Folosind metoda substitutiei sau reducerii: det = -2·-2 - 3·5 = -11. x = (51·-2 - -27·5)/-11 = 33//-11 = -3. y = (-2·-27 - 3·51)/-11 = -99//-11 = 9.,"x = -3, y = 9",3,Sisteme de ecuatii,Sisteme de ecuații,"Ecuații, inecuații și sisteme",3 - consolidare,alta,,rezolvati sistemul de ecuatii: -2x + 5y = 51 si 3x - 2y = -27,din prima ecuatie: -2x + 5y = 51. din a doua: 3x - 2y = -27. folosind metoda substitutiei sau reducerii: det = -2·-2 - 3·5 = -11. x = (51·-2 - -27·5)/-11 = 33//-11 = -3. y = (-2·-27 - 3·51)/-11 = -99//-11 = 9.,"x = -3, y = 9",61,15,209,13,8,6,0,0,1,0,0,0,rezolvati sistemul de ecuatii: -2x + 5y = 51 si 3x - 2y = -27
Generat - Sisteme ecuatii,,Rezolvati sistemul de ecuatii: -3x + y = -31 si -x - y = -1,Din prima ecuatie: -3x + y = -31. Din a doua: -x - y = -1. Folosind metoda substitutiei sau reducerii: det = -3·-1 - -1·1 = 4. x = (-31·-1 - -1·1)/4 = 32//4 = 8. y = (-3·-1 - -1·-31)/4 = -28//4 = -7.,"x = 8, y = -7",3,Sisteme de ecuatii,Sisteme de ecuații,"Ecuații, inecuații și sisteme",3 - consolidare,alta,,rezolvati sistemul de ecuatii: -3x + y = -31 si -x - y = -1,din prima ecuatie: -3x + y = -31. din a doua: -x - y = -1. folosind metoda substitutiei sau reducerii: det = -3·-1 - -1·1 = 4. x = (-31·-1 - -1·1)/4 = 32//4 = 8. y = (-3·-1 - -1·-31)/4 = -28//4 = -7.,"x = 8, y = -7",59,15,199,13,4,8,0,0,1,0,0,0,rezolvati sistemul de ecuatii: -3x + y = -31 si -x - y = -1
Generat - Sisteme ecuatii,,Rezolvati sistemul de ecuatii: 5x - 2y = -12 si x + 5y = 30,Din prima ecuatie: 5x - 2y = -12. Din a doua: x + 5y = 30. Folosind metoda substitutiei sau reducerii: det = 5·5 - 1·-2 = 27. x = (-12·5 - 30·-2)/27 = 0//27 = 0. y = (5·30 - 1·-12)/27 = 162//27 = 6.,"x = 0, y = 6",3,Sisteme de ecuatii,Sisteme de ecuații,"Ecuații, inecuații și sisteme",3 - consolidare,alta,,rezolvati sistemul de ecuatii: 5x - 2y = -12 si x + 5y = 30,din prima ecuatie: 5x - 2y = -12. din a doua: x + 5y = 30. folosind metoda substitutiei sau reducerii: det = 5·5 - 1·-2 = 27. x = (-12·5 - 30·-2)/27 = 0//27 = 0. y = (5·30 - 1·-12)/27 = 162//27 = 6.,"x = 0, y = 6",59,15,198,12,7,5,0,0,1,0,0,0,rezolvati sistemul de ecuatii: 5x - 2y = -12 si x + 5y = 30
Generat - Sisteme ecuatii,,Rezolvati sistemul de ecuatii: 5x - 3y = -58 si 5x - y = -46,Din prima ecuatie: 5x - 3y = -58. Din a doua: 5x - y = -46. Folosind metoda substitutiei sau reducerii: det = 5·-1 - 5·-3 = 10. x = (-58·-1 - -46·-3)/10 = -80//10 = -8. y = (5·-46 - 5·-58)/10 = 60//10 = 6.,"x = -8, y = 6",3,Sisteme de ecuatii,Sisteme de ecuații,"Ecuații, inecuații și sisteme",3 - consolidare,alta,,rezolvati sistemul de ecuatii: 5x - 3y = -58 si 5x - y = -46,din prima ecuatie: 5x - 3y = -58. din a doua: 5x - y = -46. folosind metoda substitutiei sau reducerii: det = 5·-1 - 5·-3 = 10. x = (-58·-1 - -46·-3)/10 = -80//10 = -8. y = (5·-46 - 5·-58)/10 = 60//10 = 6.,"x = -8, y = 6",60,15,205,13,7,6,0,0,1,0,0,0,rezolvati sistemul de ecuatii: 5x - 3y = -58 si 5x - y = -46
Generat - Sisteme ecuatii,,Rezolvati sistemul de ecuatii: 5x - 3y = 21 si 5x + 2y = 36,Din prima ecuatie: 5x - 3y = 21. Din a doua: 5x + 2y = 36. Folosind metoda substitutiei sau reducerii: det = 5·2 - 5·-3 = 25. x = (21·2 - 36·-3)/25 = 150//25 = 6. y = (5·36 - 5·21)/25 = 75//25 = 3.,"x = 6, y = 3",3,Sisteme de ecuatii,Sisteme de ecuații,"Ecuații, inecuații și sisteme",3 - consolidare,alta,,rezolvati sistemul de ecuatii: 5x - 3y = 21 si 5x + 2y = 36,din prima ecuatie: 5x - 3y = 21. din a doua: 5x + 2y = 36. folosind metoda substitutiei sau reducerii: det = 5·2 - 5·-3 = 25. x = (21·2 - 36·-3)/25 = 150//25 = 6. y = (5·36 - 5·21)/25 = 75//25 = 3.,"x = 6, y = 3",59,15,197,12,8,4,0,0,1,0,0,0,rezolvati sistemul de ecuatii: 5x - 3y = 21 si 5x + 2y = 36
Generat - Sisteme ecuatii,,Rezolvati sistemul de ecuatii: 2x - 3y = -26 si x - 2y = -14,Din prima ecuatie: 2x - 3y = -26. Din a doua: x - 2y = -14. Folosind metoda substitutiei sau reducerii: det = 2·-2 - 1·-3 = -1. x = (-26·-2 - -14·-3)/-1 = 10//-1 = -10. y = (2·-14 - 1·-26)/-1 = -2//-1 = 2.,"x = -10, y = 2",3,Sisteme de ecuatii,Sisteme de ecuații,"Ecuații, inecuații și sisteme",3 - consolidare,alta,,rezolvati sistemul de ecuatii: 2x - 3y = -26 si x - 2y = -14,din prima ecuatie: 2x - 3y = -26. din a doua: x - 2y = -14. folosind metoda substitutiei sau reducerii: det = 2·-2 - 1·-3 = -1. x = (-26·-2 - -14·-3)/-1 = 10//-1 = -10. y = (2·-14 - 1·-26)/-1 = -2//-1 = 2.,"x = -10, y = 2",60,15,205,14,7,6,0,0,1,0,0,0,rezolvati sistemul de ecuatii: 2x - 3y = -26 si x - 2y = -14
Generat - Sisteme ecuatii,,Rezolvati sistemul de ecuatii: 3x - 2y = -33 si -3x - 2y = 21,Din prima ecuatie: 3x - 2y = -33. Din a doua: -3x - 2y = 21. Folosind metoda substitutiei sau reducerii: det = 3·-2 - -3·-2 = -12. x = (-33·-2 - 21·-2)/-12 = 108//-12 = -9. y = (3·21 - -3·-33)/-12 = -36//-12 = 3.,"x = -9, y = 3",3,Sisteme de ecuatii,Sisteme de ecuații,"Ecuații, inecuații și sisteme",3 - consolidare,alta,,rezolvati sistemul de ecuatii: 3x - 2y = -33 si -3x - 2y = 21,din prima ecuatie: 3x - 2y = -33. din a doua: -3x - 2y = 21. folosind metoda substitutiei sau reducerii: det = 3·-2 - -3·-2 = -12. x = (-33·-2 - 21·-2)/-12 = 108//-12 = -9. y = (3·21 - -3·-33)/-12 = -36//-12 = 3.,"x = -9, y = 3",61,15,212,13,8,6,0,0,1,0,0,0,rezolvati sistemul de ecuatii: 3x - 2y = -33 si -3x - 2y = 21
Generat - Sisteme ecuatii,,Rezolvati sistemul de ecuatii: 2x + 4y = -26 si -x - y = 4,Din prima ecuatie: 2x + 4y = -26. Din a doua: -x - y = 4. Folosind metoda substitutiei sau reducerii: det = 2·-1 - -1·4 = 2. x = (-26·-1 - 4·4)/2 = 10//2 = 5. y = (2·4 - -1·-26)/2 = -18//2 = -9.,"x = 5, y = -9",3,Sisteme de ecuatii,Sisteme de ecuații,"Ecuații, inecuații și sisteme",3 - consolidare,alta,,rezolvati sistemul de ecuatii: 2x + 4y = -26 si -x - y = 4,din prima ecuatie: 2x + 4y = -26. din a doua: -x - y = 4. folosind metoda substitutiei sau reducerii: det = 2·-1 - -1·4 = 2. x = (-26·-1 - 4·4)/2 = 10//2 = 5. y = (2·4 - -1·-26)/2 = -18//2 = -9.,"x = 5, y = -9",58,15,194,13,5,6,0,0,1,0,0,0,rezolvati sistemul de ecuatii: 2x + 4y = -26 si -x - y = 4
Generat - Sisteme ecuatii,,Rezolvati sistemul de ecuatii: 4x + 3y = 70 si 4x + 5y = 90,Din prima ecuatie: 4x + 3y = 70. Din a doua: 4x + 5y = 90. Folosind metoda substitutiei sau reducerii: det = 4·5 - 4·3 = 8. x = (70·5 - 90·3)/8 = 80//8 = 10. y = (4·90 - 4·70)/8 = 80//8 = 10.,"x = 10, y = 10",3,Sisteme de ecuatii,Sisteme de ecuații,"Ecuații, inecuații și sisteme",3 - consolidare,alta,,rezolvati sistemul de ecuatii: 4x + 3y = 70 si 4x + 5y = 90,din prima ecuatie: 4x + 3y = 70. din a doua: 4x + 5y = 90. folosind metoda substitutiei sau reducerii: det = 4·5 - 4·3 = 8. x = (70·5 - 90·3)/8 = 80//8 = 10. y = (4·90 - 4·70)/8 = 80//8 = 10.,"x = 10, y = 10",59,15,191,14,8,4,0,0,1,0,0,0,rezolvati sistemul de ecuatii: 4x + 3y = 70 si 4x + 5y = 90
Generat - Sisteme ecuatii,,Rezolvati sistemul de ecuatii: -2x - y = -6 si 3x - 2y = 2,Din prima ecuatie: -2x - y = -6. Din a doua: 3x - 2y = 2. Folosind metoda substitutiei sau reducerii: det = -2·-2 - 3·-1 = 7. x = (-6·-2 - 2·-1)/7 = 14//7 = 2. y = (-2·2 - 3·-6)/7 = 14//7 = 2.,"x = 2, y = 2",2,Sisteme de ecuatii,Sisteme de ecuații,"Ecuații, inecuații și sisteme",2 - mediu,alta,,rezolvati sistemul de ecuatii: -2x - y = -6 si 3x - 2y = 2,din prima ecuatie: -2x - y = -6. din a doua: 3x - 2y = 2. folosind metoda substitutiei sau reducerii: det = -2·-2 - 3·-1 = 7. x = (-6·-2 - 2·-1)/7 = 14//7 = 2. y = (-2·2 - 3·-6)/7 = 14//7 = 2.,"x = 2, y = 2",58,15,192,12,5,6,0,0,1,0,0,0,rezolvati sistemul de ecuatii: -2x - y = -6 si 3x - 2y = 2
Generat - Sisteme ecuatii,,Rezolvati sistemul de ecuatii: 4x - y = -27 si x - 3y = -26,Din prima ecuatie: 4x - y = -27. Din a doua: x - 3y = -26. Folosind metoda substitutiei sau reducerii: det = 4·-3 - 1·-1 = -11. x = (-27·-3 - -26·-1)/-11 = 55//-11 = -5. y = (4·-26 - 1·-27)/-11 = -77//-11 = 7.,"x = -5, y = 7",3,Sisteme de ecuatii,Sisteme de ecuații,"Ecuații, inecuații și sisteme",3 - consolidare,alta,,rezolvati sistemul de ecuatii: 4x - y = -27 si x - 3y = -26,din prima ecuatie: 4x - y = -27. din a doua: x - 3y = -26. folosind metoda substitutiei sau reducerii: det = 4·-3 - 1·-1 = -11. x = (-27·-3 - -26·-1)/-11 = 55//-11 = -5. y = (4·-26 - 1·-27)/-11 = -77//-11 = 7.,"x = -5, y = 7",59,15,209,13,6,6,0,0,1,0,0,0,rezolvati sistemul de ecuatii: 4x - y = -27 si x - 3y = -26
Generat - Sisteme ecuatii,,Rezolvati sistemul de ecuatii: 5x + 4y = -54 si 4x + y = -41,Din prima ecuatie: 5x + 4y = -54. Din a doua: 4x + y = -41. Folosind metoda substitutiei sau reducerii: det = 5·1 - 4·4 = -11. x = (-54·1 - -41·4)/-11 = 110//-11 = -10. y = (5·-41 - 4·-54)/-11 = 11//-11 = -1.,"x = -10, y = -1",3,Sisteme de ecuatii,Sisteme de ecuații,"Ecuații, inecuații și sisteme",3 - consolidare,alta,,rezolvati sistemul de ecuatii: 5x + 4y = -54 si 4x + y = -41,din prima ecuatie: 5x + 4y = -54. din a doua: 4x + y = -41. folosind metoda substitutiei sau reducerii: det = 5·1 - 4·4 = -11. x = (-54·1 - -41·4)/-11 = 110//-11 = -10. y = (5·-41 - 4·-54)/-11 = 11//-11 = -1.,"x = -10, y = -1",60,15,208,15,7,6,0,0,1,0,0,0,rezolvati sistemul de ecuatii: 5x + 4y = -54 si 4x + y = -41
Generat - Sisteme ecuatii,,Rezolvati sistemul de ecuatii: 3x - y = -13 si 2x + y = -2,Din prima ecuatie: 3x - y = -13. Din a doua: 2x + y = -2. Folosind metoda substitutiei sau reducerii: det = 3·1 - 2·-1 = 5. x = (-13·1 - -2·-1)/5 = -15//5 = -3. y = (3·-2 - 2·-13)/5 = 20//5 = 4.,"x = -3, y = 4",2,Sisteme de ecuatii,Sisteme de ecuații,"Ecuații, inecuații și sisteme",2 - mediu,alta,,rezolvati sistemul de ecuatii: 3x - y = -13 si 2x + y = -2,din prima ecuatie: 3x - y = -13. din a doua: 2x + y = -2. folosind metoda substitutiei sau reducerii: det = 3·1 - 2·-1 = 5. x = (-13·1 - -2·-1)/5 = -15//5 = -3. y = (3·-2 - 2·-13)/5 = 20//5 = 4.,"x = -3, y = 4",58,15,194,13,5,6,0,0,1,0,0,0,rezolvati sistemul de ecuatii: 3x - y = -13 si 2x + y = -2
Generat - Sisteme ecuatii,,Rezolvati sistemul de ecuatii: 4x - 3y = -1 si x + y = -16,Din prima ecuatie: 4x - 3y = -1. Din a doua: x + y = -16. Folosind metoda substitutiei sau reducerii: det = 4·1 - 1·-3 = 7. x = (-1·1 - -16·-3)/7 = -49//7 = -7. y = (4·-16 - 1·-1)/7 = -63//7 = -9.,"x = -7, y = -9",3,Sisteme de ecuatii,Sisteme de ecuații,"Ecuații, inecuații și sisteme",3 - consolidare,alta,,rezolvati sistemul de ecuatii: 4x - 3y = -1 si x + y = -16,din prima ecuatie: 4x - 3y = -1. din a doua: x + y = -16. folosind metoda substitutiei sau reducerii: det = 4·1 - 1·-3 = 7. x = (-1·1 - -16·-3)/7 = -49//7 = -7. y = (4·-16 - 1·-1)/7 = -63//7 = -9.,"x = -7, y = -9",58,15,196,14,5,6,0,0,1,0,0,0,rezolvati sistemul de ecuatii: 4x - 3y = -1 si x + y = -16
Generat - Sisteme ecuatii,,Rezolvati sistemul de ecuatii: -3x + 5y = -11 si -3x + y = 17,Din prima ecuatie: -3x + 5y = -11. Din a doua: -3x + y = 17. Folosind metoda substitutiei sau reducerii: det = -3·1 - -3·5 = 12. x = (-11·1 - 17·5)/12 = -96//12 = -8. y = (-3·17 - -3·-11)/12 = -84//12 = -7.,"x = -8, y = -7",3,Sisteme de ecuatii,Sisteme de ecuații,"Ecuații, inecuații și sisteme",3 - consolidare,alta,,rezolvati sistemul de ecuatii: -3x + 5y = -11 si -3x + y = 17,din prima ecuatie: -3x + 5y = -11. din a doua: -3x + y = 17. folosind metoda substitutiei sau reducerii: det = -3·1 - -3·5 = 12. x = (-11·1 - 17·5)/12 = -96//12 = -8. y = (-3·17 - -3·-11)/12 = -84//12 = -7.,"x = -8, y = -7",61,15,206,14,7,7,0,0,1,0,0,0,rezolvati sistemul de ecuatii: -3x + 5y = -11 si -3x + y = 17
Generat - Sisteme ecuatii,,Rezolvati sistemul de ecuatii: 5x + y = -43 si x - 3y = -15,Din prima ecuatie: 5x + y = -43. Din a doua: x - 3y = -15. Folosind metoda substitutiei sau reducerii: det = 5·-3 - 1·1 = -16. x = (-43·-3 - -15·1)/-16 = 144//-16 = -9. y = (5·-15 - 1·-43)/-16 = -32//-16 = 2.,"x = -9, y = 2",3,Sisteme de ecuatii,Sisteme de ecuații,"Ecuații, inecuații și sisteme",3 - consolidare,alta,,rezolvati sistemul de ecuatii: 5x + y = -43 si x - 3y = -15,din prima ecuatie: 5x + y = -43. din a doua: x - 3y = -15. folosind metoda substitutiei sau reducerii: det = 5·-3 - 1·1 = -16. x = (-43·-3 - -15·1)/-16 = 144//-16 = -9. y = (5·-15 - 1·-43)/-16 = -32//-16 = 2.,"x = -9, y = 2",59,15,208,13,6,6,0,0,1,0,0,0,rezolvati sistemul de ecuatii: 5x + y = -43 si x - 3y = -15
Generat - Sisteme ecuatii,,Rezolvati sistemul de ecuatii: 2x + y = -6 si 3x + 3y = 0,Din prima ecuatie: 2x + y = -6. Din a doua: 3x + 3y = 0. Folosind metoda substitutiei sau reducerii: det = 2·3 - 3·1 = 3. x = (-6·3 - 0·1)/3 = -18//3 = -6. y = (2·0 - 3·-6)/3 = 18//3 = 6.,"x = -6, y = 6",3,Sisteme de ecuatii,Sisteme de ecuații,"Ecuații, inecuații și sisteme",3 - consolidare,alta,,rezolvati sistemul de ecuatii: 2x + y = -6 si 3x + 3y = 0,din prima ecuatie: 2x + y = -6. din a doua: 3x + 3y = 0. folosind metoda substitutiei sau reducerii: det = 2·3 - 3·1 = 3. x = (-6·3 - 0·1)/3 = -18//3 = -6. y = (2·0 - 3·-6)/3 = 18//3 = 6.,"x = -6, y = 6",57,15,187,13,5,5,0,0,1,0,0,0,rezolvati sistemul de ecuatii: 2x + y = -6 si 3x + 3y = 0
Generat - Sisteme ecuatii,,Rezolvati sistemul de ecuatii: -x + y = 2 si 4x + 2y = -14,Din prima ecuatie: -x + y = 2. Din a doua: 4x + 2y = -14. Folosind metoda substitutiei sau reducerii: det = -1·2 - 4·1 = -6. x = (2·2 - -14·1)/-6 = 18//-6 = -3. y = (-1·-14 - 4·2)/-6 = 6//-6 = -1.,"x = -3, y = -1",2,Sisteme de ecuatii,Sisteme de ecuații,"Ecuații, inecuații și sisteme",2 - mediu,alta,,rezolvati sistemul de ecuatii: -x + y = 2 si 4x + 2y = -14,din prima ecuatie: -x + y = 2. din a doua: 4x + 2y = -14. folosind metoda substitutiei sau reducerii: det = -1·2 - 4·1 = -6. x = (2·2 - -14·1)/-6 = 18//-6 = -3. y = (-1·-14 - 4·2)/-6 = 6//-6 = -1.,"x = -3, y = -1",58,15,196,14,5,6,0,0,1,0,0,0,rezolvati sistemul de ecuatii: -x + y = 2 si 4x + 2y = -14
Generat - Sisteme word problems,,Stefan si Ana au cumparat impreuna 47 de bomboane. Stefan a cumparat cu 7 mai multe decat Ana. Cate bomboane a cumparat fiecare?,"Fie x = bomboane cumparate de Stefan, y = bomboane cumparate de Ana. x + y = 47 si x - y = 7. Adunand: 2x = 54 => x = 27. y = 47 - 27 = 20.","Stefan: 27, Ana: 20",2,Sisteme de ecuatii,Sisteme de ecuații,"Ecuații, inecuații și sisteme",2 - mediu,alta,,stefan si ana au cumparat impreuna 47 de bomboane. stefan a cumparat cu 7 mai multe decat ana. cate bomboane a cumparat fiecare?,"fie x = bomboane cumparate de stefan, y = bomboane cumparate de ana. x + y = 47 si x - y = 7. adunand: 2x = 54 => x = 27. y = 47 - 27 = 20.","stefan: 27, ana: 20",128,23,139,19,3,0,0,0,0,0,0,1,stefan si ana au cumparat impreuna 47 de bomboane. stefan a cumparat cu 7 mai multe decat ana. cate bomboane a cumparat fiecare?
Generat - Sisteme word problems,,Cosmin si Camelia au cumparat impreuna 13 de flori. Cosmin a cumparat cu 5 mai multe decat Camelia. Cate flori a cumparat fiecare?,"Fie x = flori cumparate de Cosmin, y = flori cumparate de Camelia. x + y = 13 si x - y = 5. Adunand: 2x = 18 => x = 9. y = 13 - 9 = 4.","Cosmin: 9, Camelia: 4",2,Sisteme de ecuatii,Sisteme de ecuații,"Ecuații, inecuații și sisteme",2 - mediu,alta,,cosmin si camelia au cumparat impreuna 13 de flori. cosmin a cumparat cu 5 mai multe decat camelia. cate flori a cumparat fiecare?,"fie x = flori cumparate de cosmin, y = flori cumparate de camelia. x + y = 13 si x - y = 5. adunand: 2x = 18 => x = 9. y = 13 - 9 = 4.","cosmin: 9, camelia: 4",130,23,134,21,3,0,0,0,0,0,0,1,cosmin si camelia au cumparat impreuna 13 de flori. cosmin a cumparat cu 5 mai multe decat camelia. cate flori a cumparat fiecare?
Generat - Sisteme word problems,,Adrian si Mihaela au cumparat impreuna 36 de tricouri. Adrian a cumparat cu 16 mai multe decat Mihaela. Cate tricouri a cumparat fiecare?,"Fie x = tricouri cumparate de Adrian, y = tricouri cumparate de Mihaela. x + y = 36 si x - y = 16. Adunand: 2x = 52 => x = 26. y = 36 - 26 = 10.","Adrian: 26, Mihaela: 10",2,Sisteme de ecuatii,Sisteme de ecuații,"Ecuații, inecuații și sisteme",2 - mediu,alta,,adrian si mihaela au cumparat impreuna 36 de tricouri. adrian a cumparat cu 16 mai multe decat mihaela. cate tricouri a cumparat fiecare?,"fie x = tricouri cumparate de adrian, y = tricouri cumparate de mihaela. x + y = 36 si x - y = 16. adunand: 2x = 52 => x = 26. y = 36 - 26 = 10.","adrian: 26, mihaela: 10",137,23,144,23,4,0,0,0,0,0,0,1,adrian si mihaela au cumparat impreuna 36 de tricouri. adrian a cumparat cu 16 mai multe decat mihaela. cate tricouri a cumparat fiecare?
Generat - Sisteme word problems,,Alexandru si Cristina au cumparat impreuna 21 de martisoare. Alexandru a cumparat cu 11 mai multe decat Cristina. Cate martisoare a cumparat fiecare?,"Fie x = martisoare cumparate de Alexandru, y = martisoare cumparate de Cristina. x + y = 21 si x - y = 11. Adunand: 2x = 32 => x = 16. y = 21 - 16 = 5.","Alexandru: 16, Cristina: 5",2,Sisteme de ecuatii,Sisteme de ecuații,"Ecuații, inecuații și sisteme",2 - mediu,alta,,alexandru si cristina au cumparat impreuna 21 de martisoare. alexandru a cumparat cu 11 mai multe decat cristina. cate martisoare a cumparat fiecare?,"fie x = martisoare cumparate de alexandru, y = martisoare cumparate de cristina. x + y = 21 si x - y = 11. adunand: 2x = 32 => x = 16. y = 21 - 16 = 5.","alexandru: 16, cristina: 5",149,23,151,26,4,0,0,0,0,0,0,1,alexandru si cristina au cumparat impreuna 21 de martisoare. alexandru a cumparat cu 11 mai multe decat cristina. cate martisoare a cumparat fiecare?
Generat - Sisteme word problems,,Pavel si Laura au cumparat impreuna 29 de creioane. Pavel a cumparat cu 13 mai multe decat Laura. Cate creioane a cumparat fiecare?,"Fie x = creioane cumparate de Pavel, y = creioane cumparate de Laura. x + y = 29 si x - y = 13. Adunand: 2x = 42 => x = 21. y = 29 - 21 = 8.","Pavel: 21, Laura: 8",2,Sisteme de ecuatii,Sisteme de ecuații,"Ecuații, inecuații și sisteme",2 - mediu,alta,,pavel si laura au cumparat impreuna 29 de creioane. pavel a cumparat cu 13 mai multe decat laura. cate creioane a cumparat fiecare?,"fie x = creioane cumparate de pavel, y = creioane cumparate de laura. x + y = 29 si x - y = 13. adunand: 2x = 42 => x = 21. y = 29 - 21 = 8.","pavel: 21, laura: 8",131,23,140,19,4,0,0,0,0,0,0,1,pavel si laura au cumparat impreuna 29 de creioane. pavel a cumparat cu 13 mai multe decat laura. cate creioane a cumparat fiecare?
Generat - Sisteme word problems,,Alexandru si Gabriela au cumparat impreuna 45 de carti. Alexandru a cumparat cu 15 mai multe decat Gabriela. Cate carti a cumparat fiecare?,"Fie x = carti cumparate de Alexandru, y = carti cumparate de Gabriela. x + y = 45 si x - y = 15. Adunand: 2x = 60 => x = 30. y = 45 - 30 = 15.","Alexandru: 30, Gabriela: 15",2,Sisteme de ecuatii,Sisteme de ecuații,"Ecuații, inecuații și sisteme",2 - mediu,alta,,alexandru si gabriela au cumparat impreuna 45 de carti. alexandru a cumparat cu 15 mai multe decat gabriela. cate carti a cumparat fiecare?,"fie x = carti cumparate de alexandru, y = carti cumparate de gabriela. x + y = 45 si x - y = 15. adunand: 2x = 60 => x = 30. y = 45 - 30 = 15.","alexandru: 30, gabriela: 15",139,23,142,27,4,0,0,0,0,0,0,1,alexandru si gabriela au cumparat impreuna 45 de carti. alexandru a cumparat cu 15 mai multe decat gabriela. cate carti a cumparat fiecare?
Generat - Sisteme word problems,,Cosmin si Camelia au cumparat impreuna 18 de bomboane. Cosmin a cumparat cu 8 mai multe decat Camelia. Cate bomboane a cumparat fiecare?,"Fie x = bomboane cumparate de Cosmin, y = bomboane cumparate de Camelia. x + y = 18 si x - y = 8. Adunand: 2x = 26 => x = 13. y = 18 - 13 = 5.","Cosmin: 13, Camelia: 5",2,Sisteme de ecuatii,Sisteme de ecuații,"Ecuații, inecuații și sisteme",2 - mediu,alta,,cosmin si camelia au cumparat impreuna 18 de bomboane. cosmin a cumparat cu 8 mai multe decat camelia. cate bomboane a cumparat fiecare?,"fie x = bomboane cumparate de cosmin, y = bomboane cumparate de camelia. x + y = 18 si x - y = 8. adunand: 2x = 26 => x = 13. y = 18 - 13 = 5.","cosmin: 13, camelia: 5",136,23,142,22,3,0,0,0,0,0,0,1,cosmin si camelia au cumparat impreuna 18 de bomboane. cosmin a cumparat cu 8 mai multe decat camelia. cate bomboane a cumparat fiecare?
Generat - Sisteme word problems,,Radu si Simona au cumparat impreuna 31 de creioane. Radu a cumparat cu 13 mai multe decat Simona. Cate creioane a cumparat fiecare?,"Fie x = creioane cumparate de Radu, y = creioane cumparate de Simona. x + y = 31 si x - y = 13. Adunand: 2x = 44 => x = 22. y = 31 - 22 = 9.","Radu: 22, Simona: 9",2,Sisteme de ecuatii,Sisteme de ecuații,"Ecuații, inecuații și sisteme",2 - mediu,alta,,radu si simona au cumparat impreuna 31 de creioane. radu a cumparat cu 13 mai multe decat simona. cate creioane a cumparat fiecare?,"fie x = creioane cumparate de radu, y = creioane cumparate de simona. x + y = 31 si x - y = 13. adunand: 2x = 44 => x = 22. y = 31 - 22 = 9.","radu: 22, simona: 9",131,23,140,19,4,0,0,0,0,0,0,1,radu si simona au cumparat impreuna 31 de creioane. radu a cumparat cu 13 mai multe decat simona. cate creioane a cumparat fiecare?
Generat - Sisteme word problems,,Andrei si Gabriela au cumparat impreuna 15 de tricouri. Andrei a cumparat cu 7 mai multe decat Gabriela. Cate tricouri a cumparat fiecare?,"Fie x = tricouri cumparate de Andrei, y = tricouri cumparate de Gabriela. x + y = 15 si x - y = 7. Adunand: 2x = 22 => x = 11. y = 15 - 11 = 4.","Andrei: 11, Gabriela: 4",2,Sisteme de ecuatii,Sisteme de ecuații,"Ecuații, inecuații și sisteme",2 - mediu,alta,,andrei si gabriela au cumparat impreuna 15 de tricouri. andrei a cumparat cu 7 mai multe decat gabriela. cate tricouri a cumparat fiecare?,"fie x = tricouri cumparate de andrei, y = tricouri cumparate de gabriela. x + y = 15 si x - y = 7. adunand: 2x = 22 => x = 11. y = 15 - 11 = 4.","andrei: 11, gabriela: 4",138,23,143,23,3,0,0,0,0,0,0,1,andrei si gabriela au cumparat impreuna 15 de tricouri. andrei a cumparat cu 7 mai multe decat gabriela. cate tricouri a cumparat fiecare?
Generat - Sisteme word problems,,Bogdan si Ana au cumparat impreuna 34 de jucarii. Bogdan a cumparat cu 4 mai multe decat Ana. Cate jucarii a cumparat fiecare?,"Fie x = jucarii cumparate de Bogdan, y = jucarii cumparate de Ana. x + y = 34 si x - y = 4. Adunand: 2x = 38 => x = 19. y = 34 - 19 = 15.","Bogdan: 19, Ana: 15",2,Sisteme de ecuatii,Sisteme de ecuații,"Ecuații, inecuații și sisteme",2 - mediu,alta,,bogdan si ana au cumparat impreuna 34 de jucarii. bogdan a cumparat cu 4 mai multe decat ana. cate jucarii a cumparat fiecare?,"fie x = jucarii cumparate de bogdan, y = jucarii cumparate de ana. x + y = 34 si x - y = 4. adunand: 2x = 38 => x = 19. y = 34 - 19 = 15.","bogdan: 19, ana: 15",126,23,137,19,3,0,0,0,0,0,0,1,bogdan si ana au cumparat impreuna 34 de jucarii. bogdan a cumparat cu 4 mai multe decat ana. cate jucarii a cumparat fiecare?
Generat - Sisteme word problems,,Andrei si Andreea au cumparat impreuna 45 de bilete. Andrei a cumparat cu 9 mai multe decat Andreea. Cate bilete a cumparat fiecare?,"Fie x = bilete cumparate de Andrei, y = bilete cumparate de Andreea. x + y = 45 si x - y = 9. Adunand: 2x = 54 => x = 27. y = 45 - 27 = 18.","Andrei: 27, Andreea: 18",2,Sisteme de ecuatii,Sisteme de ecuații,"Ecuații, inecuații și sisteme",2 - mediu,alta,,andrei si andreea au cumparat impreuna 45 de bilete. andrei a cumparat cu 9 mai multe decat andreea. cate bilete a cumparat fiecare?,"fie x = bilete cumparate de andrei, y = bilete cumparate de andreea. x + y = 45 si x - y = 9. adunand: 2x = 54 => x = 27. y = 45 - 27 = 18.","andrei: 27, andreea: 18",132,23,139,23,3,0,0,0,0,0,0,1,andrei si andreea au cumparat impreuna 45 de bilete. andrei a cumparat cu 9 mai multe decat andreea. cate bilete a cumparat fiecare?
Generat - Sisteme word problems,,Pavel si Andreea au cumparat impreuna 29 de tricouri. Pavel a cumparat cu 3 mai multe decat Andreea. Cate tricouri a cumparat fiecare?,"Fie x = tricouri cumparate de Pavel, y = tricouri cumparate de Andreea. x + y = 29 si x - y = 3. Adunand: 2x = 32 => x = 16. y = 29 - 16 = 13.","Pavel: 16, Andreea: 13",2,Sisteme de ecuatii,Sisteme de ecuații,"Ecuații, inecuații și sisteme",2 - mediu,alta,,pavel si andreea au cumparat impreuna 29 de tricouri. pavel a cumparat cu 3 mai multe decat andreea. cate tricouri a cumparat fiecare?,"fie x = tricouri cumparate de pavel, y = tricouri cumparate de andreea. x + y = 29 si x - y = 3. adunand: 2x = 32 => x = 16. y = 29 - 16 = 13.","pavel: 16, andreea: 13",134,23,142,22,3,0,0,0,0,0,0,1,pavel si andreea au cumparat impreuna 29 de tricouri. pavel a cumparat cu 3 mai multe decat andreea. cate tricouri a cumparat fiecare?
Generat - Sisteme word problems,,Bogdan si Andreea au cumparat impreuna 40 de pixuri. Bogdan a cumparat cu 10 mai multe decat Andreea. Cate pixuri a cumparat fiecare?,"Fie x = pixuri cumparate de Bogdan, y = pixuri cumparate de Andreea. x + y = 40 si x - y = 10. Adunand: 2x = 50 => x = 25. y = 40 - 25 = 15.","Bogdan: 25, Andreea: 15",2,Sisteme de ecuatii,Sisteme de ecuații,"Ecuații, inecuații și sisteme",2 - mediu,alta,,bogdan si andreea au cumparat impreuna 40 de pixuri. bogdan a cumparat cu 10 mai multe decat andreea. cate pixuri a cumparat fiecare?,"fie x = pixuri cumparate de bogdan, y = pixuri cumparate de andreea. x + y = 40 si x - y = 10. adunand: 2x = 50 => x = 25. y = 40 - 25 = 15.","bogdan: 25, andreea: 15",133,23,140,23,4,0,0,0,0,0,0,1,bogdan si andreea au cumparat impreuna 40 de pixuri. bogdan a cumparat cu 10 mai multe decat andreea. cate pixuri a cumparat fiecare?
Generat - Sisteme word problems,,Sergiu si Andreea au cumparat impreuna 25 de martisoare. Sergiu a cumparat cu 11 mai multe decat Andreea. Cate martisoare a cumparat fiecare?,"Fie x = martisoare cumparate de Sergiu, y = martisoare cumparate de Andreea. x + y = 25 si x - y = 11. Adunand: 2x = 36 => x = 18. y = 25 - 18 = 7.","Sergiu: 18, Andreea: 7",2,Sisteme de ecuatii,Sisteme de ecuații,"Ecuații, inecuații și sisteme",2 - mediu,alta,,sergiu si andreea au cumparat impreuna 25 de martisoare. sergiu a cumparat cu 11 mai multe decat andreea. cate martisoare a cumparat fiecare?,"fie x = martisoare cumparate de sergiu, y = martisoare cumparate de andreea. x + y = 25 si x - y = 11. adunand: 2x = 36 => x = 18. y = 25 - 18 = 7.","sergiu: 18, andreea: 7",141,23,147,22,4,0,0,0,0,0,0,1,sergiu si andreea au cumparat impreuna 25 de martisoare. sergiu a cumparat cu 11 mai multe decat andreea. cate martisoare a cumparat fiecare?
Generat - Sisteme word problems,,Cristian si Cristina au cumparat impreuna 39 de martisoare. Cristian a cumparat cu 19 mai multe decat Cristina. Cate martisoare a cumparat fiecare?,"Fie x = martisoare cumparate de Cristian, y = martisoare cumparate de Cristina. x + y = 39 si x - y = 19. Adunand: 2x = 58 => x = 29. y = 39 - 29 = 10.","Cristian: 29, Cristina: 10",2,Sisteme de ecuatii,Sisteme de ecuații,"Ecuații, inecuații și sisteme",2 - mediu,alta,,cristian si cristina au cumparat impreuna 39 de martisoare. cristian a cumparat cu 19 mai multe decat cristina. cate martisoare a cumparat fiecare?,"fie x = martisoare cumparate de cristian, y = martisoare cumparate de cristina. x + y = 39 si x - y = 19. adunand: 2x = 58 => x = 29. y = 39 - 29 = 10.","cristian: 29, cristina: 10",147,23,151,26,4,0,0,0,0,0,0,1,cristian si cristina au cumparat impreuna 39 de martisoare. cristian a cumparat cu 19 mai multe decat cristina. cate martisoare a cumparat fiecare?
Generat - Sisteme word problems,,Florin si Cristina au cumparat impreuna 33 de jucarii. Florin a cumparat cu 11 mai multe decat Cristina. Cate jucarii a cumparat fiecare?,"Fie x = jucarii cumparate de Florin, y = jucarii cumparate de Cristina. x + y = 33 si x - y = 11. Adunand: 2x = 44 => x = 22. y = 33 - 22 = 11.","Florin: 22, Cristina: 11",2,Sisteme de ecuatii,Sisteme de ecuații,"Ecuații, inecuații și sisteme",2 - mediu,alta,,florin si cristina au cumparat impreuna 33 de jucarii. florin a cumparat cu 11 mai multe decat cristina. cate jucarii a cumparat fiecare?,"fie x = jucarii cumparate de florin, y = jucarii cumparate de cristina. x + y = 33 si x - y = 11. adunand: 2x = 44 => x = 22. y = 33 - 22 = 11.","florin: 22, cristina: 11",137,23,143,24,4,0,0,0,0,0,0,1,florin si cristina au cumparat impreuna 33 de jucarii. florin a cumparat cu 11 mai multe decat cristina. cate jucarii a cumparat fiecare?
Generat - Sisteme word problems,,Pavel si Gabriela au cumparat impreuna 40 de pixuri. Pavel a cumparat cu 12 mai multe decat Gabriela. Cate pixuri a cumparat fiecare?,"Fie x = pixuri cumparate de Pavel, y = pixuri cumparate de Gabriela. x + y = 40 si x - y = 12. Adunand: 2x = 52 => x = 26. y = 40 - 26 = 14.","Pavel: 26, Gabriela: 14",2,Sisteme de ecuatii,Sisteme de ecuații,"Ecuații, inecuații și sisteme",2 - mediu,alta,,pavel si gabriela au cumparat impreuna 40 de pixuri. pavel a cumparat cu 12 mai multe decat gabriela. cate pixuri a cumparat fiecare?,"fie x = pixuri cumparate de pavel, y = pixuri cumparate de gabriela. x + y = 40 si x - y = 12. adunand: 2x = 52 => x = 26. y = 40 - 26 = 14.","pavel: 26, gabriela: 14",133,23,140,23,4,0,0,0,0,0,0,1,pavel si gabriela au cumparat impreuna 40 de pixuri. pavel a cumparat cu 12 mai multe decat gabriela. cate pixuri a cumparat fiecare?
Generat - Sisteme word problems,,Bogdan si Ilinca au cumparat impreuna 36 de tricouri. Bogdan a cumparat cu 4 mai multe decat Ilinca. Cate tricouri a cumparat fiecare?,"Fie x = tricouri cumparate de Bogdan, y = tricouri cumparate de Ilinca. x + y = 36 si x - y = 4. Adunand: 2x = 40 => x = 20. y = 36 - 20 = 16.","Bogdan: 20, Ilinca: 16",2,Sisteme de ecuatii,Sisteme de ecuații,"Ecuații, inecuații și sisteme",2 - mediu,alta,,bogdan si ilinca au cumparat impreuna 36 de tricouri. bogdan a cumparat cu 4 mai multe decat ilinca. cate tricouri a cumparat fiecare?,"fie x = tricouri cumparate de bogdan, y = tricouri cumparate de ilinca. x + y = 36 si x - y = 4. adunand: 2x = 40 => x = 20. y = 36 - 20 = 16.","bogdan: 20, ilinca: 16",134,23,142,22,3,0,0,0,0,0,0,1,bogdan si ilinca au cumparat impreuna 36 de tricouri. bogdan a cumparat cu 4 mai multe decat ilinca. cate tricouri a cumparat fiecare?
Generat - Sisteme word problems,,Liviu si Laura au cumparat impreuna 11 de caiete. Liviu a cumparat cu 5 mai multe decat Laura. Cate caiete a cumparat fiecare?,"Fie x = caiete cumparate de Liviu, y = caiete cumparate de Laura. x + y = 11 si x - y = 5. Adunand: 2x = 16 => x = 8. y = 11 - 8 = 3.","Liviu: 8, Laura: 3",2,Sisteme de ecuatii,Sisteme de ecuații,"Ecuații, inecuații și sisteme",2 - mediu,alta,,liviu si laura au cumparat impreuna 11 de caiete. liviu a cumparat cu 5 mai multe decat laura. cate caiete a cumparat fiecare?,"fie x = caiete cumparate de liviu, y = caiete cumparate de laura. x + y = 11 si x - y = 5. adunand: 2x = 16 => x = 8. y = 11 - 8 = 3.","liviu: 8, laura: 3",126,23,133,18,3,0,0,0,0,0,0,1,liviu si laura au cumparat impreuna 11 de caiete. liviu a cumparat cu 5 mai multe decat laura. cate caiete a cumparat fiecare?
Generat - Sisteme word problems,,Vasile si Denisa au cumparat impreuna 36 de bilete. Vasile a cumparat cu 12 mai multe decat Denisa. Cate bilete a cumparat fiecare?,"Fie x = bilete cumparate de Vasile, y = bilete cumparate de Denisa. x + y = 36 si x - y = 12. Adunand: 2x = 48 => x = 24. y = 36 - 24 = 12.","Vasile: 24, Denisa: 12",2,Sisteme de ecuatii,Sisteme de ecuații,"Ecuații, inecuații și sisteme",2 - mediu,alta,,vasile si denisa au cumparat impreuna 36 de bilete. vasile a cumparat cu 12 mai multe decat denisa. cate bilete a cumparat fiecare?,"fie x = bilete cumparate de vasile, y = bilete cumparate de denisa. x + y = 36 si x - y = 12. adunand: 2x = 48 => x = 24. y = 36 - 24 = 12.","vasile: 24, denisa: 12",131,23,139,22,4,0,0,0,0,0,0,1,vasile si denisa au cumparat impreuna 36 de bilete. vasile a cumparat cu 12 mai multe decat denisa. cate bilete a cumparat fiecare?
Generat - Sisteme word problems,,Alexandru si Andreea au cumparat impreuna 24 de tricouri. Alexandru a cumparat cu 8 mai multe decat Andreea. Cate tricouri a cumparat fiecare?,"Fie x = tricouri cumparate de Alexandru, y = tricouri cumparate de Andreea. x + y = 24 si x - y = 8. Adunand: 2x = 32 => x = 16. y = 24 - 16 = 8.","Alexandru: 16, Andreea: 8",2,Sisteme de ecuatii,Sisteme de ecuații,"Ecuații, inecuații și sisteme",2 - mediu,alta,,alexandru si andreea au cumparat impreuna 24 de tricouri. alexandru a cumparat cu 8 mai multe decat andreea. cate tricouri a cumparat fiecare?,"fie x = tricouri cumparate de alexandru, y = tricouri cumparate de andreea. x + y = 24 si x - y = 8. adunand: 2x = 32 => x = 16. y = 24 - 16 = 8.","alexandru: 16, andreea: 8",142,23,145,25,3,0,0,0,0,0,0,1,alexandru si andreea au cumparat impreuna 24 de tricouri. alexandru a cumparat cu 8 mai multe decat andreea. cate tricouri a cumparat fiecare?
Generat - Sisteme word problems,,Liviu si Laura au cumparat impreuna 45 de flori. Liviu a cumparat cu 23 mai multe decat Laura. Cate flori a cumparat fiecare?,"Fie x = flori cumparate de Liviu, y = flori cumparate de Laura. x + y = 45 si x - y = 23. Adunand: 2x = 68 => x = 34. y = 45 - 34 = 11.","Liviu: 34, Laura: 11",2,Sisteme de ecuatii,Sisteme de ecuații,"Ecuații, inecuații și sisteme",2 - mediu,alta,,liviu si laura au cumparat impreuna 45 de flori. liviu a cumparat cu 23 mai multe decat laura. cate flori a cumparat fiecare?,"fie x = flori cumparate de liviu, y = flori cumparate de laura. x + y = 45 si x - y = 23. adunand: 2x = 68 => x = 34. y = 45 - 34 = 11.","liviu: 34, laura: 11",125,23,135,20,4,0,0,0,0,0,0,1,liviu si laura au cumparat impreuna 45 de flori. liviu a cumparat cu 23 mai multe decat laura. cate flori a cumparat fiecare?
Generat - Sisteme word problems,,Cristian si Simona au cumparat impreuna 41 de flori. Cristian a cumparat cu 17 mai multe decat Simona. Cate flori a cumparat fiecare?,"Fie x = flori cumparate de Cristian, y = flori cumparate de Simona. x + y = 41 si x - y = 17. Adunand: 2x = 58 => x = 29. y = 41 - 29 = 12.","Cristian: 29, Simona: 12",2,Sisteme de ecuatii,Sisteme de ecuații,"Ecuații, inecuații și sisteme",2 - mediu,alta,,cristian si simona au cumparat impreuna 41 de flori. cristian a cumparat cu 17 mai multe decat simona. cate flori a cumparat fiecare?,"fie x = flori cumparate de cristian, y = flori cumparate de simona. x + y = 41 si x - y = 17. adunand: 2x = 58 => x = 29. y = 41 - 29 = 12.","cristian: 29, simona: 12",133,23,139,24,4,0,0,0,0,0,0,1,cristian si simona au cumparat impreuna 41 de flori. cristian a cumparat cu 17 mai multe decat simona. cate flori a cumparat fiecare?
Generat - Sisteme word problems,,Dan si Ilinca au cumparat impreuna 18 de caiete. Dan a cumparat cu 10 mai multe decat Ilinca. Cate caiete a cumparat fiecare?,"Fie x = caiete cumparate de Dan, y = caiete cumparate de Ilinca. x + y = 18 si x - y = 10. Adunand: 2x = 28 => x = 14. y = 18 - 14 = 4.","Dan: 14, Ilinca: 4",2,Sisteme de ecuatii,Sisteme de ecuații,"Ecuații, inecuații și sisteme",2 - mediu,alta,,dan si ilinca au cumparat impreuna 18 de caiete. dan a cumparat cu 10 mai multe decat ilinca. cate caiete a cumparat fiecare?,"fie x = caiete cumparate de dan, y = caiete cumparate de ilinca. x + y = 18 si x - y = 10. adunand: 2x = 28 => x = 14. y = 18 - 14 = 4.","dan: 14, ilinca: 4",125,23,135,18,4,0,0,0,0,0,0,1,dan si ilinca au cumparat impreuna 18 de caiete. dan a cumparat cu 10 mai multe decat ilinca. cate caiete a cumparat fiecare?
Generat - Sisteme word problems,,Dan si Camelia au cumparat impreuna 43 de carti. Dan a cumparat cu 3 mai multe decat Camelia. Cate carti a cumparat fiecare?,"Fie x = carti cumparate de Dan, y = carti cumparate de Camelia. x + y = 43 si x - y = 3. Adunand: 2x = 46 => x = 23. y = 43 - 23 = 20.","Dan: 23, Camelia: 20",2,Sisteme de ecuatii,Sisteme de ecuații,"Ecuații, inecuații și sisteme",2 - mediu,alta,,dan si camelia au cumparat impreuna 43 de carti. dan a cumparat cu 3 mai multe decat camelia. cate carti a cumparat fiecare?,"fie x = carti cumparate de dan, y = carti cumparate de camelia. x + y = 43 si x - y = 3. adunand: 2x = 46 => x = 23. y = 43 - 23 = 20.","dan: 23, camelia: 20",124,23,134,20,3,0,0,0,0,0,0,1,dan si camelia au cumparat impreuna 43 de carti. dan a cumparat cu 3 mai multe decat camelia. cate carti a cumparat fiecare?
Generat - Sisteme word problems,,Andrei si Ana au cumparat impreuna 36 de carti. Andrei a cumparat cu 6 mai multe decat Ana. Cate carti a cumparat fiecare?,"Fie x = carti cumparate de Andrei, y = carti cumparate de Ana. x + y = 36 si x - y = 6. Adunand: 2x = 42 => x = 21. y = 36 - 21 = 15.","Andrei: 21, Ana: 15",2,Sisteme de ecuatii,Sisteme de ecuații,"Ecuații, inecuații și sisteme",2 - mediu,alta,,andrei si ana au cumparat impreuna 36 de carti. andrei a cumparat cu 6 mai multe decat ana. cate carti a cumparat fiecare?,"fie x = carti cumparate de andrei, y = carti cumparate de ana. x + y = 36 si x - y = 6. adunand: 2x = 42 => x = 21. y = 36 - 21 = 15.","andrei: 21, ana: 15",122,23,133,19,3,0,0,0,0,0,0,1,andrei si ana au cumparat impreuna 36 de carti. andrei a cumparat cu 6 mai multe decat ana. cate carti a cumparat fiecare?
Generat - Sisteme word problems,,Radu si Elena au cumparat impreuna 10 de caiete. Radu a cumparat cu 4 mai multe decat Elena. Cate caiete a cumparat fiecare?,"Fie x = caiete cumparate de Radu, y = caiete cumparate de Elena. x + y = 10 si x - y = 4. Adunand: 2x = 14 => x = 7. y = 10 - 7 = 3.","Radu: 7, Elena: 3",2,Sisteme de ecuatii,Sisteme de ecuații,"Ecuații, inecuații și sisteme",2 - mediu,alta,,radu si elena au cumparat impreuna 10 de caiete. radu a cumparat cu 4 mai multe decat elena. cate caiete a cumparat fiecare?,"fie x = caiete cumparate de radu, y = caiete cumparate de elena. x + y = 10 si x - y = 4. adunand: 2x = 14 => x = 7. y = 10 - 7 = 3.","radu: 7, elena: 3",124,23,132,17,3,0,0,0,0,0,0,1,radu si elena au cumparat impreuna 10 de caiete. radu a cumparat cu 4 mai multe decat elena. cate caiete a cumparat fiecare?
Generat - Sisteme word problems,,Gheorghe si Gabriela au cumparat impreuna 13 de tricouri. Gheorghe a cumparat cu 7 mai multe decat Gabriela. Cate tricouri a cumparat fiecare?,"Fie x = tricouri cumparate de Gheorghe, y = tricouri cumparate de Gabriela. x + y = 13 si x - y = 7. Adunand: 2x = 20 => x = 10. y = 13 - 10 = 3.","Gheorghe: 10, Gabriela: 3",2,Sisteme de ecuatii,Sisteme de ecuații,"Ecuații, inecuații și sisteme",2 - mediu,alta,,gheorghe si gabriela au cumparat impreuna 13 de tricouri. gheorghe a cumparat cu 7 mai multe decat gabriela. cate tricouri a cumparat fiecare?,"fie x = tricouri cumparate de gheorghe, y = tricouri cumparate de gabriela. x + y = 13 si x - y = 7. adunand: 2x = 20 => x = 10. y = 13 - 10 = 3.","gheorghe: 10, gabriela: 3",142,23,145,25,3,0,0,0,0,0,0,1,gheorghe si gabriela au cumparat impreuna 13 de tricouri. gheorghe a cumparat cu 7 mai multe decat gabriela. cate tricouri a cumparat fiecare?
Generat - Sisteme word problems,,Sergiu si Roxana au cumparat impreuna 11 de flori. Sergiu a cumparat cu 3 mai multe decat Roxana. Cate flori a cumparat fiecare?,"Fie x = flori cumparate de Sergiu, y = flori cumparate de Roxana. x + y = 11 si x - y = 3. Adunand: 2x = 14 => x = 7. y = 11 - 7 = 4.","Sergiu: 7, Roxana: 4",2,Sisteme de ecuatii,Sisteme de ecuații,"Ecuații, inecuații și sisteme",2 - mediu,alta,,sergiu si roxana au cumparat impreuna 11 de flori. sergiu a cumparat cu 3 mai multe decat roxana. cate flori a cumparat fiecare?,"fie x = flori cumparate de sergiu, y = flori cumparate de roxana. x + y = 11 si x - y = 3. adunand: 2x = 14 => x = 7. y = 11 - 7 = 4.","sergiu: 7, roxana: 4",128,23,133,20,3,0,0,0,0,0,0,1,sergiu si roxana au cumparat impreuna 11 de flori. sergiu a cumparat cu 3 mai multe decat roxana. cate flori a cumparat fiecare?
Generat - Sisteme word problems,,Vasile si Camelia au cumparat impreuna 10 de martisoare. Vasile a cumparat cu 2 mai multe decat Camelia. Cate martisoare a cumparat fiecare?,"Fie x = martisoare cumparate de Vasile, y = martisoare cumparate de Camelia. x + y = 10 si x - y = 2. Adunand: 2x = 12 => x = 6. y = 10 - 6 = 4.","Vasile: 6, Camelia: 4",2,Sisteme de ecuatii,Sisteme de ecuații,"Ecuații, inecuații și sisteme",2 - mediu,alta,,vasile si camelia au cumparat impreuna 10 de martisoare. vasile a cumparat cu 2 mai multe decat camelia. cate martisoare a cumparat fiecare?,"fie x = martisoare cumparate de vasile, y = martisoare cumparate de camelia. x + y = 10 si x - y = 2. adunand: 2x = 12 => x = 6. y = 10 - 6 = 4.","vasile: 6, camelia: 4",140,23,144,21,3,0,0,0,0,0,0,1,vasile si camelia au cumparat impreuna 10 de martisoare. vasile a cumparat cu 2 mai multe decat camelia. cate martisoare a cumparat fiecare?
Generat - Sisteme word problems,,Gheorghe si Simona au cumparat impreuna 28 de bomboane. Gheorghe a cumparat cu 2 mai multe decat Simona. Cate bomboane a cumparat fiecare?,"Fie x = bomboane cumparate de Gheorghe, y = bomboane cumparate de Simona. x + y = 28 si x - y = 2. Adunand: 2x = 30 => x = 15. y = 28 - 15 = 13.","Gheorghe: 15, Simona: 13",2,Sisteme de ecuatii,Sisteme de ecuații,"Ecuații, inecuații și sisteme",2 - mediu,alta,,gheorghe si simona au cumparat impreuna 28 de bomboane. gheorghe a cumparat cu 2 mai multe decat simona. cate bomboane a cumparat fiecare?,"fie x = bomboane cumparate de gheorghe, y = bomboane cumparate de simona. x + y = 28 si x - y = 2. adunand: 2x = 30 => x = 15. y = 28 - 15 = 13.","gheorghe: 15, simona: 13",138,23,144,24,3,0,0,0,0,0,0,1,gheorghe si simona au cumparat impreuna 28 de bomboane. gheorghe a cumparat cu 2 mai multe decat simona. cate bomboane a cumparat fiecare?
Generat - Sisteme word problems,,Gheorghe si Sofia au cumparat impreuna 16 de caiete. Gheorghe a cumparat cu 2 mai multe decat Sofia. Cate caiete a cumparat fiecare?,"Fie x = caiete cumparate de Gheorghe, y = caiete cumparate de Sofia. x + y = 16 si x - y = 2. Adunand: 2x = 18 => x = 9. y = 16 - 9 = 7.","Gheorghe: 9, Sofia: 7",2,Sisteme de ecuatii,Sisteme de ecuații,"Ecuații, inecuații și sisteme",2 - mediu,alta,,gheorghe si sofia au cumparat impreuna 16 de caiete. gheorghe a cumparat cu 2 mai multe decat sofia. cate caiete a cumparat fiecare?,"fie x = caiete cumparate de gheorghe, y = caiete cumparate de sofia. x + y = 16 si x - y = 2. adunand: 2x = 18 => x = 9. y = 16 - 9 = 7.","gheorghe: 9, sofia: 7",132,23,136,21,3,0,0,0,0,0,0,1,gheorghe si sofia au cumparat impreuna 16 de caiete. gheorghe a cumparat cu 2 mai multe decat sofia. cate caiete a cumparat fiecare?
Generat - Sisteme word problems,,Gheorghe si Alina au cumparat impreuna 22 de creioane. Gheorghe a cumparat cu 12 mai multe decat Alina. Cate creioane a cumparat fiecare?,"Fie x = creioane cumparate de Gheorghe, y = creioane cumparate de Alina. x + y = 22 si x - y = 12. Adunand: 2x = 34 => x = 17. y = 22 - 17 = 5.","Gheorghe: 17, Alina: 5",2,Sisteme de ecuatii,Sisteme de ecuații,"Ecuații, inecuații și sisteme",2 - mediu,alta,,gheorghe si alina au cumparat impreuna 22 de creioane. gheorghe a cumparat cu 12 mai multe decat alina. cate creioane a cumparat fiecare?,"fie x = creioane cumparate de gheorghe, y = creioane cumparate de alina. x + y = 22 si x - y = 12. adunand: 2x = 34 => x = 17. y = 22 - 17 = 5.","gheorghe: 17, alina: 5",137,23,143,22,4,0,0,0,0,0,0,1,gheorghe si alina au cumparat impreuna 22 de creioane. gheorghe a cumparat cu 12 mai multe decat alina. cate creioane a cumparat fiecare?
Generat - Sisteme word problems,,Gheorghe si Simona au cumparat impreuna 27 de tricouri. Gheorghe a cumparat cu 9 mai multe decat Simona. Cate tricouri a cumparat fiecare?,"Fie x = tricouri cumparate de Gheorghe, y = tricouri cumparate de Simona. x + y = 27 si x - y = 9. Adunand: 2x = 36 => x = 18. y = 27 - 18 = 9.","Gheorghe: 18, Simona: 9",2,Sisteme de ecuatii,Sisteme de ecuații,"Ecuații, inecuații și sisteme",2 - mediu,alta,,gheorghe si simona au cumparat impreuna 27 de tricouri. gheorghe a cumparat cu 9 mai multe decat simona. cate tricouri a cumparat fiecare?,"fie x = tricouri cumparate de gheorghe, y = tricouri cumparate de simona. x + y = 27 si x - y = 9. adunand: 2x = 36 => x = 18. y = 27 - 18 = 9.","gheorghe: 18, simona: 9",138,23,143,23,3,0,0,0,0,0,0,1,gheorghe si simona au cumparat impreuna 27 de tricouri. gheorghe a cumparat cu 9 mai multe decat simona. cate tricouri a cumparat fiecare?
Generat - Sisteme word problems,,Andrei si Ilinca au cumparat impreuna 39 de martisoare. Andrei a cumparat cu 9 mai multe decat Ilinca. Cate martisoare a cumparat fiecare?,"Fie x = martisoare cumparate de Andrei, y = martisoare cumparate de Ilinca. x + y = 39 si x - y = 9. Adunand: 2x = 48 => x = 24. y = 39 - 24 = 15.","Andrei: 24, Ilinca: 15",2,Sisteme de ecuatii,Sisteme de ecuații,"Ecuații, inecuații și sisteme",2 - mediu,alta,,andrei si ilinca au cumparat impreuna 39 de martisoare. andrei a cumparat cu 9 mai multe decat ilinca. cate martisoare a cumparat fiecare?,"fie x = martisoare cumparate de andrei, y = martisoare cumparate de ilinca. x + y = 39 si x - y = 9. adunand: 2x = 48 => x = 24. y = 39 - 24 = 15.","andrei: 24, ilinca: 15",138,23,146,22,3,0,0,0,0,0,0,1,andrei si ilinca au cumparat impreuna 39 de martisoare. andrei a cumparat cu 9 mai multe decat ilinca. cate martisoare a cumparat fiecare?
Generat - Sisteme word problems,,Radu si Cristina au cumparat impreuna 12 de pixuri. Radu a cumparat cu 2 mai multe decat Cristina. Cate pixuri a cumparat fiecare?,"Fie x = pixuri cumparate de Radu, y = pixuri cumparate de Cristina. x + y = 12 si x - y = 2. Adunand: 2x = 14 => x = 7. y = 12 - 7 = 5.","Radu: 7, Cristina: 5",2,Sisteme de ecuatii,Sisteme de ecuații,"Ecuații, inecuații și sisteme",2 - mediu,alta,,radu si cristina au cumparat impreuna 12 de pixuri. radu a cumparat cu 2 mai multe decat cristina. cate pixuri a cumparat fiecare?,"fie x = pixuri cumparate de radu, y = pixuri cumparate de cristina. x + y = 12 si x - y = 2. adunand: 2x = 14 => x = 7. y = 12 - 7 = 5.","radu: 7, cristina: 5",130,23,135,20,3,0,0,0,0,0,0,1,radu si cristina au cumparat impreuna 12 de pixuri. radu a cumparat cu 2 mai multe decat cristina. cate pixuri a cumparat fiecare?
Generat - Sisteme word problems,,Adrian si Daria au cumparat impreuna 45 de martisoare. Adrian a cumparat cu 17 mai multe decat Daria. Cate martisoare a cumparat fiecare?,"Fie x = martisoare cumparate de Adrian, y = martisoare cumparate de Daria. x + y = 45 si x - y = 17. Adunand: 2x = 62 => x = 31. y = 45 - 31 = 14.","Adrian: 31, Daria: 14",2,Sisteme de ecuatii,Sisteme de ecuații,"Ecuații, inecuații și sisteme",2 - mediu,alta,,adrian si daria au cumparat impreuna 45 de martisoare. adrian a cumparat cu 17 mai multe decat daria. cate martisoare a cumparat fiecare?,"fie x = martisoare cumparate de adrian, y = martisoare cumparate de daria. x + y = 45 si x - y = 17. adunand: 2x = 62 => x = 31. y = 45 - 31 = 14.","adrian: 31, daria: 14",137,23,146,21,4,0,0,0,0,0,0,1,adrian si daria au cumparat impreuna 45 de martisoare. adrian a cumparat cu 17 mai multe decat daria. cate martisoare a cumparat fiecare?
Generat - Sisteme word problems,,Mihai si Maria au cumparat impreuna 15 de caiete. Mihai a cumparat cu 5 mai multe decat Maria. Cate caiete a cumparat fiecare?,"Fie x = caiete cumparate de Mihai, y = caiete cumparate de Maria. x + y = 15 si x - y = 5. Adunand: 2x = 20 => x = 10. y = 15 - 10 = 5.","Mihai: 10, Maria: 5",2,Sisteme de ecuatii,Sisteme de ecuații,"Ecuații, inecuații și sisteme",2 - mediu,alta,,mihai si maria au cumparat impreuna 15 de caiete. mihai a cumparat cu 5 mai multe decat maria. cate caiete a cumparat fiecare?,"fie x = caiete cumparate de mihai, y = caiete cumparate de maria. x + y = 15 si x - y = 5. adunand: 2x = 20 => x = 10. y = 15 - 10 = 5.","mihai: 10, maria: 5",126,23,135,19,3,0,0,0,0,0,0,1,mihai si maria au cumparat impreuna 15 de caiete. mihai a cumparat cu 5 mai multe decat maria. cate caiete a cumparat fiecare?
Generat - Sisteme word problems,,Cosmin si Raluca au cumparat impreuna 16 de bilete. Cosmin a cumparat cu 6 mai multe decat Raluca. Cate bilete a cumparat fiecare?,"Fie x = bilete cumparate de Cosmin, y = bilete cumparate de Raluca. x + y = 16 si x - y = 6. Adunand: 2x = 22 => x = 11. y = 16 - 11 = 5.","Cosmin: 11, Raluca: 5",2,Sisteme de ecuatii,Sisteme de ecuații,"Ecuații, inecuații și sisteme",2 - mediu,alta,,cosmin si raluca au cumparat impreuna 16 de bilete. cosmin a cumparat cu 6 mai multe decat raluca. cate bilete a cumparat fiecare?,"fie x = bilete cumparate de cosmin, y = bilete cumparate de raluca. x + y = 16 si x - y = 6. adunand: 2x = 22 => x = 11. y = 16 - 11 = 5.","cosmin: 11, raluca: 5",130,23,137,21,3,0,0,0,0,0,0,1,cosmin si raluca au cumparat impreuna 16 de bilete. cosmin a cumparat cu 6 mai multe decat raluca. cate bilete a cumparat fiecare?
Generat - Sisteme word problems,,Mihai si Laura au cumparat impreuna 46 de creioane. Mihai a cumparat cu 18 mai multe decat Laura. Cate creioane a cumparat fiecare?,"Fie x = creioane cumparate de Mihai, y = creioane cumparate de Laura. x + y = 46 si x - y = 18. Adunand: 2x = 64 => x = 32. y = 46 - 32 = 14.","Mihai: 32, Laura: 14",2,Sisteme de ecuatii,Sisteme de ecuații,"Ecuații, inecuații și sisteme",2 - mediu,alta,,mihai si laura au cumparat impreuna 46 de creioane. mihai a cumparat cu 18 mai multe decat laura. cate creioane a cumparat fiecare?,"fie x = creioane cumparate de mihai, y = creioane cumparate de laura. x + y = 46 si x - y = 18. adunand: 2x = 64 => x = 32. y = 46 - 32 = 14.","mihai: 32, laura: 14",131,23,141,20,4,0,0,0,0,0,0,1,mihai si laura au cumparat impreuna 46 de creioane. mihai a cumparat cu 18 mai multe decat laura. cate creioane a cumparat fiecare?
Generat - Sisteme word problems,,Stefan si Ana au cumparat impreuna 27 de pixuri. Stefan a cumparat cu 11 mai multe decat Ana. Cate pixuri a cumparat fiecare?,"Fie x = pixuri cumparate de Stefan, y = pixuri cumparate de Ana. x + y = 27 si x - y = 11. Adunand: 2x = 38 => x = 19. y = 27 - 19 = 8.","Stefan: 19, Ana: 8",2,Sisteme de ecuatii,Sisteme de ecuații,"Ecuații, inecuații și sisteme",2 - mediu,alta,,stefan si ana au cumparat impreuna 27 de pixuri. stefan a cumparat cu 11 mai multe decat ana. cate pixuri a cumparat fiecare?,"fie x = pixuri cumparate de stefan, y = pixuri cumparate de ana. x + y = 27 si x - y = 11. adunand: 2x = 38 => x = 19. y = 27 - 19 = 8.","stefan: 19, ana: 8",125,23,135,18,4,0,0,0,0,0,0,1,stefan si ana au cumparat impreuna 27 de pixuri. stefan a cumparat cu 11 mai multe decat ana. cate pixuri a cumparat fiecare?
Generat - Sisteme word problems,,Liviu si Ana au cumparat impreuna 30 de caiete. Liviu a cumparat cu 2 mai multe decat Ana. Cate caiete a cumparat fiecare?,"Fie x = caiete cumparate de Liviu, y = caiete cumparate de Ana. x + y = 30 si x - y = 2. Adunand: 2x = 32 => x = 16. y = 30 - 16 = 14.","Liviu: 16, Ana: 14",2,Sisteme de ecuatii,Sisteme de ecuații,"Ecuații, inecuații și sisteme",2 - mediu,alta,,liviu si ana au cumparat impreuna 30 de caiete. liviu a cumparat cu 2 mai multe decat ana. cate caiete a cumparat fiecare?,"fie x = caiete cumparate de liviu, y = caiete cumparate de ana. x + y = 30 si x - y = 2. adunand: 2x = 32 => x = 16. y = 30 - 16 = 14.","liviu: 16, ana: 14",122,23,134,18,3,0,0,0,0,0,0,1,liviu si ana au cumparat impreuna 30 de caiete. liviu a cumparat cu 2 mai multe decat ana. cate caiete a cumparat fiecare?
Generat - Sisteme word problems,,Bogdan si Denisa au cumparat impreuna 35 de caiete. Bogdan a cumparat cu 5 mai multe decat Denisa. Cate caiete a cumparat fiecare?,"Fie x = caiete cumparate de Bogdan, y = caiete cumparate de Denisa. x + y = 35 si x - y = 5. Adunand: 2x = 40 => x = 20. y = 35 - 20 = 15.","Bogdan: 20, Denisa: 15",2,Sisteme de ecuatii,Sisteme de ecuații,"Ecuații, inecuații și sisteme",2 - mediu,alta,,bogdan si denisa au cumparat impreuna 35 de caiete. bogdan a cumparat cu 5 mai multe decat denisa. cate caiete a cumparat fiecare?,"fie x = caiete cumparate de bogdan, y = caiete cumparate de denisa. x + y = 35 si x - y = 5. adunand: 2x = 40 => x = 20. y = 35 - 20 = 15.","bogdan: 20, denisa: 15",130,23,138,22,3,0,0,0,0,0,0,1,bogdan si denisa au cumparat impreuna 35 de caiete. bogdan a cumparat cu 5 mai multe decat denisa. cate caiete a cumparat fiecare?
Generat - Sisteme word problems,,Marius si Diana au cumparat impreuna 25 de bilete. Marius a cumparat cu 11 mai multe decat Diana. Cate bilete a cumparat fiecare?,"Fie x = bilete cumparate de Marius, y = bilete cumparate de Diana. x + y = 25 si x - y = 11. Adunand: 2x = 36 => x = 18. y = 25 - 18 = 7.","Marius: 18, Diana: 7",2,Sisteme de ecuatii,Sisteme de ecuații,"Ecuații, inecuații și sisteme",2 - mediu,alta,,marius si diana au cumparat impreuna 25 de bilete. marius a cumparat cu 11 mai multe decat diana. cate bilete a cumparat fiecare?,"fie x = bilete cumparate de marius, y = bilete cumparate de diana. x + y = 25 si x - y = 11. adunand: 2x = 36 => x = 18. y = 25 - 18 = 7.","marius: 18, diana: 7",129,23,137,20,4,0,0,0,0,0,0,1,marius si diana au cumparat impreuna 25 de bilete. marius a cumparat cu 11 mai multe decat diana. cate bilete a cumparat fiecare?
Generat - Sisteme word problems,,Adrian si Camelia au cumparat impreuna 34 de tricouri. Adrian a cumparat cu 6 mai multe decat Camelia. Cate tricouri a cumparat fiecare?,"Fie x = tricouri cumparate de Adrian, y = tricouri cumparate de Camelia. x + y = 34 si x - y = 6. Adunand: 2x = 40 => x = 20. y = 34 - 20 = 14.","Adrian: 20, Camelia: 14",2,Sisteme de ecuatii,Sisteme de ecuații,"Ecuații, inecuații și sisteme",2 - mediu,alta,,adrian si camelia au cumparat impreuna 34 de tricouri. adrian a cumparat cu 6 mai multe decat camelia. cate tricouri a cumparat fiecare?,"fie x = tricouri cumparate de adrian, y = tricouri cumparate de camelia. x + y = 34 si x - y = 6. adunand: 2x = 40 => x = 20. y = 34 - 20 = 14.","adrian: 20, camelia: 14",136,23,143,23,3,0,0,0,0,0,0,1,adrian si camelia au cumparat impreuna 34 de tricouri. adrian a cumparat cu 6 mai multe decat camelia. cate tricouri a cumparat fiecare?
Generat - Sisteme word problems,,Andrei si Mihaela au cumparat impreuna 13 de tricouri. Andrei a cumparat cu 3 mai multe decat Mihaela. Cate tricouri a cumparat fiecare?,"Fie x = tricouri cumparate de Andrei, y = tricouri cumparate de Mihaela. x + y = 13 si x - y = 3. Adunand: 2x = 16 => x = 8. y = 13 - 8 = 5.","Andrei: 8, Mihaela: 5",2,Sisteme de ecuatii,Sisteme de ecuații,"Ecuații, inecuații și sisteme",2 - mediu,alta,,andrei si mihaela au cumparat impreuna 13 de tricouri. andrei a cumparat cu 3 mai multe decat mihaela. cate tricouri a cumparat fiecare?,"fie x = tricouri cumparate de andrei, y = tricouri cumparate de mihaela. x + y = 13 si x - y = 3. adunand: 2x = 16 => x = 8. y = 13 - 8 = 5.","andrei: 8, mihaela: 5",136,23,140,21,3,0,0,0,0,0,0,1,andrei si mihaela au cumparat impreuna 13 de tricouri. andrei a cumparat cu 3 mai multe decat mihaela. cate tricouri a cumparat fiecare?
Generat - Sisteme word problems,,Cosmin si Laura au cumparat impreuna 31 de pixuri. Cosmin a cumparat cu 11 mai multe decat Laura. Cate pixuri a cumparat fiecare?,"Fie x = pixuri cumparate de Cosmin, y = pixuri cumparate de Laura. x + y = 31 si x - y = 11. Adunand: 2x = 42 => x = 21. y = 31 - 21 = 10.","Cosmin: 21, Laura: 10",2,Sisteme de ecuatii,Sisteme de ecuații,"Ecuații, inecuații și sisteme",2 - mediu,alta,,cosmin si laura au cumparat impreuna 31 de pixuri. cosmin a cumparat cu 11 mai multe decat laura. cate pixuri a cumparat fiecare?,"fie x = pixuri cumparate de cosmin, y = pixuri cumparate de laura. x + y = 31 si x - y = 11. adunand: 2x = 42 => x = 21. y = 31 - 21 = 10.","cosmin: 21, laura: 10",129,23,138,21,4,0,0,0,0,0,0,1,cosmin si laura au cumparat impreuna 31 de pixuri. cosmin a cumparat cu 11 mai multe decat laura. cate pixuri a cumparat fiecare?
Generat - Sisteme word problems,,Sergiu si Bianca au cumparat impreuna 30 de martisoare. Sergiu a cumparat cu 2 mai multe decat Bianca. Cate martisoare a cumparat fiecare?,"Fie x = martisoare cumparate de Sergiu, y = martisoare cumparate de Bianca. x + y = 30 si x - y = 2. Adunand: 2x = 32 => x = 16. y = 30 - 16 = 14.","Sergiu: 16, Bianca: 14",2,Sisteme de ecuatii,Sisteme de ecuații,"Ecuații, inecuații și sisteme",2 - mediu,alta,,sergiu si bianca au cumparat impreuna 30 de martisoare. sergiu a cumparat cu 2 mai multe decat bianca. cate martisoare a cumparat fiecare?,"fie x = martisoare cumparate de sergiu, y = martisoare cumparate de bianca. x + y = 30 si x - y = 2. adunand: 2x = 32 => x = 16. y = 30 - 16 = 14.","sergiu: 16, bianca: 14",138,23,146,22,3,0,0,0,0,0,0,1,sergiu si bianca au cumparat impreuna 30 de martisoare. sergiu a cumparat cu 2 mai multe decat bianca. cate martisoare a cumparat fiecare?
Generat - Sisteme word problems,,Stefan si Gabriela au cumparat impreuna 24 de flori. Stefan a cumparat cu 8 mai multe decat Gabriela. Cate flori a cumparat fiecare?,"Fie x = flori cumparate de Stefan, y = flori cumparate de Gabriela. x + y = 24 si x - y = 8. Adunand: 2x = 32 => x = 16. y = 24 - 16 = 8.","Stefan: 16, Gabriela: 8",2,Sisteme de ecuatii,Sisteme de ecuații,"Ecuații, inecuații și sisteme",2 - mediu,alta,,stefan si gabriela au cumparat impreuna 24 de flori. stefan a cumparat cu 8 mai multe decat gabriela. cate flori a cumparat fiecare?,"fie x = flori cumparate de stefan, y = flori cumparate de gabriela. x + y = 24 si x - y = 8. adunand: 2x = 32 => x = 16. y = 24 - 16 = 8.","stefan: 16, gabriela: 8",132,23,137,23,3,0,0,0,0,0,0,1,stefan si gabriela au cumparat impreuna 24 de flori. stefan a cumparat cu 8 mai multe decat gabriela. cate flori a cumparat fiecare?
Generat - Sisteme word problems,,Vasile si Daria au cumparat impreuna 21 de martisoare. Vasile a cumparat cu 9 mai multe decat Daria. Cate martisoare a cumparat fiecare?,"Fie x = martisoare cumparate de Vasile, y = martisoare cumparate de Daria. x + y = 21 si x - y = 9. Adunand: 2x = 30 => x = 15. y = 21 - 15 = 6.","Vasile: 15, Daria: 6",2,Sisteme de ecuatii,Sisteme de ecuații,"Ecuații, inecuații și sisteme",2 - mediu,alta,,vasile si daria au cumparat impreuna 21 de martisoare. vasile a cumparat cu 9 mai multe decat daria. cate martisoare a cumparat fiecare?,"fie x = martisoare cumparate de vasile, y = martisoare cumparate de daria. x + y = 21 si x - y = 9. adunand: 2x = 30 => x = 15. y = 21 - 15 = 6.","vasile: 15, daria: 6",136,23,144,20,3,0,0,0,0,0,0,1,vasile si daria au cumparat impreuna 21 de martisoare. vasile a cumparat cu 9 mai multe decat daria. cate martisoare a cumparat fiecare?
Generat - Sisteme word problems,,Andrei si Bianca au cumparat impreuna 25 de jucarii. Andrei a cumparat cu 3 mai multe decat Bianca. Cate jucarii a cumparat fiecare?,"Fie x = jucarii cumparate de Andrei, y = jucarii cumparate de Bianca. x + y = 25 si x - y = 3. Adunand: 2x = 28 => x = 14. y = 25 - 14 = 11.","Andrei: 14, Bianca: 11",2,Sisteme de ecuatii,Sisteme de ecuații,"Ecuații, inecuații și sisteme",2 - mediu,alta,,andrei si bianca au cumparat impreuna 25 de jucarii. andrei a cumparat cu 3 mai multe decat bianca. cate jucarii a cumparat fiecare?,"fie x = jucarii cumparate de andrei, y = jucarii cumparate de bianca. x + y = 25 si x - y = 3. adunand: 2x = 28 => x = 14. y = 25 - 14 = 11.","andrei: 14, bianca: 11",132,23,140,22,3,0,0,0,0,0,0,1,andrei si bianca au cumparat impreuna 25 de jucarii. andrei a cumparat cu 3 mai multe decat bianca. cate jucarii a cumparat fiecare?
Generat - Sisteme word problems,,Andrei si Simona au cumparat impreuna 34 de caiete. Andrei a cumparat cu 6 mai multe decat Simona. Cate caiete a cumparat fiecare?,"Fie x = caiete cumparate de Andrei, y = caiete cumparate de Simona. x + y = 34 si x - y = 6. Adunand: 2x = 40 => x = 20. y = 34 - 20 = 14.","Andrei: 20, Simona: 14",2,Sisteme de ecuatii,Sisteme de ecuații,"Ecuații, inecuații și sisteme",2 - mediu,alta,,andrei si simona au cumparat impreuna 34 de caiete. andrei a cumparat cu 6 mai multe decat simona. cate caiete a cumparat fiecare?,"fie x = caiete cumparate de andrei, y = caiete cumparate de simona. x + y = 34 si x - y = 6. adunand: 2x = 40 => x = 20. y = 34 - 20 = 14.","andrei: 20, simona: 14",130,23,138,22,3,0,0,0,0,0,0,1,andrei si simona au cumparat impreuna 34 de caiete. andrei a cumparat cu 6 mai multe decat simona. cate caiete a cumparat fiecare?
Generat - Sisteme word problems,,Adrian si Raluca au cumparat impreuna 16 de tricouri. Adrian a cumparat cu 2 mai multe decat Raluca. Cate tricouri a cumparat fiecare?,"Fie x = tricouri cumparate de Adrian, y = tricouri cumparate de Raluca. x + y = 16 si x - y = 2. Adunand: 2x = 18 => x = 9. y = 16 - 9 = 7.","Adrian: 9, Raluca: 7",2,Sisteme de ecuatii,Sisteme de ecuații,"Ecuații, inecuații și sisteme",2 - mediu,alta,,adrian si raluca au cumparat impreuna 16 de tricouri. adrian a cumparat cu 2 mai multe decat raluca. cate tricouri a cumparat fiecare?,"fie x = tricouri cumparate de adrian, y = tricouri cumparate de raluca. x + y = 16 si x - y = 2. adunand: 2x = 18 => x = 9. y = 16 - 9 = 7.","adrian: 9, raluca: 7",134,23,139,20,3,0,0,0,0,0,0,1,adrian si raluca au cumparat impreuna 16 de tricouri. adrian a cumparat cu 2 mai multe decat raluca. cate tricouri a cumparat fiecare?
Generat - Sisteme word problems,,Ion si Cristina au cumparat impreuna 33 de flori. Ion a cumparat cu 15 mai multe decat Cristina. Cate flori a cumparat fiecare?,"Fie x = flori cumparate de Ion, y = flori cumparate de Cristina. x + y = 33 si x - y = 15. Adunand: 2x = 48 => x = 24. y = 33 - 24 = 9.","Ion: 24, Cristina: 9",2,Sisteme de ecuatii,Sisteme de ecuații,"Ecuații, inecuații și sisteme",2 - mediu,alta,,ion si cristina au cumparat impreuna 33 de flori. ion a cumparat cu 15 mai multe decat cristina. cate flori a cumparat fiecare?,"fie x = flori cumparate de ion, y = flori cumparate de cristina. x + y = 33 si x - y = 15. adunand: 2x = 48 => x = 24. y = 33 - 24 = 9.","ion: 24, cristina: 9",127,23,135,20,4,0,0,0,0,0,0,1,ion si cristina au cumparat impreuna 33 de flori. ion a cumparat cu 15 mai multe decat cristina. cate flori a cumparat fiecare?
Generat - Sisteme word problems,,Stefan si Ioana au cumparat impreuna 15 de caiete. Stefan a cumparat cu 3 mai multe decat Ioana. Cate caiete a cumparat fiecare?,"Fie x = caiete cumparate de Stefan, y = caiete cumparate de Ioana. x + y = 15 si x - y = 3. Adunand: 2x = 18 => x = 9. y = 15 - 9 = 6.","Stefan: 9, Ioana: 6",2,Sisteme de ecuatii,Sisteme de ecuații,"Ecuații, inecuații și sisteme",2 - mediu,alta,,stefan si ioana au cumparat impreuna 15 de caiete. stefan a cumparat cu 3 mai multe decat ioana. cate caiete a cumparat fiecare?,"fie x = caiete cumparate de stefan, y = caiete cumparate de ioana. x + y = 15 si x - y = 3. adunand: 2x = 18 => x = 9. y = 15 - 9 = 6.","stefan: 9, ioana: 6",128,23,134,19,3,0,0,0,0,0,0,1,stefan si ioana au cumparat impreuna 15 de caiete. stefan a cumparat cu 3 mai multe decat ioana. cate caiete a cumparat fiecare?
Generat - Sisteme word problems,,Cosmin si Gabriela au cumparat impreuna 45 de bomboane. Cosmin a cumparat cu 19 mai multe decat Gabriela. Cate bomboane a cumparat fiecare?,"Fie x = bomboane cumparate de Cosmin, y = bomboane cumparate de Gabriela. x + y = 45 si x - y = 19. Adunand: 2x = 64 => x = 32. y = 45 - 32 = 13.","Cosmin: 32, Gabriela: 13",2,Sisteme de ecuatii,Sisteme de ecuații,"Ecuații, inecuații și sisteme",2 - mediu,alta,,cosmin si gabriela au cumparat impreuna 45 de bomboane. cosmin a cumparat cu 19 mai multe decat gabriela. cate bomboane a cumparat fiecare?,"fie x = bomboane cumparate de cosmin, y = bomboane cumparate de gabriela. x + y = 45 si x - y = 19. adunand: 2x = 64 => x = 32. y = 45 - 32 = 13.","cosmin: 32, gabriela: 13",139,23,145,24,4,0,0,0,0,0,0,1,cosmin si gabriela au cumparat impreuna 45 de bomboane. cosmin a cumparat cu 19 mai multe decat gabriela. cate bomboane a cumparat fiecare?
Generat - Sisteme word problems,,Cosmin si Ioana au cumparat impreuna 15 de carti. Cosmin a cumparat cu 5 mai multe decat Ioana. Cate carti a cumparat fiecare?,"Fie x = carti cumparate de Cosmin, y = carti cumparate de Ioana. x + y = 15 si x - y = 5. Adunand: 2x = 20 => x = 10. y = 15 - 10 = 5.","Cosmin: 10, Ioana: 5",2,Sisteme de ecuatii,Sisteme de ecuații,"Ecuații, inecuații și sisteme",2 - mediu,alta,,cosmin si ioana au cumparat impreuna 15 de carti. cosmin a cumparat cu 5 mai multe decat ioana. cate carti a cumparat fiecare?,"fie x = carti cumparate de cosmin, y = carti cumparate de ioana. x + y = 15 si x - y = 5. adunand: 2x = 20 => x = 10. y = 15 - 10 = 5.","cosmin: 10, ioana: 5",126,23,134,20,3,0,0,0,0,0,0,1,cosmin si ioana au cumparat impreuna 15 de carti. cosmin a cumparat cu 5 mai multe decat ioana. cate carti a cumparat fiecare?
Generat - Sisteme word problems,,Vasile si Elena au cumparat impreuna 48 de bilete. Vasile a cumparat cu 12 mai multe decat Elena. Cate bilete a cumparat fiecare?,"Fie x = bilete cumparate de Vasile, y = bilete cumparate de Elena. x + y = 48 si x - y = 12. Adunand: 2x = 60 => x = 30. y = 48 - 30 = 18.","Vasile: 30, Elena: 18",2,Sisteme de ecuatii,Sisteme de ecuații,"Ecuații, inecuații și sisteme",2 - mediu,alta,,vasile si elena au cumparat impreuna 48 de bilete. vasile a cumparat cu 12 mai multe decat elena. cate bilete a cumparat fiecare?,"fie x = bilete cumparate de vasile, y = bilete cumparate de elena. x + y = 48 si x - y = 12. adunand: 2x = 60 => x = 30. y = 48 - 30 = 18.","vasile: 30, elena: 18",129,23,138,21,4,0,0,0,0,0,0,1,vasile si elena au cumparat impreuna 48 de bilete. vasile a cumparat cu 12 mai multe decat elena. cate bilete a cumparat fiecare?
Generat - Sisteme word problems,,Adrian si Maria au cumparat impreuna 36 de jucarii. Adrian a cumparat cu 14 mai multe decat Maria. Cate jucarii a cumparat fiecare?,"Fie x = jucarii cumparate de Adrian, y = jucarii cumparate de Maria. x + y = 36 si x - y = 14. Adunand: 2x = 50 => x = 25. y = 36 - 25 = 11.","Adrian: 25, Maria: 11",2,Sisteme de ecuatii,Sisteme de ecuații,"Ecuații, inecuații și sisteme",2 - mediu,alta,,adrian si maria au cumparat impreuna 36 de jucarii. adrian a cumparat cu 14 mai multe decat maria. cate jucarii a cumparat fiecare?,"fie x = jucarii cumparate de adrian, y = jucarii cumparate de maria. x + y = 36 si x - y = 14. adunand: 2x = 50 => x = 25. y = 36 - 25 = 11.","adrian: 25, maria: 11",131,23,140,21,4,0,0,0,0,0,0,1,adrian si maria au cumparat impreuna 36 de jucarii. adrian a cumparat cu 14 mai multe decat maria. cate jucarii a cumparat fiecare?
Generat - Sisteme word problems,,Andrei si Camelia au cumparat impreuna 46 de creioane. Andrei a cumparat cu 18 mai multe decat Camelia. Cate creioane a cumparat fiecare?,"Fie x = creioane cumparate de Andrei, y = creioane cumparate de Camelia. x + y = 46 si x - y = 18. Adunand: 2x = 64 => x = 32. y = 46 - 32 = 14.","Andrei: 32, Camelia: 14",2,Sisteme de ecuatii,Sisteme de ecuații,"Ecuații, inecuații și sisteme",2 - mediu,alta,,andrei si camelia au cumparat impreuna 46 de creioane. andrei a cumparat cu 18 mai multe decat camelia. cate creioane a cumparat fiecare?,"fie x = creioane cumparate de andrei, y = creioane cumparate de camelia. x + y = 46 si x - y = 18. adunand: 2x = 64 => x = 32. y = 46 - 32 = 14.","andrei: 32, camelia: 14",137,23,144,23,4,0,0,0,0,0,0,1,andrei si camelia au cumparat impreuna 46 de creioane. andrei a cumparat cu 18 mai multe decat camelia. cate creioane a cumparat fiecare?
Generat - Sisteme word problems,,Dan si Daria au cumparat impreuna 18 de caiete. Dan a cumparat cu 6 mai multe decat Daria. Cate caiete a cumparat fiecare?,"Fie x = caiete cumparate de Dan, y = caiete cumparate de Daria. x + y = 18 si x - y = 6. Adunand: 2x = 24 => x = 12. y = 18 - 12 = 6.","Dan: 12, Daria: 6",2,Sisteme de ecuatii,Sisteme de ecuații,"Ecuații, inecuații și sisteme",2 - mediu,alta,,dan si daria au cumparat impreuna 18 de caiete. dan a cumparat cu 6 mai multe decat daria. cate caiete a cumparat fiecare?,"fie x = caiete cumparate de dan, y = caiete cumparate de daria. x + y = 18 si x - y = 6. adunand: 2x = 24 => x = 12. y = 18 - 12 = 6.","dan: 12, daria: 6",122,23,133,17,3,0,0,0,0,0,0,1,dan si daria au cumparat impreuna 18 de caiete. dan a cumparat cu 6 mai multe decat daria. cate caiete a cumparat fiecare?
Generat - Sisteme word problems,,Marius si Simona au cumparat impreuna 19 de flori. Marius a cumparat cu 3 mai multe decat Simona. Cate flori a cumparat fiecare?,"Fie x = flori cumparate de Marius, y = flori cumparate de Simona. x + y = 19 si x - y = 3. Adunand: 2x = 22 => x = 11. y = 19 - 11 = 8.","Marius: 11, Simona: 8",2,Sisteme de ecuatii,Sisteme de ecuații,"Ecuații, inecuații și sisteme",2 - mediu,alta,,marius si simona au cumparat impreuna 19 de flori. marius a cumparat cu 3 mai multe decat simona. cate flori a cumparat fiecare?,"fie x = flori cumparate de marius, y = flori cumparate de simona. x + y = 19 si x - y = 3. adunand: 2x = 22 => x = 11. y = 19 - 11 = 8.","marius: 11, simona: 8",128,23,135,21,3,0,0,0,0,0,0,1,marius si simona au cumparat impreuna 19 de flori. marius a cumparat cu 3 mai multe decat simona. cate flori a cumparat fiecare?
Generat - Sisteme word problems,,Dan si Sofia au cumparat impreuna 36 de jucarii. Dan a cumparat cu 12 mai multe decat Sofia. Cate jucarii a cumparat fiecare?,"Fie x = jucarii cumparate de Dan, y = jucarii cumparate de Sofia. x + y = 36 si x - y = 12. Adunand: 2x = 48 => x = 24. y = 36 - 24 = 12.","Dan: 24, Sofia: 12",2,Sisteme de ecuatii,Sisteme de ecuații,"Ecuații, inecuații și sisteme",2 - mediu,alta,,dan si sofia au cumparat impreuna 36 de jucarii. dan a cumparat cu 12 mai multe decat sofia. cate jucarii a cumparat fiecare?,"fie x = jucarii cumparate de dan, y = jucarii cumparate de sofia. x + y = 36 si x - y = 12. adunand: 2x = 48 => x = 24. y = 36 - 24 = 12.","dan: 24, sofia: 12",125,23,137,18,4,0,0,0,0,0,0,1,dan si sofia au cumparat impreuna 36 de jucarii. dan a cumparat cu 12 mai multe decat sofia. cate jucarii a cumparat fiecare?
Generat - Sisteme word problems,,Pavel si Elena au cumparat impreuna 26 de tricouri. Pavel a cumparat cu 6 mai multe decat Elena. Cate tricouri a cumparat fiecare?,"Fie x = tricouri cumparate de Pavel, y = tricouri cumparate de Elena. x + y = 26 si x - y = 6. Adunand: 2x = 32 => x = 16. y = 26 - 16 = 10.","Pavel: 16, Elena: 10",2,Sisteme de ecuatii,Sisteme de ecuații,"Ecuații, inecuații și sisteme",2 - mediu,alta,,pavel si elena au cumparat impreuna 26 de tricouri. pavel a cumparat cu 6 mai multe decat elena. cate tricouri a cumparat fiecare?,"fie x = tricouri cumparate de pavel, y = tricouri cumparate de elena. x + y = 26 si x - y = 6. adunand: 2x = 32 => x = 16. y = 26 - 16 = 10.","pavel: 16, elena: 10",130,23,140,20,3,0,0,0,0,0,0,1,pavel si elena au cumparat impreuna 26 de tricouri. pavel a cumparat cu 6 mai multe decat elena. cate tricouri a cumparat fiecare?
Generat - Sisteme word problems,,Pavel si Bianca au cumparat impreuna 22 de bilete. Pavel a cumparat cu 10 mai multe decat Bianca. Cate bilete a cumparat fiecare?,"Fie x = bilete cumparate de Pavel, y = bilete cumparate de Bianca. x + y = 22 si x - y = 10. Adunand: 2x = 32 => x = 16. y = 22 - 16 = 6.","Pavel: 16, Bianca: 6",2,Sisteme de ecuatii,Sisteme de ecuații,"Ecuații, inecuații și sisteme",2 - mediu,alta,,pavel si bianca au cumparat impreuna 22 de bilete. pavel a cumparat cu 10 mai multe decat bianca. cate bilete a cumparat fiecare?,"fie x = bilete cumparate de pavel, y = bilete cumparate de bianca. x + y = 22 si x - y = 10. adunand: 2x = 32 => x = 16. y = 22 - 16 = 6.","pavel: 16, bianca: 6",129,23,137,20,4,0,0,0,0,0,0,1,pavel si bianca au cumparat impreuna 22 de bilete. pavel a cumparat cu 10 mai multe decat bianca. cate bilete a cumparat fiecare?
Generat - Sisteme word problems,,Vlad si Alina au cumparat impreuna 10 de jucarii. Vlad a cumparat cu 6 mai multe decat Alina. Cate jucarii a cumparat fiecare?,"Fie x = jucarii cumparate de Vlad, y = jucarii cumparate de Alina. x + y = 10 si x - y = 6. Adunand: 2x = 16 => x = 8. y = 10 - 8 = 2.","Vlad: 8, Alina: 2",2,Sisteme de ecuatii,Sisteme de ecuații,"Ecuații, inecuații și sisteme",2 - mediu,alta,,vlad si alina au cumparat impreuna 10 de jucarii. vlad a cumparat cu 6 mai multe decat alina. cate jucarii a cumparat fiecare?,"fie x = jucarii cumparate de vlad, y = jucarii cumparate de alina. x + y = 10 si x - y = 6. adunand: 2x = 16 => x = 8. y = 10 - 8 = 2.","vlad: 8, alina: 2",126,23,134,17,3,0,0,0,0,0,0,1,vlad si alina au cumparat impreuna 10 de jucarii. vlad a cumparat cu 6 mai multe decat alina. cate jucarii a cumparat fiecare?
Generat - Sisteme word problems,,Cristian si Bianca au cumparat impreuna 31 de martisoare. Cristian a cumparat cu 9 mai multe decat Bianca. Cate martisoare a cumparat fiecare?,"Fie x = martisoare cumparate de Cristian, y = martisoare cumparate de Bianca. x + y = 31 si x - y = 9. Adunand: 2x = 40 => x = 20. y = 31 - 20 = 11.","Cristian: 20, Bianca: 11",2,Sisteme de ecuatii,Sisteme de ecuații,"Ecuații, inecuații și sisteme",2 - mediu,alta,,cristian si bianca au cumparat impreuna 31 de martisoare. cristian a cumparat cu 9 mai multe decat bianca. cate martisoare a cumparat fiecare?,"fie x = martisoare cumparate de cristian, y = martisoare cumparate de bianca. x + y = 31 si x - y = 9. adunand: 2x = 40 => x = 20. y = 31 - 20 = 11.","cristian: 20, bianca: 11",142,23,148,24,3,0,0,0,0,0,0,1,cristian si bianca au cumparat impreuna 31 de martisoare. cristian a cumparat cu 9 mai multe decat bianca. cate martisoare a cumparat fiecare?
Generat - Sisteme word problems,,Cristian si Sofia au cumparat impreuna 18 de bilete. Cristian a cumparat cu 6 mai multe decat Sofia. Cate bilete a cumparat fiecare?,"Fie x = bilete cumparate de Cristian, y = bilete cumparate de Sofia. x + y = 18 si x - y = 6. Adunand: 2x = 24 => x = 12. y = 18 - 12 = 6.","Cristian: 12, Sofia: 6",2,Sisteme de ecuatii,Sisteme de ecuații,"Ecuații, inecuații și sisteme",2 - mediu,alta,,cristian si sofia au cumparat impreuna 18 de bilete. cristian a cumparat cu 6 mai multe decat sofia. cate bilete a cumparat fiecare?,"fie x = bilete cumparate de cristian, y = bilete cumparate de sofia. x + y = 18 si x - y = 6. adunand: 2x = 24 => x = 12. y = 18 - 12 = 6.","cristian: 12, sofia: 6",132,23,138,22,3,0,0,0,0,0,0,1,cristian si sofia au cumparat impreuna 18 de bilete. cristian a cumparat cu 6 mai multe decat sofia. cate bilete a cumparat fiecare?
Generat - Sisteme word problems,,Cristian si Bianca au cumparat impreuna 40 de creioane. Cristian a cumparat cu 12 mai multe decat Bianca. Cate creioane a cumparat fiecare?,"Fie x = creioane cumparate de Cristian, y = creioane cumparate de Bianca. x + y = 40 si x - y = 12. Adunand: 2x = 52 => x = 26. y = 40 - 26 = 14.","Cristian: 26, Bianca: 14",2,Sisteme de ecuatii,Sisteme de ecuații,"Ecuații, inecuații și sisteme",2 - mediu,alta,,cristian si bianca au cumparat impreuna 40 de creioane. cristian a cumparat cu 12 mai multe decat bianca. cate creioane a cumparat fiecare?,"fie x = creioane cumparate de cristian, y = creioane cumparate de bianca. x + y = 40 si x - y = 12. adunand: 2x = 52 => x = 26. y = 40 - 26 = 14.","cristian: 26, bianca: 14",139,23,145,24,4,0,0,0,0,0,0,1,cristian si bianca au cumparat impreuna 40 de creioane. cristian a cumparat cu 12 mai multe decat bianca. cate creioane a cumparat fiecare?
Generat - Sisteme word problems,,Dan si Daria au cumparat impreuna 28 de tricouri. Dan a cumparat cu 14 mai multe decat Daria. Cate tricouri a cumparat fiecare?,"Fie x = tricouri cumparate de Dan, y = tricouri cumparate de Daria. x + y = 28 si x - y = 14. Adunand: 2x = 42 => x = 21. y = 28 - 21 = 7.","Dan: 21, Daria: 7",2,Sisteme de ecuatii,Sisteme de ecuații,"Ecuații, inecuații și sisteme",2 - mediu,alta,,dan si daria au cumparat impreuna 28 de tricouri. dan a cumparat cu 14 mai multe decat daria. cate tricouri a cumparat fiecare?,"fie x = tricouri cumparate de dan, y = tricouri cumparate de daria. x + y = 28 si x - y = 14. adunand: 2x = 42 => x = 21. y = 28 - 21 = 7.","dan: 21, daria: 7",127,23,138,17,4,0,0,0,0,0,0,1,dan si daria au cumparat impreuna 28 de tricouri. dan a cumparat cu 14 mai multe decat daria. cate tricouri a cumparat fiecare?
Generat - Sisteme word problems,,Pavel si Denisa au cumparat impreuna 30 de creioane. Pavel a cumparat cu 8 mai multe decat Denisa. Cate creioane a cumparat fiecare?,"Fie x = creioane cumparate de Pavel, y = creioane cumparate de Denisa. x + y = 30 si x - y = 8. Adunand: 2x = 38 => x = 19. y = 30 - 19 = 11.","Pavel: 19, Denisa: 11",2,Sisteme de ecuatii,Sisteme de ecuații,"Ecuații, inecuații și sisteme",2 - mediu,alta,,pavel si denisa au cumparat impreuna 30 de creioane. pavel a cumparat cu 8 mai multe decat denisa. cate creioane a cumparat fiecare?,"fie x = creioane cumparate de pavel, y = creioane cumparate de denisa. x + y = 30 si x - y = 8. adunand: 2x = 38 => x = 19. y = 30 - 19 = 11.","pavel: 19, denisa: 11",132,23,141,21,3,0,0,0,0,0,0,1,pavel si denisa au cumparat impreuna 30 de creioane. pavel a cumparat cu 8 mai multe decat denisa. cate creioane a cumparat fiecare?
Generat - Sisteme word problems,,Stefan si Daria au cumparat impreuna 17 de tricouri. Stefan a cumparat cu 7 mai multe decat Daria. Cate tricouri a cumparat fiecare?,"Fie x = tricouri cumparate de Stefan, y = tricouri cumparate de Daria. x + y = 17 si x - y = 7. Adunand: 2x = 24 => x = 12. y = 17 - 12 = 5.","Stefan: 12, Daria: 5",2,Sisteme de ecuatii,Sisteme de ecuații,"Ecuații, inecuații și sisteme",2 - mediu,alta,,stefan si daria au cumparat impreuna 17 de tricouri. stefan a cumparat cu 7 mai multe decat daria. cate tricouri a cumparat fiecare?,"fie x = tricouri cumparate de stefan, y = tricouri cumparate de daria. x + y = 17 si x - y = 7. adunand: 2x = 24 => x = 12. y = 17 - 12 = 5.","stefan: 12, daria: 5",132,23,140,20,3,0,0,0,0,0,0,1,stefan si daria au cumparat impreuna 17 de tricouri. stefan a cumparat cu 7 mai multe decat daria. cate tricouri a cumparat fiecare?
Generat - Sisteme word problems,,Bogdan si Denisa au cumparat impreuna 21 de bomboane. Bogdan a cumparat cu 11 mai multe decat Denisa. Cate bomboane a cumparat fiecare?,"Fie x = bomboane cumparate de Bogdan, y = bomboane cumparate de Denisa. x + y = 21 si x - y = 11. Adunand: 2x = 32 => x = 16. y = 21 - 16 = 5.","Bogdan: 16, Denisa: 5",2,Sisteme de ecuatii,Sisteme de ecuații,"Ecuații, inecuații și sisteme",2 - mediu,alta,,bogdan si denisa au cumparat impreuna 21 de bomboane. bogdan a cumparat cu 11 mai multe decat denisa. cate bomboane a cumparat fiecare?,"fie x = bomboane cumparate de bogdan, y = bomboane cumparate de denisa. x + y = 21 si x - y = 11. adunand: 2x = 32 => x = 16. y = 21 - 16 = 5.","bogdan: 16, denisa: 5",135,23,142,21,4,0,0,0,0,0,0,1,bogdan si denisa au cumparat impreuna 21 de bomboane. bogdan a cumparat cu 11 mai multe decat denisa. cate bomboane a cumparat fiecare?
Generat - Sisteme word problems,,Ion si Gabriela au cumparat impreuna 38 de creioane. Ion a cumparat cu 12 mai multe decat Gabriela. Cate creioane a cumparat fiecare?,"Fie x = creioane cumparate de Ion, y = creioane cumparate de Gabriela. x + y = 38 si x - y = 12. Adunand: 2x = 50 => x = 25. y = 38 - 25 = 13.","Ion: 25, Gabriela: 13",2,Sisteme de ecuatii,Sisteme de ecuații,"Ecuații, inecuații și sisteme",2 - mediu,alta,,ion si gabriela au cumparat impreuna 38 de creioane. ion a cumparat cu 12 mai multe decat gabriela. cate creioane a cumparat fiecare?,"fie x = creioane cumparate de ion, y = creioane cumparate de gabriela. x + y = 38 si x - y = 12. adunand: 2x = 50 => x = 25. y = 38 - 25 = 13.","ion: 25, gabriela: 13",133,23,142,21,4,0,0,0,0,0,0,1,ion si gabriela au cumparat impreuna 38 de creioane. ion a cumparat cu 12 mai multe decat gabriela. cate creioane a cumparat fiecare?
Generat - Sisteme word problems,,Andrei si Sofia au cumparat impreuna 18 de flori. Andrei a cumparat cu 6 mai multe decat Sofia. Cate flori a cumparat fiecare?,"Fie x = flori cumparate de Andrei, y = flori cumparate de Sofia. x + y = 18 si x - y = 6. Adunand: 2x = 24 => x = 12. y = 18 - 12 = 6.","Andrei: 12, Sofia: 6",2,Sisteme de ecuatii,Sisteme de ecuații,"Ecuații, inecuații și sisteme",2 - mediu,alta,,andrei si sofia au cumparat impreuna 18 de flori. andrei a cumparat cu 6 mai multe decat sofia. cate flori a cumparat fiecare?,"fie x = flori cumparate de andrei, y = flori cumparate de sofia. x + y = 18 si x - y = 6. adunand: 2x = 24 => x = 12. y = 18 - 12 = 6.","andrei: 12, sofia: 6",126,23,134,20,3,0,0,0,0,0,0,1,andrei si sofia au cumparat impreuna 18 de flori. andrei a cumparat cu 6 mai multe decat sofia. cate flori a cumparat fiecare?
Generat - Sisteme word problems,,Radu si Simona au cumparat impreuna 37 de caiete. Radu a cumparat cu 15 mai multe decat Simona. Cate caiete a cumparat fiecare?,"Fie x = caiete cumparate de Radu, y = caiete cumparate de Simona. x + y = 37 si x - y = 15. Adunand: 2x = 52 => x = 26. y = 37 - 26 = 11.","Radu: 26, Simona: 11",2,Sisteme de ecuatii,Sisteme de ecuații,"Ecuații, inecuații și sisteme",2 - mediu,alta,,radu si simona au cumparat impreuna 37 de caiete. radu a cumparat cu 15 mai multe decat simona. cate caiete a cumparat fiecare?,"fie x = caiete cumparate de radu, y = caiete cumparate de simona. x + y = 37 si x - y = 15. adunand: 2x = 52 => x = 26. y = 37 - 26 = 11.","radu: 26, simona: 11",127,23,137,20,4,0,0,0,0,0,0,1,radu si simona au cumparat impreuna 37 de caiete. radu a cumparat cu 15 mai multe decat simona. cate caiete a cumparat fiecare?
Generat - Sisteme word problems,,Andrei si Gabriela au cumparat impreuna 40 de bilete. Andrei a cumparat cu 20 mai multe decat Gabriela. Cate bilete a cumparat fiecare?,"Fie x = bilete cumparate de Andrei, y = bilete cumparate de Gabriela. x + y = 40 si x - y = 20. Adunand: 2x = 60 => x = 30. y = 40 - 30 = 10.","Andrei: 30, Gabriela: 10",2,Sisteme de ecuatii,Sisteme de ecuații,"Ecuații, inecuații și sisteme",2 - mediu,alta,,andrei si gabriela au cumparat impreuna 40 de bilete. andrei a cumparat cu 20 mai multe decat gabriela. cate bilete a cumparat fiecare?,"fie x = bilete cumparate de andrei, y = bilete cumparate de gabriela. x + y = 40 si x - y = 20. adunand: 2x = 60 => x = 30. y = 40 - 30 = 10.","andrei: 30, gabriela: 10",135,23,141,24,4,0,0,0,0,0,0,1,andrei si gabriela au cumparat impreuna 40 de bilete. andrei a cumparat cu 20 mai multe decat gabriela. cate bilete a cumparat fiecare?
Generat - Sisteme word problems,,Adrian si Camelia au cumparat impreuna 36 de bomboane. Adrian a cumparat cu 4 mai multe decat Camelia. Cate bomboane a cumparat fiecare?,"Fie x = bomboane cumparate de Adrian, y = bomboane cumparate de Camelia. x + y = 36 si x - y = 4. Adunand: 2x = 40 => x = 20. y = 36 - 20 = 16.","Adrian: 20, Camelia: 16",2,Sisteme de ecuatii,Sisteme de ecuații,"Ecuații, inecuații și sisteme",2 - mediu,alta,,adrian si camelia au cumparat impreuna 36 de bomboane. adrian a cumparat cu 4 mai multe decat camelia. cate bomboane a cumparat fiecare?,"fie x = bomboane cumparate de adrian, y = bomboane cumparate de camelia. x + y = 36 si x - y = 4. adunand: 2x = 40 => x = 20. y = 36 - 20 = 16.","adrian: 20, camelia: 16",136,23,143,23,3,0,0,0,0,0,0,1,adrian si camelia au cumparat impreuna 36 de bomboane. adrian a cumparat cu 4 mai multe decat camelia. cate bomboane a cumparat fiecare?
Generat - Sisteme word problems,,Florin si Camelia au cumparat impreuna 50 de bilete. Florin a cumparat cu 4 mai multe decat Camelia. Cate bilete a cumparat fiecare?,"Fie x = bilete cumparate de Florin, y = bilete cumparate de Camelia. x + y = 50 si x - y = 4. Adunand: 2x = 54 => x = 27. y = 50 - 27 = 23.","Florin: 27, Camelia: 23",2,Sisteme de ecuatii,Sisteme de ecuații,"Ecuații, inecuații și sisteme",2 - mediu,alta,,florin si camelia au cumparat impreuna 50 de bilete. florin a cumparat cu 4 mai multe decat camelia. cate bilete a cumparat fiecare?,"fie x = bilete cumparate de florin, y = bilete cumparate de camelia. x + y = 50 si x - y = 4. adunand: 2x = 54 => x = 27. y = 50 - 27 = 23.","florin: 27, camelia: 23",132,23,139,23,3,0,0,0,0,0,0,1,florin si camelia au cumparat impreuna 50 de bilete. florin a cumparat cu 4 mai multe decat camelia. cate bilete a cumparat fiecare?
Generat - Sisteme word problems,,Vlad si Laura au cumparat impreuna 20 de tricouri. Vlad a cumparat cu 2 mai multe decat Laura. Cate tricouri a cumparat fiecare?,"Fie x = tricouri cumparate de Vlad, y = tricouri cumparate de Laura. x + y = 20 si x - y = 2. Adunand: 2x = 22 => x = 11. y = 20 - 11 = 9.","Vlad: 11, Laura: 9",2,Sisteme de ecuatii,Sisteme de ecuații,"Ecuații, inecuații și sisteme",2 - mediu,alta,,vlad si laura au cumparat impreuna 20 de tricouri. vlad a cumparat cu 2 mai multe decat laura. cate tricouri a cumparat fiecare?,"fie x = tricouri cumparate de vlad, y = tricouri cumparate de laura. x + y = 20 si x - y = 2. adunand: 2x = 22 => x = 11. y = 20 - 11 = 9.","vlad: 11, laura: 9",128,23,138,18,3,0,0,0,0,0,0,1,vlad si laura au cumparat impreuna 20 de tricouri. vlad a cumparat cu 2 mai multe decat laura. cate tricouri a cumparat fiecare?
Generat - Geometrie triunghi,,"In triunghiul isoscel ABC, AB = BC, m(∠ABC) = 140°, iar CK este bisectoarea unghiului ACB. Determinati m(∠ACK).",Triunghi isoscel AB = BC => ∠BCA = (180° - 140°)/2 = 20°. CK bisectoare => ∠ACK = 20°/2 = 10°,10°,2,Geometrie - Triunghiuri,Geometrie - Triunghiuri,Geometrie,2 - mediu,alta,,"in triunghiul isoscel abc, ab = bc, m(∠abc) = 140°, iar ck este bisectoarea unghiului acb. determinati m(∠ack).",triunghi isoscel ab = bc => ∠bca = (180° - 140°)/2 = 20°. ck bisectoare => ∠ack = 20°/2 = 10°,10°,111,18,93,3,3,6,0,1,0,0,0,0,"in triunghiul isoscel abc, ab = bc, m(∠abc) = 140°, iar ck este bisectoarea unghiului acb. determinati m(∠ack)."
Generat - Geometrie triunghi,,"In triunghiul isoscel ABC, AB = BC, m(∠ABC) = 30°. Determinati masura unghiului BAC.",Triunghi isoscel AB = BC => ∠BAC = ∠BCA. ∠BAC = (180° - 30°)/2 = 75°,75°,2,Geometrie - Triunghiuri,Geometrie - Triunghiuri,Geometrie,2 - mediu,alta,,"in triunghiul isoscel abc, ab = bc, m(∠abc) = 30°. determinati masura unghiului bac.",triunghi isoscel ab = bc => ∠bac = ∠bca. ∠bac = (180° - 30°)/2 = 75°,75°,84,14,68,3,2,4,0,1,0,0,0,0,"in triunghiul isoscel abc, ab = bc, m(∠abc) = 30°. determinati masura unghiului bac."
Generat - Geometrie triunghi,,"In triunghiul isoscel ABC, AB = BC, m(∠ABC) = 50°. Determinati masura unghiului BAC.",Triunghi isoscel AB = BC => ∠BAC = ∠BCA. ∠BAC = (180° - 50°)/2 = 65°,65°,2,Geometrie - Triunghiuri,Geometrie - Triunghiuri,Geometrie,2 - mediu,alta,,"in triunghiul isoscel abc, ab = bc, m(∠abc) = 50°. determinati masura unghiului bac.",triunghi isoscel ab = bc => ∠bac = ∠bca. ∠bac = (180° - 50°)/2 = 65°,65°,84,14,68,3,2,4,0,1,0,0,0,0,"in triunghiul isoscel abc, ab = bc, m(∠abc) = 50°. determinati masura unghiului bac."
Generat - Geometrie triunghi,,"In triunghiul isoscel ABC, AB = BC, m(∠ABC) = 80°, iar CK este bisectoarea unghiului ACB. Determinati m(∠ACK).",Triunghi isoscel AB = BC => ∠BCA = (180° - 80°)/2 = 50°. CK bisectoare => ∠ACK = 50°/2 = 25°,25°,2,Geometrie - Triunghiuri,Geometrie - Triunghiuri,Geometrie,2 - mediu,alta,,"in triunghiul isoscel abc, ab = bc, m(∠abc) = 80°, iar ck este bisectoarea unghiului acb. determinati m(∠ack).",triunghi isoscel ab = bc => ∠bca = (180° - 80°)/2 = 50°. ck bisectoare => ∠ack = 50°/2 = 25°,25°,110,18,92,3,2,6,0,1,0,0,0,0,"in triunghiul isoscel abc, ab = bc, m(∠abc) = 80°, iar ck este bisectoarea unghiului acb. determinati m(∠ack)."
Generat - Geometrie triunghi,,"In triunghiul isoscel ABC, AB = BC, m(∠ABC) = 140°. Determinati masura unghiului BAC.",Triunghi isoscel AB = BC => ∠BAC = ∠BCA. ∠BAC = (180° - 140°)/2 = 20°,20°,2,Geometrie - Triunghiuri,Geometrie - Triunghiuri,Geometrie,2 - mediu,alta,,"in triunghiul isoscel abc, ab = bc, m(∠abc) = 140°. determinati masura unghiului bac.",triunghi isoscel ab = bc => ∠bac = ∠bca. ∠bac = (180° - 140°)/2 = 20°,20°,85,14,69,3,3,4,0,1,0,0,0,0,"in triunghiul isoscel abc, ab = bc, m(∠abc) = 140°. determinati masura unghiului bac."
Generat - Geometrie triunghi,,"In triunghiul isoscel ABC, AB = BC, m(∠ABC) = 70°. Determinati masura unghiului BAC.",Triunghi isoscel AB = BC => ∠BAC = ∠BCA. ∠BAC = (180° - 70°)/2 = 55°,55°,2,Geometrie - Triunghiuri,Geometrie - Triunghiuri,Geometrie,2 - mediu,alta,,"in triunghiul isoscel abc, ab = bc, m(∠abc) = 70°. determinati masura unghiului bac.",triunghi isoscel ab = bc => ∠bac = ∠bca. ∠bac = (180° - 70°)/2 = 55°,55°,84,14,68,3,2,4,0,1,0,0,0,0,"in triunghiul isoscel abc, ab = bc, m(∠abc) = 70°. determinati masura unghiului bac."
Generat - Geometrie triunghi,,"In triunghiul isoscel ABC, AB = BC, m(∠ABC) = 90°. Determinati masura unghiului BAC.",Triunghi isoscel AB = BC => ∠BAC = ∠BCA. ∠BAC = (180° - 90°)/2 = 45°,45°,2,Geometrie - Triunghiuri,Geometrie - Triunghiuri,Geometrie,2 - mediu,alta,,"in triunghiul isoscel abc, ab = bc, m(∠abc) = 90°. determinati masura unghiului bac.",triunghi isoscel ab = bc => ∠bac = ∠bca. ∠bac = (180° - 90°)/2 = 45°,45°,84,14,68,3,2,4,0,1,0,0,0,0,"in triunghiul isoscel abc, ab = bc, m(∠abc) = 90°. determinati masura unghiului bac."
Generat - Geometrie triunghi,,"In triunghiul isoscel ABC, AB = BC, m(∠ABC) = 60°, iar CK este bisectoarea unghiului ACB. Determinati m(∠ACK).",Triunghi isoscel AB = BC => ∠BCA = (180° - 60°)/2 = 60°. CK bisectoare => ∠ACK = 60°/2 = 30°,30°,2,Geometrie - Triunghiuri,Geometrie - Triunghiuri,Geometrie,2 - mediu,alta,,"in triunghiul isoscel abc, ab = bc, m(∠abc) = 60°, iar ck este bisectoarea unghiului acb. determinati m(∠ack).",triunghi isoscel ab = bc => ∠bca = (180° - 60°)/2 = 60°. ck bisectoare => ∠ack = 60°/2 = 30°,30°,110,18,92,3,2,6,0,1,0,0,0,0,"in triunghiul isoscel abc, ab = bc, m(∠abc) = 60°, iar ck este bisectoarea unghiului acb. determinati m(∠ack)."
Generat - Geometrie triunghi,,"In triunghiul isoscel ABC, AB = BC, m(∠ABC) = 150°. Determinati masura unghiului BAC.",Triunghi isoscel AB = BC => ∠BAC = ∠BCA. ∠BAC = (180° - 150°)/2 = 15°,15°,2,Geometrie - Triunghiuri,Geometrie - Triunghiuri,Geometrie,2 - mediu,alta,,"in triunghiul isoscel abc, ab = bc, m(∠abc) = 150°. determinati masura unghiului bac.",triunghi isoscel ab = bc => ∠bac = ∠bca. ∠bac = (180° - 150°)/2 = 15°,15°,85,14,69,3,3,4,0,1,0,0,0,0,"in triunghiul isoscel abc, ab = bc, m(∠abc) = 150°. determinati masura unghiului bac."
Generat - Geometrie triunghi,,"In triunghiul isoscel ABC, AB = BC, m(∠ABC) = 100°, iar CK este bisectoarea unghiului ACB. Determinati m(∠ACK).",Triunghi isoscel AB = BC => ∠BCA = (180° - 100°)/2 = 40°. CK bisectoare => ∠ACK = 40°/2 = 20°,20°,2,Geometrie - Triunghiuri,Geometrie - Triunghiuri,Geometrie,2 - mediu,alta,,"in triunghiul isoscel abc, ab = bc, m(∠abc) = 100°, iar ck este bisectoarea unghiului acb. determinati m(∠ack).",triunghi isoscel ab = bc => ∠bca = (180° - 100°)/2 = 40°. ck bisectoare => ∠ack = 40°/2 = 20°,20°,111,18,93,3,3,6,0,1,0,0,0,0,"in triunghiul isoscel abc, ab = bc, m(∠abc) = 100°, iar ck este bisectoarea unghiului acb. determinati m(∠ack)."
Generat - Geometrie triunghi,,"In triunghiul isoscel ABC, AB = BC, m(∠ABC) = 60°. Determinati masura unghiului BAC.",Triunghi isoscel AB = BC => ∠BAC = ∠BCA. ∠BAC = (180° - 60°)/2 = 60°,60°,2,Geometrie - Triunghiuri,Geometrie - Triunghiuri,Geometrie,2 - mediu,alta,,"in triunghiul isoscel abc, ab = bc, m(∠abc) = 60°. determinati masura unghiului bac.",triunghi isoscel ab = bc => ∠bac = ∠bca. ∠bac = (180° - 60°)/2 = 60°,60°,84,14,68,3,2,4,0,1,0,0,0,0,"in triunghiul isoscel abc, ab = bc, m(∠abc) = 60°. determinati masura unghiului bac."
Generat - Geometrie triunghi,,"In triunghiul isoscel ABC, AB = BC, m(∠ABC) = 20°, iar CK este bisectoarea unghiului ACB. Determinati m(∠ACK).",Triunghi isoscel AB = BC => ∠BCA = (180° - 20°)/2 = 80°. CK bisectoare => ∠ACK = 80°/2 = 40°,40°,2,Geometrie - Triunghiuri,Geometrie - Triunghiuri,Geometrie,2 - mediu,alta,,"in triunghiul isoscel abc, ab = bc, m(∠abc) = 20°, iar ck este bisectoarea unghiului acb. determinati m(∠ack).",triunghi isoscel ab = bc => ∠bca = (180° - 20°)/2 = 80°. ck bisectoare => ∠ack = 80°/2 = 40°,40°,110,18,92,3,2,6,0,1,0,0,0,0,"in triunghiul isoscel abc, ab = bc, m(∠abc) = 20°, iar ck este bisectoarea unghiului acb. determinati m(∠ack)."
Generat - Geometrie triunghi,,"In triunghiul isoscel ABC, AB = BC, m(∠ABC) = 120°. Determinati masura unghiului BAC.",Triunghi isoscel AB = BC => ∠BAC = ∠BCA. ∠BAC = (180° - 120°)/2 = 30°,30°,2,Geometrie - Triunghiuri,Geometrie - Triunghiuri,Geometrie,2 - mediu,alta,,"in triunghiul isoscel abc, ab = bc, m(∠abc) = 120°. determinati masura unghiului bac.",triunghi isoscel ab = bc => ∠bac = ∠bca. ∠bac = (180° - 120°)/2 = 30°,30°,85,14,69,3,3,4,0,1,0,0,0,0,"in triunghiul isoscel abc, ab = bc, m(∠abc) = 120°. determinati masura unghiului bac."
Generat - Geometrie triunghi,,"In triunghiul isoscel ABC, AB = BC, m(∠ABC) = 130°. Determinati masura unghiului BAC.",Triunghi isoscel AB = BC => ∠BAC = ∠BCA. ∠BAC = (180° - 130°)/2 = 25°,25°,2,Geometrie - Triunghiuri,Geometrie - Triunghiuri,Geometrie,2 - mediu,alta,,"in triunghiul isoscel abc, ab = bc, m(∠abc) = 130°. determinati masura unghiului bac.",triunghi isoscel ab = bc => ∠bac = ∠bca. ∠bac = (180° - 130°)/2 = 25°,25°,85,14,69,3,3,4,0,1,0,0,0,0,"in triunghiul isoscel abc, ab = bc, m(∠abc) = 130°. determinati masura unghiului bac."
Generat - Geometrie triunghi,,"In triunghiul isoscel ABC, AB = BC, m(∠ABC) = 100°. Determinati masura unghiului BAC.",Triunghi isoscel AB = BC => ∠BAC = ∠BCA. ∠BAC = (180° - 100°)/2 = 40°,40°,2,Geometrie - Triunghiuri,Geometrie - Triunghiuri,Geometrie,2 - mediu,alta,,"in triunghiul isoscel abc, ab = bc, m(∠abc) = 100°. determinati masura unghiului bac.",triunghi isoscel ab = bc => ∠bac = ∠bca. ∠bac = (180° - 100°)/2 = 40°,40°,85,14,69,3,3,4,0,1,0,0,0,0,"in triunghiul isoscel abc, ab = bc, m(∠abc) = 100°. determinati masura unghiului bac."
Generat - Geometrie triunghi,,"In triunghiul isoscel ABC, AB = BC, m(∠ABC) = 40°, iar CK este bisectoarea unghiului ACB. Determinati m(∠ACK).",Triunghi isoscel AB = BC => ∠BCA = (180° - 40°)/2 = 70°. CK bisectoare => ∠ACK = 70°/2 = 35°,35°,2,Geometrie - Triunghiuri,Geometrie - Triunghiuri,Geometrie,2 - mediu,alta,,"in triunghiul isoscel abc, ab = bc, m(∠abc) = 40°, iar ck este bisectoarea unghiului acb. determinati m(∠ack).",triunghi isoscel ab = bc => ∠bca = (180° - 40°)/2 = 70°. ck bisectoare => ∠ack = 70°/2 = 35°,35°,110,18,92,3,2,6,0,1,0,0,0,0,"in triunghiul isoscel abc, ab = bc, m(∠abc) = 40°, iar ck este bisectoarea unghiului acb. determinati m(∠ack)."
Generat - Geometrie triunghi,,"In triunghiul isoscel ABC, AB = BC, m(∠ABC) = 80°. Determinati masura unghiului BAC.",Triunghi isoscel AB = BC => ∠BAC = ∠BCA. ∠BAC = (180° - 80°)/2 = 50°,50°,2,Geometrie - Triunghiuri,Geometrie - Triunghiuri,Geometrie,2 - mediu,alta,,"in triunghiul isoscel abc, ab = bc, m(∠abc) = 80°. determinati masura unghiului bac.",triunghi isoscel ab = bc => ∠bac = ∠bca. ∠bac = (180° - 80°)/2 = 50°,50°,84,14,68,3,2,4,0,1,0,0,0,0,"in triunghiul isoscel abc, ab = bc, m(∠abc) = 80°. determinati masura unghiului bac."
Generat - Geometrie triunghi,,"In triunghiul isoscel ABC, AB = BC, m(∠ABC) = 110°. Determinati masura unghiului BAC.",Triunghi isoscel AB = BC => ∠BAC = ∠BCA. ∠BAC = (180° - 110°)/2 = 35°,35°,2,Geometrie - Triunghiuri,Geometrie - Triunghiuri,Geometrie,2 - mediu,alta,,"in triunghiul isoscel abc, ab = bc, m(∠abc) = 110°. determinati masura unghiului bac.",triunghi isoscel ab = bc => ∠bac = ∠bca. ∠bac = (180° - 110°)/2 = 35°,35°,85,14,69,3,3,4,0,1,0,0,0,0,"in triunghiul isoscel abc, ab = bc, m(∠abc) = 110°. determinati masura unghiului bac."
Generat - Geometrie triunghi,,"In triunghiul isoscel ABC, AB = BC, m(∠ABC) = 120°, iar CK este bisectoarea unghiului ACB. Determinati m(∠ACK).",Triunghi isoscel AB = BC => ∠BCA = (180° - 120°)/2 = 30°. CK bisectoare => ∠ACK = 30°/2 = 15°,15°,2,Geometrie - Triunghiuri,Geometrie - Triunghiuri,Geometrie,2 - mediu,alta,,"in triunghiul isoscel abc, ab = bc, m(∠abc) = 120°, iar ck este bisectoarea unghiului acb. determinati m(∠ack).",triunghi isoscel ab = bc => ∠bca = (180° - 120°)/2 = 30°. ck bisectoare => ∠ack = 30°/2 = 15°,15°,111,18,93,3,3,6,0,1,0,0,0,0,"in triunghiul isoscel abc, ab = bc, m(∠abc) = 120°, iar ck este bisectoarea unghiului acb. determinati m(∠ack)."
Generat - Geometrie arii,,Calculati aria unui triunghi cu baza de 8 cm si inaltimea de 14 cm.,Aria = (b × h) / 2 = (8 × 14) / 2 = 112 / 2 = 56 cm²,56 cm²,1,Geometrie - Arii,Geometrie - Arii,Geometrie,1 - bază,alta,,calculati aria unui triunghi cu baza de 8 cm si inaltimea de 14 cm.,aria = (b × h) / 2 = (8 × 14) / 2 = 112 / 2 = 56 cm²,56 cm²,67,14,52,6,3,0,0,1,0,0,0,0,calculati aria unui triunghi cu baza de 8 cm si inaltimea de 14 cm.
Generat - Geometrie arii,,Calculati aria unui dreptunghi cu lungimea de 19 cm si latimea de 15 cm.,Aria = L × l = 19 × 15 = 285 cm²,285 cm²,1,Geometrie - Arii,Geometrie - Arii,Geometrie,1 - bază,alta,,calculati aria unui dreptunghi cu lungimea de 19 cm si latimea de 15 cm.,aria = l × l = 19 × 15 = 285 cm²,285 cm²,72,14,32,7,4,0,0,1,0,0,0,0,calculati aria unui dreptunghi cu lungimea de 19 cm si latimea de 15 cm.
Generat - Geometrie arii,,Calculati aria unui paralelogram cu baza de 8 cm si inaltimea de 12 cm.,Aria = b × h = 8 × 12 = 96 cm²,96 cm²,1,Geometrie - Arii,Geometrie - Arii,Geometrie,1 - bază,alta,,calculati aria unui paralelogram cu baza de 8 cm si inaltimea de 12 cm.,aria = b × h = 8 × 12 = 96 cm²,96 cm²,71,14,30,6,3,0,0,1,0,0,0,0,calculati aria unui paralelogram cu baza de 8 cm si inaltimea de 12 cm.
Generat - Geometrie arii,,Calculati aria unui paralelogram cu baza de 17 cm si inaltimea de 5 cm.,Aria = b × h = 17 × 5 = 85 cm²,85 cm²,1,Geometrie - Arii,Geometrie - Arii,Geometrie,1 - bază,alta,,calculati aria unui paralelogram cu baza de 17 cm si inaltimea de 5 cm.,aria = b × h = 17 × 5 = 85 cm²,85 cm²,71,14,30,6,3,0,0,1,0,0,0,0,calculati aria unui paralelogram cu baza de 17 cm si inaltimea de 5 cm.
Generat - Geometrie arii,,Calculati aria unui paralelogram cu baza de 9 cm si inaltimea de 11 cm.,Aria = b × h = 9 × 11 = 99 cm²,99 cm²,1,Geometrie - Arii,Geometrie - Arii,Geometrie,1 - bază,alta,,calculati aria unui paralelogram cu baza de 9 cm si inaltimea de 11 cm.,aria = b × h = 9 × 11 = 99 cm²,99 cm²,71,14,30,6,3,0,0,1,0,0,0,0,calculati aria unui paralelogram cu baza de 9 cm si inaltimea de 11 cm.
Generat - Geometrie arii,,Calculati aria unui dreptunghi cu lungimea de 18 cm si latimea de 12 cm.,Aria = L × l = 18 × 12 = 216 cm²,216 cm²,1,Geometrie - Arii,Geometrie - Arii,Geometrie,1 - bază,alta,,calculati aria unui dreptunghi cu lungimea de 18 cm si latimea de 12 cm.,aria = l × l = 18 × 12 = 216 cm²,216 cm²,72,14,32,7,4,0,0,1,0,0,0,0,calculati aria unui dreptunghi cu lungimea de 18 cm si latimea de 12 cm.
Generat - Geometrie arii,,Calculati aria unui dreptunghi cu lungimea de 8 cm si latimea de 13 cm.,Aria = L × l = 8 × 13 = 104 cm²,104 cm²,1,Geometrie - Arii,Geometrie - Arii,Geometrie,1 - bază,alta,,calculati aria unui dreptunghi cu lungimea de 8 cm si latimea de 13 cm.,aria = l × l = 8 × 13 = 104 cm²,104 cm²,71,14,31,7,3,0,0,1,0,0,0,0,calculati aria unui dreptunghi cu lungimea de 8 cm si latimea de 13 cm.
Generat - Geometrie arii,,Calculati aria unui paralelogram cu baza de 5 cm si inaltimea de 8 cm.,Aria = b × h = 5 × 8 = 40 cm²,40 cm²,1,Geometrie - Arii,Geometrie - Arii,Geometrie,1 - bază,alta,,calculati aria unui paralelogram cu baza de 5 cm si inaltimea de 8 cm.,aria = b × h = 5 × 8 = 40 cm²,40 cm²,70,14,29,6,2,0,0,1,0,0,0,0,calculati aria unui paralelogram cu baza de 5 cm si inaltimea de 8 cm.
Generat - Geometrie arii,,Calculati aria unui triunghi cu baza de 18 cm si inaltimea de 7 cm.,Aria = (b × h) / 2 = (18 × 7) / 2 = 126 / 2 = 63 cm²,63 cm²,1,Geometrie - Arii,Geometrie - Arii,Geometrie,1 - bază,alta,,calculati aria unui triunghi cu baza de 18 cm si inaltimea de 7 cm.,aria = (b × h) / 2 = (18 × 7) / 2 = 126 / 2 = 63 cm²,63 cm²,67,14,52,6,3,0,0,1,0,0,0,0,calculati aria unui triunghi cu baza de 18 cm si inaltimea de 7 cm.
Generat - Geometrie arii,,Calculati aria unui dreptunghi cu lungimea de 15 cm si latimea de 20 cm.,Aria = L × l = 15 × 20 = 300 cm²,300 cm²,1,Geometrie - Arii,Geometrie - Arii,Geometrie,1 - bază,alta,,calculati aria unui dreptunghi cu lungimea de 15 cm si latimea de 20 cm.,aria = l × l = 15 × 20 = 300 cm²,300 cm²,72,14,32,7,4,0,0,1,0,0,0,0,calculati aria unui dreptunghi cu lungimea de 15 cm si latimea de 20 cm.
Generat - Geometrie arii,,Calculati aria unui paralelogram cu baza de 17 cm si inaltimea de 13 cm.,Aria = b × h = 17 × 13 = 221 cm²,221 cm²,1,Geometrie - Arii,Geometrie - Arii,Geometrie,1 - bază,alta,,calculati aria unui paralelogram cu baza de 17 cm si inaltimea de 13 cm.,aria = b × h = 17 × 13 = 221 cm²,221 cm²,72,14,32,7,4,0,0,1,0,0,0,0,calculati aria unui paralelogram cu baza de 17 cm si inaltimea de 13 cm.
Generat - Geometrie arii,,Calculati aria unui paralelogram cu baza de 17 cm si inaltimea de 14 cm.,Aria = b × h = 17 × 14 = 238 cm²,238 cm²,1,Geometrie - Arii,Geometrie - Arii,Geometrie,1 - bază,alta,,calculati aria unui paralelogram cu baza de 17 cm si inaltimea de 14 cm.,aria = b × h = 17 × 14 = 238 cm²,238 cm²,72,14,32,7,4,0,0,1,0,0,0,0,calculati aria unui paralelogram cu baza de 17 cm si inaltimea de 14 cm.
Generat - Geometrie arii,,Calculati aria unui paralelogram cu baza de 19 cm si inaltimea de 5 cm.,Aria = b × h = 19 × 5 = 95 cm²,95 cm²,1,Geometrie - Arii,Geometrie - Arii,Geometrie,1 - bază,alta,,calculati aria unui paralelogram cu baza de 19 cm si inaltimea de 5 cm.,aria = b × h = 19 × 5 = 95 cm²,95 cm²,71,14,30,6,3,0,0,1,0,0,0,0,calculati aria unui paralelogram cu baza de 19 cm si inaltimea de 5 cm.
Generat - Geometrie arii,,Calculati aria unui triunghi cu baza de 21 cm si inaltimea de 3 cm.,Aria = (b × h) / 2 = (21 × 3) / 2 = 63 / 2 = 63/2 cm²,63/2 cm²,1,Geometrie - Arii,Geometrie - Arii,Geometrie,1 - bază,alta,,calculati aria unui triunghi cu baza de 21 cm si inaltimea de 3 cm.,aria = (b × h) / 2 = (21 × 3) / 2 = 63 / 2 = 63/2 cm²,63/2 cm²,67,14,53,8,3,0,0,1,0,0,0,0,calculati aria unui triunghi cu baza de 21 cm si inaltimea de 3 cm.
Generat - Geometrie arii,,Calculati aria unui dreptunghi cu lungimea de 12 cm si latimea de 4 cm.,Aria = L × l = 12 × 4 = 48 cm²,48 cm²,1,Geometrie - Arii,Geometrie - Arii,Geometrie,1 - bază,alta,,calculati aria unui dreptunghi cu lungimea de 12 cm si latimea de 4 cm.,aria = l × l = 12 × 4 = 48 cm²,48 cm²,71,14,30,6,3,0,0,1,0,0,0,0,calculati aria unui dreptunghi cu lungimea de 12 cm si latimea de 4 cm.
Generat - Geometrie arii,,Calculati aria unui trapez cu bazele de 12 cm si 11 cm si inaltimea de 7 cm.,Aria = (B + b) × h / 2 = (12 + 11) × 7 / 2 = 23 × 7 / 2 = 161 / 2 = 161/2 cm²,161/2 cm²,2,Geometrie - Arii,Geometrie - Arii,Geometrie,2 - mediu,alta,,calculati aria unui trapez cu bazele de 12 cm si 11 cm si inaltimea de 7 cm.,aria = (b + b) × h / 2 = (12 + 11) × 7 / 2 = 23 × 7 / 2 = 161 / 2 = 161/2 cm²,161/2 cm²,76,17,77,9,5,0,0,1,0,0,0,0,calculati aria unui trapez cu bazele de 12 cm si 11 cm si inaltimea de 7 cm.
Generat - Geometrie arii,,Calculati aria unui dreptunghi cu lungimea de 17 cm si latimea de 21 cm.,Aria = L × l = 17 × 21 = 357 cm²,357 cm²,1,Geometrie - Arii,Geometrie - Arii,Geometrie,1 - bază,alta,,calculati aria unui dreptunghi cu lungimea de 17 cm si latimea de 21 cm.,aria = l × l = 17 × 21 = 357 cm²,357 cm²,72,14,32,7,4,0,0,1,0,0,0,0,calculati aria unui dreptunghi cu lungimea de 17 cm si latimea de 21 cm.
Generat - Geometrie arii,,Calculati aria unui paralelogram cu baza de 20 cm si inaltimea de 4 cm.,Aria = b × h = 20 × 4 = 80 cm²,80 cm²,1,Geometrie - Arii,Geometrie - Arii,Geometrie,1 - bază,alta,,calculati aria unui paralelogram cu baza de 20 cm si inaltimea de 4 cm.,aria = b × h = 20 × 4 = 80 cm²,80 cm²,71,14,30,6,3,0,0,1,0,0,0,0,calculati aria unui paralelogram cu baza de 20 cm si inaltimea de 4 cm.
Generat - Geometrie arii,,Calculati aria unui triunghi cu baza de 11 cm si inaltimea de 27 cm.,Aria = (b × h) / 2 = (11 × 27) / 2 = 297 / 2 = 297/2 cm²,297/2 cm²,1,Geometrie - Arii,Geometrie - Arii,Geometrie,1 - bază,alta,,calculati aria unui triunghi cu baza de 11 cm si inaltimea de 27 cm.,aria = (b × h) / 2 = (11 × 27) / 2 = 297 / 2 = 297/2 cm²,297/2 cm²,68,14,56,9,4,0,0,1,0,0,0,0,calculati aria unui triunghi cu baza de 11 cm si inaltimea de 27 cm.
Generat - Geometrie arii,,Calculati aria unui trapez cu bazele de 6 cm si 5 cm si inaltimea de 10 cm.,Aria = (B + b) × h / 2 = (6 + 5) × 10 / 2 = 11 × 10 / 2 = 110 / 2 = 55 cm²,55 cm²,2,Geometrie - Arii,Geometrie - Arii,Geometrie,2 - mediu,alta,,calculati aria unui trapez cu bazele de 6 cm si 5 cm si inaltimea de 10 cm.,aria = (b + b) × h / 2 = (6 + 5) × 10 / 2 = 11 × 10 / 2 = 110 / 2 = 55 cm²,55 cm²,75,17,74,6,4,0,0,1,0,0,0,0,calculati aria unui trapez cu bazele de 6 cm si 5 cm si inaltimea de 10 cm.
Generat - Geometrie arii,,Calculati aria unui dreptunghi cu lungimea de 16 cm si latimea de 6 cm.,Aria = L × l = 16 × 6 = 96 cm²,96 cm²,1,Geometrie - Arii,Geometrie - Arii,Geometrie,1 - bază,alta,,calculati aria unui dreptunghi cu lungimea de 16 cm si latimea de 6 cm.,aria = l × l = 16 × 6 = 96 cm²,96 cm²,71,14,30,6,3,0,0,1,0,0,0,0,calculati aria unui dreptunghi cu lungimea de 16 cm si latimea de 6 cm.
Generat - Geometrie arii,,Calculati aria unui paralelogram cu baza de 12 cm si inaltimea de 8 cm.,Aria = b × h = 12 × 8 = 96 cm²,96 cm²,1,Geometrie - Arii,Geometrie - Arii,Geometrie,1 - bază,alta,,calculati aria unui paralelogram cu baza de 12 cm si inaltimea de 8 cm.,aria = b × h = 12 × 8 = 96 cm²,96 cm²,71,14,30,6,3,0,0,1,0,0,0,0,calculati aria unui paralelogram cu baza de 12 cm si inaltimea de 8 cm.
Generat - Geometrie arii,,Calculati aria unui triunghi cu baza de 17 cm si inaltimea de 30 cm.,Aria = (b × h) / 2 = (17 × 30) / 2 = 510 / 2 = 255 cm²,255 cm²,1,Geometrie - Arii,Geometrie - Arii,Geometrie,1 - bază,alta,,calculati aria unui triunghi cu baza de 17 cm si inaltimea de 30 cm.,aria = (b × h) / 2 = (17 × 30) / 2 = 510 / 2 = 255 cm²,255 cm²,68,14,54,7,4,0,0,1,0,0,0,0,calculati aria unui triunghi cu baza de 17 cm si inaltimea de 30 cm.
Generat - Geometrie arii,,Calculati aria unui triunghi cu baza de 27 cm si inaltimea de 28 cm.,Aria = (b × h) / 2 = (27 × 28) / 2 = 756 / 2 = 378 cm²,378 cm²,1,Geometrie - Arii,Geometrie - Arii,Geometrie,1 - bază,alta,,calculati aria unui triunghi cu baza de 27 cm si inaltimea de 28 cm.,aria = (b × h) / 2 = (27 × 28) / 2 = 756 / 2 = 378 cm²,378 cm²,68,14,54,7,4,0,0,1,0,0,0,0,calculati aria unui triunghi cu baza de 27 cm si inaltimea de 28 cm.
Generat - Geometrie arii,,Calculati aria unui dreptunghi cu lungimea de 9 cm si latimea de 21 cm.,Aria = L × l = 9 × 21 = 189 cm²,189 cm²,1,Geometrie - Arii,Geometrie - Arii,Geometrie,1 - bază,alta,,calculati aria unui dreptunghi cu lungimea de 9 cm si latimea de 21 cm.,aria = l × l = 9 × 21 = 189 cm²,189 cm²,71,14,31,7,3,0,0,1,0,0,0,0,calculati aria unui dreptunghi cu lungimea de 9 cm si latimea de 21 cm.
Generat - Geometrie arii,,Calculati aria unui trapez cu bazele de 18 cm si 5 cm si inaltimea de 12 cm.,Aria = (B + b) × h / 2 = (18 + 5) × 12 / 2 = 23 × 12 / 2 = 276 / 2 = 138 cm²,138 cm²,2,Geometrie - Arii,Geometrie - Arii,Geometrie,2 - mediu,alta,,calculati aria unui trapez cu bazele de 18 cm si 5 cm si inaltimea de 12 cm.,aria = (b + b) × h / 2 = (18 + 5) × 12 / 2 = 23 × 12 / 2 = 276 / 2 = 138 cm²,138 cm²,76,17,76,7,5,0,0,1,0,0,0,0,calculati aria unui trapez cu bazele de 18 cm si 5 cm si inaltimea de 12 cm.
Generat - Geometrie arii,,Calculati aria unui dreptunghi cu lungimea de 9 cm si latimea de 9 cm.,Aria = L × l = 9 × 9 = 81 cm²,81 cm²,1,Geometrie - Arii,Geometrie - Arii,Geometrie,1 - bază,alta,,calculati aria unui dreptunghi cu lungimea de 9 cm si latimea de 9 cm.,aria = l × l = 9 × 9 = 81 cm²,81 cm²,70,14,29,6,2,0,0,1,0,0,0,0,calculati aria unui dreptunghi cu lungimea de 9 cm si latimea de 9 cm.
Generat - Geometrie arii,,Calculati aria unui triunghi cu baza de 21 cm si inaltimea de 14 cm.,Aria = (b × h) / 2 = (21 × 14) / 2 = 294 / 2 = 147 cm²,147 cm²,1,Geometrie - Arii,Geometrie - Arii,Geometrie,1 - bază,alta,,calculati aria unui triunghi cu baza de 21 cm si inaltimea de 14 cm.,aria = (b × h) / 2 = (21 × 14) / 2 = 294 / 2 = 147 cm²,147 cm²,68,14,54,7,4,0,0,1,0,0,0,0,calculati aria unui triunghi cu baza de 21 cm si inaltimea de 14 cm.
Generat - Geometrie arii,,Calculati aria unui trapez cu bazele de 10 cm si 5 cm si inaltimea de 14 cm.,Aria = (B + b) × h / 2 = (10 + 5) × 14 / 2 = 15 × 14 / 2 = 210 / 2 = 105 cm²,105 cm²,2,Geometrie - Arii,Geometrie - Arii,Geometrie,2 - mediu,alta,,calculati aria unui trapez cu bazele de 10 cm si 5 cm si inaltimea de 14 cm.,aria = (b + b) × h / 2 = (10 + 5) × 14 / 2 = 15 × 14 / 2 = 210 / 2 = 105 cm²,105 cm²,76,17,76,7,5,0,0,1,0,0,0,0,calculati aria unui trapez cu bazele de 10 cm si 5 cm si inaltimea de 14 cm.
Generat - Geometrie arii,,Calculati aria unui trapez cu bazele de 14 cm si 12 cm si inaltimea de 7 cm.,Aria = (B + b) × h / 2 = (14 + 12) × 7 / 2 = 26 × 7 / 2 = 182 / 2 = 91 cm²,91 cm²,2,Geometrie - Arii,Geometrie - Arii,Geometrie,2 - mediu,alta,,calculati aria unui trapez cu bazele de 14 cm si 12 cm si inaltimea de 7 cm.,aria = (b + b) × h / 2 = (14 + 12) × 7 / 2 = 26 × 7 / 2 = 182 / 2 = 91 cm²,91 cm²,76,17,74,6,5,0,0,1,0,0,0,0,calculati aria unui trapez cu bazele de 14 cm si 12 cm si inaltimea de 7 cm.
Generat - Geometrie arii,,Calculati aria unui triunghi cu baza de 7 cm si inaltimea de 27 cm.,Aria = (b × h) / 2 = (7 × 27) / 2 = 189 / 2 = 189/2 cm²,189/2 cm²,1,Geometrie - Arii,Geometrie - Arii,Geometrie,1 - bază,alta,,calculati aria unui triunghi cu baza de 7 cm si inaltimea de 27 cm.,aria = (b × h) / 2 = (7 × 27) / 2 = 189 / 2 = 189/2 cm²,189/2 cm²,67,14,55,9,3,0,0,1,0,0,0,0,calculati aria unui triunghi cu baza de 7 cm si inaltimea de 27 cm.
Generat - Geometrie arii,,Calculati aria unui paralelogram cu baza de 5 cm si inaltimea de 7 cm.,Aria = b × h = 5 × 7 = 35 cm²,35 cm²,1,Geometrie - Arii,Geometrie - Arii,Geometrie,1 - bază,alta,,calculati aria unui paralelogram cu baza de 5 cm si inaltimea de 7 cm.,aria = b × h = 5 × 7 = 35 cm²,35 cm²,70,14,29,6,2,0,0,1,0,0,0,0,calculati aria unui paralelogram cu baza de 5 cm si inaltimea de 7 cm.
Generat - Geometrie arii,,Calculati aria unui dreptunghi cu lungimea de 25 cm si latimea de 7 cm.,Aria = L × l = 25 × 7 = 175 cm²,175 cm²,1,Geometrie - Arii,Geometrie - Arii,Geometrie,1 - bază,alta,,calculati aria unui dreptunghi cu lungimea de 25 cm si latimea de 7 cm.,aria = l × l = 25 × 7 = 175 cm²,175 cm²,71,14,31,7,3,0,0,1,0,0,0,0,calculati aria unui dreptunghi cu lungimea de 25 cm si latimea de 7 cm.
Generat - Geometrie arii,,Calculati aria unui dreptunghi cu lungimea de 7 cm si latimea de 25 cm.,Aria = L × l = 7 × 25 = 175 cm²,175 cm²,1,Geometrie - Arii,Geometrie - Arii,Geometrie,1 - bază,alta,,calculati aria unui dreptunghi cu lungimea de 7 cm si latimea de 25 cm.,aria = l × l = 7 × 25 = 175 cm²,175 cm²,71,14,31,7,3,0,0,1,0,0,0,0,calculati aria unui dreptunghi cu lungimea de 7 cm si latimea de 25 cm.
Generat - Geometrie arii,,Calculati aria unui trapez cu bazele de 12 cm si 9 cm si inaltimea de 10 cm.,Aria = (B + b) × h / 2 = (12 + 9) × 10 / 2 = 21 × 10 / 2 = 210 / 2 = 105 cm²,105 cm²,2,Geometrie - Arii,Geometrie - Arii,Geometrie,2 - mediu,alta,,calculati aria unui trapez cu bazele de 12 cm si 9 cm si inaltimea de 10 cm.,aria = (b + b) × h / 2 = (12 + 9) × 10 / 2 = 21 × 10 / 2 = 210 / 2 = 105 cm²,105 cm²,76,17,76,7,5,0,0,1,0,0,0,0,calculati aria unui trapez cu bazele de 12 cm si 9 cm si inaltimea de 10 cm.
Generat - Geometrie arii,,Calculati aria unui dreptunghi cu lungimea de 21 cm si latimea de 23 cm.,Aria = L × l = 21 × 23 = 483 cm²,483 cm²,1,Geometrie - Arii,Geometrie - Arii,Geometrie,1 - bază,alta,,calculati aria unui dreptunghi cu lungimea de 21 cm si latimea de 23 cm.,aria = l × l = 21 × 23 = 483 cm²,483 cm²,72,14,32,7,4,0,0,1,0,0,0,0,calculati aria unui dreptunghi cu lungimea de 21 cm si latimea de 23 cm.
Generat - Geometrie arii,,Calculati aria unui trapez cu bazele de 18 cm si 9 cm si inaltimea de 10 cm.,Aria = (B + b) × h / 2 = (18 + 9) × 10 / 2 = 27 × 10 / 2 = 270 / 2 = 135 cm²,135 cm²,2,Geometrie - Arii,Geometrie - Arii,Geometrie,2 - mediu,alta,,calculati aria unui trapez cu bazele de 18 cm si 9 cm si inaltimea de 10 cm.,aria = (b + b) × h / 2 = (18 + 9) × 10 / 2 = 27 × 10 / 2 = 270 / 2 = 135 cm²,135 cm²,76,17,76,7,5,0,0,1,0,0,0,0,calculati aria unui trapez cu bazele de 18 cm si 9 cm si inaltimea de 10 cm.
Generat - Geometrie arii,,Calculati aria unui triunghi cu baza de 23 cm si inaltimea de 28 cm.,Aria = (b × h) / 2 = (23 × 28) / 2 = 644 / 2 = 322 cm²,322 cm²,1,Geometrie - Arii,Geometrie - Arii,Geometrie,1 - bază,alta,,calculati aria unui triunghi cu baza de 23 cm si inaltimea de 28 cm.,aria = (b × h) / 2 = (23 × 28) / 2 = 644 / 2 = 322 cm²,322 cm²,68,14,54,7,4,0,0,1,0,0,0,0,calculati aria unui triunghi cu baza de 23 cm si inaltimea de 28 cm.
Generat - Geometrie arii,,Calculati aria unui triunghi cu baza de 15 cm si inaltimea de 19 cm.,Aria = (b × h) / 2 = (15 × 19) / 2 = 285 / 2 = 285/2 cm²,285/2 cm²,1,Geometrie - Arii,Geometrie - Arii,Geometrie,1 - bază,alta,,calculati aria unui triunghi cu baza de 15 cm si inaltimea de 19 cm.,aria = (b × h) / 2 = (15 × 19) / 2 = 285 / 2 = 285/2 cm²,285/2 cm²,68,14,56,9,4,0,0,1,0,0,0,0,calculati aria unui triunghi cu baza de 15 cm si inaltimea de 19 cm.
Generat - Geometrie arii,,Calculati aria unui trapez cu bazele de 16 cm si 10 cm si inaltimea de 10 cm.,Aria = (B + b) × h / 2 = (16 + 10) × 10 / 2 = 26 × 10 / 2 = 260 / 2 = 130 cm²,130 cm²,2,Geometrie - Arii,Geometrie - Arii,Geometrie,2 - mediu,alta,,calculati aria unui trapez cu bazele de 16 cm si 10 cm si inaltimea de 10 cm.,aria = (b + b) × h / 2 = (16 + 10) × 10 / 2 = 26 × 10 / 2 = 260 / 2 = 130 cm²,130 cm²,77,17,77,7,6,0,0,1,0,0,0,0,calculati aria unui trapez cu bazele de 16 cm si 10 cm si inaltimea de 10 cm.
Generat - Geometrie arii,,Calculati aria unui trapez cu bazele de 5 cm si 3 cm si inaltimea de 14 cm.,Aria = (B + b) × h / 2 = (5 + 3) × 14 / 2 = 8 × 14 / 2 = 112 / 2 = 56 cm²,56 cm²,2,Geometrie - Arii,Geometrie - Arii,Geometrie,2 - mediu,alta,,calculati aria unui trapez cu bazele de 5 cm si 3 cm si inaltimea de 14 cm.,aria = (b + b) × h / 2 = (5 + 3) × 14 / 2 = 8 × 14 / 2 = 112 / 2 = 56 cm²,56 cm²,75,17,73,6,4,0,0,1,0,0,0,0,calculati aria unui trapez cu bazele de 5 cm si 3 cm si inaltimea de 14 cm.
Generat - Geometrie arii,,Calculati aria unui paralelogram cu baza de 15 cm si inaltimea de 4 cm.,Aria = b × h = 15 × 4 = 60 cm²,60 cm²,1,Geometrie - Arii,Geometrie - Arii,Geometrie,1 - bază,alta,,calculati aria unui paralelogram cu baza de 15 cm si inaltimea de 4 cm.,aria = b × h = 15 × 4 = 60 cm²,60 cm²,71,14,30,6,3,0,0,1,0,0,0,0,calculati aria unui paralelogram cu baza de 15 cm si inaltimea de 4 cm.
Generat - Geometrie arii,,Calculati aria unui paralelogram cu baza de 10 cm si inaltimea de 9 cm.,Aria = b × h = 10 × 9 = 90 cm²,90 cm²,1,Geometrie - Arii,Geometrie - Arii,Geometrie,1 - bază,alta,,calculati aria unui paralelogram cu baza de 10 cm si inaltimea de 9 cm.,aria = b × h = 10 × 9 = 90 cm²,90 cm²,71,14,30,6,3,0,0,1,0,0,0,0,calculati aria unui paralelogram cu baza de 10 cm si inaltimea de 9 cm.
Generat - Geometrie arii,,Calculati aria unui dreptunghi cu lungimea de 18 cm si latimea de 11 cm.,Aria = L × l = 18 × 11 = 198 cm²,198 cm²,1,Geometrie - Arii,Geometrie - Arii,Geometrie,1 - bază,alta,,calculati aria unui dreptunghi cu lungimea de 18 cm si latimea de 11 cm.,aria = l × l = 18 × 11 = 198 cm²,198 cm²,72,14,32,7,4,0,0,1,0,0,0,0,calculati aria unui dreptunghi cu lungimea de 18 cm si latimea de 11 cm.
Generat - Geometrie arii,,Calculati aria unui trapez cu bazele de 14 cm si 8 cm si inaltimea de 11 cm.,Aria = (B + b) × h / 2 = (14 + 8) × 11 / 2 = 22 × 11 / 2 = 242 / 2 = 121 cm²,121 cm²,2,Geometrie - Arii,Geometrie - Arii,Geometrie,2 - mediu,alta,,calculati aria unui trapez cu bazele de 14 cm si 8 cm si inaltimea de 11 cm.,aria = (b + b) × h / 2 = (14 + 8) × 11 / 2 = 22 × 11 / 2 = 242 / 2 = 121 cm²,121 cm²,76,17,76,7,5,0,0,1,0,0,0,0,calculati aria unui trapez cu bazele de 14 cm si 8 cm si inaltimea de 11 cm.
Generat - Geometrie arii,,Calculati aria unui dreptunghi cu lungimea de 21 cm si latimea de 18 cm.,Aria = L × l = 21 × 18 = 378 cm²,378 cm²,1,Geometrie - Arii,Geometrie - Arii,Geometrie,1 - bază,alta,,calculati aria unui dreptunghi cu lungimea de 21 cm si latimea de 18 cm.,aria = l × l = 21 × 18 = 378 cm²,378 cm²,72,14,32,7,4,0,0,1,0,0,0,0,calculati aria unui dreptunghi cu lungimea de 21 cm si latimea de 18 cm.
Generat - Geometrie arii,,Calculati aria unui trapez cu bazele de 6 cm si 3 cm si inaltimea de 4 cm.,Aria = (B + b) × h / 2 = (6 + 3) × 4 / 2 = 9 × 4 / 2 = 36 / 2 = 18 cm²,18 cm²,2,Geometrie - Arii,Geometrie - Arii,Geometrie,2 - mediu,alta,,calculati aria unui trapez cu bazele de 6 cm si 3 cm si inaltimea de 4 cm.,aria = (b + b) × h / 2 = (6 + 3) × 4 / 2 = 9 × 4 / 2 = 36 / 2 = 18 cm²,18 cm²,74,17,70,6,3,0,0,1,0,0,0,0,calculati aria unui trapez cu bazele de 6 cm si 3 cm si inaltimea de 4 cm.
Generat - Geometrie arii,,Calculati aria unui paralelogram cu baza de 4 cm si inaltimea de 4 cm.,Aria = b × h = 4 × 4 = 16 cm²,16 cm²,1,Geometrie - Arii,Geometrie - Arii,Geometrie,1 - bază,alta,,calculati aria unui paralelogram cu baza de 4 cm si inaltimea de 4 cm.,aria = b × h = 4 × 4 = 16 cm²,16 cm²,70,14,29,6,2,0,0,1,0,0,0,0,calculati aria unui paralelogram cu baza de 4 cm si inaltimea de 4 cm.
Generat - Geometrie arii,,Calculati aria unui dreptunghi cu lungimea de 17 cm si latimea de 17 cm.,Aria = L × l = 17 × 17 = 289 cm²,289 cm²,1,Geometrie - Arii,Geometrie - Arii,Geometrie,1 - bază,alta,,calculati aria unui dreptunghi cu lungimea de 17 cm si latimea de 17 cm.,aria = l × l = 17 × 17 = 289 cm²,289 cm²,72,14,32,7,4,0,0,1,0,0,0,0,calculati aria unui dreptunghi cu lungimea de 17 cm si latimea de 17 cm.
Generat - Geometrie arii,,Calculati aria unui triunghi cu baza de 16 cm si inaltimea de 9 cm.,Aria = (b × h) / 2 = (16 × 9) / 2 = 144 / 2 = 72 cm²,72 cm²,1,Geometrie - Arii,Geometrie - Arii,Geometrie,1 - bază,alta,,calculati aria unui triunghi cu baza de 16 cm si inaltimea de 9 cm.,aria = (b × h) / 2 = (16 × 9) / 2 = 144 / 2 = 72 cm²,72 cm²,67,14,52,6,3,0,0,1,0,0,0,0,calculati aria unui triunghi cu baza de 16 cm si inaltimea de 9 cm.
Generat - Geometrie arii,,Calculati aria unui dreptunghi cu lungimea de 23 cm si latimea de 12 cm.,Aria = L × l = 23 × 12 = 276 cm²,276 cm²,1,Geometrie - Arii,Geometrie - Arii,Geometrie,1 - bază,alta,,calculati aria unui dreptunghi cu lungimea de 23 cm si latimea de 12 cm.,aria = l × l = 23 × 12 = 276 cm²,276 cm²,72,14,32,7,4,0,0,1,0,0,0,0,calculati aria unui dreptunghi cu lungimea de 23 cm si latimea de 12 cm.
Generat - Geometrie arii,,Calculati aria unui dreptunghi cu lungimea de 11 cm si latimea de 5 cm.,Aria = L × l = 11 × 5 = 55 cm²,55 cm²,1,Geometrie - Arii,Geometrie - Arii,Geometrie,1 - bază,alta,,calculati aria unui dreptunghi cu lungimea de 11 cm si latimea de 5 cm.,aria = l × l = 11 × 5 = 55 cm²,55 cm²,71,14,30,6,3,0,0,1,0,0,0,0,calculati aria unui dreptunghi cu lungimea de 11 cm si latimea de 5 cm.
Generat - Geometrie arii,,Calculati aria unui trapez cu bazele de 13 cm si 4 cm si inaltimea de 8 cm.,Aria = (B + b) × h / 2 = (13 + 4) × 8 / 2 = 17 × 8 / 2 = 136 / 2 = 68 cm²,68 cm²,2,Geometrie - Arii,Geometrie - Arii,Geometrie,2 - mediu,alta,,calculati aria unui trapez cu bazele de 13 cm si 4 cm si inaltimea de 8 cm.,aria = (b + b) × h / 2 = (13 + 4) × 8 / 2 = 17 × 8 / 2 = 136 / 2 = 68 cm²,68 cm²,75,17,73,6,4,0,0,1,0,0,0,0,calculati aria unui trapez cu bazele de 13 cm si 4 cm si inaltimea de 8 cm.
Generat - Geometrie arii,,Calculati aria unui dreptunghi cu lungimea de 4 cm si latimea de 15 cm.,Aria = L × l = 4 × 15 = 60 cm²,60 cm²,1,Geometrie - Arii,Geometrie - Arii,Geometrie,1 - bază,alta,,calculati aria unui dreptunghi cu lungimea de 4 cm si latimea de 15 cm.,aria = l × l = 4 × 15 = 60 cm²,60 cm²,71,14,30,6,3,0,0,1,0,0,0,0,calculati aria unui dreptunghi cu lungimea de 4 cm si latimea de 15 cm.
Generat - Geometrie arii,,Calculati aria unui trapez cu bazele de 12 cm si 9 cm si inaltimea de 13 cm.,Aria = (B + b) × h / 2 = (12 + 9) × 13 / 2 = 21 × 13 / 2 = 273 / 2 = 273/2 cm²,273/2 cm²,2,Geometrie - Arii,Geometrie - Arii,Geometrie,2 - mediu,alta,,calculati aria unui trapez cu bazele de 12 cm si 9 cm si inaltimea de 13 cm.,aria = (b + b) × h / 2 = (12 + 9) × 13 / 2 = 21 × 13 / 2 = 273 / 2 = 273/2 cm²,273/2 cm²,76,17,78,9,5,0,0,1,0,0,0,0,calculati aria unui trapez cu bazele de 12 cm si 9 cm si inaltimea de 13 cm.
Generat - Geometrie arii,,Calculati aria unui triunghi cu baza de 25 cm si inaltimea de 6 cm.,Aria = (b × h) / 2 = (25 × 6) / 2 = 150 / 2 = 75 cm²,75 cm²,1,Geometrie - Arii,Geometrie - Arii,Geometrie,1 - bază,alta,,calculati aria unui triunghi cu baza de 25 cm si inaltimea de 6 cm.,aria = (b × h) / 2 = (25 × 6) / 2 = 150 / 2 = 75 cm²,75 cm²,67,14,52,6,3,0,0,1,0,0,0,0,calculati aria unui triunghi cu baza de 25 cm si inaltimea de 6 cm.
Generat - Geometrie arii,,Calculati aria unui triunghi cu baza de 9 cm si inaltimea de 18 cm.,Aria = (b × h) / 2 = (9 × 18) / 2 = 162 / 2 = 81 cm²,81 cm²,1,Geometrie - Arii,Geometrie - Arii,Geometrie,1 - bază,alta,,calculati aria unui triunghi cu baza de 9 cm si inaltimea de 18 cm.,aria = (b × h) / 2 = (9 × 18) / 2 = 162 / 2 = 81 cm²,81 cm²,67,14,52,6,3,0,0,1,0,0,0,0,calculati aria unui triunghi cu baza de 9 cm si inaltimea de 18 cm.
Generat - Geometrie arii,,Calculati aria unui triunghi cu baza de 7 cm si inaltimea de 21 cm.,Aria = (b × h) / 2 = (7 × 21) / 2 = 147 / 2 = 147/2 cm²,147/2 cm²,1,Geometrie - Arii,Geometrie - Arii,Geometrie,1 - bază,alta,,calculati aria unui triunghi cu baza de 7 cm si inaltimea de 21 cm.,aria = (b × h) / 2 = (7 × 21) / 2 = 147 / 2 = 147/2 cm²,147/2 cm²,67,14,55,9,3,0,0,1,0,0,0,0,calculati aria unui triunghi cu baza de 7 cm si inaltimea de 21 cm.
Generat - Geometrie arii,,Calculati aria unui dreptunghi cu lungimea de 19 cm si latimea de 24 cm.,Aria = L × l = 19 × 24 = 456 cm²,456 cm²,1,Geometrie - Arii,Geometrie - Arii,Geometrie,1 - bază,alta,,calculati aria unui dreptunghi cu lungimea de 19 cm si latimea de 24 cm.,aria = l × l = 19 × 24 = 456 cm²,456 cm²,72,14,32,7,4,0,0,1,0,0,0,0,calculati aria unui dreptunghi cu lungimea de 19 cm si latimea de 24 cm.
Generat - Geometrie arii,,Calculati aria unui paralelogram cu baza de 4 cm si inaltimea de 3 cm.,Aria = b × h = 4 × 3 = 12 cm²,12 cm²,1,Geometrie - Arii,Geometrie - Arii,Geometrie,1 - bază,alta,,calculati aria unui paralelogram cu baza de 4 cm si inaltimea de 3 cm.,aria = b × h = 4 × 3 = 12 cm²,12 cm²,70,14,29,6,2,0,0,1,0,0,0,0,calculati aria unui paralelogram cu baza de 4 cm si inaltimea de 3 cm.
Generat - Geometrie arii,,Calculati aria unui trapez cu bazele de 8 cm si 6 cm si inaltimea de 14 cm.,Aria = (B + b) × h / 2 = (8 + 6) × 14 / 2 = 14 × 14 / 2 = 196 / 2 = 98 cm²,98 cm²,2,Geometrie - Arii,Geometrie - Arii,Geometrie,2 - mediu,alta,,calculati aria unui trapez cu bazele de 8 cm si 6 cm si inaltimea de 14 cm.,aria = (b + b) × h / 2 = (8 + 6) × 14 / 2 = 14 × 14 / 2 = 196 / 2 = 98 cm²,98 cm²,75,17,74,6,4,0,0,1,0,0,0,0,calculati aria unui trapez cu bazele de 8 cm si 6 cm si inaltimea de 14 cm.
Generat - Geometrie arii,,Calculati aria unui dreptunghi cu lungimea de 18 cm si latimea de 5 cm.,Aria = L × l = 18 × 5 = 90 cm²,90 cm²,1,Geometrie - Arii,Geometrie - Arii,Geometrie,1 - bază,alta,,calculati aria unui dreptunghi cu lungimea de 18 cm si latimea de 5 cm.,aria = l × l = 18 × 5 = 90 cm²,90 cm²,71,14,30,6,3,0,0,1,0,0,0,0,calculati aria unui dreptunghi cu lungimea de 18 cm si latimea de 5 cm.
Generat - Geometrie arii,,Calculati aria unui dreptunghi cu lungimea de 15 cm si latimea de 5 cm.,Aria = L × l = 15 × 5 = 75 cm²,75 cm²,1,Geometrie - Arii,Geometrie - Arii,Geometrie,1 - bază,alta,,calculati aria unui dreptunghi cu lungimea de 15 cm si latimea de 5 cm.,aria = l × l = 15 × 5 = 75 cm²,75 cm²,71,14,30,6,3,0,0,1,0,0,0,0,calculati aria unui dreptunghi cu lungimea de 15 cm si latimea de 5 cm.
Generat - Geometrie arii,,Calculati aria unui triunghi cu baza de 6 cm si inaltimea de 13 cm.,Aria = (b × h) / 2 = (6 × 13) / 2 = 78 / 2 = 39 cm²,39 cm²,1,Geometrie - Arii,Geometrie - Arii,Geometrie,1 - bază,alta,,calculati aria unui triunghi cu baza de 6 cm si inaltimea de 13 cm.,aria = (b × h) / 2 = (6 × 13) / 2 = 78 / 2 = 39 cm²,39 cm²,67,14,51,6,3,0,0,1,0,0,0,0,calculati aria unui triunghi cu baza de 6 cm si inaltimea de 13 cm.
Generat - Geometrie arii,,Calculati aria unui trapez cu bazele de 14 cm si 5 cm si inaltimea de 9 cm.,Aria = (B + b) × h / 2 = (14 + 5) × 9 / 2 = 19 × 9 / 2 = 171 / 2 = 171/2 cm²,171/2 cm²,2,Geometrie - Arii,Geometrie - Arii,Geometrie,2 - mediu,alta,,calculati aria unui trapez cu bazele de 14 cm si 5 cm si inaltimea de 9 cm.,aria = (b + b) × h / 2 = (14 + 5) × 9 / 2 = 19 × 9 / 2 = 171 / 2 = 171/2 cm²,171/2 cm²,75,17,76,9,4,0,0,1,0,0,0,0,calculati aria unui trapez cu bazele de 14 cm si 5 cm si inaltimea de 9 cm.
Generat - Geometrie arii,,Calculati aria unui dreptunghi cu lungimea de 23 cm si latimea de 24 cm.,Aria = L × l = 23 × 24 = 552 cm²,552 cm²,1,Geometrie - Arii,Geometrie - Arii,Geometrie,1 - bază,alta,,calculati aria unui dreptunghi cu lungimea de 23 cm si latimea de 24 cm.,aria = l × l = 23 × 24 = 552 cm²,552 cm²,72,14,32,7,4,0,0,1,0,0,0,0,calculati aria unui dreptunghi cu lungimea de 23 cm si latimea de 24 cm.
Generat - Geometrie arii,,Calculati aria unui dreptunghi cu lungimea de 5 cm si latimea de 19 cm.,Aria = L × l = 5 × 19 = 95 cm²,95 cm²,1,Geometrie - Arii,Geometrie - Arii,Geometrie,1 - bază,alta,,calculati aria unui dreptunghi cu lungimea de 5 cm si latimea de 19 cm.,aria = l × l = 5 × 19 = 95 cm²,95 cm²,71,14,30,6,3,0,0,1,0,0,0,0,calculati aria unui dreptunghi cu lungimea de 5 cm si latimea de 19 cm.
Generat - Geometrie arii,,Calculati aria unui triunghi cu baza de 22 cm si inaltimea de 23 cm.,Aria = (b × h) / 2 = (22 × 23) / 2 = 506 / 2 = 253 cm²,253 cm²,1,Geometrie - Arii,Geometrie - Arii,Geometrie,1 - bază,alta,,calculati aria unui triunghi cu baza de 22 cm si inaltimea de 23 cm.,aria = (b × h) / 2 = (22 × 23) / 2 = 506 / 2 = 253 cm²,253 cm²,68,14,54,7,4,0,0,1,0,0,0,0,calculati aria unui triunghi cu baza de 22 cm si inaltimea de 23 cm.
Generat - Geometrie arii,,Calculati aria unui dreptunghi cu lungimea de 17 cm si latimea de 14 cm.,Aria = L × l = 17 × 14 = 238 cm²,238 cm²,1,Geometrie - Arii,Geometrie - Arii,Geometrie,1 - bază,alta,,calculati aria unui dreptunghi cu lungimea de 17 cm si latimea de 14 cm.,aria = l × l = 17 × 14 = 238 cm²,238 cm²,72,14,32,7,4,0,0,1,0,0,0,0,calculati aria unui dreptunghi cu lungimea de 17 cm si latimea de 14 cm.
Generat - Geometrie arii,,Calculati aria unui dreptunghi cu lungimea de 23 cm si latimea de 7 cm.,Aria = L × l = 23 × 7 = 161 cm²,161 cm²,1,Geometrie - Arii,Geometrie - Arii,Geometrie,1 - bază,alta,,calculati aria unui dreptunghi cu lungimea de 23 cm si latimea de 7 cm.,aria = l × l = 23 × 7 = 161 cm²,161 cm²,71,14,31,7,3,0,0,1,0,0,0,0,calculati aria unui dreptunghi cu lungimea de 23 cm si latimea de 7 cm.
Generat - Geometrie arii,,Calculati aria unui paralelogram cu baza de 18 cm si inaltimea de 6 cm.,Aria = b × h = 18 × 6 = 108 cm²,108 cm²,1,Geometrie - Arii,Geometrie - Arii,Geometrie,1 - bază,alta,,calculati aria unui paralelogram cu baza de 18 cm si inaltimea de 6 cm.,aria = b × h = 18 × 6 = 108 cm²,108 cm²,71,14,31,7,3,0,0,1,0,0,0,0,calculati aria unui paralelogram cu baza de 18 cm si inaltimea de 6 cm.
Generat - Geometrie arii,,Calculati aria unui triunghi cu baza de 6 cm si inaltimea de 7 cm.,Aria = (b × h) / 2 = (6 × 7) / 2 = 42 / 2 = 21 cm²,21 cm²,1,Geometrie - Arii,Geometrie - Arii,Geometrie,1 - bază,alta,,calculati aria unui triunghi cu baza de 6 cm si inaltimea de 7 cm.,aria = (b × h) / 2 = (6 × 7) / 2 = 42 / 2 = 21 cm²,21 cm²,66,14,50,6,2,0,0,1,0,0,0,0,calculati aria unui triunghi cu baza de 6 cm si inaltimea de 7 cm.
Generat - Geometrie arii,,Calculati aria unui triunghi cu baza de 21 cm si inaltimea de 26 cm.,Aria = (b × h) / 2 = (21 × 26) / 2 = 546 / 2 = 273 cm²,273 cm²,1,Geometrie - Arii,Geometrie - Arii,Geometrie,1 - bază,alta,,calculati aria unui triunghi cu baza de 21 cm si inaltimea de 26 cm.,aria = (b × h) / 2 = (21 × 26) / 2 = 546 / 2 = 273 cm²,273 cm²,68,14,54,7,4,0,0,1,0,0,0,0,calculati aria unui triunghi cu baza de 21 cm si inaltimea de 26 cm.
Generat - Geometrie arii,,Calculati aria unui paralelogram cu baza de 15 cm si inaltimea de 9 cm.,Aria = b × h = 15 × 9 = 135 cm²,135 cm²,1,Geometrie - Arii,Geometrie - Arii,Geometrie,1 - bază,alta,,calculati aria unui paralelogram cu baza de 15 cm si inaltimea de 9 cm.,aria = b × h = 15 × 9 = 135 cm²,135 cm²,71,14,31,7,3,0,0,1,0,0,0,0,calculati aria unui paralelogram cu baza de 15 cm si inaltimea de 9 cm.
Generat - Geometrie arii,,Calculati aria unui trapez cu bazele de 9 cm si 4 cm si inaltimea de 7 cm.,Aria = (B + b) × h / 2 = (9 + 4) × 7 / 2 = 13 × 7 / 2 = 91 / 2 = 91/2 cm²,91/2 cm²,2,Geometrie - Arii,Geometrie - Arii,Geometrie,2 - mediu,alta,,calculati aria unui trapez cu bazele de 9 cm si 4 cm si inaltimea de 7 cm.,aria = (b + b) × h / 2 = (9 + 4) × 7 / 2 = 13 × 7 / 2 = 91 / 2 = 91/2 cm²,91/2 cm²,74,17,73,8,3,0,0,1,0,0,0,0,calculati aria unui trapez cu bazele de 9 cm si 4 cm si inaltimea de 7 cm.
Generat - Geometrie arii,,Calculati aria unui triunghi cu baza de 10 cm si inaltimea de 20 cm.,Aria = (b × h) / 2 = (10 × 20) / 2 = 200 / 2 = 100 cm²,100 cm²,1,Geometrie - Arii,Geometrie - Arii,Geometrie,1 - bază,alta,,calculati aria unui triunghi cu baza de 10 cm si inaltimea de 20 cm.,aria = (b × h) / 2 = (10 × 20) / 2 = 200 / 2 = 100 cm²,100 cm²,68,14,54,7,4,0,0,1,0,0,0,0,calculati aria unui triunghi cu baza de 10 cm si inaltimea de 20 cm.
Generat - Geometrie arii,,Calculati aria unui trapez cu bazele de 5 cm si 4 cm si inaltimea de 6 cm.,Aria = (B + b) × h / 2 = (5 + 4) × 6 / 2 = 9 × 6 / 2 = 54 / 2 = 27 cm²,27 cm²,2,Geometrie - Arii,Geometrie - Arii,Geometrie,2 - mediu,alta,,calculati aria unui trapez cu bazele de 5 cm si 4 cm si inaltimea de 6 cm.,aria = (b + b) × h / 2 = (5 + 4) × 6 / 2 = 9 × 6 / 2 = 54 / 2 = 27 cm²,27 cm²,74,17,70,6,3,0,0,1,0,0,0,0,calculati aria unui trapez cu bazele de 5 cm si 4 cm si inaltimea de 6 cm.
Generat - Geometrie arii,,Calculati aria unui dreptunghi cu lungimea de 15 cm si latimea de 12 cm.,Aria = L × l = 15 × 12 = 180 cm²,180 cm²,1,Geometrie - Arii,Geometrie - Arii,Geometrie,1 - bază,alta,,calculati aria unui dreptunghi cu lungimea de 15 cm si latimea de 12 cm.,aria = l × l = 15 × 12 = 180 cm²,180 cm²,72,14,32,7,4,0,0,1,0,0,0,0,calculati aria unui dreptunghi cu lungimea de 15 cm si latimea de 12 cm.
Generat - Geometrie arii,,Calculati aria unui triunghi cu baza de 28 cm si inaltimea de 28 cm.,Aria = (b × h) / 2 = (28 × 28) / 2 = 784 / 2 = 392 cm²,392 cm²,1,Geometrie - Arii,Geometrie - Arii,Geometrie,1 - bază,alta,,calculati aria unui triunghi cu baza de 28 cm si inaltimea de 28 cm.,aria = (b × h) / 2 = (28 × 28) / 2 = 784 / 2 = 392 cm²,392 cm²,68,14,54,7,4,0,0,1,0,0,0,0,calculati aria unui triunghi cu baza de 28 cm si inaltimea de 28 cm.
Generat - Geometrie volume,,Calculati volumul unui cub cu muchia de 9 cm.,V = a³ = 9³ = 729 cm³,729 cm³,1,Geometrie - Volume,Geometrie 3D,Geometrie,1 - bază,alta,,calculati volumul unui cub cu muchia de 9 cm.,v = a³ = 9³ = 729 cm³,729 cm³,45,9,21,7,1,0,0,1,0,0,0,0,calculati volumul unui cub cu muchia de 9 cm.
Generat - Geometrie volume,,"Calculati volumul unui paralelipiped dreptunghic cu dimensiunile 3 cm, 5 cm si 9 cm.",V = a × b × c = 3 × 5 × 9 = 135 cm³,135 cm³,1,Geometrie - Volume,Geometrie 3D,Geometrie,1 - bază,alta,,"calculati volumul unui paralelipiped dreptunghic cu dimensiunile 3 cm, 5 cm si 9 cm.",v = a × b × c = 3 × 5 × 9 = 135 cm³,135 cm³,84,14,35,7,3,0,0,1,0,0,0,0,"calculati volumul unui paralelipiped dreptunghic cu dimensiunile 3 cm, 5 cm si 9 cm."
Generat - Geometrie volume,,Din 8 de cubulete cu muchia de 5 cm Ion a construit un cub. Determinati muchia cubului construit.,Volumul unui cubuleț = 5³ = 125 cm³. Volumul total = 8 × 125 = 1000 cm³. Muchia cubului mare: a³ = 1000 => a = 10 cm,10 cm,2,Geometrie - Volume,Geometrie 3D,Geometrie,2 - mediu,alta,,din 8 de cubulete cu muchia de 5 cm ion a construit un cub. determinati muchia cubului construit.,volumul unui cubulet = 5³ = 125 cm³. volumul total = 8 × 125 = 1000 cm³. muchia cubului mare: a³ = 1000 => a = 10 cm,10 cm,97,18,116,5,2,0,0,1,0,0,0,0,din 8 de cubulete cu muchia de 5 cm ion a construit un cub. determinati muchia cubului construit.
Generat - Geometrie volume,,"Calculati volumul unui paralelipiped dreptunghic cu dimensiunile 7 cm, 4 cm si 8 cm.",V = a × b × c = 7 × 4 × 8 = 224 cm³,224 cm³,1,Geometrie - Volume,Geometrie 3D,Geometrie,1 - bază,alta,,"calculati volumul unui paralelipiped dreptunghic cu dimensiunile 7 cm, 4 cm si 8 cm.",v = a × b × c = 7 × 4 × 8 = 224 cm³,224 cm³,84,14,35,7,3,0,0,1,0,0,0,0,"calculati volumul unui paralelipiped dreptunghic cu dimensiunile 7 cm, 4 cm si 8 cm."
Generat - Geometrie volume,,Din 125 de cubulete cu muchia de 3 cm Gabriela a construit un cub. Determinati muchia cubului construit.,Volumul unui cubuleț = 3³ = 27 cm³. Volumul total = 125 × 27 = 3375 cm³. Muchia cubului mare: a³ = 3375 => a = 15 cm,15 cm,2,Geometrie - Volume,Geometrie 3D,Geometrie,2 - mediu,alta,,din 125 de cubulete cu muchia de 3 cm gabriela a construit un cub. determinati muchia cubului construit.,volumul unui cubulet = 3³ = 27 cm³. volumul total = 125 × 27 = 3375 cm³. muchia cubului mare: a³ = 3375 => a = 15 cm,15 cm,104,18,116,5,4,0,0,1,0,0,0,0,din 125 de cubulete cu muchia de 3 cm gabriela a construit un cub. determinati muchia cubului construit.
Generat - Geometrie volume,,Din 27 de cubulete cu muchia de 4 cm Alexandru a construit un cub. Determinati muchia cubului construit.,Volumul unui cubuleț = 4³ = 64 cm³. Volumul total = 27 × 64 = 1728 cm³. Muchia cubului mare: a³ = 1728 => a = 12 cm,12 cm,2,Geometrie - Volume,Geometrie 3D,Geometrie,2 - mediu,alta,,din 27 de cubulete cu muchia de 4 cm alexandru a construit un cub. determinati muchia cubului construit.,volumul unui cubulet = 4³ = 64 cm³. volumul total = 27 × 64 = 1728 cm³. muchia cubului mare: a³ = 1728 => a = 12 cm,12 cm,104,18,115,5,3,0,0,1,0,0,0,0,din 27 de cubulete cu muchia de 4 cm alexandru a construit un cub. determinati muchia cubului construit.
Generat - Geometrie volume,,Calculati volumul unui cub cu muchia de 11 cm.,V = a³ = 11³ = 1331 cm³,1331 cm³,1,Geometrie - Volume,Geometrie 3D,Geometrie,1 - bază,alta,,calculati volumul unui cub cu muchia de 11 cm.,v = a³ = 11³ = 1331 cm³,1331 cm³,46,9,23,8,2,0,0,1,0,0,0,0,calculati volumul unui cub cu muchia de 11 cm.
Generat - Geometrie volume,,Calculati volumul unui cub cu muchia de 2 cm.,V = a³ = 2³ = 8 cm³,8 cm³,1,Geometrie - Volume,Geometrie 3D,Geometrie,1 - bază,alta,,calculati volumul unui cub cu muchia de 2 cm.,v = a³ = 2³ = 8 cm³,8 cm³,45,9,19,5,1,0,0,1,0,0,0,0,calculati volumul unui cub cu muchia de 2 cm.
Generat - Geometrie volume,,"Calculati volumul unui paralelipiped dreptunghic cu dimensiunile 5 cm, 2 cm si 2 cm.",V = a × b × c = 5 × 2 × 2 = 20 cm³,20 cm³,1,Geometrie - Volume,Geometrie 3D,Geometrie,1 - bază,alta,,"calculati volumul unui paralelipiped dreptunghic cu dimensiunile 5 cm, 2 cm si 2 cm.",v = a × b × c = 5 × 2 × 2 = 20 cm³,20 cm³,84,14,34,6,3,0,0,1,0,0,0,0,"calculati volumul unui paralelipiped dreptunghic cu dimensiunile 5 cm, 2 cm si 2 cm."
Generat - Geometrie volume,,"Calculati volumul unui paralelipiped dreptunghic cu dimensiunile 10 cm, 6 cm si 12 cm.",V = a × b × c = 10 × 6 × 12 = 720 cm³,720 cm³,1,Geometrie - Volume,Geometrie 3D,Geometrie,1 - bază,alta,,"calculati volumul unui paralelipiped dreptunghic cu dimensiunile 10 cm, 6 cm si 12 cm.",v = a × b × c = 10 × 6 × 12 = 720 cm³,720 cm³,86,14,37,7,5,0,0,1,0,0,0,0,"calculati volumul unui paralelipiped dreptunghic cu dimensiunile 10 cm, 6 cm si 12 cm."
Generat - Geometrie volume,,Din 125 de cubulete cu muchia de 4 cm Diana a construit un cub. Determinati muchia cubului construit.,Volumul unui cubuleț = 4³ = 64 cm³. Volumul total = 125 × 64 = 8000 cm³. Muchia cubului mare: a³ = 8000 => a = 20 cm,20 cm,2,Geometrie - Volume,Geometrie 3D,Geometrie,2 - mediu,alta,,din 125 de cubulete cu muchia de 4 cm diana a construit un cub. determinati muchia cubului construit.,volumul unui cubulet = 4³ = 64 cm³. volumul total = 125 × 64 = 8000 cm³. muchia cubului mare: a³ = 8000 => a = 20 cm,20 cm,101,18,116,5,4,0,0,1,0,0,0,0,din 125 de cubulete cu muchia de 4 cm diana a construit un cub. determinati muchia cubului construit.
Generat - Geometrie volume,,Calculati volumul unui cub cu muchia de 12 cm.,V = a³ = 12³ = 1728 cm³,1728 cm³,1,Geometrie - Volume,Geometrie 3D,Geometrie,1 - bază,alta,,calculati volumul unui cub cu muchia de 12 cm.,v = a³ = 12³ = 1728 cm³,1728 cm³,46,9,23,8,2,0,0,1,0,0,0,0,calculati volumul unui cub cu muchia de 12 cm.
Generat - Geometrie volume,,Din 27 de cubulete cu muchia de 3 cm Dan a construit un cub. Determinati muchia cubului construit.,Volumul unui cubuleț = 3³ = 27 cm³. Volumul total = 27 × 27 = 729 cm³. Muchia cubului mare: a³ = 729 => a = 9 cm,9 cm,2,Geometrie - Volume,Geometrie 3D,Geometrie,2 - mediu,alta,,din 27 de cubulete cu muchia de 3 cm dan a construit un cub. determinati muchia cubului construit.,volumul unui cubulet = 3³ = 27 cm³. volumul total = 27 × 27 = 729 cm³. muchia cubului mare: a³ = 729 => a = 9 cm,9 cm,98,18,112,4,3,0,0,1,0,0,0,0,din 27 de cubulete cu muchia de 3 cm dan a construit un cub. determinati muchia cubului construit.
Generat - Geometrie volume,,"Calculati volumul unui paralelipiped dreptunghic cu dimensiunile 3 cm, 10 cm si 5 cm.",V = a × b × c = 3 × 10 × 5 = 150 cm³,150 cm³,1,Geometrie - Volume,Geometrie 3D,Geometrie,1 - bază,alta,,"calculati volumul unui paralelipiped dreptunghic cu dimensiunile 3 cm, 10 cm si 5 cm.",v = a × b × c = 3 × 10 × 5 = 150 cm³,150 cm³,85,14,36,7,4,0,0,1,0,0,0,0,"calculati volumul unui paralelipiped dreptunghic cu dimensiunile 3 cm, 10 cm si 5 cm."
Generat - Geometrie volume,,Calculati volumul unui cub cu muchia de 10 cm.,V = a³ = 10³ = 1000 cm³,1000 cm³,1,Geometrie - Volume,Geometrie 3D,Geometrie,1 - bază,alta,,calculati volumul unui cub cu muchia de 10 cm.,v = a³ = 10³ = 1000 cm³,1000 cm³,46,9,23,8,2,0,0,1,0,0,0,0,calculati volumul unui cub cu muchia de 10 cm.
Generat - Geometrie volume,,"Calculati volumul unui paralelipiped dreptunghic cu dimensiunile 8 cm, 11 cm si 12 cm.",V = a × b × c = 8 × 11 × 12 = 1056 cm³,1056 cm³,1,Geometrie - Volume,Geometrie 3D,Geometrie,1 - bază,alta,,"calculati volumul unui paralelipiped dreptunghic cu dimensiunile 8 cm, 11 cm si 12 cm.",v = a × b × c = 8 × 11 × 12 = 1056 cm³,1056 cm³,86,14,38,8,5,0,0,1,0,0,0,0,"calculati volumul unui paralelipiped dreptunghic cu dimensiunile 8 cm, 11 cm si 12 cm."
Generat - Geometrie volume,,Din 8 de cubulete cu muchia de 3 cm Laura a construit un cub. Determinati muchia cubului construit.,Volumul unui cubuleț = 3³ = 27 cm³. Volumul total = 8 × 27 = 216 cm³. Muchia cubului mare: a³ = 216 => a = 6 cm,6 cm,2,Geometrie - Volume,Geometrie 3D,Geometrie,2 - mediu,alta,,din 8 de cubulete cu muchia de 3 cm laura a construit un cub. determinati muchia cubului construit.,volumul unui cubulet = 3³ = 27 cm³. volumul total = 8 × 27 = 216 cm³. muchia cubului mare: a³ = 216 => a = 6 cm,6 cm,99,18,111,4,2,0,0,1,0,0,0,0,din 8 de cubulete cu muchia de 3 cm laura a construit un cub. determinati muchia cubului construit.
Generat - Geometrie volume,,Din 27 de cubulete cu muchia de 1 cm Pavel a construit un cub. Determinati muchia cubului construit.,Volumul unui cubuleț = 1³ = 1 cm³. Volumul total = 27 × 1 = 27 cm³. Muchia cubului mare: a³ = 27 => a = 3 cm,3 cm,2,Geometrie - Volume,Geometrie 3D,Geometrie,2 - mediu,alta,,din 27 de cubulete cu muchia de 1 cm pavel a construit un cub. determinati muchia cubului construit.,volumul unui cubulet = 1³ = 1 cm³. volumul total = 27 × 1 = 27 cm³. muchia cubului mare: a³ = 27 => a = 3 cm,3 cm,100,18,108,4,3,0,0,1,0,0,0,0,din 27 de cubulete cu muchia de 1 cm pavel a construit un cub. determinati muchia cubului construit.
Generat - Geometrie volume,,Calculati volumul unui cub cu muchia de 8 cm.,V = a³ = 8³ = 512 cm³,512 cm³,1,Geometrie - Volume,Geometrie 3D,Geometrie,1 - bază,alta,,calculati volumul unui cub cu muchia de 8 cm.,v = a³ = 8³ = 512 cm³,512 cm³,45,9,21,7,1,0,0,1,0,0,0,0,calculati volumul unui cub cu muchia de 8 cm.
Generat - Geometrie volume,,Din 8 de cubulete cu muchia de 3 cm Florin a construit un cub. Determinati muchia cubului construit.,Volumul unui cubuleț = 3³ = 27 cm³. Volumul total = 8 × 27 = 216 cm³. Muchia cubului mare: a³ = 216 => a = 6 cm,6 cm,2,Geometrie - Volume,Geometrie 3D,Geometrie,2 - mediu,alta,,din 8 de cubulete cu muchia de 3 cm florin a construit un cub. determinati muchia cubului construit.,volumul unui cubulet = 3³ = 27 cm³. volumul total = 8 × 27 = 216 cm³. muchia cubului mare: a³ = 216 => a = 6 cm,6 cm,100,18,111,4,2,0,0,1,0,0,0,0,din 8 de cubulete cu muchia de 3 cm florin a construit un cub. determinati muchia cubului construit.
Generat - Geometrie volume,,Din 27 de cubulete cu muchia de 1 cm Cristian a construit un cub. Determinati muchia cubului construit.,Volumul unui cubuleț = 1³ = 1 cm³. Volumul total = 27 × 1 = 27 cm³. Muchia cubului mare: a³ = 27 => a = 3 cm,3 cm,2,Geometrie - Volume,Geometrie 3D,Geometrie,2 - mediu,alta,,din 27 de cubulete cu muchia de 1 cm cristian a construit un cub. determinati muchia cubului construit.,volumul unui cubulet = 1³ = 1 cm³. volumul total = 27 × 1 = 27 cm³. muchia cubului mare: a³ = 27 => a = 3 cm,3 cm,103,18,108,4,3,0,0,1,0,0,0,0,din 27 de cubulete cu muchia de 1 cm cristian a construit un cub. determinati muchia cubului construit.
Generat - Geometrie volume,,"Calculati volumul unui paralelipiped dreptunghic cu dimensiunile 7 cm, 10 cm si 10 cm.",V = a × b × c = 7 × 10 × 10 = 700 cm³,700 cm³,1,Geometrie - Volume,Geometrie 3D,Geometrie,1 - bază,alta,,"calculati volumul unui paralelipiped dreptunghic cu dimensiunile 7 cm, 10 cm si 10 cm.",v = a × b × c = 7 × 10 × 10 = 700 cm³,700 cm³,86,14,37,7,5,0,0,1,0,0,0,0,"calculati volumul unui paralelipiped dreptunghic cu dimensiunile 7 cm, 10 cm si 10 cm."
Generat - Geometrie volume,,Din 64 de cubulete cu muchia de 2 cm Ioana a construit un cub. Determinati muchia cubului construit.,Volumul unui cubuleț = 2³ = 8 cm³. Volumul total = 64 × 8 = 512 cm³. Muchia cubului mare: a³ = 512 => a = 8 cm,8 cm,2,Geometrie - Volume,Geometrie 3D,Geometrie,2 - mediu,alta,,din 64 de cubulete cu muchia de 2 cm ioana a construit un cub. determinati muchia cubului construit.,volumul unui cubulet = 2³ = 8 cm³. volumul total = 64 × 8 = 512 cm³. muchia cubului mare: a³ = 512 => a = 8 cm,8 cm,100,18,110,4,3,0,0,1,0,0,0,0,din 64 de cubulete cu muchia de 2 cm ioana a construit un cub. determinati muchia cubului construit.
Generat - Geometrie volume,,Calculati volumul unui cub cu muchia de 13 cm.,V = a³ = 13³ = 2197 cm³,2197 cm³,1,Geometrie - Volume,Geometrie 3D,Geometrie,1 - bază,alta,,calculati volumul unui cub cu muchia de 13 cm.,v = a³ = 13³ = 2197 cm³,2197 cm³,46,9,23,8,2,0,0,1,0,0,0,0,calculati volumul unui cub cu muchia de 13 cm.
Generat - Geometrie volume,,"Calculati volumul unui paralelipiped dreptunghic cu dimensiunile 3 cm, 2 cm si 7 cm.",V = a × b × c = 3 × 2 × 7 = 42 cm³,42 cm³,1,Geometrie - Volume,Geometrie 3D,Geometrie,1 - bază,alta,,"calculati volumul unui paralelipiped dreptunghic cu dimensiunile 3 cm, 2 cm si 7 cm.",v = a × b × c = 3 × 2 × 7 = 42 cm³,42 cm³,84,14,34,6,3,0,0,1,0,0,0,0,"calculati volumul unui paralelipiped dreptunghic cu dimensiunile 3 cm, 2 cm si 7 cm."
Generat - Geometrie volume,,"Calculati volumul unui paralelipiped dreptunghic cu dimensiunile 6 cm, 10 cm si 3 cm.",V = a × b × c = 6 × 10 × 3 = 180 cm³,180 cm³,1,Geometrie - Volume,Geometrie 3D,Geometrie,1 - bază,alta,,"calculati volumul unui paralelipiped dreptunghic cu dimensiunile 6 cm, 10 cm si 3 cm.",v = a × b × c = 6 × 10 × 3 = 180 cm³,180 cm³,85,14,36,7,4,0,0,1,0,0,0,0,"calculati volumul unui paralelipiped dreptunghic cu dimensiunile 6 cm, 10 cm si 3 cm."
Generat - Geometrie volume,,"Calculati volumul unui paralelipiped dreptunghic cu dimensiunile 11 cm, 12 cm si 3 cm.",V = a × b × c = 11 × 12 × 3 = 396 cm³,396 cm³,1,Geometrie - Volume,Geometrie 3D,Geometrie,1 - bază,alta,,"calculati volumul unui paralelipiped dreptunghic cu dimensiunile 11 cm, 12 cm si 3 cm.",v = a × b × c = 11 × 12 × 3 = 396 cm³,396 cm³,86,14,37,7,5,0,0,1,0,0,0,0,"calculati volumul unui paralelipiped dreptunghic cu dimensiunile 11 cm, 12 cm si 3 cm."
Generat - Geometrie volume,,"Calculati volumul unui paralelipiped dreptunghic cu dimensiunile 9 cm, 10 cm si 7 cm.",V = a × b × c = 9 × 10 × 7 = 630 cm³,630 cm³,1,Geometrie - Volume,Geometrie 3D,Geometrie,1 - bază,alta,,"calculati volumul unui paralelipiped dreptunghic cu dimensiunile 9 cm, 10 cm si 7 cm.",v = a × b × c = 9 × 10 × 7 = 630 cm³,630 cm³,85,14,36,7,4,0,0,1,0,0,0,0,"calculati volumul unui paralelipiped dreptunghic cu dimensiunile 9 cm, 10 cm si 7 cm."
Generat - Geometrie volume,,Din 27 de cubulete cu muchia de 3 cm Cristian a construit un cub. Determinati muchia cubului construit.,Volumul unui cubuleț = 3³ = 27 cm³. Volumul total = 27 × 27 = 729 cm³. Muchia cubului mare: a³ = 729 => a = 9 cm,9 cm,2,Geometrie - Volume,Geometrie 3D,Geometrie,2 - mediu,alta,,din 27 de cubulete cu muchia de 3 cm cristian a construit un cub. determinati muchia cubului construit.,volumul unui cubulet = 3³ = 27 cm³. volumul total = 27 × 27 = 729 cm³. muchia cubului mare: a³ = 729 => a = 9 cm,9 cm,103,18,112,4,3,0,0,1,0,0,0,0,din 27 de cubulete cu muchia de 3 cm cristian a construit un cub. determinati muchia cubului construit.
Generat - Geometrie volume,,"Calculati volumul unui paralelipiped dreptunghic cu dimensiunile 3 cm, 11 cm si 12 cm.",V = a × b × c = 3 × 11 × 12 = 396 cm³,396 cm³,1,Geometrie - Volume,Geometrie 3D,Geometrie,1 - bază,alta,,"calculati volumul unui paralelipiped dreptunghic cu dimensiunile 3 cm, 11 cm si 12 cm.",v = a × b × c = 3 × 11 × 12 = 396 cm³,396 cm³,86,14,37,7,5,0,0,1,0,0,0,0,"calculati volumul unui paralelipiped dreptunghic cu dimensiunile 3 cm, 11 cm si 12 cm."
Generat - Geometrie volume,,Din 8 de cubulete cu muchia de 2 cm Daria a construit un cub. Determinati muchia cubului construit.,Volumul unui cubuleț = 2³ = 8 cm³. Volumul total = 8 × 8 = 64 cm³. Muchia cubului mare: a³ = 64 => a = 4 cm,4 cm,2,Geometrie - Volume,Geometrie 3D,Geometrie,2 - mediu,alta,,din 8 de cubulete cu muchia de 2 cm daria a construit un cub. determinati muchia cubului construit.,volumul unui cubulet = 2³ = 8 cm³. volumul total = 8 × 8 = 64 cm³. muchia cubului mare: a³ = 64 => a = 4 cm,4 cm,99,18,107,4,2,0,0,1,0,0,0,0,din 8 de cubulete cu muchia de 2 cm daria a construit un cub. determinati muchia cubului construit.
Generat - Geometrie volume,,Calculati volumul unui cub cu muchia de 5 cm.,V = a³ = 5³ = 125 cm³,125 cm³,1,Geometrie - Volume,Geometrie 3D,Geometrie,1 - bază,alta,,calculati volumul unui cub cu muchia de 5 cm.,v = a³ = 5³ = 125 cm³,125 cm³,45,9,21,7,1,0,0,1,0,0,0,0,calculati volumul unui cub cu muchia de 5 cm.
Generat - Geometrie volume,,"Calculati volumul unui paralelipiped dreptunghic cu dimensiunile 8 cm, 4 cm si 4 cm.",V = a × b × c = 8 × 4 × 4 = 128 cm³,128 cm³,1,Geometrie - Volume,Geometrie 3D,Geometrie,1 - bază,alta,,"calculati volumul unui paralelipiped dreptunghic cu dimensiunile 8 cm, 4 cm si 4 cm.",v = a × b × c = 8 × 4 × 4 = 128 cm³,128 cm³,84,14,35,7,3,0,0,1,0,0,0,0,"calculati volumul unui paralelipiped dreptunghic cu dimensiunile 8 cm, 4 cm si 4 cm."
Generat - Geometrie volume,,Din 125 de cubulete cu muchia de 2 cm Maria a construit un cub. Determinati muchia cubului construit.,Volumul unui cubuleț = 2³ = 8 cm³. Volumul total = 125 × 8 = 1000 cm³. Muchia cubului mare: a³ = 1000 => a = 10 cm,10 cm,2,Geometrie - Volume,Geometrie 3D,Geometrie,2 - mediu,alta,,din 125 de cubulete cu muchia de 2 cm maria a construit un cub. determinati muchia cubului construit.,volumul unui cubulet = 2³ = 8 cm³. volumul total = 125 × 8 = 1000 cm³. muchia cubului mare: a³ = 1000 => a = 10 cm,10 cm,101,18,114,5,4,0,0,1,0,0,0,0,din 125 de cubulete cu muchia de 2 cm maria a construit un cub. determinati muchia cubului construit.
Generat - Geometrie volume,,Din 64 de cubulete cu muchia de 3 cm Alexandru a construit un cub. Determinati muchia cubului construit.,Volumul unui cubuleț = 3³ = 27 cm³. Volumul total = 64 × 27 = 1728 cm³. Muchia cubului mare: a³ = 1728 => a = 12 cm,12 cm,2,Geometrie - Volume,Geometrie 3D,Geometrie,2 - mediu,alta,,din 64 de cubulete cu muchia de 3 cm alexandru a construit un cub. determinati muchia cubului construit.,volumul unui cubulet = 3³ = 27 cm³. volumul total = 64 × 27 = 1728 cm³. muchia cubului mare: a³ = 1728 => a = 12 cm,12 cm,104,18,115,5,3,0,0,1,0,0,0,0,din 64 de cubulete cu muchia de 3 cm alexandru a construit un cub. determinati muchia cubului construit.
Generat - Geometrie volume,,Din 64 de cubulete cu muchia de 1 cm Daria a construit un cub. Determinati muchia cubului construit.,Volumul unui cubuleț = 1³ = 1 cm³. Volumul total = 64 × 1 = 64 cm³. Muchia cubului mare: a³ = 64 => a = 4 cm,4 cm,2,Geometrie - Volume,Geometrie 3D,Geometrie,2 - mediu,alta,,din 64 de cubulete cu muchia de 1 cm daria a construit un cub. determinati muchia cubului construit.,volumul unui cubulet = 1³ = 1 cm³. volumul total = 64 × 1 = 64 cm³. muchia cubului mare: a³ = 64 => a = 4 cm,4 cm,100,18,108,4,3,0,0,1,0,0,0,0,din 64 de cubulete cu muchia de 1 cm daria a construit un cub. determinati muchia cubului construit.
Generat - Geometrie volume,,Din 8 de cubulete cu muchia de 2 cm Dragos a construit un cub. Determinati muchia cubului construit.,Volumul unui cubuleț = 2³ = 8 cm³. Volumul total = 8 × 8 = 64 cm³. Muchia cubului mare: a³ = 64 => a = 4 cm,4 cm,2,Geometrie - Volume,Geometrie 3D,Geometrie,2 - mediu,alta,,din 8 de cubulete cu muchia de 2 cm dragos a construit un cub. determinati muchia cubului construit.,volumul unui cubulet = 2³ = 8 cm³. volumul total = 8 × 8 = 64 cm³. muchia cubului mare: a³ = 64 => a = 4 cm,4 cm,100,18,107,4,2,0,0,1,0,0,0,0,din 8 de cubulete cu muchia de 2 cm dragos a construit un cub. determinati muchia cubului construit.
Generat - Geometrie volume,,Din 8 de cubulete cu muchia de 4 cm Alexandru a construit un cub. Determinati muchia cubului construit.,Volumul unui cubuleț = 4³ = 64 cm³. Volumul total = 8 × 64 = 512 cm³. Muchia cubului mare: a³ = 512 => a = 8 cm,8 cm,2,Geometrie - Volume,Geometrie 3D,Geometrie,2 - mediu,alta,,din 8 de cubulete cu muchia de 4 cm alexandru a construit un cub. determinati muchia cubului construit.,volumul unui cubulet = 4³ = 64 cm³. volumul total = 8 × 64 = 512 cm³. muchia cubului mare: a³ = 512 => a = 8 cm,8 cm,103,18,111,4,2,0,0,1,0,0,0,0,din 8 de cubulete cu muchia de 4 cm alexandru a construit un cub. determinati muchia cubului construit.
Generat - Geometrie volume,,"Calculati volumul unui paralelipiped dreptunghic cu dimensiunile 6 cm, 6 cm si 7 cm.",V = a × b × c = 6 × 6 × 7 = 252 cm³,252 cm³,1,Geometrie - Volume,Geometrie 3D,Geometrie,1 - bază,alta,,"calculati volumul unui paralelipiped dreptunghic cu dimensiunile 6 cm, 6 cm si 7 cm.",v = a × b × c = 6 × 6 × 7 = 252 cm³,252 cm³,84,14,35,7,3,0,0,1,0,0,0,0,"calculati volumul unui paralelipiped dreptunghic cu dimensiunile 6 cm, 6 cm si 7 cm."
Generat - Geometrie volume,,"Calculati volumul unui paralelipiped dreptunghic cu dimensiunile 2 cm, 7 cm si 5 cm.",V = a × b × c = 2 × 7 × 5 = 70 cm³,70 cm³,1,Geometrie - Volume,Geometrie 3D,Geometrie,1 - bază,alta,,"calculati volumul unui paralelipiped dreptunghic cu dimensiunile 2 cm, 7 cm si 5 cm.",v = a × b × c = 2 × 7 × 5 = 70 cm³,70 cm³,84,14,34,6,3,0,0,1,0,0,0,0,"calculati volumul unui paralelipiped dreptunghic cu dimensiunile 2 cm, 7 cm si 5 cm."
Generat - Geometrie volume,,"Calculati volumul unui paralelipiped dreptunghic cu dimensiunile 11 cm, 6 cm si 11 cm.",V = a × b × c = 11 × 6 × 11 = 726 cm³,726 cm³,1,Geometrie - Volume,Geometrie 3D,Geometrie,1 - bază,alta,,"calculati volumul unui paralelipiped dreptunghic cu dimensiunile 11 cm, 6 cm si 11 cm.",v = a × b × c = 11 × 6 × 11 = 726 cm³,726 cm³,86,14,37,7,5,0,0,1,0,0,0,0,"calculati volumul unui paralelipiped dreptunghic cu dimensiunile 11 cm, 6 cm si 11 cm."
Generat - Geometrie volume,,"Calculati volumul unui paralelipiped dreptunghic cu dimensiunile 11 cm, 9 cm si 5 cm.",V = a × b × c = 11 × 9 × 5 = 495 cm³,495 cm³,1,Geometrie - Volume,Geometrie 3D,Geometrie,1 - bază,alta,,"calculati volumul unui paralelipiped dreptunghic cu dimensiunile 11 cm, 9 cm si 5 cm.",v = a × b × c = 11 × 9 × 5 = 495 cm³,495 cm³,85,14,36,7,4,0,0,1,0,0,0,0,"calculati volumul unui paralelipiped dreptunghic cu dimensiunile 11 cm, 9 cm si 5 cm."
Generat - Geometrie volume,,Din 27 de cubulete cu muchia de 2 cm Ion a construit un cub. Determinati muchia cubului construit.,Volumul unui cubuleț = 2³ = 8 cm³. Volumul total = 27 × 8 = 216 cm³. Muchia cubului mare: a³ = 216 => a = 6 cm,6 cm,2,Geometrie - Volume,Geometrie 3D,Geometrie,2 - mediu,alta,,din 27 de cubulete cu muchia de 2 cm ion a construit un cub. determinati muchia cubului construit.,volumul unui cubulet = 2³ = 8 cm³. volumul total = 27 × 8 = 216 cm³. muchia cubului mare: a³ = 216 => a = 6 cm,6 cm,98,18,110,4,3,0,0,1,0,0,0,0,din 27 de cubulete cu muchia de 2 cm ion a construit un cub. determinati muchia cubului construit.
Generat - Geometrie volume,,"Calculati volumul unui paralelipiped dreptunghic cu dimensiunile 2 cm, 5 cm si 10 cm.",V = a × b × c = 2 × 5 × 10 = 100 cm³,100 cm³,1,Geometrie - Volume,Geometrie 3D,Geometrie,1 - bază,alta,,"calculati volumul unui paralelipiped dreptunghic cu dimensiunile 2 cm, 5 cm si 10 cm.",v = a × b × c = 2 × 5 × 10 = 100 cm³,100 cm³,85,14,36,7,4,0,0,1,0,0,0,0,"calculati volumul unui paralelipiped dreptunghic cu dimensiunile 2 cm, 5 cm si 10 cm."
Generat - Geometrie volume,,"Calculati volumul unui paralelipiped dreptunghic cu dimensiunile 12 cm, 2 cm si 7 cm.",V = a × b × c = 12 × 2 × 7 = 168 cm³,168 cm³,1,Geometrie - Volume,Geometrie 3D,Geometrie,1 - bază,alta,,"calculati volumul unui paralelipiped dreptunghic cu dimensiunile 12 cm, 2 cm si 7 cm.",v = a × b × c = 12 × 2 × 7 = 168 cm³,168 cm³,85,14,36,7,4,0,0,1,0,0,0,0,"calculati volumul unui paralelipiped dreptunghic cu dimensiunile 12 cm, 2 cm si 7 cm."
Generat - Geometrie volume,,Calculati volumul unui cub cu muchia de 14 cm.,V = a³ = 14³ = 2744 cm³,2744 cm³,1,Geometrie - Volume,Geometrie 3D,Geometrie,1 - bază,alta,,calculati volumul unui cub cu muchia de 14 cm.,v = a³ = 14³ = 2744 cm³,2744 cm³,46,9,23,8,2,0,0,1,0,0,0,0,calculati volumul unui cub cu muchia de 14 cm.
Generat - Geometrie volume,,Din 125 de cubulete cu muchia de 3 cm Bogdan a construit un cub. Determinati muchia cubului construit.,Volumul unui cubuleț = 3³ = 27 cm³. Volumul total = 125 × 27 = 3375 cm³. Muchia cubului mare: a³ = 3375 => a = 15 cm,15 cm,2,Geometrie - Volume,Geometrie 3D,Geometrie,2 - mediu,alta,,din 125 de cubulete cu muchia de 3 cm bogdan a construit un cub. determinati muchia cubului construit.,volumul unui cubulet = 3³ = 27 cm³. volumul total = 125 × 27 = 3375 cm³. muchia cubului mare: a³ = 3375 => a = 15 cm,15 cm,102,18,116,5,4,0,0,1,0,0,0,0,din 125 de cubulete cu muchia de 3 cm bogdan a construit un cub. determinati muchia cubului construit.
Generat - Geometrie volume,,"Calculati volumul unui paralelipiped dreptunghic cu dimensiunile 2 cm, 4 cm si 6 cm.",V = a × b × c = 2 × 4 × 6 = 48 cm³,48 cm³,1,Geometrie - Volume,Geometrie 3D,Geometrie,1 - bază,alta,,"calculati volumul unui paralelipiped dreptunghic cu dimensiunile 2 cm, 4 cm si 6 cm.",v = a × b × c = 2 × 4 × 6 = 48 cm³,48 cm³,84,14,34,6,3,0,0,1,0,0,0,0,"calculati volumul unui paralelipiped dreptunghic cu dimensiunile 2 cm, 4 cm si 6 cm."
Generat - Geometrie volume,,Calculati volumul unui cub cu muchia de 15 cm.,V = a³ = 15³ = 3375 cm³,3375 cm³,1,Geometrie - Volume,Geometrie 3D,Geometrie,1 - bază,alta,,calculati volumul unui cub cu muchia de 15 cm.,v = a³ = 15³ = 3375 cm³,3375 cm³,46,9,23,8,2,0,0,1,0,0,0,0,calculati volumul unui cub cu muchia de 15 cm.
Generat - Geometrie volume,,Din 125 de cubulete cu muchia de 3 cm Cristina a construit un cub. Determinati muchia cubului construit.,Volumul unui cubuleț = 3³ = 27 cm³. Volumul total = 125 × 27 = 3375 cm³. Muchia cubului mare: a³ = 3375 => a = 15 cm,15 cm,2,Geometrie - Volume,Geometrie 3D,Geometrie,2 - mediu,alta,,din 125 de cubulete cu muchia de 3 cm cristina a construit un cub. determinati muchia cubului construit.,volumul unui cubulet = 3³ = 27 cm³. volumul total = 125 × 27 = 3375 cm³. muchia cubului mare: a³ = 3375 => a = 15 cm,15 cm,104,18,116,5,4,0,0,1,0,0,0,0,din 125 de cubulete cu muchia de 3 cm cristina a construit un cub. determinati muchia cubului construit.
Generat - Geometrie volume,,Din 8 de cubulete cu muchia de 5 cm Bogdan a construit un cub. Determinati muchia cubului construit.,Volumul unui cubuleț = 5³ = 125 cm³. Volumul total = 8 × 125 = 1000 cm³. Muchia cubului mare: a³ = 1000 => a = 10 cm,10 cm,2,Geometrie - Volume,Geometrie 3D,Geometrie,2 - mediu,alta,,din 8 de cubulete cu muchia de 5 cm bogdan a construit un cub. determinati muchia cubului construit.,volumul unui cubulet = 5³ = 125 cm³. volumul total = 8 × 125 = 1000 cm³. muchia cubului mare: a³ = 1000 => a = 10 cm,10 cm,100,18,116,5,2,0,0,1,0,0,0,0,din 8 de cubulete cu muchia de 5 cm bogdan a construit un cub. determinati muchia cubului construit.
Generat - Geometrie volume,,Din 8 de cubulete cu muchia de 4 cm Stefan a construit un cub. Determinati muchia cubului construit.,Volumul unui cubuleț = 4³ = 64 cm³. Volumul total = 8 × 64 = 512 cm³. Muchia cubului mare: a³ = 512 => a = 8 cm,8 cm,2,Geometrie - Volume,Geometrie 3D,Geometrie,2 - mediu,alta,,din 8 de cubulete cu muchia de 4 cm stefan a construit un cub. determinati muchia cubului construit.,volumul unui cubulet = 4³ = 64 cm³. volumul total = 8 × 64 = 512 cm³. muchia cubului mare: a³ = 512 => a = 8 cm,8 cm,100,18,111,4,2,0,0,1,0,0,0,0,din 8 de cubulete cu muchia de 4 cm stefan a construit un cub. determinati muchia cubului construit.
Generat - Geometrie volume,,Calculati volumul unui cub cu muchia de 6 cm.,V = a³ = 6³ = 216 cm³,216 cm³,1,Geometrie - Volume,Geometrie 3D,Geometrie,1 - bază,alta,,calculati volumul unui cub cu muchia de 6 cm.,v = a³ = 6³ = 216 cm³,216 cm³,45,9,21,7,1,0,0,1,0,0,0,0,calculati volumul unui cub cu muchia de 6 cm.
Generat - Geometrie volume,,"Calculati volumul unui paralelipiped dreptunghic cu dimensiunile 7 cm, 8 cm si 7 cm.",V = a × b × c = 7 × 8 × 7 = 392 cm³,392 cm³,1,Geometrie - Volume,Geometrie 3D,Geometrie,1 - bază,alta,,"calculati volumul unui paralelipiped dreptunghic cu dimensiunile 7 cm, 8 cm si 7 cm.",v = a × b × c = 7 × 8 × 7 = 392 cm³,392 cm³,84,14,35,7,3,0,0,1,0,0,0,0,"calculati volumul unui paralelipiped dreptunghic cu dimensiunile 7 cm, 8 cm si 7 cm."
Generat - Geometrie volume,,"Calculati volumul unui paralelipiped dreptunghic cu dimensiunile 9 cm, 6 cm si 5 cm.",V = a × b × c = 9 × 6 × 5 = 270 cm³,270 cm³,1,Geometrie - Volume,Geometrie 3D,Geometrie,1 - bază,alta,,"calculati volumul unui paralelipiped dreptunghic cu dimensiunile 9 cm, 6 cm si 5 cm.",v = a × b × c = 9 × 6 × 5 = 270 cm³,270 cm³,84,14,35,7,3,0,0,1,0,0,0,0,"calculati volumul unui paralelipiped dreptunghic cu dimensiunile 9 cm, 6 cm si 5 cm."
Generat - Geometrie volume,,Din 8 de cubulete cu muchia de 2 cm Bogdan a construit un cub. Determinati muchia cubului construit.,Volumul unui cubuleț = 2³ = 8 cm³. Volumul total = 8 × 8 = 64 cm³. Muchia cubului mare: a³ = 64 => a = 4 cm,4 cm,2,Geometrie - Volume,Geometrie 3D,Geometrie,2 - mediu,alta,,din 8 de cubulete cu muchia de 2 cm bogdan a construit un cub. determinati muchia cubului construit.,volumul unui cubulet = 2³ = 8 cm³. volumul total = 8 × 8 = 64 cm³. muchia cubului mare: a³ = 64 => a = 4 cm,4 cm,100,18,107,4,2,0,0,1,0,0,0,0,din 8 de cubulete cu muchia de 2 cm bogdan a construit un cub. determinati muchia cubului construit.
Generat - Geometrie volume,,"Calculati volumul unui paralelipiped dreptunghic cu dimensiunile 7 cm, 8 cm si 3 cm.",V = a × b × c = 7 × 8 × 3 = 168 cm³,168 cm³,1,Geometrie - Volume,Geometrie 3D,Geometrie,1 - bază,alta,,"calculati volumul unui paralelipiped dreptunghic cu dimensiunile 7 cm, 8 cm si 3 cm.",v = a × b × c = 7 × 8 × 3 = 168 cm³,168 cm³,84,14,35,7,3,0,0,1,0,0,0,0,"calculati volumul unui paralelipiped dreptunghic cu dimensiunile 7 cm, 8 cm si 3 cm."
Generat - Geometrie volume,,Din 64 de cubulete cu muchia de 2 cm Simona a construit un cub. Determinati muchia cubului construit.,Volumul unui cubuleț = 2³ = 8 cm³. Volumul total = 64 × 8 = 512 cm³. Muchia cubului mare: a³ = 512 => a = 8 cm,8 cm,2,Geometrie - Volume,Geometrie 3D,Geometrie,2 - mediu,alta,,din 64 de cubulete cu muchia de 2 cm simona a construit un cub. determinati muchia cubului construit.,volumul unui cubulet = 2³ = 8 cm³. volumul total = 64 × 8 = 512 cm³. muchia cubului mare: a³ = 512 => a = 8 cm,8 cm,101,18,110,4,3,0,0,1,0,0,0,0,din 64 de cubulete cu muchia de 2 cm simona a construit un cub. determinati muchia cubului construit.
Generat - Geometrie volume,,"Calculati volumul unui paralelipiped dreptunghic cu dimensiunile 9 cm, 6 cm si 3 cm.",V = a × b × c = 9 × 6 × 3 = 162 cm³,162 cm³,1,Geometrie - Volume,Geometrie 3D,Geometrie,1 - bază,alta,,"calculati volumul unui paralelipiped dreptunghic cu dimensiunile 9 cm, 6 cm si 3 cm.",v = a × b × c = 9 × 6 × 3 = 162 cm³,162 cm³,84,14,35,7,3,0,0,1,0,0,0,0,"calculati volumul unui paralelipiped dreptunghic cu dimensiunile 9 cm, 6 cm si 3 cm."
Generat - Geometrie volume,,Calculati volumul unui cub cu muchia de 4 cm.,V = a³ = 4³ = 64 cm³,64 cm³,1,Geometrie - Volume,Geometrie 3D,Geometrie,1 - bază,alta,,calculati volumul unui cub cu muchia de 4 cm.,v = a³ = 4³ = 64 cm³,64 cm³,45,9,20,6,1,0,0,1,0,0,0,0,calculati volumul unui cub cu muchia de 4 cm.
Generat - Geometrie volume,,Din 64 de cubulete cu muchia de 5 cm Andrei a construit un cub. Determinati muchia cubului construit.,Volumul unui cubuleț = 5³ = 125 cm³. Volumul total = 64 × 125 = 8000 cm³. Muchia cubului mare: a³ = 8000 => a = 20 cm,20 cm,2,Geometrie - Volume,Geometrie 3D,Geometrie,2 - mediu,alta,,din 64 de cubulete cu muchia de 5 cm andrei a construit un cub. determinati muchia cubului construit.,volumul unui cubulet = 5³ = 125 cm³. volumul total = 64 × 125 = 8000 cm³. muchia cubului mare: a³ = 8000 => a = 20 cm,20 cm,101,18,117,5,3,0,0,1,0,0,0,0,din 64 de cubulete cu muchia de 5 cm andrei a construit un cub. determinati muchia cubului construit.
Generat - Geometrie volume,,"Calculati volumul unui paralelipiped dreptunghic cu dimensiunile 4 cm, 3 cm si 5 cm.",V = a × b × c = 4 × 3 × 5 = 60 cm³,60 cm³,1,Geometrie - Volume,Geometrie 3D,Geometrie,1 - bază,alta,,"calculati volumul unui paralelipiped dreptunghic cu dimensiunile 4 cm, 3 cm si 5 cm.",v = a × b × c = 4 × 3 × 5 = 60 cm³,60 cm³,84,14,34,6,3,0,0,1,0,0,0,0,"calculati volumul unui paralelipiped dreptunghic cu dimensiunile 4 cm, 3 cm si 5 cm."
Generat - Geometrie volume,,"Calculati volumul unui paralelipiped dreptunghic cu dimensiunile 8 cm, 10 cm si 2 cm.",V = a × b × c = 8 × 10 × 2 = 160 cm³,160 cm³,1,Geometrie - Volume,Geometrie 3D,Geometrie,1 - bază,alta,,"calculati volumul unui paralelipiped dreptunghic cu dimensiunile 8 cm, 10 cm si 2 cm.",v = a × b × c = 8 × 10 × 2 = 160 cm³,160 cm³,85,14,36,7,4,0,0,1,0,0,0,0,"calculati volumul unui paralelipiped dreptunghic cu dimensiunile 8 cm, 10 cm si 2 cm."
Generat - Inecuatii,,Rezolvati inecuatia -x - 7 ≥ -3x - 15,-x - 7 ≥ -3x - 15 => -1x - -3x ≥ -15 - -7 => 2x ≥ -8 => x ≥ -4,x ∈ [-4; +∞),2,Inecuatii,Inecuații,"Ecuații, inecuații și sisteme",2 - mediu,alta,,rezolvati inecuatia -x - 7 ≥ -3x - 15,-x - 7 ≥ -3x - 15 => -1x - -3x ≥ -15 - -7 => 2x ≥ -8 => x ≥ -4,x ∈ [-4; +∞),37,9,62,12,4,5,0,0,1,0,0,0,rezolvati inecuatia -x - 7 ≥ -3x - 15
Generat - Inecuatii,,Rezolvati inecuatia -3x - 12 > -5x - 14,-3x - 12 > -5x - 14 => -3x - -5x > -14 - -12 => 2x > -2 => x > -1,x ∈ (-1; +∞),2,Inecuatii,Inecuații,"Ecuații, inecuații și sisteme",2 - mediu,alta,,rezolvati inecuatia -3x - 12 > -5x - 14,-3x - 12 > -5x - 14 => -3x - -5x > -14 - -12 => 2x > -2 => x > -1,x ∈ (-1; +∞),39,9,65,12,6,5,0,0,1,0,0,0,rezolvati inecuatia -3x - 12 > -5x - 14
Generat - Inecuatii,,Rezolvati inecuatia -3x - 9 < x - 4,-3x - 9 < x - 4 => -3x - 1x < -4 - -9 => -4x < 5 => x > -5/4,x ∈ (-5/4; +∞),2,Inecuatii,Inecuații,"Ecuații, inecuații și sisteme",2 - mediu,alta,,rezolvati inecuatia -3x - 9 < x - 4,-3x - 9 < x - 4 => -3x - 1x < -4 - -9 => -4x < 5 => x > -5/4,x ∈ (-5/4; +∞),35,9,60,14,3,4,0,0,1,0,0,0,rezolvati inecuatia -3x - 9 < x - 4
Generat - Inecuatii,,Rezolvati inecuatia 5x + 3 < -x + 14,5x + 3 < -x + 14 => 5x - -1x < 14 - 3 => 6x < 11 => x < 11/6,x ∈ (-∞; 11/6),2,Inecuatii,Inecuații,"Ecuații, inecuații și sisteme",2 - mediu,alta,,rezolvati inecuatia 5x + 3 < -x + 14,5x + 3 < -x + 14 => 5x - -1x < 14 - 3 => 6x < 11 => x < 11/6,x ∈ (-∞; 11/6),36,9,60,14,4,4,0,0,1,0,0,0,rezolvati inecuatia 5x + 3 < -x + 14
Generat - Inecuatii,,Rezolvati inecuatia -5x - 13 ≥ -2x + 13,-5x - 13 ≥ -2x + 13 => -5x - -2x ≥ 13 - -13 => -3x ≥ 26 => x ≤ -26/3,x ∈ (-∞; -26/3],2,Inecuatii,Inecuații,"Ecuații, inecuații și sisteme",2 - mediu,alta,,rezolvati inecuatia -5x - 13 ≥ -2x + 13,-5x - 13 ≥ -2x + 13 => -5x - -2x ≥ 13 - -13 => -3x ≥ 26 => x ≤ -26/3,x ∈ (-∞; -26/3],39,9,68,15,6,5,0,0,1,0,0,0,rezolvati inecuatia -5x - 13 ≥ -2x + 13
Generat - Inecuatii,,Rezolvati inecuatia -3x - 13 < 0x - 12,-3x - 13 < 0x - 12 => -3x - 0x < -12 - -13 => -3x < 1 => x > -1/3,x ∈ (-1/3; +∞),2,Inecuatii,Inecuații,"Ecuații, inecuații și sisteme",2 - mediu,alta,,rezolvati inecuatia -3x - 13 < 0x - 12,-3x - 13 < 0x - 12 => -3x - 0x < -12 - -13 => -3x < 1 => x > -1/3,x ∈ (-1/3; +∞),38,9,65,14,6,4,0,0,1,0,0,0,rezolvati inecuatia -3x - 13 < 0x - 12
Generat - Inecuatii,,Rezolvati inecuatia 3x - 14 ≥ -3x + 14,3x - 14 ≥ -3x + 14 => 3x - -3x ≥ 14 - -14 => 6x ≥ 28 => x ≥ 14/3,x ∈ [14/3; +∞),2,Inecuatii,Inecuații,"Ecuații, inecuații și sisteme",2 - mediu,alta,,rezolvati inecuatia 3x - 14 ≥ -3x + 14,3x - 14 ≥ -3x + 14 => 3x - -3x ≥ 14 - -14 => 6x ≥ 28 => x ≥ 14/3,x ∈ [14/3; +∞),38,9,64,14,6,4,0,0,1,0,0,0,rezolvati inecuatia 3x - 14 ≥ -3x + 14
Generat - Inecuatii,,Rezolvati inecuatia 2x ≥ -5x - 3,2x ≥ -5x - 3 => 2x - -5x ≥ -3 - 0 => 7x ≥ -3 => x ≥ -3/7,x ∈ [-3/7; +∞),2,Inecuatii,Inecuații,"Ecuații, inecuații și sisteme",2 - mediu,alta,,rezolvati inecuatia 2x ≥ -5x - 3,2x ≥ -5x - 3 => 2x - -5x ≥ -3 - 0 => 7x ≥ -3 => x ≥ -3/7,x ∈ [-3/7; +∞),32,7,56,14,3,3,0,0,1,0,0,0,rezolvati inecuatia 2x ≥ -5x - 3
Generat - Inecuatii,,Rezolvati inecuatia -3x - 4 > -2x + 14,-3x - 4 > -2x + 14 => -3x - -2x > 14 - -4 => -1x > 18 => x < -18,x ∈ (-∞; -18),2,Inecuatii,Inecuații,"Ecuații, inecuații și sisteme",2 - mediu,alta,,rezolvati inecuatia -3x - 4 > -2x + 14,-3x - 4 > -2x + 14 => -3x - -2x > 14 - -4 => -1x > 18 => x < -18,x ∈ (-∞; -18),38,9,64,13,5,5,0,0,1,0,0,0,rezolvati inecuatia -3x - 4 > -2x + 14
Generat - Inecuatii,,Rezolvati inecuatia -x - 7 > 2x + 13,-x - 7 > 2x + 13 => -1x - 2x > 13 - -7 => -3x > 20 => x < -20/3,x ∈ (-∞; -20/3),2,Inecuatii,Inecuații,"Ecuații, inecuații și sisteme",2 - mediu,alta,,rezolvati inecuatia -x - 7 > 2x + 13,-x - 7 > 2x + 13 => -1x - 2x > 13 - -7 => -3x > 20 => x < -20/3,x ∈ (-∞; -20/3),36,9,63,15,4,4,0,0,1,0,0,0,rezolvati inecuatia -x - 7 > 2x + 13
Generat - Inecuatii,,Rezolvati inecuatia -5x + 4 > 4x + 4,-5x + 4 > 4x + 4 => -5x - 4x > 4 - 4 => -9x > 0 => x < 0,x ∈ (-∞; 0),2,Inecuatii,Inecuații,"Ecuații, inecuații și sisteme",2 - mediu,alta,,rezolvati inecuatia -5x + 4 > 4x + 4,-5x + 4 > 4x + 4 => -5x - 4x > 4 - 4 => -9x > 0 => x < 0,x ∈ (-∞; 0),36,9,56,11,4,4,0,0,1,0,0,0,rezolvati inecuatia -5x + 4 > 4x + 4
Generat - Inecuatii,,Rezolvati inecuatia -x ≥ x + 13,-x ≥ x + 13 => -1x - 1x ≥ 13 - 0 => -2x ≥ 13 => x ≤ -13/2,x ∈ (-∞; -13/2],2,Inecuatii,Inecuații,"Ecuații, inecuații și sisteme",2 - mediu,alta,,rezolvati inecuatia -x ≥ x + 13,-x ≥ x + 13 => -1x - 1x ≥ 13 - 0 => -2x ≥ 13 => x ≤ -13/2,x ∈ (-∞; -13/2],31,7,57,15,2,3,0,0,1,0,0,0,rezolvati inecuatia -x ≥ x + 13
Generat - Inecuatii,,Rezolvati inecuatia -5x - 13 > -x - 3,-5x - 13 > -x - 3 => -5x - -1x > -3 - -13 => -4x > 10 => x < -5/2,x ∈ (-∞; -5/2),2,Inecuatii,Inecuații,"Ecuații, inecuații și sisteme",2 - mediu,alta,,rezolvati inecuatia -5x - 13 > -x - 3,-5x - 13 > -x - 3 => -5x - -1x > -3 - -13 => -4x > 10 => x < -5/2,x ∈ (-∞; -5/2),37,9,65,14,4,5,0,0,1,0,0,0,rezolvati inecuatia -5x - 13 > -x - 3
Generat - Inecuatii,,Rezolvati inecuatia 2x - 9 > 5x + 13,2x - 9 > 5x + 13 => 2x - 5x > 13 - -9 => -3x > 22 => x < -22/3,x ∈ (-∞; -22/3),2,Inecuatii,Inecuații,"Ecuații, inecuații și sisteme",2 - mediu,alta,,rezolvati inecuatia 2x - 9 > 5x + 13,2x - 9 > 5x + 13 => 2x - 5x > 13 - -9 => -3x > 22 => x < -22/3,x ∈ (-∞; -22/3),36,9,62,15,5,3,0,0,1,0,0,0,rezolvati inecuatia 2x - 9 > 5x + 13
Generat - Inecuatii,,Rezolvati inecuatia 4x + 10 ≤ -5x - 3,4x + 10 ≤ -5x - 3 => 4x - -5x ≤ -3 - 10 => 9x ≤ -13 => x ≤ -13/9,x ∈ (-∞; -13/9],2,Inecuatii,Inecuații,"Ecuații, inecuații și sisteme",2 - mediu,alta,,rezolvati inecuatia 4x + 10 ≤ -5x - 3,4x + 10 ≤ -5x - 3 => 4x - -5x ≤ -3 - 10 => 9x ≤ -13 => x ≤ -13/9,x ∈ (-∞; -13/9],37,9,64,15,5,4,0,0,1,0,0,0,rezolvati inecuatia 4x + 10 ≤ -5x - 3
Generat - Inecuatii,,Rezolvati inecuatia 3x + 2 ≤ 2x - 4,3x + 2 ≤ 2x - 4 => 3x - 2x ≤ -4 - 2 => 1x ≤ -6 => x ≤ -6,x ∈ (-∞; -6],2,Inecuatii,Inecuații,"Ecuații, inecuații și sisteme",2 - mediu,alta,,rezolvati inecuatia 3x + 2 ≤ 2x - 4,3x + 2 ≤ 2x - 4 => 3x - 2x ≤ -4 - 2 => 1x ≤ -6 => x ≤ -6,x ∈ (-∞; -6],35,9,56,12,4,3,0,0,1,0,0,0,rezolvati inecuatia 3x + 2 ≤ 2x - 4
Generat - Inecuatii,,Rezolvati inecuatia 2x - 7 ≤ -3x - 15,2x - 7 ≤ -3x - 15 => 2x - -3x ≤ -15 - -7 => 5x ≤ -8 => x ≤ -8/5,x ∈ (-∞; -8/5],2,Inecuatii,Inecuații,"Ecuații, inecuații și sisteme",2 - mediu,alta,,rezolvati inecuatia 2x - 7 ≤ -3x - 15,2x - 7 ≤ -3x - 15 => 2x - -3x ≤ -15 - -7 => 5x ≤ -8 => x ≤ -8/5,x ∈ (-∞; -8/5],37,9,63,14,5,4,0,0,1,0,0,0,rezolvati inecuatia 2x - 7 ≤ -3x - 15
Generat - Inecuatii,,Rezolvati inecuatia 5x - 8 ≤ -5x + 13,5x - 8 ≤ -5x + 13 => 5x - -5x ≤ 13 - -8 => 10x ≤ 21 => x ≤ 21/10,x ∈ (-∞; 21/10],2,Inecuatii,Inecuații,"Ecuații, inecuații și sisteme",2 - mediu,alta,,rezolvati inecuatia 5x - 8 ≤ -5x + 13,5x - 8 ≤ -5x + 13 => 5x - -5x ≤ 13 - -8 => 10x ≤ 21 => x ≤ 21/10,x ∈ (-∞; 21/10],37,9,64,15,5,4,0,0,1,0,0,0,rezolvati inecuatia 5x - 8 ≤ -5x + 13
Generat - Inecuatii,,Rezolvati inecuatia -5x + 10 ≤ 2x + 1,-5x + 10 ≤ 2x + 1 => -5x - 2x ≤ 1 - 10 => -7x ≤ -9 => x ≥ 9/7,x ∈ [9/7; +∞),2,Inecuatii,Inecuații,"Ecuații, inecuații și sisteme",2 - mediu,alta,,rezolvati inecuatia -5x + 10 ≤ 2x + 1,-5x + 10 ≤ 2x + 1 => -5x - 2x ≤ 1 - 10 => -7x ≤ -9 => x ≥ 9/7,x ∈ [9/7; +∞),37,9,61,13,5,4,0,0,1,0,0,0,rezolvati inecuatia -5x + 10 ≤ 2x + 1
Generat - Inecuatii,,Rezolvati inecuatia 5x - 8 > -3x - 12,5x - 8 > -3x - 12 => 5x - -3x > -12 - -8 => 8x > -4 => x > -1/2,x ∈ (-1/2; +∞),2,Inecuatii,Inecuații,"Ecuații, inecuații și sisteme",2 - mediu,alta,,rezolvati inecuatia 5x - 8 > -3x - 12,5x - 8 > -3x - 12 => 5x - -3x > -12 - -8 => 8x > -4 => x > -1/2,x ∈ (-1/2; +∞),37,9,63,14,5,4,0,0,1,0,0,0,rezolvati inecuatia 5x - 8 > -3x - 12
Generat - Inecuatii,,Rezolvati inecuatia -2x - 7 < 3x + 11,-2x - 7 < 3x + 11 => -2x - 3x < 11 - -7 => -5x < 18 => x > -18/5,x ∈ (-18/5; +∞),2,Inecuatii,Inecuații,"Ecuații, inecuații și sisteme",2 - mediu,alta,,rezolvati inecuatia -2x - 7 < 3x + 11,-2x - 7 < 3x + 11 => -2x - 3x < 11 - -7 => -5x < 18 => x > -18/5,x ∈ (-18/5; +∞),37,9,64,15,5,4,0,0,1,0,0,0,rezolvati inecuatia -2x - 7 < 3x + 11
Generat - Inecuatii,,Rezolvati inecuatia -2x + 3 > x - 4,-2x + 3 > x - 4 => -2x - 1x > -4 - 3 => -3x > -7 => x < 7/3,x ∈ (-∞; 7/3),2,Inecuatii,Inecuații,"Ecuații, inecuații și sisteme",2 - mediu,alta,,rezolvati inecuatia -2x + 3 > x - 4,-2x + 3 > x - 4 => -2x - 1x > -4 - 3 => -3x > -7 => x < 7/3,x ∈ (-∞; 7/3),35,9,59,13,3,4,0,0,1,0,0,0,rezolvati inecuatia -2x + 3 > x - 4
Generat - Inecuatii,,Rezolvati inecuatia -3x - 8 ≤ 4x - 5,-3x - 8 ≤ 4x - 5 => -3x - 4x ≤ -5 - -8 => -7x ≤ 3 => x ≥ -3/7,x ∈ [-3/7; +∞),2,Inecuatii,Inecuații,"Ecuații, inecuații și sisteme",2 - mediu,alta,,rezolvati inecuatia -3x - 8 ≤ 4x - 5,-3x - 8 ≤ 4x - 5 => -3x - 4x ≤ -5 - -8 => -7x ≤ 3 => x ≥ -3/7,x ∈ [-3/7; +∞),36,9,61,14,4,4,0,0,1,0,0,0,rezolvati inecuatia -3x - 8 ≤ 4x - 5
Generat - Inecuatii,,Rezolvati inecuatia 5x - 15 > 0x + 15,5x - 15 > 0x + 15 => 5x - 0x > 15 - -15 => 5x > 30 => x > 6,x ∈ (6; +∞),2,Inecuatii,Inecuații,"Ecuații, inecuații și sisteme",2 - mediu,alta,,rezolvati inecuatia 5x - 15 > 0x + 15,5x - 15 > 0x + 15 => 5x - 0x > 15 - -15 => 5x > 30 => x > 6,x ∈ (6; +∞),37,9,59,11,6,3,0,0,1,0,0,0,rezolvati inecuatia 5x - 15 > 0x + 15
Generat - Inecuatii,,Rezolvati inecuatia 5x + 15 ≥ -2x + 11,5x + 15 ≥ -2x + 11 => 5x - -2x ≥ 11 - 15 => 7x ≥ -4 => x ≥ -4/7,x ∈ [-4/7; +∞),2,Inecuatii,Inecuații,"Ecuații, inecuații și sisteme",2 - mediu,alta,,rezolvati inecuatia 5x + 15 ≥ -2x + 11,5x + 15 ≥ -2x + 11 => 5x - -2x ≥ 11 - 15 => 7x ≥ -4 => x ≥ -4/7,x ∈ [-4/7; +∞),38,9,63,14,6,4,0,0,1,0,0,0,rezolvati inecuatia 5x + 15 ≥ -2x + 11
Generat - Inecuatii,,Rezolvati inecuatia 4x - 6 < -3x,4x - 6 < -3x => 4x - -3x < 0 - -6 => 7x < 6 => x < 6/7,x ∈ (-∞; 6/7),2,Inecuatii,Inecuații,"Ecuații, inecuații și sisteme",2 - mediu,alta,,rezolvati inecuatia 4x - 6 < -3x,4x - 6 < -3x => 4x - -3x < 0 - -6 => 7x < 6 => x < 6/7,x ∈ (-∞; 6/7),32,7,54,13,3,3,0,0,1,0,0,0,rezolvati inecuatia 4x - 6 < -3x
Generat - Inecuatii,,Rezolvati inecuatia -4x - 14 > -2x + 4,-4x - 14 > -2x + 4 => -4x - -2x > 4 - -14 => -2x > 18 => x < -9,x ∈ (-∞; -9),2,Inecuatii,Inecuații,"Ecuații, inecuații și sisteme",2 - mediu,alta,,rezolvati inecuatia -4x - 14 > -2x + 4,-4x - 14 > -2x + 4 => -4x - -2x > 4 - -14 => -2x > 18 => x < -9,x ∈ (-∞; -9),38,9,63,12,5,5,0,0,1,0,0,0,rezolvati inecuatia -4x - 14 > -2x + 4
Generat - Inecuatii,,Rezolvati inecuatia -5x + 1 ≤ 2x - 15,-5x + 1 ≤ 2x - 15 => -5x - 2x ≤ -15 - 1 => -7x ≤ -16 => x ≥ 16/7,x ∈ [16/7; +∞),2,Inecuatii,Inecuații,"Ecuații, inecuații și sisteme",2 - mediu,alta,,rezolvati inecuatia -5x + 1 ≤ 2x - 15,-5x + 1 ≤ 2x - 15 => -5x - 2x ≤ -15 - 1 => -7x ≤ -16 => x ≥ 16/7,x ∈ [16/7; +∞),37,9,64,14,5,4,0,0,1,0,0,0,rezolvati inecuatia -5x + 1 ≤ 2x - 15
Generat - Inecuatii,,Rezolvati inecuatia 5x - 9 > -3x - 5,5x - 9 > -3x - 5 => 5x - -3x > -5 - -9 => 8x > 4 => x > 1/2,x ∈ (1/2; +∞),2,Inecuatii,Inecuații,"Ecuații, inecuații și sisteme",2 - mediu,alta,,rezolvati inecuatia 5x - 9 > -3x - 5,5x - 9 > -3x - 5 => 5x - -3x > -5 - -9 => 8x > 4 => x > 1/2,x ∈ (1/2; +∞),36,9,59,13,4,4,0,0,1,0,0,0,rezolvati inecuatia 5x - 9 > -3x - 5
Generat - Inecuatii,,Rezolvati inecuatia x - 14 > -5x - 11,x - 14 > -5x - 11 => 1x - -5x > -11 - -14 => 6x > 3 => x > 1/2,x ∈ (1/2; +∞),2,Inecuatii,Inecuații,"Ecuații, inecuații și sisteme",2 - mediu,alta,,rezolvati inecuatia x - 14 > -5x - 11,x - 14 > -5x - 11 => 1x - -5x > -11 - -14 => 6x > 3 => x > 1/2,x ∈ (1/2; +∞),37,9,62,13,5,4,0,0,1,0,0,0,rezolvati inecuatia x - 14 > -5x - 11
Generat - Inecuatii,,Rezolvati inecuatia -4x + 12 ≤ 3x + 12,-4x + 12 ≤ 3x + 12 => -4x - 3x ≤ 12 - 12 => -7x ≤ 0 => x ≥ 0,x ∈ [0; +∞),2,Inecuatii,Inecuații,"Ecuații, inecuații și sisteme",2 - mediu,alta,,rezolvati inecuatia -4x + 12 ≤ 3x + 12,-4x + 12 ≤ 3x + 12 => -4x - 3x ≤ 12 - 12 => -7x ≤ 0 => x ≥ 0,x ∈ [0; +∞),38,9,60,11,6,4,0,0,1,0,0,0,rezolvati inecuatia -4x + 12 ≤ 3x + 12
Generat - Inecuatii,,Rezolvati inecuatia -4x - 4 < 5x - 3,-4x - 4 < 5x - 3 => -4x - 5x < -3 - -4 => -9x < 1 => x > -1/9,x ∈ (-1/9; +∞),2,Inecuatii,Inecuații,"Ecuații, inecuații și sisteme",2 - mediu,alta,,rezolvati inecuatia -4x - 4 < 5x - 3,-4x - 4 < 5x - 3 => -4x - 5x < -3 - -4 => -9x < 1 => x > -1/9,x ∈ (-1/9; +∞),36,9,61,14,4,4,0,0,1,0,0,0,rezolvati inecuatia -4x - 4 < 5x - 3
Generat - Inecuatii,,Rezolvati inecuatia x - 6 > 0x - 11,x - 6 > 0x - 11 => 1x - 0x > -11 - -6 => 1x > -5 => x > -5,x ∈ (-5; +∞),2,Inecuatii,Inecuații,"Ecuații, inecuații și sisteme",2 - mediu,alta,,rezolvati inecuatia x - 6 > 0x - 11,x - 6 > 0x - 11 => 1x - 0x > -11 - -6 => 1x > -5 => x > -5,x ∈ (-5; +∞),35,9,58,12,4,3,0,0,1,0,0,0,rezolvati inecuatia x - 6 > 0x - 11
Generat - Inecuatii,,Rezolvati inecuatia 2x + 10 ≥ 5x + 15,2x + 10 ≥ 5x + 15 => 2x - 5x ≥ 15 - 10 => -3x ≥ 5 => x ≤ -5/3,x ∈ (-∞; -5/3],2,Inecuatii,Inecuații,"Ecuații, inecuații și sisteme",2 - mediu,alta,,rezolvati inecuatia 2x + 10 ≥ 5x + 15,2x + 10 ≥ 5x + 15 => 2x - 5x ≥ 15 - 10 => -3x ≥ 5 => x ≤ -5/3,x ∈ (-∞; -5/3],37,9,61,14,6,3,0,0,1,0,0,0,rezolvati inecuatia 2x + 10 ≥ 5x + 15
Generat - Inecuatii,,Rezolvati inecuatia x - 10 ≤ 3x + 7,x - 10 ≤ 3x + 7 => 1x - 3x ≤ 7 - -10 => -2x ≤ 17 => x ≥ -17/2,x ∈ [-17/2; +∞),2,Inecuatii,Inecuații,"Ecuații, inecuații și sisteme",2 - mediu,alta,,rezolvati inecuatia x - 10 ≤ 3x + 7,x - 10 ≤ 3x + 7 => 1x - 3x ≤ 7 - -10 => -2x ≤ 17 => x ≥ -17/2,x ∈ [-17/2; +∞),35,9,61,15,4,3,0,0,1,0,0,0,rezolvati inecuatia x - 10 ≤ 3x + 7
Generat - Inecuatii,,Rezolvati inecuatia -2x + 6 > 4x + 11,-2x + 6 > 4x + 11 => -2x - 4x > 11 - 6 => -6x > 5 => x < -5/6,x ∈ (-∞; -5/6),2,Inecuatii,Inecuații,"Ecuații, inecuații și sisteme",2 - mediu,alta,,rezolvati inecuatia -2x + 6 > 4x + 11,-2x + 6 > 4x + 11 => -2x - 4x > 11 - 6 => -6x > 5 => x < -5/6,x ∈ (-∞; -5/6),37,9,61,14,5,4,0,0,1,0,0,0,rezolvati inecuatia -2x + 6 > 4x + 11
Generat - Inecuatii,,Rezolvati inecuatia 2x - 6 > -x - 11,2x - 6 > -x - 11 => 2x - -1x > -11 - -6 => 3x > -5 => x > -5/3,x ∈ (-5/3; +∞),2,Inecuatii,Inecuații,"Ecuații, inecuații și sisteme",2 - mediu,alta,,rezolvati inecuatia 2x - 6 > -x - 11,2x - 6 > -x - 11 => 2x - -1x > -11 - -6 => 3x > -5 => x > -5/3,x ∈ (-5/3; +∞),36,9,62,14,4,4,0,0,1,0,0,0,rezolvati inecuatia 2x - 6 > -x - 11
Generat - Inecuatii,,Rezolvati inecuatia -5x + 15 < 4x - 3,-5x + 15 < 4x - 3 => -5x - 4x < -3 - 15 => -9x < -18 => x > 2,x ∈ (2; +∞),2,Inecuatii,Inecuații,"Ecuații, inecuații și sisteme",2 - mediu,alta,,rezolvati inecuatia -5x + 15 < 4x - 3,-5x + 15 < 4x - 3 => -5x - 4x < -3 - 15 => -9x < -18 => x > 2,x ∈ (2; +∞),37,9,61,11,5,4,0,0,1,0,0,0,rezolvati inecuatia -5x + 15 < 4x - 3
Generat - Inecuatii,,Rezolvati inecuatia -3x + 4 > 0x + 14,-3x + 4 > 0x + 14 => -3x - 0x > 14 - 4 => -3x > 10 => x < -10/3,x ∈ (-∞; -10/3),2,Inecuatii,Inecuații,"Ecuații, inecuații și sisteme",2 - mediu,alta,,rezolvati inecuatia -3x + 4 > 0x + 14,-3x + 4 > 0x + 14 => -3x - 0x > 14 - 4 => -3x > 10 => x < -10/3,x ∈ (-∞; -10/3),37,9,63,15,5,4,0,0,1,0,0,0,rezolvati inecuatia -3x + 4 > 0x + 14
Generat - Inecuatii,,Rezolvati inecuatia 5x - 12 ≤ 2x - 11,5x - 12 ≤ 2x - 11 => 5x - 2x ≤ -11 - -12 => 3x ≤ 1 => x ≤ 1/3,x ∈ (-∞; 1/3],2,Inecuatii,Inecuații,"Ecuații, inecuații și sisteme",2 - mediu,alta,,rezolvati inecuatia 5x - 12 ≤ 2x - 11,5x - 12 ≤ 2x - 11 => 5x - 2x ≤ -11 - -12 => 3x ≤ 1 => x ≤ 1/3,x ∈ (-∞; 1/3],37,9,61,13,6,3,0,0,1,0,0,0,rezolvati inecuatia 5x - 12 ≤ 2x - 11
Generat - Inecuatii,,Rezolvati inecuatia -4x - 8 > 0x - 5,-4x - 8 > 0x - 5 => -4x - 0x > -5 - -8 => -4x > 3 => x < -3/4,x ∈ (-∞; -3/4),2,Inecuatii,Inecuații,"Ecuații, inecuații și sisteme",2 - mediu,alta,,rezolvati inecuatia -4x - 8 > 0x - 5,-4x - 8 > 0x - 5 => -4x - 0x > -5 - -8 => -4x > 3 => x < -3/4,x ∈ (-∞; -3/4),36,9,61,14,4,4,0,0,1,0,0,0,rezolvati inecuatia -4x - 8 > 0x - 5
Generat - Inecuatii,,Rezolvati inecuatia -4x + 11 ≤ 5x + 5,-4x + 11 ≤ 5x + 5 => -4x - 5x ≤ 5 - 11 => -9x ≤ -6 => x ≥ 2/3,x ∈ [2/3; +∞),2,Inecuatii,Inecuații,"Ecuații, inecuații și sisteme",2 - mediu,alta,,rezolvati inecuatia -4x + 11 ≤ 5x + 5,-4x + 11 ≤ 5x + 5 => -4x - 5x ≤ 5 - 11 => -9x ≤ -6 => x ≥ 2/3,x ∈ [2/3; +∞),37,9,61,13,5,4,0,0,1,0,0,0,rezolvati inecuatia -4x + 11 ≤ 5x + 5
Generat - Inecuatii,,Rezolvati inecuatia 3x - 15 > -x - 9,3x - 15 > -x - 9 => 3x - -1x > -9 - -15 => 4x > 6 => x > 3/2,x ∈ (3/2; +∞),2,Inecuatii,Inecuații,"Ecuații, inecuații și sisteme",2 - mediu,alta,,rezolvati inecuatia 3x - 15 > -x - 9,3x - 15 > -x - 9 => 3x - -1x > -9 - -15 => 4x > 6 => x > 3/2,x ∈ (3/2; +∞),36,9,60,13,4,4,0,0,1,0,0,0,rezolvati inecuatia 3x - 15 > -x - 9
Generat - Inecuatii,,Rezolvati inecuatia -4x - 4 < -x + 10,-4x - 4 < -x + 10 => -4x - -1x < 10 - -4 => -3x < 14 => x > -14/3,x ∈ (-14/3; +∞),2,Inecuatii,Inecuații,"Ecuații, inecuații și sisteme",2 - mediu,alta,,rezolvati inecuatia -4x - 4 < -x + 10,-4x - 4 < -x + 10 => -4x - -1x < 10 - -4 => -3x < 14 => x > -14/3,x ∈ (-14/3; +∞),37,9,65,15,4,5,0,0,1,0,0,0,rezolvati inecuatia -4x - 4 < -x + 10
Generat - Inecuatii,,Rezolvati inecuatia -5x - 14 ≥ x - 1,-5x - 14 ≥ x - 1 => -5x - 1x ≥ -1 - -14 => -6x ≥ 13 => x ≤ -13/6,x ∈ (-∞; -13/6],2,Inecuatii,Inecuații,"Ecuații, inecuații și sisteme",2 - mediu,alta,,rezolvati inecuatia -5x - 14 ≥ x - 1,-5x - 14 ≥ x - 1 => -5x - 1x ≥ -1 - -14 => -6x ≥ 13 => x ≤ -13/6,x ∈ (-∞; -13/6],36,9,64,15,4,4,0,0,1,0,0,0,rezolvati inecuatia -5x - 14 ≥ x - 1
Generat - Inecuatii,,Rezolvati inecuatia -3x + 13 ≥ x,-3x + 13 ≥ x => -3x - 1x ≥ 0 - 13 => -4x ≥ -13 => x ≤ 13/4,x ∈ (-∞; 13/4],2,Inecuatii,Inecuații,"Ecuații, inecuații și sisteme",2 - mediu,alta,,rezolvati inecuatia -3x + 13 ≥ x,-3x + 13 ≥ x => -3x - 1x ≥ 0 - 13 => -4x ≥ -13 => x ≤ 13/4,x ∈ (-∞; 13/4],32,7,58,14,3,3,0,0,1,0,0,0,rezolvati inecuatia -3x + 13 ≥ x
Generat - Inecuatii,,Rezolvati inecuatia 3x + 10 > 4x + 5,3x + 10 > 4x + 5 => 3x - 4x > 5 - 10 => -1x > -5 => x < 5,x ∈ (-∞; 5),2,Inecuatii,Inecuații,"Ecuații, inecuații și sisteme",2 - mediu,alta,,rezolvati inecuatia 3x + 10 > 4x + 5,3x + 10 > 4x + 5 => 3x - 4x > 5 - 10 => -1x > -5 => x < 5,x ∈ (-∞; 5),36,9,57,11,5,3,0,0,1,0,0,0,rezolvati inecuatia 3x + 10 > 4x + 5
Generat - Inecuatii,,Rezolvati inecuatia -3x - 1 < -4x + 10,-3x - 1 < -4x + 10 => -3x - -4x < 10 - -1 => 1x < 11 => x < 11,x ∈ (-∞; 11),2,Inecuatii,Inecuații,"Ecuații, inecuații și sisteme",2 - mediu,alta,,rezolvati inecuatia -3x - 1 < -4x + 10,-3x - 1 < -4x + 10 => -3x - -4x < 10 - -1 => 1x < 11 => x < 11,x ∈ (-∞; 11),38,9,62,12,5,5,0,0,1,0,0,0,rezolvati inecuatia -3x - 1 < -4x + 10
Generat - Inecuatii,,Rezolvati inecuatia -x - 15 < 0x - 7,-x - 15 < 0x - 7 => -1x - 0x < -7 - -15 => -1x < 8 => x > -8,x ∈ (-8; +∞),2,Inecuatii,Inecuații,"Ecuații, inecuații și sisteme",2 - mediu,alta,,rezolvati inecuatia -x - 15 < 0x - 7,-x - 15 < 0x - 7 => -1x - 0x < -7 - -15 => -1x < 8 => x > -8,x ∈ (-8; +∞),36,9,60,12,4,4,0,0,1,0,0,0,rezolvati inecuatia -x - 15 < 0x - 7
Generat - Inecuatii,,Rezolvati inecuatia -4x - 5 ≥ -3x + 13,-4x - 5 ≥ -3x + 13 => -4x - -3x ≥ 13 - -5 => -1x ≥ 18 => x ≤ -18,x ∈ (-∞; -18],2,Inecuatii,Inecuații,"Ecuații, inecuații și sisteme",2 - mediu,alta,,rezolvati inecuatia -4x - 5 ≥ -3x + 13,-4x - 5 ≥ -3x + 13 => -4x - -3x ≥ 13 - -5 => -1x ≥ 18 => x ≤ -18,x ∈ (-∞; -18],38,9,64,13,5,5,0,0,1,0,0,0,rezolvati inecuatia -4x - 5 ≥ -3x + 13
Generat - Inecuatii,,Rezolvati inecuatia -3x + 8 < -4x + 2,-3x + 8 < -4x + 2 => -3x - -4x < 2 - 8 => 1x < -6 => x < -6,x ∈ (-∞; -6),2,Inecuatii,Inecuații,"Ecuații, inecuații și sisteme",2 - mediu,alta,,rezolvati inecuatia -3x + 8 < -4x + 2,-3x + 8 < -4x + 2 => -3x - -4x < 2 - 8 => 1x < -6 => x < -6,x ∈ (-∞; -6),37,9,59,12,4,5,0,0,1,0,0,0,rezolvati inecuatia -3x + 8 < -4x + 2
Generat - Inecuatii,,Rezolvati inecuatia x + 4 ≥ 4x + 13,x + 4 ≥ 4x + 13 => 1x - 4x ≥ 13 - 4 => -3x ≥ 9 => x ≤ -3,x ∈ (-∞; -3],2,Inecuatii,Inecuații,"Ecuații, inecuații și sisteme",2 - mediu,alta,,rezolvati inecuatia x + 4 ≥ 4x + 13,x + 4 ≥ 4x + 13 => 1x - 4x ≥ 13 - 4 => -3x ≥ 9 => x ≤ -3,x ∈ (-∞; -3],35,9,56,12,4,3,0,0,1,0,0,0,rezolvati inecuatia x + 4 ≥ 4x + 13
Generat - Inecuatii,,Rezolvati inecuatia -5x - 2 ≥ 5x - 10,-5x - 2 ≥ 5x - 10 => -5x - 5x ≥ -10 - -2 => -10x ≥ -8 => x ≤ 4/5,x ∈ (-∞; 4/5],2,Inecuatii,Inecuații,"Ecuații, inecuații și sisteme",2 - mediu,alta,,rezolvati inecuatia -5x - 2 ≥ 5x - 10,-5x - 2 ≥ 5x - 10 => -5x - 5x ≥ -10 - -2 => -10x ≥ -8 => x ≤ 4/5,x ∈ (-∞; 4/5],37,9,64,13,5,4,0,0,1,0,0,0,rezolvati inecuatia -5x - 2 ≥ 5x - 10
Generat - Inecuatii,,Rezolvati inecuatia -3x - 14 > -4x - 5,-3x - 14 > -4x - 5 => -3x - -4x > -5 - -14 => 1x > 9 => x > 9,x ∈ (9; +∞),2,Inecuatii,Inecuații,"Ecuații, inecuații și sisteme",2 - mediu,alta,,rezolvati inecuatia -3x - 14 > -4x - 5,-3x - 14 > -4x - 5 => -3x - -4x > -5 - -14 => 1x > 9 => x > 9,x ∈ (9; +∞),38,9,61,11,5,5,0,0,1,0,0,0,rezolvati inecuatia -3x - 14 > -4x - 5
Generat - Inecuatii,,Rezolvati inecuatia -2x - 2 ≤ 3x + 8,-2x - 2 ≤ 3x + 8 => -2x - 3x ≤ 8 - -2 => -5x ≤ 10 => x ≥ -2,x ∈ [-2; +∞),2,Inecuatii,Inecuații,"Ecuații, inecuații și sisteme",2 - mediu,alta,,rezolvati inecuatia -2x - 2 ≤ 3x + 8,-2x - 2 ≤ 3x + 8 => -2x - 3x ≤ 8 - -2 => -5x ≤ 10 => x ≥ -2,x ∈ [-2; +∞),36,9,59,12,4,4,0,0,1,0,0,0,rezolvati inecuatia -2x - 2 ≤ 3x + 8
Generat - Inecuatii,,Rezolvati inecuatia -x - 6 < -2x - 12,-x - 6 < -2x - 12 => -1x - -2x < -12 - -6 => 1x < -6 => x < -6,x ∈ (-∞; -6),2,Inecuatii,Inecuații,"Ecuații, inecuații și sisteme",2 - mediu,alta,,rezolvati inecuatia -x - 6 < -2x - 12,-x - 6 < -2x - 12 => -1x - -2x < -12 - -6 => 1x < -6 => x < -6,x ∈ (-∞; -6),37,9,62,12,4,5,0,0,1,0,0,0,rezolvati inecuatia -x - 6 < -2x - 12
Generat - Inecuatii,,Rezolvati inecuatia 2x + 3 ≥ 3x + 11,2x + 3 ≥ 3x + 11 => 2x - 3x ≥ 11 - 3 => -1x ≥ 8 => x ≤ -8,x ∈ (-∞; -8],2,Inecuatii,Inecuații,"Ecuații, inecuații și sisteme",2 - mediu,alta,,rezolvati inecuatia 2x + 3 ≥ 3x + 11,2x + 3 ≥ 3x + 11 => 2x - 3x ≥ 11 - 3 => -1x ≥ 8 => x ≤ -8,x ∈ (-∞; -8],36,9,57,12,5,3,0,0,1,0,0,0,rezolvati inecuatia 2x + 3 ≥ 3x + 11
Generat - Inecuatii,,Rezolvati inecuatia -3x - 14 ≥ 0x - 15,-3x - 14 ≥ 0x - 15 => -3x - 0x ≥ -15 - -14 => -3x ≥ -1 => x ≤ 1/3,x ∈ (-∞; 1/3],2,Inecuatii,Inecuații,"Ecuații, inecuații și sisteme",2 - mediu,alta,,rezolvati inecuatia -3x - 14 ≥ 0x - 15,-3x - 14 ≥ 0x - 15 => -3x - 0x ≥ -15 - -14 => -3x ≥ -1 => x ≤ 1/3,x ∈ (-∞; 1/3],38,9,65,13,6,4,0,0,1,0,0,0,rezolvati inecuatia -3x - 14 ≥ 0x - 15
Generat - Inecuatii,,Rezolvati inecuatia -4x - 6 ≥ 5x + 5,-4x - 6 ≥ 5x + 5 => -4x - 5x ≥ 5 - -6 => -9x ≥ 11 => x ≤ -11/9,x ∈ (-∞; -11/9],2,Inecuatii,Inecuații,"Ecuații, inecuații și sisteme",2 - mediu,alta,,rezolvati inecuatia -4x - 6 ≥ 5x + 5,-4x - 6 ≥ 5x + 5 => -4x - 5x ≥ 5 - -6 => -9x ≥ 11 => x ≤ -11/9,x ∈ (-∞; -11/9],36,9,62,15,4,4,0,0,1,0,0,0,rezolvati inecuatia -4x - 6 ≥ 5x + 5
Generat - Inecuatii,,Rezolvati inecuatia -2x - 12 > -5x - 9,-2x - 12 > -5x - 9 => -2x - -5x > -9 - -12 => 3x > 3 => x > 1,x ∈ (1; +∞),2,Inecuatii,Inecuații,"Ecuații, inecuații și sisteme",2 - mediu,alta,,rezolvati inecuatia -2x - 12 > -5x - 9,-2x - 12 > -5x - 9 => -2x - -5x > -9 - -12 => 3x > 3 => x > 1,x ∈ (1; +∞),38,9,61,11,5,5,0,0,1,0,0,0,rezolvati inecuatia -2x - 12 > -5x - 9
Generat - Inecuatii,,Rezolvati inecuatia -x - 13 < 2x + 12,-x - 13 < 2x + 12 => -1x - 2x < 12 - -13 => -3x < 25 => x > -25/3,x ∈ (-25/3; +∞),2,Inecuatii,Inecuații,"Ecuații, inecuații și sisteme",2 - mediu,alta,,rezolvati inecuatia -x - 13 < 2x + 12,-x - 13 < 2x + 12 => -1x - 2x < 12 - -13 => -3x < 25 => x > -25/3,x ∈ (-25/3; +∞),37,9,65,15,5,4,0,0,1,0,0,0,rezolvati inecuatia -x - 13 < 2x + 12
Generat - Inecuatii,,Rezolvati inecuatia -x + 10 ≥ x,-x + 10 ≥ x => -1x - 1x ≥ 0 - 10 => -2x ≥ -10 => x ≤ 5,x ∈ (-∞; 5],2,Inecuatii,Inecuații,"Ecuații, inecuații și sisteme",2 - mediu,alta,,rezolvati inecuatia -x + 10 ≥ x,-x + 10 ≥ x => -1x - 1x ≥ 0 - 10 => -2x ≥ -10 => x ≤ 5,x ∈ (-∞; 5],31,7,54,11,2,3,0,0,1,0,0,0,rezolvati inecuatia -x + 10 ≥ x
Generat - Inecuatii,,Rezolvati inecuatia -x - 13 ≥ 5x + 2,-x - 13 ≥ 5x + 2 => -1x - 5x ≥ 2 - -13 => -6x ≥ 15 => x ≤ -5/2,x ∈ (-∞; -5/2],2,Inecuatii,Inecuații,"Ecuații, inecuații și sisteme",2 - mediu,alta,,rezolvati inecuatia -x - 13 ≥ 5x + 2,-x - 13 ≥ 5x + 2 => -1x - 5x ≥ 2 - -13 => -6x ≥ 15 => x ≤ -5/2,x ∈ (-∞; -5/2],36,9,62,14,4,4,0,0,1,0,0,0,rezolvati inecuatia -x - 13 ≥ 5x + 2
Generat - Inecuatii,,Rezolvati inecuatia -3x - 4 > x - 4,-3x - 4 > x - 4 => -3x - 1x > -4 - -4 => -4x > 0 => x < 0,x ∈ (-∞; 0),2,Inecuatii,Inecuații,"Ecuații, inecuații și sisteme",2 - mediu,alta,,rezolvati inecuatia -3x - 4 > x - 4,-3x - 4 > x - 4 => -3x - 1x > -4 - -4 => -4x > 0 => x < 0,x ∈ (-∞; 0),35,9,57,11,3,4,0,0,1,0,0,0,rezolvati inecuatia -3x - 4 > x - 4
Generat - Inecuatii,,Rezolvati inecuatia 3x - 14 ≥ -x - 1,3x - 14 ≥ -x - 1 => 3x - -1x ≥ -1 - -14 => 4x ≥ 13 => x ≥ 13/4,x ∈ [13/4; +∞),2,Inecuatii,Inecuații,"Ecuații, inecuații și sisteme",2 - mediu,alta,,rezolvati inecuatia 3x - 14 ≥ -x - 1,3x - 14 ≥ -x - 1 => 3x - -1x ≥ -1 - -14 => 4x ≥ 13 => x ≥ 13/4,x ∈ [13/4; +∞),36,9,62,14,4,4,0,0,1,0,0,0,rezolvati inecuatia 3x - 14 ≥ -x - 1
Generat - Inecuatii,,Rezolvati inecuatia -5x - 11 < 5x - 12,-5x - 11 < 5x - 12 => -5x - 5x < -12 - -11 => -10x < -1 => x > 1/10,x ∈ (1/10; +∞),2,Inecuatii,Inecuații,"Ecuații, inecuații și sisteme",2 - mediu,alta,,rezolvati inecuatia -5x - 11 < 5x - 12,-5x - 11 < 5x - 12 => -5x - 5x < -12 - -11 => -10x < -1 => x > 1/10,x ∈ (1/10; +∞),38,9,67,14,6,4,0,0,1,0,0,0,rezolvati inecuatia -5x - 11 < 5x - 12
Generat - Inecuatii,,Rezolvati inecuatia x + 10 > 3x - 2,x + 10 > 3x - 2 => 1x - 3x > -2 - 10 => -2x > -12 => x < 6,x ∈ (-∞; 6),2,Inecuatii,Inecuații,"Ecuații, inecuații și sisteme",2 - mediu,alta,,rezolvati inecuatia x + 10 > 3x - 2,x + 10 > 3x - 2 => 1x - 3x > -2 - 10 => -2x > -12 => x < 6,x ∈ (-∞; 6),35,9,58,11,4,3,0,0,1,0,0,0,rezolvati inecuatia x + 10 > 3x - 2
Generat - Inecuatii,,Rezolvati inecuatia 4x - 14 ≥ x + 11,4x - 14 ≥ x + 11 => 4x - 1x ≥ 11 - -14 => 3x ≥ 25 => x ≥ 25/3,x ∈ [25/3; +∞),2,Inecuatii,Inecuații,"Ecuații, inecuații și sisteme",2 - mediu,alta,,rezolvati inecuatia 4x - 14 ≥ x + 11,4x - 14 ≥ x + 11 => 4x - 1x ≥ 11 - -14 => 3x ≥ 25 => x ≥ 25/3,x ∈ [25/3; +∞),36,9,61,14,5,3,0,0,1,0,0,0,rezolvati inecuatia 4x - 14 ≥ x + 11
Generat - Inecuatii,,Rezolvati inecuatia 4x + 6 > 2x + 3,4x + 6 > 2x + 3 => 4x - 2x > 3 - 6 => 2x > -3 => x > -3/2,x ∈ (-3/2; +∞),2,Inecuatii,Inecuații,"Ecuații, inecuații și sisteme",2 - mediu,alta,,rezolvati inecuatia 4x + 6 > 2x + 3,4x + 6 > 2x + 3 => 4x - 2x > 3 - 6 => 2x > -3 => x > -3/2,x ∈ (-3/2; +∞),35,9,57,14,4,3,0,0,1,0,0,0,rezolvati inecuatia 4x + 6 > 2x + 3
Generat - Inecuatii,,Rezolvati inecuatia 3x - 6 < -4x - 3,3x - 6 < -4x - 3 => 3x - -4x < -3 - -6 => 7x < 3 => x < 3/7,x ∈ (-∞; 3/7),2,Inecuatii,Inecuații,"Ecuații, inecuații și sisteme",2 - mediu,alta,,rezolvati inecuatia 3x - 6 < -4x - 3,3x - 6 < -4x - 3 => 3x - -4x < -3 - -6 => 7x < 3 => x < 3/7,x ∈ (-∞; 3/7),36,9,59,13,4,4,0,0,1,0,0,0,rezolvati inecuatia 3x - 6 < -4x - 3
Generat - Inecuatii,,Rezolvati inecuatia 4x + 3 > 3x + 10,4x + 3 > 3x + 10 => 4x - 3x > 10 - 3 => 1x > 7 => x > 7,x ∈ (7; +∞),2,Inecuatii,Inecuații,"Ecuații, inecuații și sisteme",2 - mediu,alta,,rezolvati inecuatia 4x + 3 > 3x + 10,4x + 3 > 3x + 10 => 4x - 3x > 10 - 3 => 1x > 7 => x > 7,x ∈ (7; +∞),36,9,55,11,5,3,0,0,1,0,0,0,rezolvati inecuatia 4x + 3 > 3x + 10
Generat - Inecuatii,,Rezolvati inecuatia -4x + 15 > 2x - 10,-4x + 15 > 2x - 10 => -4x - 2x > -10 - 15 => -6x > -25 => x < 25/6,x ∈ (-∞; 25/6),2,Inecuatii,Inecuații,"Ecuații, inecuații și sisteme",2 - mediu,alta,,rezolvati inecuatia -4x + 15 > 2x - 10,-4x + 15 > 2x - 10 => -4x - 2x > -10 - 15 => -6x > -25 => x < 25/6,x ∈ (-∞; 25/6),38,9,66,14,6,4,0,0,1,0,0,0,rezolvati inecuatia -4x + 15 > 2x - 10
Generat - Inecuatii,,Rezolvati inecuatia -5x - 2 ≥ -4x + 6,-5x - 2 ≥ -4x + 6 => -5x - -4x ≥ 6 - -2 => -1x ≥ 8 => x ≤ -8,x ∈ (-∞; -8],2,Inecuatii,Inecuații,"Ecuații, inecuații și sisteme",2 - mediu,alta,,rezolvati inecuatia -5x - 2 ≥ -4x + 6,-5x - 2 ≥ -4x + 6 => -5x - -4x ≥ 6 - -2 => -1x ≥ 8 => x ≤ -8,x ∈ (-∞; -8],37,9,60,12,4,5,0,0,1,0,0,0,rezolvati inecuatia -5x - 2 ≥ -4x + 6
Generat - Inecuatii,,Rezolvati inecuatia -2x + 11 ≤ 5x - 11,-2x + 11 ≤ 5x - 11 => -2x - 5x ≤ -11 - 11 => -7x ≤ -22 => x ≥ 22/7,x ∈ [22/7; +∞),2,Inecuatii,Inecuații,"Ecuații, inecuații și sisteme",2 - mediu,alta,,rezolvati inecuatia -2x + 11 ≤ 5x - 11,-2x + 11 ≤ 5x - 11 => -2x - 5x ≤ -11 - 11 => -7x ≤ -22 => x ≥ 22/7,x ∈ [22/7; +∞),38,9,66,14,6,4,0,0,1,0,0,0,rezolvati inecuatia -2x + 11 ≤ 5x - 11
Generat - Inecuatii,,Rezolvati inecuatia x + 14 ≥ -4x - 13,x + 14 ≥ -4x - 13 => 1x - -4x ≥ -13 - 14 => 5x ≥ -27 => x ≥ -27/5,x ∈ [-27/5; +∞),2,Inecuatii,Inecuații,"Ecuații, inecuații și sisteme",2 - mediu,alta,,rezolvati inecuatia x + 14 ≥ -4x - 13,x + 14 ≥ -4x - 13 => 1x - -4x ≥ -13 - 14 => 5x ≥ -27 => x ≥ -27/5,x ∈ [-27/5; +∞),37,9,65,15,5,4,0,0,1,0,0,0,rezolvati inecuatia x + 14 ≥ -4x - 13
Generat - Expresii algebrice,,Simplificati expresia (5x² - 9x) / x,(5x² - 9x) / x = x(5x - 9) / x = 5x - 9,5x - 9,1,Expresii algebrice,Calcul algebric,Calcul algebric,1 - bază,alta,,simplificati expresia (5x² - 9x) / x,(5x² - 9x) / x = x(5x - 9) / x = 5x - 9,5x - 9,36,7,39,6,2,4,0,0,0,0,0,0,simplificati expresia (5x² - 9x) / x
Generat - Expresii algebrice,,Simplificati expresia (x² + 13x + 40) / (x + 5),x² + 13x + 40 = (x + 5)(x + 8). (x + 5)(x + 8) / (x + 5) = x + 8,x + 8,2,Expresii algebrice,Calcul algebric,Calcul algebric,2 - mediu,alta,,simplificati expresia (x² + 13x + 40) / (x + 5),x² + 13x + 40 = (x + 5)(x + 8). (x + 5)(x + 8) / (x + 5) = x + 8,x + 8,47,11,64,5,5,8,0,0,0,0,0,0,simplificati expresia (x² + 13x + 40) / (x + 5)
Generat - Expresii algebrice,,Simplificati expresia (x² - 144) / (x + 12),x² - 144 = (x - 12)(x + 12). (x - 12)(x + 12) / (x + 12) = x - 12,x - 12,2,Expresii algebrice,Calcul algebric,Calcul algebric,2 - mediu,alta,,simplificati expresia (x² - 144) / (x + 12),x² - 144 = (x - 12)(x + 12). (x - 12)(x + 12) / (x + 12) = x - 12,x - 12,43,9,65,6,5,7,0,0,0,0,0,0,simplificati expresia (x² - 144) / (x + 12)
Generat - Expresii algebrice,,Simplificati expresia (6x² - 9x) / x,(6x² - 9x) / x = x(6x - 9) / x = 6x - 9,6x - 9,1,Expresii algebrice,Calcul algebric,Calcul algebric,1 - bază,alta,,simplificati expresia (6x² - 9x) / x,(6x² - 9x) / x = x(6x - 9) / x = 6x - 9,6x - 9,36,7,39,6,2,4,0,0,0,0,0,0,simplificati expresia (6x² - 9x) / x
Generat - Expresii algebrice,,Simplificati expresia (x² + 9x + 14) / (x + 2),x² + 9x + 14 = (x + 2)(x + 7). (x + 2)(x + 7) / (x + 2) = x + 7,x + 7,2,Expresii algebrice,Calcul algebric,Calcul algebric,2 - mediu,alta,,simplificati expresia (x² + 9x + 14) / (x + 2),x² + 9x + 14 = (x + 2)(x + 7). (x + 2)(x + 7) / (x + 2) = x + 7,x + 7,46,11,63,5,4,8,0,0,0,0,0,0,simplificati expresia (x² + 9x + 14) / (x + 2)
Generat - Expresii algebrice,,Simplificati expresia (x² - 9) / (x + 3),x² - 9 = (x - 3)(x + 3). (x - 3)(x + 3) / (x + 3) = x - 3,x - 3,2,Expresii algebrice,Calcul algebric,Calcul algebric,2 - mediu,alta,,simplificati expresia (x² - 9) / (x + 3),x² - 9 = (x - 3)(x + 3). (x - 3)(x + 3) / (x + 3) = x - 3,x - 3,40,9,57,5,2,7,0,0,0,0,0,0,simplificati expresia (x² - 9) / (x + 3)
Generat - Expresii algebrice,,Simplificati expresia (6x² - 10x) / x,(6x² - 10x) / x = x(6x - 10) / x = 6x - 10,6x - 10,1,Expresii algebrice,Calcul algebric,Calcul algebric,1 - bază,alta,,simplificati expresia (6x² - 10x) / x,(6x² - 10x) / x = x(6x - 10) / x = 6x - 10,6x - 10,37,7,42,7,3,4,0,0,0,0,0,0,simplificati expresia (6x² - 10x) / x
Generat - Expresii algebrice,,Simplificati expresia (x² - 4) / (x + 2),x² - 4 = (x - 2)(x + 2). (x - 2)(x + 2) / (x + 2) = x - 2,x - 2,2,Expresii algebrice,Calcul algebric,Calcul algebric,2 - mediu,alta,,simplificati expresia (x² - 4) / (x + 2),x² - 4 = (x - 2)(x + 2). (x - 2)(x + 2) / (x + 2) = x - 2,x - 2,40,9,57,5,2,7,0,0,0,0,0,0,simplificati expresia (x² - 4) / (x + 2)
Generat - Expresii algebrice,,Simplificati expresia (8x² - 2x) / x,(8x² - 2x) / x = x(8x - 2) / x = 8x - 2,8x - 2,1,Expresii algebrice,Calcul algebric,Calcul algebric,1 - bază,alta,,simplificati expresia (8x² - 2x) / x,(8x² - 2x) / x = x(8x - 2) / x = 8x - 2,8x - 2,36,7,39,6,2,4,0,0,0,0,0,0,simplificati expresia (8x² - 2x) / x
Generat - Expresii algebrice,,Simplificati expresia (x² + 13x + 42) / (x + 6),x² + 13x + 42 = (x + 6)(x + 7). (x + 6)(x + 7) / (x + 6) = x + 7,x + 7,2,Expresii algebrice,Calcul algebric,Calcul algebric,2 - mediu,alta,,simplificati expresia (x² + 13x + 42) / (x + 6),x² + 13x + 42 = (x + 6)(x + 7). (x + 6)(x + 7) / (x + 6) = x + 7,x + 7,47,11,64,5,5,8,0,0,0,0,0,0,simplificati expresia (x² + 13x + 42) / (x + 6)
Generat - Expresii algebrice,,Simplificati expresia (x² + 15x + 56) / (x + 7),x² + 15x + 56 = (x + 7)(x + 8). (x + 7)(x + 8) / (x + 7) = x + 8,x + 8,2,Expresii algebrice,Calcul algebric,Calcul algebric,2 - mediu,alta,,simplificati expresia (x² + 15x + 56) / (x + 7),x² + 15x + 56 = (x + 7)(x + 8). (x + 7)(x + 8) / (x + 7) = x + 8,x + 8,47,11,64,5,5,8,0,0,0,0,0,0,simplificati expresia (x² + 15x + 56) / (x + 7)
Generat - Expresii algebrice,,Simplificati expresia (6x² - 8x) / x,(6x² - 8x) / x = x(6x - 8) / x = 6x - 8,6x - 8,1,Expresii algebrice,Calcul algebric,Calcul algebric,1 - bază,alta,,simplificati expresia (6x² - 8x) / x,(6x² - 8x) / x = x(6x - 8) / x = 6x - 8,6x - 8,36,7,39,6,2,4,0,0,0,0,0,0,simplificati expresia (6x² - 8x) / x
Generat - Expresii algebrice,,Simplificati expresia (x² + 10x + 21) / (x + 7),x² + 10x + 21 = (x + 7)(x + 3). (x + 7)(x + 3) / (x + 7) = x + 3,x + 3,2,Expresii algebrice,Calcul algebric,Calcul algebric,2 - mediu,alta,,simplificati expresia (x² + 10x + 21) / (x + 7),x² + 10x + 21 = (x + 7)(x + 3). (x + 7)(x + 3) / (x + 7) = x + 3,x + 3,47,11,64,5,5,8,0,0,0,0,0,0,simplificati expresia (x² + 10x + 21) / (x + 7)
Generat - Expresii algebrice,,Simplificati expresia (6x² - 7x) / x,(6x² - 7x) / x = x(6x - 7) / x = 6x - 7,6x - 7,1,Expresii algebrice,Calcul algebric,Calcul algebric,1 - bază,alta,,simplificati expresia (6x² - 7x) / x,(6x² - 7x) / x = x(6x - 7) / x = 6x - 7,6x - 7,36,7,39,6,2,4,0,0,0,0,0,0,simplificati expresia (6x² - 7x) / x
Generat - Expresii algebrice,,Simplificati expresia (x² - 49) / (x + 7),x² - 49 = (x - 7)(x + 7). (x - 7)(x + 7) / (x + 7) = x - 7,x - 7,2,Expresii algebrice,Calcul algebric,Calcul algebric,2 - mediu,alta,,simplificati expresia (x² - 49) / (x + 7),x² - 49 = (x - 7)(x + 7). (x - 7)(x + 7) / (x + 7) = x - 7,x - 7,41,9,58,5,3,7,0,0,0,0,0,0,simplificati expresia (x² - 49) / (x + 7)
Generat - Expresii algebrice,,Simplificati expresia (x² + 5x + 4) / (x + 4),x² + 5x + 4 = (x + 4)(x + 1). (x + 4)(x + 1) / (x + 4) = x + 1,x + 1,2,Expresii algebrice,Calcul algebric,Calcul algebric,2 - mediu,alta,,simplificati expresia (x² + 5x + 4) / (x + 4),x² + 5x + 4 = (x + 4)(x + 1). (x + 4)(x + 1) / (x + 4) = x + 1,x + 1,45,11,62,5,3,8,0,0,0,0,0,0,simplificati expresia (x² + 5x + 4) / (x + 4)
Generat - Expresii algebrice,,Simplificati expresia (5x² - 5x) / x,(5x² - 5x) / x = x(5x - 5) / x = 5x - 5,5x - 5,1,Expresii algebrice,Calcul algebric,Calcul algebric,1 - bază,alta,,simplificati expresia (5x² - 5x) / x,(5x² - 5x) / x = x(5x - 5) / x = 5x - 5,5x - 5,36,7,39,6,2,4,0,0,0,0,0,0,simplificati expresia (5x² - 5x) / x
Generat - Expresii algebrice,,Simplificati expresia (x² + 7x + 6) / (x + 1),x² + 7x + 6 = (x + 1)(x + 6). (x + 1)(x + 6) / (x + 1) = x + 6,x + 6,2,Expresii algebrice,Calcul algebric,Calcul algebric,2 - mediu,alta,,simplificati expresia (x² + 7x + 6) / (x + 1),x² + 7x + 6 = (x + 1)(x + 6). (x + 1)(x + 6) / (x + 1) = x + 6,x + 6,45,11,62,5,3,8,0,0,0,0,0,0,simplificati expresia (x² + 7x + 6) / (x + 1)
Generat - Expresii algebrice,,Simplificati expresia (x² + 10x + 25) / (x + 5),x² + 10x + 25 = (x + 5)(x + 5). (x + 5)(x + 5) / (x + 5) = x + 5,x + 5,2,Expresii algebrice,Calcul algebric,Calcul algebric,2 - mediu,alta,,simplificati expresia (x² + 10x + 25) / (x + 5),x² + 10x + 25 = (x + 5)(x + 5). (x + 5)(x + 5) / (x + 5) = x + 5,x + 5,47,11,64,5,5,8,0,0,0,0,0,0,simplificati expresia (x² + 10x + 25) / (x + 5)
Generat - Expresii algebrice,,Simplificati expresia (x² + 6x + 8) / (x + 2),x² + 6x + 8 = (x + 2)(x + 4). (x + 2)(x + 4) / (x + 2) = x + 4,x + 4,2,Expresii algebrice,Calcul algebric,Calcul algebric,2 - mediu,alta,,simplificati expresia (x² + 6x + 8) / (x + 2),x² + 6x + 8 = (x + 2)(x + 4). (x + 2)(x + 4) / (x + 2) = x + 4,x + 4,45,11,62,5,3,8,0,0,0,0,0,0,simplificati expresia (x² + 6x + 8) / (x + 2)
Generat - Expresii algebrice,,Simplificati expresia (x² - 25) / (x + 5),x² - 25 = (x - 5)(x + 5). (x - 5)(x + 5) / (x + 5) = x - 5,x - 5,2,Expresii algebrice,Calcul algebric,Calcul algebric,2 - mediu,alta,,simplificati expresia (x² - 25) / (x + 5),x² - 25 = (x - 5)(x + 5). (x - 5)(x + 5) / (x + 5) = x - 5,x - 5,41,9,58,5,3,7,0,0,0,0,0,0,simplificati expresia (x² - 25) / (x + 5)
Generat - Expresii algebrice,,Simplificati expresia (5x² - 6x) / x,(5x² - 6x) / x = x(5x - 6) / x = 5x - 6,5x - 6,1,Expresii algebrice,Calcul algebric,Calcul algebric,1 - bază,alta,,simplificati expresia (5x² - 6x) / x,(5x² - 6x) / x = x(5x - 6) / x = 5x - 6,5x - 6,36,7,39,6,2,4,0,0,0,0,0,0,simplificati expresia (5x² - 6x) / x
Generat - Expresii algebrice,,Simplificati expresia (x² + 9x + 14) / (x + 7),x² + 9x + 14 = (x + 7)(x + 2). (x + 7)(x + 2) / (x + 7) = x + 2,x + 2,2,Expresii algebrice,Calcul algebric,Calcul algebric,2 - mediu,alta,,simplificati expresia (x² + 9x + 14) / (x + 7),x² + 9x + 14 = (x + 7)(x + 2). (x + 7)(x + 2) / (x + 7) = x + 2,x + 2,46,11,63,5,4,8,0,0,0,0,0,0,simplificati expresia (x² + 9x + 14) / (x + 7)
Generat - Expresii algebrice,,Simplificati expresia (x² - 64) / (x + 8),x² - 64 = (x - 8)(x + 8). (x - 8)(x + 8) / (x + 8) = x - 8,x - 8,2,Expresii algebrice,Calcul algebric,Calcul algebric,2 - mediu,alta,,simplificati expresia (x² - 64) / (x + 8),x² - 64 = (x - 8)(x + 8). (x - 8)(x + 8) / (x + 8) = x - 8,x - 8,41,9,58,5,3,7,0,0,0,0,0,0,simplificati expresia (x² - 64) / (x + 8)
Generat - Expresii algebrice,,Simplificati expresia (x² + 4x + 3) / (x + 1),x² + 4x + 3 = (x + 1)(x + 3). (x + 1)(x + 3) / (x + 1) = x + 3,x + 3,2,Expresii algebrice,Calcul algebric,Calcul algebric,2 - mediu,alta,,simplificati expresia (x² + 4x + 3) / (x + 1),x² + 4x + 3 = (x + 1)(x + 3). (x + 1)(x + 3) / (x + 1) = x + 3,x + 3,45,11,62,5,3,8,0,0,0,0,0,0,simplificati expresia (x² + 4x + 3) / (x + 1)
Generat - Expresii algebrice,,Simplificati expresia (x² - 81) / (x + 9),x² - 81 = (x - 9)(x + 9). (x - 9)(x + 9) / (x + 9) = x - 9,x - 9,2,Expresii algebrice,Calcul algebric,Calcul algebric,2 - mediu,alta,,simplificati expresia (x² - 81) / (x + 9),x² - 81 = (x - 9)(x + 9). (x - 9)(x + 9) / (x + 9) = x - 9,x - 9,41,9,58,5,3,7,0,0,0,0,0,0,simplificati expresia (x² - 81) / (x + 9)
Generat - Expresii algebrice,,Simplificati expresia (2x² - 3x) / x,(2x² - 3x) / x = x(2x - 3) / x = 2x - 3,2x - 3,1,Expresii algebrice,Calcul algebric,Calcul algebric,1 - bază,alta,,simplificati expresia (2x² - 3x) / x,(2x² - 3x) / x = x(2x - 3) / x = 2x - 3,2x - 3,36,7,39,6,2,4,0,0,0,0,0,0,simplificati expresia (2x² - 3x) / x
Generat - Expresii algebrice,,Simplificati expresia (x² - 16) / (x + 4),x² - 16 = (x - 4)(x + 4). (x - 4)(x + 4) / (x + 4) = x - 4,x - 4,2,Expresii algebrice,Calcul algebric,Calcul algebric,2 - mediu,alta,,simplificati expresia (x² - 16) / (x + 4),x² - 16 = (x - 4)(x + 4). (x - 4)(x + 4) / (x + 4) = x - 4,x - 4,41,9,58,5,3,7,0,0,0,0,0,0,simplificati expresia (x² - 16) / (x + 4)
Generat - Expresii algebrice,,Simplificati expresia (x² - 36) / (x + 6),x² - 36 = (x - 6)(x + 6). (x - 6)(x + 6) / (x + 6) = x - 6,x - 6,2,Expresii algebrice,Calcul algebric,Calcul algebric,2 - mediu,alta,,simplificati expresia (x² - 36) / (x + 6),x² - 36 = (x - 6)(x + 6). (x - 6)(x + 6) / (x + 6) = x - 6,x - 6,41,9,58,5,3,7,0,0,0,0,0,0,simplificati expresia (x² - 36) / (x + 6)
Generat - Expresii algebrice,,Simplificati expresia (3x² - 5x) / x,(3x² - 5x) / x = x(3x - 5) / x = 3x - 5,3x - 5,1,Expresii algebrice,Calcul algebric,Calcul algebric,1 - bază,alta,,simplificati expresia (3x² - 5x) / x,(3x² - 5x) / x = x(3x - 5) / x = 3x - 5,3x - 5,36,7,39,6,2,4,0,0,0,0,0,0,simplificati expresia (3x² - 5x) / x
Generat - Expresii algebrice,,Simplificati expresia (x² + 15x + 56) / (x + 8),x² + 15x + 56 = (x + 8)(x + 7). (x + 8)(x + 7) / (x + 8) = x + 7,x + 7,2,Expresii algebrice,Calcul algebric,Calcul algebric,2 - mediu,alta,,simplificati expresia (x² + 15x + 56) / (x + 8),x² + 15x + 56 = (x + 8)(x + 7). (x + 8)(x + 7) / (x + 8) = x + 7,x + 7,47,11,64,5,5,8,0,0,0,0,0,0,simplificati expresia (x² + 15x + 56) / (x + 8)
Generat - Expresii algebrice,,Simplificati expresia (2x² - 1x) / x,(2x² - 1x) / x = x(2x - 1) / x = 2x - 1,2x - 1,1,Expresii algebrice,Calcul algebric,Calcul algebric,1 - bază,alta,,simplificati expresia (2x² - 1x) / x,(2x² - 1x) / x = x(2x - 1) / x = 2x - 1,2x - 1,36,7,39,6,2,4,0,0,0,0,0,0,simplificati expresia (2x² - 1x) / x
Generat - Expresii algebrice,,Simplificati expresia (x² + 11x + 24) / (x + 8),x² + 11x + 24 = (x + 8)(x + 3). (x + 8)(x + 3) / (x + 8) = x + 3,x + 3,2,Expresii algebrice,Calcul algebric,Calcul algebric,2 - mediu,alta,,simplificati expresia (x² + 11x + 24) / (x + 8),x² + 11x + 24 = (x + 8)(x + 3). (x + 8)(x + 3) / (x + 8) = x + 3,x + 3,47,11,64,5,5,8,0,0,0,0,0,0,simplificati expresia (x² + 11x + 24) / (x + 8)
Generat - Expresii algebrice,,Simplificati expresia (x² + 12x + 36) / (x + 6),x² + 12x + 36 = (x + 6)(x + 6). (x + 6)(x + 6) / (x + 6) = x + 6,x + 6,2,Expresii algebrice,Calcul algebric,Calcul algebric,2 - mediu,alta,,simplificati expresia (x² + 12x + 36) / (x + 6),x² + 12x + 36 = (x + 6)(x + 6). (x + 6)(x + 6) / (x + 6) = x + 6,x + 6,47,11,64,5,5,8,0,0,0,0,0,0,simplificati expresia (x² + 12x + 36) / (x + 6)
Generat - Expresii algebrice,,Simplificati expresia (x² + 8x + 7) / (x + 1),x² + 8x + 7 = (x + 1)(x + 7). (x + 1)(x + 7) / (x + 1) = x + 7,x + 7,2,Expresii algebrice,Calcul algebric,Calcul algebric,2 - mediu,alta,,simplificati expresia (x² + 8x + 7) / (x + 1),x² + 8x + 7 = (x + 1)(x + 7). (x + 1)(x + 7) / (x + 1) = x + 7,x + 7,45,11,62,5,3,8,0,0,0,0,0,0,simplificati expresia (x² + 8x + 7) / (x + 1)
Generat - Expresii algebrice,,Simplificati expresia (8x² - 4x) / x,(8x² - 4x) / x = x(8x - 4) / x = 8x - 4,8x - 4,1,Expresii algebrice,Calcul algebric,Calcul algebric,1 - bază,alta,,simplificati expresia (8x² - 4x) / x,(8x² - 4x) / x = x(8x - 4) / x = 8x - 4,8x - 4,36,7,39,6,2,4,0,0,0,0,0,0,simplificati expresia (8x² - 4x) / x
Generat - Expresii algebrice,,Simplificati expresia (x² - 121) / (x + 11),x² - 121 = (x - 11)(x + 11). (x - 11)(x + 11) / (x + 11) = x - 11,x - 11,2,Expresii algebrice,Calcul algebric,Calcul algebric,2 - mediu,alta,,simplificati expresia (x² - 121) / (x + 11),x² - 121 = (x - 11)(x + 11). (x - 11)(x + 11) / (x + 11) = x - 11,x - 11,43,9,65,6,5,7,0,0,0,0,0,0,simplificati expresia (x² - 121) / (x + 11)
Generat - Expresii algebrice,,Simplificati expresia (x² - 100) / (x + 10),x² - 100 = (x - 10)(x + 10). (x - 10)(x + 10) / (x + 10) = x - 10,x - 10,2,Expresii algebrice,Calcul algebric,Calcul algebric,2 - mediu,alta,,simplificati expresia (x² - 100) / (x + 10),x² - 100 = (x - 10)(x + 10). (x - 10)(x + 10) / (x + 10) = x - 10,x - 10,43,9,65,6,5,7,0,0,0,0,0,0,simplificati expresia (x² - 100) / (x + 10)
Generat - Expresii algebrice,,Simplificati expresia (x² + 13x + 42) / (x + 7),x² + 13x + 42 = (x + 7)(x + 6). (x + 7)(x + 6) / (x + 7) = x + 6,x + 6,2,Expresii algebrice,Calcul algebric,Calcul algebric,2 - mediu,alta,,simplificati expresia (x² + 13x + 42) / (x + 7),x² + 13x + 42 = (x + 7)(x + 6). (x + 7)(x + 6) / (x + 7) = x + 6,x + 6,47,11,64,5,5,8,0,0,0,0,0,0,simplificati expresia (x² + 13x + 42) / (x + 7)
Generat - Expresii algebrice,,Simplificati expresia (x² + 9x + 20) / (x + 5),x² + 9x + 20 = (x + 5)(x + 4). (x + 5)(x + 4) / (x + 5) = x + 4,x + 4,2,Expresii algebrice,Calcul algebric,Calcul algebric,2 - mediu,alta,,simplificati expresia (x² + 9x + 20) / (x + 5),x² + 9x + 20 = (x + 5)(x + 4). (x + 5)(x + 4) / (x + 5) = x + 4,x + 4,46,11,63,5,4,8,0,0,0,0,0,0,simplificati expresia (x² + 9x + 20) / (x + 5)
Generat - Expresii algebrice,,Simplificati expresia (x² + 12x + 35) / (x + 5),x² + 12x + 35 = (x + 5)(x + 7). (x + 5)(x + 7) / (x + 5) = x + 7,x + 7,2,Expresii algebrice,Calcul algebric,Calcul algebric,2 - mediu,alta,,simplificati expresia (x² + 12x + 35) / (x + 5),x² + 12x + 35 = (x + 5)(x + 7). (x + 5)(x + 7) / (x + 5) = x + 7,x + 7,47,11,64,5,5,8,0,0,0,0,0,0,simplificati expresia (x² + 12x + 35) / (x + 5)
Generat - Calcul aritmetic,,Calculati 1/6 + 6/6,1/6 + 6/6 = 1/6 + 6/6 = 7/6 = 7/6,7/6,1,Calcul aritmetic,Calcul aritmetic,Altele,1 - bază,alta,,calculati 1/6 + 6/6,1/6 + 6/6 = 1/6 + 6/6 = 7/6 = 7/6,7/6,19,4,33,3,4,3,0,0,0,0,0,0,calculati 1/6 + 6/6
Generat - Calcul aritmetic,,Calculati (-6) × 3 + 16,(-6) × 3 + 16 = -18 + 16 = -2,-2,1,Calcul aritmetic,Calcul aritmetic,Altele,1 - bază,alta,,calculati (-6) × 3 + 16,(-6) × 3 + 16 = -18 + 16 = -2,-2,23,6,29,2,4,4,0,0,0,0,0,0,calculati (-6) × 3 + 16
Generat - Calcul aritmetic,,Calculati 6/4 + 6/4,6/4 + 6/4 = 6/4 + 6/4 = 12/4 = 3,3,1,Calcul aritmetic,Calcul aritmetic,Altele,1 - bază,alta,,calculati 6/4 + 6/4,6/4 + 6/4 = 6/4 + 6/4 = 12/4 = 3,3,19,4,32,1,4,3,0,0,0,0,0,0,calculati 6/4 + 6/4
Generat - Calcul aritmetic,,Calculati (-6) × 5 + 5,(-6) × 5 + 5 = -30 + 5 = -25,-25,1,Calcul aritmetic,Calcul aritmetic,Altele,1 - bază,alta,,calculati (-6) × 5 + 5,(-6) × 5 + 5 = -30 + 5 = -25,-25,22,6,28,3,3,4,0,0,0,0,0,0,calculati (-6) × 5 + 5
Generat - Calcul aritmetic,,Calculati (1/6) : (7/4),(1/6) : (7/4) = (1/6) × (4/7) = 4/42 = 2/21,2/21,1,Calcul aritmetic,Calcul aritmetic,Altele,1 - bază,alta,,calculati (1/6) : (7/4),(1/6) : (7/4) = (1/6) × (4/7) = 4/42 = 2/21,2/21,23,4,43,4,4,6,0,0,0,0,0,0,calculati (1/6) : (7/4)
Generat - Calcul aritmetic,,Calculati (12/2) : (11/5),(12/2) : (11/5) = (12/2) × (5/11) = 60/22 = 30/11,30/11,1,Calcul aritmetic,Calcul aritmetic,Altele,1 - bază,alta,,calculati (12/2) : (11/5),(12/2) : (11/5) = (12/2) × (5/11) = 60/22 = 30/11,30/11,25,4,49,5,6,6,0,0,0,0,0,0,calculati (12/2) : (11/5)
Generat - Calcul aritmetic,,Calculati (-6) × 8 + 13,(-6) × 8 + 13 = -48 + 13 = -35,-35,1,Calcul aritmetic,Calcul aritmetic,Altele,1 - bază,alta,,calculati (-6) × 8 + 13,(-6) × 8 + 13 = -48 + 13 = -35,-35,23,6,30,3,4,4,0,0,0,0,0,0,calculati (-6) × 8 + 13
Generat - Calcul aritmetic,,Calculati 13² - 1²,13² - 1² = 169 - 1 = 168,168,1,Calcul aritmetic,Calcul aritmetic,Altele,1 - bază,alta,,calculati 13² - 1²,13² - 1² = 169 - 1 = 168,168,18,4,24,3,3,1,0,0,0,0,0,0,calculati 13² - 1²
Generat - Calcul aritmetic,,Calculati (6/3) : (11/6),(6/3) : (11/6) = (6/3) × (6/11) = 36/33 = 12/11,12/11,1,Calcul aritmetic,Calcul aritmetic,Altele,1 - bază,alta,,calculati (6/3) : (11/6),(6/3) : (11/6) = (6/3) × (6/11) = 36/33 = 12/11,12/11,24,4,47,5,5,6,0,0,0,0,0,0,calculati (6/3) : (11/6)
Generat - Calcul aritmetic,,Calculati 12² - 6²,12² - 6² = 144 - 36 = 108,108,1,Calcul aritmetic,Calcul aritmetic,Altele,1 - bază,alta,,calculati 12² - 6²,12² - 6² = 144 - 36 = 108,108,18,4,25,3,3,1,0,0,0,0,0,0,calculati 12² - 6²
Generat - Calcul aritmetic,,Calculati (-4) × 10 + 6,(-4) × 10 + 6 = -40 + 6 = -34,-34,1,Calcul aritmetic,Calcul aritmetic,Altele,1 - bază,alta,,calculati (-4) × 10 + 6,(-4) × 10 + 6 = -40 + 6 = -34,-34,23,6,29,3,4,4,0,0,0,0,0,0,calculati (-4) × 10 + 6
Generat - Calcul aritmetic,,Calculati (-3) × 9 + 5,(-3) × 9 + 5 = -27 + 5 = -22,-22,1,Calcul aritmetic,Calcul aritmetic,Altele,1 - bază,alta,,calculati (-3) × 9 + 5,(-3) × 9 + 5 = -27 + 5 = -22,-22,22,6,28,3,3,4,0,0,0,0,0,0,calculati (-3) × 9 + 5
Generat - Calcul aritmetic,,Calculati (-10) × 4 + 22,(-10) × 4 + 22 = -40 + 22 = -18,-18,1,Calcul aritmetic,Calcul aritmetic,Altele,1 - bază,alta,,calculati (-10) × 4 + 22,(-10) × 4 + 22 = -40 + 22 = -18,-18,24,6,31,3,5,4,0,0,0,0,0,0,calculati (-10) × 4 + 22
Generat - Calcul aritmetic,,Calculati (-3) × 5 + 12,(-3) × 5 + 12 = -15 + 12 = -3,-3,1,Calcul aritmetic,Calcul aritmetic,Altele,1 - bază,alta,,calculati (-3) × 5 + 12,(-3) × 5 + 12 = -15 + 12 = -3,-3,23,6,29,2,4,4,0,0,0,0,0,0,calculati (-3) × 5 + 12
Generat - Calcul aritmetic,,Calculati (12/4) : (7/4),(12/4) : (7/4) = (12/4) × (4/7) = 48/28 = 12/7,12/7,1,Calcul aritmetic,Calcul aritmetic,Altele,1 - bază,alta,,calculati (12/4) : (7/4),(12/4) : (7/4) = (12/4) × (4/7) = 48/28 = 12/7,12/7,24,4,46,4,5,6,0,0,0,0,0,0,calculati (12/4) : (7/4)
Generat - Calcul aritmetic,,Calculati (-6) × 6 + 15,(-6) × 6 + 15 = -36 + 15 = -21,-21,1,Calcul aritmetic,Calcul aritmetic,Altele,1 - bază,alta,,calculati (-6) × 6 + 15,(-6) × 6 + 15 = -36 + 15 = -21,-21,23,6,30,3,4,4,0,0,0,0,0,0,calculati (-6) × 6 + 15
Generat - Calcul aritmetic,,Calculati 8/2 + 2/5,8/2 + 2/5 = 40/10 + 4/10 = 44/10 = 22/5,22/5,1,Calcul aritmetic,Calcul aritmetic,Altele,1 - bază,alta,,calculati 8/2 + 2/5,8/2 + 2/5 = 40/10 + 4/10 = 44/10 = 22/5,22/5,19,4,39,4,4,3,0,0,0,0,0,0,calculati 8/2 + 2/5
Generat - Calcul aritmetic,,Calculati (9/2) : (11/5),(9/2) : (11/5) = (9/2) × (5/11) = 45/22 = 45/22,45/22,1,Calcul aritmetic,Calcul aritmetic,Altele,1 - bază,alta,,calculati (9/2) : (11/5),(9/2) : (11/5) = (9/2) × (5/11) = 45/22 = 45/22,45/22,24,4,47,5,5,6,0,0,0,0,0,0,calculati (9/2) : (11/5)
Generat - Calcul aritmetic,,Calculati (-8) × 2 + 28,(-8) × 2 + 28 = -16 + 28 = 12,12,1,Calcul aritmetic,Calcul aritmetic,Altele,1 - bază,alta,,calculati (-8) × 2 + 28,(-8) × 2 + 28 = -16 + 28 = 12,12,23,6,29,2,4,4,0,0,0,0,0,0,calculati (-8) × 2 + 28
Generat - Calcul aritmetic,,Calculati (3/3) : (6/5),(3/3) : (6/5) = (3/3) × (5/6) = 15/18 = 5/6,5/6,1,Calcul aritmetic,Calcul aritmetic,Altele,1 - bază,alta,,calculati (3/3) : (6/5),(3/3) : (6/5) = (3/3) × (5/6) = 15/18 = 5/6,5/6,23,4,43,3,4,6,0,0,0,0,0,0,calculati (3/3) : (6/5)
Generat - Calcul aritmetic,,Calculati 4² - 2²,4² - 2² = 16 - 4 = 12,12,1,Calcul aritmetic,Calcul aritmetic,Altele,1 - bază,alta,,calculati 4² - 2²,4² - 2² = 16 - 4 = 12,12,17,4,21,2,2,1,0,0,0,0,0,0,calculati 4² - 2²
Generat - Calcul aritmetic,,Calculati (2/5) : (6/3),(2/5) : (6/3) = (2/5) × (3/6) = 6/30 = 1/5,1/5,1,Calcul aritmetic,Calcul aritmetic,Altele,1 - bază,alta,,calculati (2/5) : (6/3),(2/5) : (6/3) = (2/5) × (3/6) = 6/30 = 1/5,1/5,23,4,42,3,4,6,0,0,0,0,0,0,calculati (2/5) : (6/3)
Generat - Calcul aritmetic,,Calculati (-2) × 2 + 15,(-2) × 2 + 15 = -4 + 15 = 11,11,1,Calcul aritmetic,Calcul aritmetic,Altele,1 - bază,alta,,calculati (-2) × 2 + 15,(-2) × 2 + 15 = -4 + 15 = 11,11,23,6,28,2,4,4,0,0,0,0,0,0,calculati (-2) × 2 + 15
Generat - Calcul aritmetic,,Calculati (-5) × 4 + 19,(-5) × 4 + 19 = -20 + 19 = -1,-1,1,Calcul aritmetic,Calcul aritmetic,Altele,1 - bază,alta,,calculati (-5) × 4 + 19,(-5) × 4 + 19 = -20 + 19 = -1,-1,23,6,29,2,4,4,0,0,0,0,0,0,calculati (-5) × 4 + 19
Generat - Calcul aritmetic,,Calculati (8/2) : (3/6),(8/2) : (3/6) = (8/2) × (6/3) = 48/6 = 8,8,1,Calcul aritmetic,Calcul aritmetic,Altele,1 - bază,alta,,calculati (8/2) : (3/6),(8/2) : (3/6) = (8/2) × (6/3) = 48/6 = 8,8,23,4,40,1,4,6,0,0,0,0,0,0,calculati (8/2) : (3/6)
Generat - Calcul aritmetic,,Calculati 12² - 7²,12² - 7² = 144 - 49 = 95,95,1,Calcul aritmetic,Calcul aritmetic,Altele,1 - bază,alta,,calculati 12² - 7²,12² - 7² = 144 - 49 = 95,95,18,4,24,2,3,1,0,0,0,0,0,0,calculati 12² - 7²
Generat - Calcul aritmetic,,Calculati 8² - 4²,8² - 4² = 64 - 16 = 48,48,1,Calcul aritmetic,Calcul aritmetic,Altele,1 - bază,alta,,calculati 8² - 4²,8² - 4² = 64 - 16 = 48,48,17,4,22,2,2,1,0,0,0,0,0,0,calculati 8² - 4²
Generat - Calcul aritmetic,,Calculati 2² - 1²,2² - 1² = 4 - 1 = 3,3,1,Calcul aritmetic,Calcul aritmetic,Altele,1 - bază,alta,,calculati 2² - 1²,2² - 1² = 4 - 1 = 3,3,17,4,19,1,2,1,0,0,0,0,0,0,calculati 2² - 1²
Generat - Calcul aritmetic,,Calculati (12/4) : (1/4),(12/4) : (1/4) = (12/4) × (4/1) = 48/4 = 12,12,1,Calcul aritmetic,Calcul aritmetic,Altele,1 - bază,alta,,calculati (12/4) : (1/4),(12/4) : (1/4) = (12/4) × (4/1) = 48/4 = 12,12,24,4,43,2,5,6,0,0,0,0,0,0,calculati (12/4) : (1/4)
Generat - Calcul aritmetic,,Calculati (1/2) : (11/3),(1/2) : (11/3) = (1/2) × (3/11) = 3/22 = 3/22,3/22,1,Calcul aritmetic,Calcul aritmetic,Altele,1 - bază,alta,,calculati (1/2) : (11/3),(1/2) : (11/3) = (1/2) × (3/11) = 3/22 = 3/22,3/22,24,4,45,4,5,6,0,0,0,0,0,0,calculati (1/2) : (11/3)
Generat - Calcul aritmetic,,Calculati (12/4) : (5/3),(12/4) : (5/3) = (12/4) × (3/5) = 36/20 = 9/5,9/5,1,Calcul aritmetic,Calcul aritmetic,Altele,1 - bază,alta,,calculati (12/4) : (5/3),(12/4) : (5/3) = (12/4) × (3/5) = 36/20 = 9/5,9/5,24,4,45,3,5,6,0,0,0,0,0,0,calculati (12/4) : (5/3)
Generat - Calcul aritmetic,,Calculati 7/6 + 5/3,7/6 + 5/3 = 7/6 + 10/6 = 17/6 = 17/6,17/6,1,Calcul aritmetic,Calcul aritmetic,Altele,1 - bază,alta,,calculati 7/6 + 5/3,7/6 + 5/3 = 7/6 + 10/6 = 17/6 = 17/6,17/6,19,4,36,4,4,3,0,0,0,0,0,0,calculati 7/6 + 5/3
Generat - Calcul aritmetic,,Calculati 1/4 + 5/5,1/4 + 5/5 = 5/20 + 20/20 = 25/20 = 5/4,5/4,1,Calcul aritmetic,Calcul aritmetic,Altele,1 - bază,alta,,calculati 1/4 + 5/5,1/4 + 5/5 = 5/20 + 20/20 = 25/20 = 5/4,5/4,19,4,38,3,4,3,0,0,0,0,0,0,calculati 1/4 + 5/5
Generat - Calcul aritmetic,,Calculati (-8) × 4 + 11,(-8) × 4 + 11 = -32 + 11 = -21,-21,1,Calcul aritmetic,Calcul aritmetic,Altele,1 - bază,alta,,calculati (-8) × 4 + 11,(-8) × 4 + 11 = -32 + 11 = -21,-21,23,6,30,3,4,4,0,0,0,0,0,0,calculati (-8) × 4 + 11
Generat - Calcul aritmetic,,Calculati 7² - 2²,7² - 2² = 49 - 4 = 45,45,1,Calcul aritmetic,Calcul aritmetic,Altele,1 - bază,alta,,calculati 7² - 2²,7² - 2² = 49 - 4 = 45,45,17,4,21,2,2,1,0,0,0,0,0,0,calculati 7² - 2²
Generat - Calcul aritmetic,,Calculati (7/2) : (4/3),(7/2) : (4/3) = (7/2) × (3/4) = 21/8 = 21/8,21/8,1,Calcul aritmetic,Calcul aritmetic,Altele,1 - bază,alta,,calculati (7/2) : (4/3),(7/2) : (4/3) = (7/2) × (3/4) = 21/8 = 21/8,21/8,23,4,43,4,4,6,0,0,0,0,0,0,calculati (7/2) : (4/3)
Generat - Calcul aritmetic,,Calculati (4/2) : (10/6),(4/2) : (10/6) = (4/2) × (6/10) = 24/20 = 6/5,6/5,1,Calcul aritmetic,Calcul aritmetic,Altele,1 - bază,alta,,calculati (4/2) : (10/6),(4/2) : (10/6) = (4/2) × (6/10) = 24/20 = 6/5,6/5,24,4,45,3,5,6,0,0,0,0,0,0,calculati (4/2) : (10/6)
Generat - Calcul aritmetic,,Calculati (2/4) : (12/2),(2/4) : (12/2) = (2/4) × (2/12) = 4/48 = 1/12,1/12,1,Calcul aritmetic,Calcul aritmetic,Altele,1 - bază,alta,,calculati (2/4) : (12/2),(2/4) : (12/2) = (2/4) × (2/12) = 4/48 = 1/12,1/12,24,4,45,4,5,6,0,0,0,0,0,0,calculati (2/4) : (12/2)
Generat - Calcul aritmetic,,Calculati 12² - 5²,12² - 5² = 144 - 25 = 119,119,1,Calcul aritmetic,Calcul aritmetic,Altele,1 - bază,alta,,calculati 12² - 5²,12² - 5² = 144 - 25 = 119,119,18,4,25,3,3,1,0,0,0,0,0,0,calculati 12² - 5²
Generat - Calcul aritmetic,,Calculati 1/8 + 2/8,1/8 + 2/8 = 1/8 + 2/8 = 3/8 = 3/8,3/8,1,Calcul aritmetic,Calcul aritmetic,Altele,1 - bază,alta,,calculati 1/8 + 2/8,1/8 + 2/8 = 1/8 + 2/8 = 3/8 = 3/8,3/8,19,4,33,3,4,3,0,0,0,0,0,0,calculati 1/8 + 2/8
Generat - Calcul aritmetic,,Calculati 1/8 + 2/5,1/8 + 2/5 = 5/40 + 16/40 = 21/40 = 21/40,21/40,1,Calcul aritmetic,Calcul aritmetic,Altele,1 - bază,alta,,calculati 1/8 + 2/5,1/8 + 2/5 = 5/40 + 16/40 = 21/40 = 21/40,21/40,19,4,40,5,4,3,0,0,0,0,0,0,calculati 1/8 + 2/5
Generat - Calcul aritmetic,,Calculati 8² - 1²,8² - 1² = 64 - 1 = 63,63,1,Calcul aritmetic,Calcul aritmetic,Altele,1 - bază,alta,,calculati 8² - 1²,8² - 1² = 64 - 1 = 63,63,17,4,21,2,2,1,0,0,0,0,0,0,calculati 8² - 1²
Generat - Calcul aritmetic,,Calculati (-9) × 4 + 7,(-9) × 4 + 7 = -36 + 7 = -29,-29,1,Calcul aritmetic,Calcul aritmetic,Altele,1 - bază,alta,,calculati (-9) × 4 + 7,(-9) × 4 + 7 = -36 + 7 = -29,-29,22,6,28,3,3,4,0,0,0,0,0,0,calculati (-9) × 4 + 7
Generat - Calcul aritmetic,,Calculati 5/5 + 2/8,5/5 + 2/8 = 40/40 + 10/40 = 50/40 = 5/4,5/4,1,Calcul aritmetic,Calcul aritmetic,Altele,1 - bază,alta,,calculati 5/5 + 2/8,5/5 + 2/8 = 40/40 + 10/40 = 50/40 = 5/4,5/4,19,4,39,3,4,3,0,0,0,0,0,0,calculati 5/5 + 2/8
Generat - Calcul aritmetic,,Calculati (-4) × 8 + 27,(-4) × 8 + 27 = -32 + 27 = -5,-5,1,Calcul aritmetic,Calcul aritmetic,Altele,1 - bază,alta,,calculati (-4) × 8 + 27,(-4) × 8 + 27 = -32 + 27 = -5,-5,23,6,29,2,4,4,0,0,0,0,0,0,calculati (-4) × 8 + 27
Generat - Calcul aritmetic,,Calculati 9/8 + 2/4,9/8 + 2/4 = 9/8 + 4/8 = 13/8 = 13/8,13/8,1,Calcul aritmetic,Calcul aritmetic,Altele,1 - bază,alta,,calculati 9/8 + 2/4,9/8 + 2/4 = 9/8 + 4/8 = 13/8 = 13/8,13/8,19,4,35,4,4,3,0,0,0,0,0,0,calculati 9/8 + 2/4
Generat - Calcul aritmetic,,Calculati 2/5 + 4/6,2/5 + 4/6 = 12/30 + 20/30 = 32/30 = 16/15,16/15,1,Calcul aritmetic,Calcul aritmetic,Altele,1 - bază,alta,,calculati 2/5 + 4/6,2/5 + 4/6 = 12/30 + 20/30 = 32/30 = 16/15,16/15,19,4,41,5,4,3,0,0,0,0,0,0,calculati 2/5 + 4/6
Generat - Calcul aritmetic,,Calculati (5/6) : (4/4),(5/6) : (4/4) = (5/6) × (4/4) = 20/24 = 5/6,5/6,1,Calcul aritmetic,Calcul aritmetic,Altele,1 - bază,alta,,calculati (5/6) : (4/4),(5/6) : (4/4) = (5/6) × (4/4) = 20/24 = 5/6,5/6,23,4,43,3,4,6,0,0,0,0,0,0,calculati (5/6) : (4/4)
Generat - Calcul aritmetic,,Calculati 6² - 2²,6² - 2² = 36 - 4 = 32,32,1,Calcul aritmetic,Calcul aritmetic,Altele,1 - bază,alta,,calculati 6² - 2²,6² - 2² = 36 - 4 = 32,32,17,4,21,2,2,1,0,0,0,0,0,0,calculati 6² - 2²
Generat - Calcul aritmetic,,Calculati 9/5 + 4/8,9/5 + 4/8 = 72/40 + 20/40 = 92/40 = 23/10,23/10,1,Calcul aritmetic,Calcul aritmetic,Altele,1 - bază,alta,,calculati 9/5 + 4/8,9/5 + 4/8 = 72/40 + 20/40 = 92/40 = 23/10,23/10,19,4,41,5,4,3,0,0,0,0,0,0,calculati 9/5 + 4/8
Generat - Calcul aritmetic,,Calculati 1/8 + 2/2,1/8 + 2/2 = 1/8 + 8/8 = 9/8 = 9/8,9/8,1,Calcul aritmetic,Calcul aritmetic,Altele,1 - bază,alta,,calculati 1/8 + 2/2,1/8 + 2/2 = 1/8 + 8/8 = 9/8 = 9/8,9/8,19,4,33,3,4,3,0,0,0,0,0,0,calculati 1/8 + 2/2
Generat - Calcul aritmetic,,Calculati 4² - 1²,4² - 1² = 16 - 1 = 15,15,1,Calcul aritmetic,Calcul aritmetic,Altele,1 - bază,alta,,calculati 4² - 1²,4² - 1² = 16 - 1 = 15,15,17,4,21,2,2,1,0,0,0,0,0,0,calculati 4² - 1²
Generat - Calcul aritmetic,,Calculati 2/4 + 4/5,2/4 + 4/5 = 10/20 + 16/20 = 26/20 = 13/10,13/10,1,Calcul aritmetic,Calcul aritmetic,Altele,1 - bază,alta,,calculati 2/4 + 4/5,2/4 + 4/5 = 10/20 + 16/20 = 26/20 = 13/10,13/10,19,4,41,5,4,3,0,0,0,0,0,0,calculati 2/4 + 4/5
Generat - Calcul aritmetic,,Calculati (-6) × 9 + 2,(-6) × 9 + 2 = -54 + 2 = -52,-52,1,Calcul aritmetic,Calcul aritmetic,Altele,1 - bază,alta,,calculati (-6) × 9 + 2,(-6) × 9 + 2 = -54 + 2 = -52,-52,22,6,28,3,3,4,0,0,0,0,0,0,calculati (-6) × 9 + 2
Generat - Calcul aritmetic,,Calculati 3/2 + 5/4,3/2 + 5/4 = 6/4 + 5/4 = 11/4 = 11/4,11/4,1,Calcul aritmetic,Calcul aritmetic,Altele,1 - bază,alta,,calculati 3/2 + 5/4,3/2 + 5/4 = 6/4 + 5/4 = 11/4 = 11/4,11/4,19,4,35,4,4,3,0,0,0,0,0,0,calculati 3/2 + 5/4
Generat - Calcul aritmetic,,Calculati (-8) × 3 + 4,(-8) × 3 + 4 = -24 + 4 = -20,-20,1,Calcul aritmetic,Calcul aritmetic,Altele,1 - bază,alta,,calculati (-8) × 3 + 4,(-8) × 3 + 4 = -24 + 4 = -20,-20,22,6,28,3,3,4,0,0,0,0,0,0,calculati (-8) × 3 + 4
Generat - Calcul aritmetic,,Calculati 1/3 + 3/4,1/3 + 3/4 = 4/12 + 9/12 = 13/12 = 13/12,13/12,1,Calcul aritmetic,Calcul aritmetic,Altele,1 - bază,alta,,calculati 1/3 + 3/4,1/3 + 3/4 = 4/12 + 9/12 = 13/12 = 13/12,13/12,19,4,39,5,4,3,0,0,0,0,0,0,calculati 1/3 + 3/4
Generat - Calcul aritmetic,,Calculati (-9) × 6 + 29,(-9) × 6 + 29 = -54 + 29 = -25,-25,1,Calcul aritmetic,Calcul aritmetic,Altele,1 - bază,alta,,calculati (-9) × 6 + 29,(-9) × 6 + 29 = -54 + 29 = -25,-25,23,6,30,3,4,4,0,0,0,0,0,0,calculati (-9) × 6 + 29
Generat - Calcul aritmetic,,Calculati 6/4 + 3/2,6/4 + 3/2 = 6/4 + 6/4 = 12/4 = 3,3,1,Calcul aritmetic,Calcul aritmetic,Altele,1 - bază,alta,,calculati 6/4 + 3/2,6/4 + 3/2 = 6/4 + 6/4 = 12/4 = 3,3,19,4,32,1,4,3,0,0,0,0,0,0,calculati 6/4 + 3/2
Generat - Calcul aritmetic,,Calculati (-8) × 9 + 26,(-8) × 9 + 26 = -72 + 26 = -46,-46,1,Calcul aritmetic,Calcul aritmetic,Altele,1 - bază,alta,,calculati (-8) × 9 + 26,(-8) × 9 + 26 = -72 + 26 = -46,-46,23,6,30,3,4,4,0,0,0,0,0,0,calculati (-8) × 9 + 26
Generat - Calcul aritmetic,,Calculati 12² - 3²,12² - 3² = 144 - 9 = 135,135,1,Calcul aritmetic,Calcul aritmetic,Altele,1 - bază,alta,,calculati 12² - 3²,12² - 3² = 144 - 9 = 135,135,18,4,24,3,3,1,0,0,0,0,0,0,calculati 12² - 3²
Generat - Calcul aritmetic,,Calculati 3/8 + 1/3,3/8 + 1/3 = 9/24 + 8/24 = 17/24 = 17/24,17/24,1,Calcul aritmetic,Calcul aritmetic,Altele,1 - bază,alta,,calculati 3/8 + 1/3,3/8 + 1/3 = 9/24 + 8/24 = 17/24 = 17/24,17/24,19,4,39,5,4,3,0,0,0,0,0,0,calculati 3/8 + 1/3
Generat - Calcul aritmetic,,Calculati 7/6 + 8/6,7/6 + 8/6 = 7/6 + 8/6 = 15/6 = 5/2,5/2,1,Calcul aritmetic,Calcul aritmetic,Altele,1 - bază,alta,,calculati 7/6 + 8/6,7/6 + 8/6 = 7/6 + 8/6 = 15/6 = 5/2,5/2,19,4,34,3,4,3,0,0,0,0,0,0,calculati 7/6 + 8/6
Generat - Calcul aritmetic,,Calculati 4² - 3²,4² - 3² = 16 - 9 = 7,7,1,Calcul aritmetic,Calcul aritmetic,Altele,1 - bază,alta,,calculati 4² - 3²,4² - 3² = 16 - 9 = 7,7,17,4,20,1,2,1,0,0,0,0,0,0,calculati 4² - 3²
Generat - Calcul aritmetic,,Calculati 14² - 6²,14² - 6² = 196 - 36 = 160,160,1,Calcul aritmetic,Calcul aritmetic,Altele,1 - bază,alta,,calculati 14² - 6²,14² - 6² = 196 - 36 = 160,160,18,4,25,3,3,1,0,0,0,0,0,0,calculati 14² - 6²
Generat - Calcul aritmetic,,Calculati 3/5 + 8/2,3/5 + 8/2 = 6/10 + 40/10 = 46/10 = 23/5,23/5,1,Calcul aritmetic,Calcul aritmetic,Altele,1 - bază,alta,,calculati 3/5 + 8/2,3/5 + 8/2 = 6/10 + 40/10 = 46/10 = 23/5,23/5,19,4,39,4,4,3,0,0,0,0,0,0,calculati 3/5 + 8/2
Generat - Calcul aritmetic,,Calculati 9² - 1²,9² - 1² = 81 - 1 = 80,80,1,Calcul aritmetic,Calcul aritmetic,Altele,1 - bază,alta,,calculati 9² - 1²,9² - 1² = 81 - 1 = 80,80,17,4,21,2,2,1,0,0,0,0,0,0,calculati 9² - 1²
Generat - Calcul aritmetic,,Calculati 5/8 + 6/2,5/8 + 6/2 = 5/8 + 24/8 = 29/8 = 29/8,29/8,1,Calcul aritmetic,Calcul aritmetic,Altele,1 - bază,alta,,calculati 5/8 + 6/2,5/8 + 6/2 = 5/8 + 24/8 = 29/8 = 29/8,29/8,19,4,36,4,4,3,0,0,0,0,0,0,calculati 5/8 + 6/2
Generat - Calcul aritmetic,,Calculati (11/4) : (9/6),(11/4) : (9/6) = (11/4) × (6/9) = 66/36 = 11/6,11/6,1,Calcul aritmetic,Calcul aritmetic,Altele,1 - bază,alta,,calculati (11/4) : (9/6),(11/4) : (9/6) = (11/4) × (6/9) = 66/36 = 11/6,11/6,24,4,46,4,5,6,0,0,0,0,0,0,calculati (11/4) : (9/6)
Generat - Calcul aritmetic,,Calculati 7/8 + 4/5,7/8 + 4/5 = 35/40 + 32/40 = 67/40 = 67/40,67/40,1,Calcul aritmetic,Calcul aritmetic,Altele,1 - bază,alta,,calculati 7/8 + 4/5,7/8 + 4/5 = 35/40 + 32/40 = 67/40 = 67/40,67/40,19,4,41,5,4,3,0,0,0,0,0,0,calculati 7/8 + 4/5
Generat - Calcul aritmetic,,Calculati (-8) × 4 + 27,(-8) × 4 + 27 = -32 + 27 = -5,-5,1,Calcul aritmetic,Calcul aritmetic,Altele,1 - bază,alta,,calculati (-8) × 4 + 27,(-8) × 4 + 27 = -32 + 27 = -5,-5,23,6,29,2,4,4,0,0,0,0,0,0,calculati (-8) × 4 + 27
Generat - Calcul aritmetic,,Calculati 1/8 + 3/6,1/8 + 3/6 = 3/24 + 12/24 = 15/24 = 5/8,5/8,1,Calcul aritmetic,Calcul aritmetic,Altele,1 - bază,alta,,calculati 1/8 + 3/6,1/8 + 3/6 = 3/24 + 12/24 = 15/24 = 5/8,5/8,19,4,38,3,4,3,0,0,0,0,0,0,calculati 1/8 + 3/6
Generat - Calcul aritmetic,,Calculati 15² - 8²,15² - 8² = 225 - 64 = 161,161,1,Calcul aritmetic,Calcul aritmetic,Altele,1 - bază,alta,,calculati 15² - 8²,15² - 8² = 225 - 64 = 161,161,18,4,25,3,3,1,0,0,0,0,0,0,calculati 15² - 8²
Generat - Calcul aritmetic,,Calculati (-6) × 2 + 17,(-6) × 2 + 17 = -12 + 17 = 5,5,1,Calcul aritmetic,Calcul aritmetic,Altele,1 - bază,alta,,calculati (-6) × 2 + 17,(-6) × 2 + 17 = -12 + 17 = 5,5,23,6,28,1,4,4,0,0,0,0,0,0,calculati (-6) × 2 + 17
Generat - Calcul aritmetic,,Calculati (9/5) : (7/3),(9/5) : (7/3) = (9/5) × (3/7) = 27/35 = 27/35,27/35,1,Calcul aritmetic,Calcul aritmetic,Altele,1 - bază,alta,,calculati (9/5) : (7/3),(9/5) : (7/3) = (9/5) × (3/7) = 27/35 = 27/35,27/35,23,4,45,5,4,6,0,0,0,0,0,0,calculati (9/5) : (7/3)
Generat - Calcul aritmetic,,Calculati 8/5 + 8/2,8/5 + 8/2 = 16/10 + 40/10 = 56/10 = 28/5,28/5,1,Calcul aritmetic,Calcul aritmetic,Altele,1 - bază,alta,,calculati 8/5 + 8/2,8/5 + 8/2 = 16/10 + 40/10 = 56/10 = 28/5,28/5,19,4,40,4,4,3,0,0,0,0,0,0,calculati 8/5 + 8/2
Generat - Calcul aritmetic,,Calculati 9² - 6²,9² - 6² = 81 - 36 = 45,45,1,Calcul aritmetic,Calcul aritmetic,Altele,1 - bază,alta,,calculati 9² - 6²,9² - 6² = 81 - 36 = 45,45,17,4,22,2,2,1,0,0,0,0,0,0,calculati 9² - 6²
Generat - Radicali,,Simplificati √63,√63 = √(9 × 7) = 3√7,3√7,1,Radicali,Radicali,Mulțimi numerice,1 - bază,alta,,simplificati √63,√63 = √(9 × 7) = 3√7,3√7,16,2,20,3,2,1,0,0,0,1,0,0,simplificati √63
Generat - Radicali,,Rationalizati 1/(√7 - √5),Inmultim cu conjugata: 1(√7 + √5)/((√7)² - (√5)²) = 1(√7 + √5)/2,1(√7 + √5)/2,2,Radicali,Radicali,Mulțimi numerice,2 - mediu,alta,,rationalizati 1/(√7 - √5),inmultim cu conjugata: 1(√7 + √5)/((√7)² - (√5)²) = 1(√7 + √5)/2,1(√7 + √5)/2,25,4,64,12,3,6,0,0,0,1,0,0,rationalizati 1/(√7 - √5)
Generat - Radicali,,Calculati 1√6 + 1√6,1√6 + 1√6 = (1 + 1)√6 = 2√6,2√6,1,Radicali,Radicali,Mulțimi numerice,1 - bază,alta,,calculati 1√6 + 1√6,1√6 + 1√6 = (1 + 1)√6 = 2√6,2√6,19,4,27,3,4,3,0,0,0,1,0,0,calculati 1√6 + 1√6
Generat - Radicali,,Simplificati √150,√150 = √(25 × 6) = 5√6,5√6,1,Radicali,Radicali,Mulțimi numerice,1 - bază,alta,,simplificati √150,√150 = √(25 × 6) = 5√6,5√6,17,2,22,3,3,1,0,0,0,1,0,0,simplificati √150
Generat - Radicali,,Rationalizati 2/(√5 - √2),Inmultim cu conjugata: 2(√5 + √2)/((√5)² - (√2)²) = 2(√5 + √2)/3,2(√5 + √2)/3,2,Radicali,Radicali,Mulțimi numerice,2 - mediu,alta,,rationalizati 2/(√5 - √2),inmultim cu conjugata: 2(√5 + √2)/((√5)² - (√2)²) = 2(√5 + √2)/3,2(√5 + √2)/3,25,4,64,12,3,6,0,0,0,1,0,0,rationalizati 2/(√5 - √2)
Generat - Radicali,,Rationalizati 3/(√10 - √6),Inmultim cu conjugata: 3(√10 + √6)/((√10)² - (√6)²) = 3(√10 + √6)/4,3(√10 + √6)/4,2,Radicali,Radicali,Mulțimi numerice,2 - mediu,alta,,rationalizati 3/(√10 - √6),inmultim cu conjugata: 3(√10 + √6)/((√10)² - (√6)²) = 3(√10 + √6)/4,3(√10 + √6)/4,26,4,67,13,4,6,0,0,0,1,0,0,rationalizati 3/(√10 - √6)
Generat - Radicali,,Calculati 4√2 + 8√2,4√2 + 8√2 = (4 + 8)√2 = 12√2,12√2,1,Radicali,Radicali,Mulțimi numerice,1 - bază,alta,,calculati 4√2 + 8√2,4√2 + 8√2 = (4 + 8)√2 = 12√2,12√2,19,4,28,4,4,3,0,0,0,1,0,0,calculati 4√2 + 8√2
Generat - Radicali,,Calculati 8√7 + 6√7,8√7 + 6√7 = (8 + 6)√7 = 14√7,14√7,1,Radicali,Radicali,Mulțimi numerice,1 - bază,alta,,calculati 8√7 + 6√7,8√7 + 6√7 = (8 + 6)√7 = 14√7,14√7,19,4,28,4,4,3,0,0,0,1,0,0,calculati 8√7 + 6√7
Generat - Radicali,,Rationalizati 1/(√10 - √6),Inmultim cu conjugata: 1(√10 + √6)/((√10)² - (√6)²) = 1(√10 + √6)/4,1(√10 + √6)/4,2,Radicali,Radicali,Mulțimi numerice,2 - mediu,alta,,rationalizati 1/(√10 - √6),inmultim cu conjugata: 1(√10 + √6)/((√10)² - (√6)²) = 1(√10 + √6)/4,1(√10 + √6)/4,26,4,67,13,4,6,0,0,0,1,0,0,rationalizati 1/(√10 - √6)
Generat - Radicali,,Simplificati √147,√147 = √(49 × 3) = 7√3,7√3,1,Radicali,Radicali,Mulțimi numerice,1 - bază,alta,,simplificati √147,√147 = √(49 × 3) = 7√3,7√3,17,2,22,3,3,1,0,0,0,1,0,0,simplificati √147
Generat - Radicali,,Rationalizati 1/(√7 - √3),Inmultim cu conjugata: 1(√7 + √3)/((√7)² - (√3)²) = 1(√7 + √3)/4,1(√7 + √3)/4,2,Radicali,Radicali,Mulțimi numerice,2 - mediu,alta,,rationalizati 1/(√7 - √3),inmultim cu conjugata: 1(√7 + √3)/((√7)² - (√3)²) = 1(√7 + √3)/4,1(√7 + √3)/4,25,4,64,12,3,6,0,0,0,1,0,0,rationalizati 1/(√7 - √3)
Generat - Radicali,,Calculati 5√5 + 6√5,5√5 + 6√5 = (5 + 6)√5 = 11√5,11√5,1,Radicali,Radicali,Mulțimi numerice,1 - bază,alta,,calculati 5√5 + 6√5,5√5 + 6√5 = (5 + 6)√5 = 11√5,11√5,19,4,28,4,4,3,0,0,0,1,0,0,calculati 5√5 + 6√5
Generat - Radicali,,Rationalizati 1/(√5 - √3),Inmultim cu conjugata: 1(√5 + √3)/((√5)² - (√3)²) = 1(√5 + √3)/2,1(√5 + √3)/2,2,Radicali,Radicali,Mulțimi numerice,2 - mediu,alta,,rationalizati 1/(√5 - √3),inmultim cu conjugata: 1(√5 + √3)/((√5)² - (√3)²) = 1(√5 + √3)/2,1(√5 + √3)/2,25,4,64,12,3,6,0,0,0,1,0,0,rationalizati 1/(√5 - √3)
Generat - Radicali,,Simplificati √200,√200 = √(100 × 2) = 10√2,10√2,1,Radicali,Radicali,Mulțimi numerice,1 - bază,alta,,simplificati √200,√200 = √(100 × 2) = 10√2,10√2,17,2,24,4,3,1,0,0,0,1,0,0,simplificati √200
Generat - Radicali,,Rationalizati 1/(√11 - √7),Inmultim cu conjugata: 1(√11 + √7)/((√11)² - (√7)²) = 1(√11 + √7)/4,1(√11 + √7)/4,2,Radicali,Radicali,Mulțimi numerice,2 - mediu,alta,,rationalizati 1/(√11 - √7),inmultim cu conjugata: 1(√11 + √7)/((√11)² - (√7)²) = 1(√11 + √7)/4,1(√11 + √7)/4,26,4,67,13,4,6,0,0,0,1,0,0,rationalizati 1/(√11 - √7)
Generat - Radicali,,Calculati 4√7 + 4√7,4√7 + 4√7 = (4 + 4)√7 = 8√7,8√7,1,Radicali,Radicali,Mulțimi numerice,1 - bază,alta,,calculati 4√7 + 4√7,4√7 + 4√7 = (4 + 4)√7 = 8√7,8√7,19,4,27,3,4,3,0,0,0,1,0,0,calculati 4√7 + 4√7
Generat - Radicali,,Simplificati √50,√50 = √(25 × 2) = 5√2,5√2,1,Radicali,Radicali,Mulțimi numerice,1 - bază,alta,,simplificati √50,√50 = √(25 × 2) = 5√2,5√2,16,2,21,3,2,1,0,0,0,1,0,0,simplificati √50
Generat - Radicali,,Simplificati √60,√60 = √(4 × 15) = 2√15,2√15,1,Radicali,Radicali,Mulțimi numerice,1 - bază,alta,,simplificati √60,√60 = √(4 × 15) = 2√15,2√15,16,2,22,4,2,1,0,0,0,1,0,0,simplificati √60
Generat - Radicali,,Simplificati √125,√125 = √(25 × 5) = 5√5,5√5,1,Radicali,Radicali,Mulțimi numerice,1 - bază,alta,,simplificati √125,√125 = √(25 × 5) = 5√5,5√5,17,2,22,3,3,1,0,0,0,1,0,0,simplificati √125
Generat - Radicali,,Calculati 7√2 + 1√2,7√2 + 1√2 = (7 + 1)√2 = 8√2,8√2,1,Radicali,Radicali,Mulțimi numerice,1 - bază,alta,,calculati 7√2 + 1√2,7√2 + 1√2 = (7 + 1)√2 = 8√2,8√2,19,4,27,3,4,3,0,0,0,1,0,0,calculati 7√2 + 1√2
Generat - Radicali,,Rationalizati 4/(√5 - √3),Inmultim cu conjugata: 4(√5 + √3)/((√5)² - (√3)²) = 4(√5 + √3)/2,2(√5 + √3),2,Radicali,Radicali,Mulțimi numerice,2 - mediu,alta,,rationalizati 4/(√5 - √3),inmultim cu conjugata: 4(√5 + √3)/((√5)² - (√3)²) = 4(√5 + √3)/2,2(√5 + √3),25,4,64,10,3,6,0,0,0,1,0,0,rationalizati 4/(√5 - √3)
Generat - Radicali,,Calculati 3√7 + 8√7,3√7 + 8√7 = (3 + 8)√7 = 11√7,11√7,1,Radicali,Radicali,Mulțimi numerice,1 - bază,alta,,calculati 3√7 + 8√7,3√7 + 8√7 = (3 + 8)√7 = 11√7,11√7,19,4,28,4,4,3,0,0,0,1,0,0,calculati 3√7 + 8√7
Generat - Radicali,,Simplificati √72,√72 = √(36 × 2) = 6√2,6√2,1,Radicali,Radicali,Mulțimi numerice,1 - bază,alta,,simplificati √72,√72 = √(36 × 2) = 6√2,6√2,16,2,21,3,2,1,0,0,0,1,0,0,simplificati √72
Generat - Radicali,,Rationalizati 4/(√7 - √5),Inmultim cu conjugata: 4(√7 + √5)/((√7)² - (√5)²) = 4(√7 + √5)/2,2(√7 + √5),2,Radicali,Radicali,Mulțimi numerice,2 - mediu,alta,,rationalizati 4/(√7 - √5),inmultim cu conjugata: 4(√7 + √5)/((√7)² - (√5)²) = 4(√7 + √5)/2,2(√7 + √5),25,4,64,10,3,6,0,0,0,1,0,0,rationalizati 4/(√7 - √5)
Generat - Radicali,,Rationalizati 2/(√10 - √6),Inmultim cu conjugata: 2(√10 + √6)/((√10)² - (√6)²) = 2(√10 + √6)/4,2(√10 + √6)/4,2,Radicali,Radicali,Mulțimi numerice,2 - mediu,alta,,rationalizati 2/(√10 - √6),inmultim cu conjugata: 2(√10 + √6)/((√10)² - (√6)²) = 2(√10 + √6)/4,2(√10 + √6)/4,26,4,67,13,4,6,0,0,0,1,0,0,rationalizati 2/(√10 - √6)
Generat - Radicali,,Rationalizati 2/(√6 - √2),Inmultim cu conjugata: 2(√6 + √2)/((√6)² - (√2)²) = 2(√6 + √2)/4,2(√6 + √2)/4,2,Radicali,Radicali,Mulțimi numerice,2 - mediu,alta,,rationalizati 2/(√6 - √2),inmultim cu conjugata: 2(√6 + √2)/((√6)² - (√2)²) = 2(√6 + √2)/4,2(√6 + √2)/4,25,4,64,12,3,6,0,0,0,1,0,0,rationalizati 2/(√6 - √2)
Generat - Radicali,,Rationalizati 4/(√3 - √2),Inmultim cu conjugata: 4(√3 + √2)/((√3)² - (√2)²) = 4(√3 + √2)/1,4(√3 + √2),2,Radicali,Radicali,Mulțimi numerice,2 - mediu,alta,,rationalizati 4/(√3 - √2),inmultim cu conjugata: 4(√3 + √2)/((√3)² - (√2)²) = 4(√3 + √2)/1,4(√3 + √2),25,4,64,10,3,6,0,0,0,1,0,0,rationalizati 4/(√3 - √2)
Generat - Radicali,,Calculati 4√7 + 5√7,4√7 + 5√7 = (4 + 5)√7 = 9√7,9√7,1,Radicali,Radicali,Mulțimi numerice,1 - bază,alta,,calculati 4√7 + 5√7,4√7 + 5√7 = (4 + 5)√7 = 9√7,9√7,19,4,27,3,4,3,0,0,0,1,0,0,calculati 4√7 + 5√7
Generat - Radicali,,Calculati 5√5 + 8√5,5√5 + 8√5 = (5 + 8)√5 = 13√5,13√5,1,Radicali,Radicali,Mulțimi numerice,1 - bază,alta,,calculati 5√5 + 8√5,5√5 + 8√5 = (5 + 8)√5 = 13√5,13√5,19,4,28,4,4,3,0,0,0,1,0,0,calculati 5√5 + 8√5
Generat - Radicali,,Simplificati √24,√24 = √(4 × 6) = 2√6,2√6,1,Radicali,Radicali,Mulțimi numerice,1 - bază,alta,,simplificati √24,√24 = √(4 × 6) = 2√6,2√6,16,2,20,3,2,1,0,0,0,1,0,0,simplificati √24
Generat - Radicali,,Calculati 5√7 + 6√7,5√7 + 6√7 = (5 + 6)√7 = 11√7,11√7,1,Radicali,Radicali,Mulțimi numerice,1 - bază,alta,,calculati 5√7 + 6√7,5√7 + 6√7 = (5 + 6)√7 = 11√7,11√7,19,4,28,4,4,3,0,0,0,1,0,0,calculati 5√7 + 6√7
Generat - Radicali,,Rationalizati 2/(√7 - √3),Inmultim cu conjugata: 2(√7 + √3)/((√7)² - (√3)²) = 2(√7 + √3)/4,2(√7 + √3)/4,2,Radicali,Radicali,Mulțimi numerice,2 - mediu,alta,,rationalizati 2/(√7 - √3),inmultim cu conjugata: 2(√7 + √3)/((√7)² - (√3)²) = 2(√7 + √3)/4,2(√7 + √3)/4,25,4,64,12,3,6,0,0,0,1,0,0,rationalizati 2/(√7 - √3)
Generat - Radicali,,Simplificati √90,√90 = √(9 × 10) = 3√10,3√10,1,Radicali,Radicali,Mulțimi numerice,1 - bază,alta,,simplificati √90,√90 = √(9 × 10) = 3√10,3√10,16,2,22,4,2,1,0,0,0,1,0,0,simplificati √90
Generat - Radicali,,Rationalizati 3/(√5 - √2),Inmultim cu conjugata: 3(√5 + √2)/((√5)² - (√2)²) = 3(√5 + √2)/3,√5 + √2,2,Radicali,Radicali,Mulțimi numerice,2 - mediu,alta,,rationalizati 3/(√5 - √2),inmultim cu conjugata: 3(√5 + √2)/((√5)² - (√2)²) = 3(√5 + √2)/3,√5 + √2,25,4,64,7,3,6,0,0,0,1,0,0,rationalizati 3/(√5 - √2)
Generat - Radicali,,Rationalizati 1/(√3 - √2),Inmultim cu conjugata: 1(√3 + √2)/((√3)² - (√2)²) = 1(√3 + √2)/1,√3 + √2,2,Radicali,Radicali,Mulțimi numerice,2 - mediu,alta,,rationalizati 1/(√3 - √2),inmultim cu conjugata: 1(√3 + √2)/((√3)² - (√2)²) = 1(√3 + √2)/1,√3 + √2,25,4,64,7,3,6,0,0,0,1,0,0,rationalizati 1/(√3 - √2)
Generat - Radicali,,Calculati 8√7 + 7√7,8√7 + 7√7 = (8 + 7)√7 = 15√7,15√7,1,Radicali,Radicali,Mulțimi numerice,1 - bază,alta,,calculati 8√7 + 7√7,8√7 + 7√7 = (8 + 7)√7 = 15√7,15√7,19,4,28,4,4,3,0,0,0,1,0,0,calculati 8√7 + 7√7
Generat - Radicali,,Rationalizati 4/(√5 - √2),Inmultim cu conjugata: 4(√5 + √2)/((√5)² - (√2)²) = 4(√5 + √2)/3,4(√5 + √2)/3,2,Radicali,Radicali,Mulțimi numerice,2 - mediu,alta,,rationalizati 4/(√5 - √2),inmultim cu conjugata: 4(√5 + √2)/((√5)² - (√2)²) = 4(√5 + √2)/3,4(√5 + √2)/3,25,4,64,12,3,6,0,0,0,1,0,0,rationalizati 4/(√5 - √2)
Generat - Radicali,,Simplificati √8,√8 = √(4 × 2) = 2√2,2√2,1,Radicali,Radicali,Mulțimi numerice,1 - bază,alta,,simplificati √8,√8 = √(4 × 2) = 2√2,2√2,15,2,19,3,1,1,0,0,0,1,0,0,simplificati √8
Generat - Radicali,,Calculati 1√3 + 1√3,1√3 + 1√3 = (1 + 1)√3 = 2√3,2√3,1,Radicali,Radicali,Mulțimi numerice,1 - bază,alta,,calculati 1√3 + 1√3,1√3 + 1√3 = (1 + 1)√3 = 2√3,2√3,19,4,27,3,4,3,0,0,0,1,0,0,calculati 1√3 + 1√3
Generat - Radicali,,Simplificati √40,√40 = √(4 × 10) = 2√10,2√10,1,Radicali,Radicali,Mulțimi numerice,1 - bază,alta,,simplificati √40,√40 = √(4 × 10) = 2√10,2√10,16,2,22,4,2,1,0,0,0,1,0,0,simplificati √40
Generat - Radicali,,Simplificati √44,√44 = √(4 × 11) = 2√11,2√11,1,Radicali,Radicali,Mulțimi numerice,1 - bază,alta,,simplificati √44,√44 = √(4 × 11) = 2√11,2√11,16,2,22,4,2,1,0,0,0,1,0,0,simplificati √44
Generat - Radicali,,Calculati 1√3 + 6√3,1√3 + 6√3 = (1 + 6)√3 = 7√3,7√3,1,Radicali,Radicali,Mulțimi numerice,1 - bază,alta,,calculati 1√3 + 6√3,1√3 + 6√3 = (1 + 6)√3 = 7√3,7√3,19,4,27,3,4,3,0,0,0,1,0,0,calculati 1√3 + 6√3
Generat - Radicali,,Calculati 4√2 + 7√2,4√2 + 7√2 = (4 + 7)√2 = 11√2,11√2,1,Radicali,Radicali,Mulțimi numerice,1 - bază,alta,,calculati 4√2 + 7√2,4√2 + 7√2 = (4 + 7)√2 = 11√2,11√2,19,4,28,4,4,3,0,0,0,1,0,0,calculati 4√2 + 7√2
Generat - Radicali,,Rationalizati 1/(√5 - √2),Inmultim cu conjugata: 1(√5 + √2)/((√5)² - (√2)²) = 1(√5 + √2)/3,1(√5 + √2)/3,2,Radicali,Radicali,Mulțimi numerice,2 - mediu,alta,,rationalizati 1/(√5 - √2),inmultim cu conjugata: 1(√5 + √2)/((√5)² - (√2)²) = 1(√5 + √2)/3,1(√5 + √2)/3,25,4,64,12,3,6,0,0,0,1,0,0,rationalizati 1/(√5 - √2)
Generat - Radicali,,Calculati 7√6 + 6√6,7√6 + 6√6 = (7 + 6)√6 = 13√6,13√6,1,Radicali,Radicali,Mulțimi numerice,1 - bază,alta,,calculati 7√6 + 6√6,7√6 + 6√6 = (7 + 6)√6 = 13√6,13√6,19,4,28,4,4,3,0,0,0,1,0,0,calculati 7√6 + 6√6
Generat - Radicali,,Rationalizati 2/(√3 - √2),Inmultim cu conjugata: 2(√3 + √2)/((√3)² - (√2)²) = 2(√3 + √2)/1,2(√3 + √2),2,Radicali,Radicali,Mulțimi numerice,2 - mediu,alta,,rationalizati 2/(√3 - √2),inmultim cu conjugata: 2(√3 + √2)/((√3)² - (√2)²) = 2(√3 + √2)/1,2(√3 + √2),25,4,64,10,3,6,0,0,0,1,0,0,rationalizati 2/(√3 - √2)
Generat - Radicali,,Rationalizati 3/(√7 - √3),Inmultim cu conjugata: 3(√7 + √3)/((√7)² - (√3)²) = 3(√7 + √3)/4,3(√7 + √3)/4,2,Radicali,Radicali,Mulțimi numerice,2 - mediu,alta,,rationalizati 3/(√7 - √3),inmultim cu conjugata: 3(√7 + √3)/((√7)² - (√3)²) = 3(√7 + √3)/4,3(√7 + √3)/4,25,4,64,12,3,6,0,0,0,1,0,0,rationalizati 3/(√7 - √3)
Generat - Radicali,,Calculati 2√3 + 3√3,2√3 + 3√3 = (2 + 3)√3 = 5√3,5√3,1,Radicali,Radicali,Mulțimi numerice,1 - bază,alta,,calculati 2√3 + 3√3,2√3 + 3√3 = (2 + 3)√3 = 5√3,5√3,19,4,27,3,4,3,0,0,0,1,0,0,calculati 2√3 + 3√3
Generat - Radicali,,Simplificati √128,√128 = √(64 × 2) = 8√2,8√2,1,Radicali,Radicali,Mulțimi numerice,1 - bază,alta,,simplificati √128,√128 = √(64 × 2) = 8√2,8√2,17,2,22,3,3,1,0,0,0,1,0,0,simplificati √128
Generat - Functia grad II,,"Fie f: R → R, f(x) = -3x² + 6x - 5. Determinati numarul de puncte de intersectie ale graficului cu axa Ox.",Δ = b² - 4ac = 6² - 4·-3·-5 = 36 - 60 = -24. Δ < 0 => 0 puncte de intersectie.,0 puncte,2,Functia de gradul II,Funcția de gradul II,Funcții,2 - mediu,alta,,"fie f: r → r, f(x) = -3x² + 6x - 5. determinati numarul de puncte de intersectie ale graficului cu axa ox.",δ = b² - 4ac = 6² - 4·-3·-5 = 36 - 60 = -24. δ < 0 => 0 puncte de intersectie.,0 puncte,106,23,78,8,3,6,0,0,0,0,1,0,"fie f: r → r, f(x) = -3x² + 6x - 5. determinati numarul de puncte de intersectie ale graficului cu axa ox."
Generat - Functia grad II,,"Fie f: R → R, f(x) = -x² - 6x - 14. Determinati numarul de puncte de intersectie ale graficului cu axa Ox.",Δ = b² - 4ac = -6² - 4·-1·-14 = 36 - 56 = -20. Δ < 0 => 0 puncte de intersectie.,0 puncte,2,Functia de gradul II,Funcția de gradul II,Funcții,2 - mediu,alta,,"fie f: r → r, f(x) = -x² - 6x - 14. determinati numarul de puncte de intersectie ale graficului cu axa ox.",δ = b² - 4ac = -6² - 4·-1·-14 = 36 - 56 = -20. δ < 0 => 0 puncte de intersectie.,0 puncte,106,23,80,8,3,6,0,0,0,0,1,0,"fie f: r → r, f(x) = -x² - 6x - 14. determinati numarul de puncte de intersectie ale graficului cu axa ox."
Generat - Functia grad II,,"Fie f: R → R, f(x) = -x² - 10x - 25. Calculati f(2).",f(2) = -1·(2)² + -10·(2) + -25 = -4 + -20 + -25 = -49,-49,1,Functia de gradul II,Funcția de gradul II,Funcții,1 - bază,alta,,"fie f: r → r, f(x) = -x² - 10x - 25. calculati f(2).",f(2) = -1·(2)² + -10·(2) + -25 = -4 + -20 + -25 = -49,-49,52,14,53,3,5,8,0,0,0,0,1,0,"fie f: r → r, f(x) = -x² - 10x - 25. calculati f(2)."
Generat - Functia grad II,,"Fie f: R → R, f(x) = -2x² - 20x - 56. Calculati f(1).",f(1) = -2·(1)² + -20·(1) + -56 = -2 + -20 + -56 = -78,-78,1,Functia de gradul II,Funcția de gradul II,Funcții,1 - bază,alta,,"fie f: r → r, f(x) = -2x² - 20x - 56. calculati f(1).",f(1) = -2·(1)² + -20·(1) + -56 = -2 + -20 + -56 = -78,-78,53,14,53,3,6,8,0,0,0,0,1,0,"fie f: r → r, f(x) = -2x² - 20x - 56. calculati f(1)."
Generat - Functia grad II,,"Fie f: R → R, f(x) = -3x² + 30x - 66. Determinati numarul de puncte de intersectie ale graficului cu axa Ox.",Δ = b² - 4ac = 30² - 4·-3·-66 = 900 - 792 = 108. Δ > 0 => 2 puncte de intersectie.,2 puncte,2,Functia de gradul II,Funcția de gradul II,Funcții,2 - mediu,alta,,"fie f: r → r, f(x) = -3x² + 30x - 66. determinati numarul de puncte de intersectie ale graficului cu axa ox.",δ = b² - 4ac = 30² - 4·-3·-66 = 900 - 792 = 108. δ > 0 => 2 puncte de intersectie.,2 puncte,108,23,82,8,5,6,0,0,0,0,1,0,"fie f: r → r, f(x) = -3x² + 30x - 66. determinati numarul de puncte de intersectie ale graficului cu axa ox."
Generat - Functia grad II,,"Fie f: R → R, f(x) = -x² + 4x + 4. Determinati numarul de puncte de intersectie ale graficului cu axa Ox.",Δ = b² - 4ac = 4² - 4·-1·4 = 16 - -16 = 32. Δ > 0 => 2 puncte de intersectie.,2 puncte,2,Functia de gradul II,Funcția de gradul II,Funcții,2 - mediu,alta,,"fie f: r → r, f(x) = -x² + 4x + 4. determinati numarul de puncte de intersectie ale graficului cu axa ox.",δ = b² - 4ac = 4² - 4·-1·4 = 16 - -16 = 32. δ > 0 => 2 puncte de intersectie.,2 puncte,105,23,77,8,2,6,0,0,0,0,1,0,"fie f: r → r, f(x) = -x² + 4x + 4. determinati numarul de puncte de intersectie ale graficului cu axa ox."
Generat - Functia grad II,,"Fie f: R → R, f(x) = -x² - 8x - 16. Determinati numarul de puncte de intersectie ale graficului cu axa Ox.",Δ = b² - 4ac = -8² - 4·-1·-16 = 64 - 64 = 0. Δ = 0 => 1 puncte de intersectie.,1 puncte,2,Functia de gradul II,Funcția de gradul II,Funcții,2 - mediu,alta,,"fie f: r → r, f(x) = -x² - 8x - 16. determinati numarul de puncte de intersectie ale graficului cu axa ox.",δ = b² - 4ac = -8² - 4·-1·-16 = 64 - 64 = 0. δ = 0 => 1 puncte de intersectie.,1 puncte,106,23,78,8,3,6,0,0,0,0,1,0,"fie f: r → r, f(x) = -x² - 8x - 16. determinati numarul de puncte de intersectie ale graficului cu axa ox."
Generat - Functia grad II,,"Fie f: R → R, f(x) = -2x² - 12x - 12. Determinati daca parabola este deschisa in sus sau in jos si aflati varful parabolei.","a = -2 < 0 => parabola deschisa in jos. Varful: xv = -b/(2a) = 12/(2·-2) = -3. yv = f(-3) = 6. Varful: V(-3, 6)","Deschisa in jos, V(-3, 6)",2,Functia de gradul II,Funcția de gradul II,Funcții,2 - mediu,alta,,"fie f: r → r, f(x) = -2x² - 12x - 12. determinati daca parabola este deschisa in sus sau in jos si aflati varful parabolei.","a = -2 < 0 => parabola deschisa in jos. varful: xv = -b/(2a) = 12/(2·-2) = -3. yv = f(-3) = 6. varful: v(-3, 6)","deschisa in jos, v(-3, 6)",123,26,111,25,5,6,0,0,0,0,1,1,"fie f: r → r, f(x) = -2x² - 12x - 12. determinati daca parabola este deschisa in sus sau in jos si aflati varful parabolei."
Generat - Functia grad II,,"Fie f: R → R, f(x) = 2x² + 12x + 21. Determinati numarul de puncte de intersectie ale graficului cu axa Ox.",Δ = b² - 4ac = 12² - 4·2·21 = 144 - 168 = -24. Δ < 0 => 0 puncte de intersectie.,0 puncte,2,Functia de gradul II,Funcția de gradul II,Funcții,2 - mediu,alta,,"fie f: r → r, f(x) = 2x² + 12x + 21. determinati numarul de puncte de intersectie ale graficului cu axa ox.",δ = b² - 4ac = 12² - 4·2·21 = 144 - 168 = -24. δ < 0 => 0 puncte de intersectie.,0 puncte,107,23,80,8,5,5,0,0,0,0,1,0,"fie f: r → r, f(x) = 2x² + 12x + 21. determinati numarul de puncte de intersectie ale graficului cu axa ox."
Generat - Functia grad II,,"Fie f: R → R, f(x) = 2x² - 4x - 6. Calculati f(-2).",f(-2) = 2·(-2)² + -4·(-2) + -6 = 8 + 8 + -6 = 10,10,1,Functia de gradul II,Funcția de gradul II,Funcții,1 - bază,alta,,"fie f: r → r, f(x) = 2x² - 4x - 6. calculati f(-2).",f(-2) = 2·(-2)² + -4·(-2) + -6 = 8 + 8 + -6 = 10,10,51,14,48,2,4,8,0,0,0,0,1,0,"fie f: r → r, f(x) = 2x² - 4x - 6. calculati f(-2)."
Generat - Functia grad II,,"Fie f: R → R, f(x) = -2x² + 20x - 50. Calculati f(-1).",f(-1) = -2·(-1)² + 20·(-1) + -50 = -2 + -20 + -50 = -72,-72,1,Functia de gradul II,Funcția de gradul II,Funcții,1 - bază,alta,,"fie f: r → r, f(x) = -2x² + 20x - 50. calculati f(-1).",f(-1) = -2·(-1)² + 20·(-1) + -50 = -2 + -20 + -50 = -72,-72,54,14,55,3,6,9,0,0,0,0,1,0,"fie f: r → r, f(x) = -2x² + 20x - 50. calculati f(-1)."
Generat - Functia grad II,,"Fie f: R → R, f(x) = -x² - 4x + 5. Determinati numarul de puncte de intersectie ale graficului cu axa Ox.",Δ = b² - 4ac = -4² - 4·-1·5 = 16 - -20 = 36. Δ > 0 => 2 puncte de intersectie.,2 puncte,2,Functia de gradul II,Funcția de gradul II,Funcții,2 - mediu,alta,,"fie f: r → r, f(x) = -x² - 4x + 5. determinati numarul de puncte de intersectie ale graficului cu axa ox.",δ = b² - 4ac = -4² - 4·-1·5 = 16 - -20 = 36. δ > 0 => 2 puncte de intersectie.,2 puncte,105,23,78,8,2,6,0,0,0,0,1,0,"fie f: r → r, f(x) = -x² - 4x + 5. determinati numarul de puncte de intersectie ale graficului cu axa ox."
Generat - Functia grad II,,"Fie f: R → R, f(x) = x² - 6x + 19. Determinati daca parabola este deschisa in sus sau in jos si aflati varful parabolei.","a = 1 > 0 => parabola deschisa in sus. Varful: xv = -b/(2a) = 6/(2·1) = 3. yv = f(3) = 10. Varful: V(3, 10)","Deschisa in sus, V(3, 10)",2,Functia de gradul II,Funcția de gradul II,Funcții,2 - mediu,alta,,"fie f: r → r, f(x) = x² - 6x + 19. determinati daca parabola este deschisa in sus sau in jos si aflati varful parabolei.","a = 1 > 0 => parabola deschisa in sus. varful: xv = -b/(2a) = 6/(2·1) = 3. yv = f(3) = 10. varful: v(3, 10)","deschisa in sus, v(3, 10)",120,26,107,25,3,5,0,0,0,0,1,1,"fie f: r → r, f(x) = x² - 6x + 19. determinati daca parabola este deschisa in sus sau in jos si aflati varful parabolei."
Generat - Functia grad II,,"Fie f: R → R, f(x) = -3x² + 30x - 74. Calculati f(-2).",f(-2) = -3·(-2)² + 30·(-2) + -74 = -12 + -60 + -74 = -146,-146,1,Functia de gradul II,Funcția de gradul II,Funcții,1 - bază,alta,,"fie f: r → r, f(x) = -3x² + 30x - 74. calculati f(-2).",f(-2) = -3·(-2)² + 30·(-2) + -74 = -12 + -60 + -74 = -146,-146,54,14,57,4,6,9,0,0,0,0,1,0,"fie f: r → r, f(x) = -3x² + 30x - 74. calculati f(-2)."
Generat - Functia grad II,,"Fie f: R → R, f(x) = 3x² - 24x + 57. Determinati daca parabola este deschisa in sus sau in jos si aflati varful parabolei.","a = 3 > 0 => parabola deschisa in sus. Varful: xv = -b/(2a) = 24/(2·3) = 4. yv = f(4) = 9. Varful: V(4, 9)","Deschisa in sus, V(4, 9)",2,Functia de gradul II,Funcția de gradul II,Funcții,2 - mediu,alta,,"fie f: r → r, f(x) = 3x² - 24x + 57. determinati daca parabola este deschisa in sus sau in jos si aflati varful parabolei.","a = 3 > 0 => parabola deschisa in sus. varful: xv = -b/(2a) = 24/(2·3) = 4. yv = f(4) = 9. varful: v(4, 9)","deschisa in sus, v(4, 9)",122,26,106,24,5,5,0,0,0,0,1,1,"fie f: r → r, f(x) = 3x² - 24x + 57. determinati daca parabola este deschisa in sus sau in jos si aflati varful parabolei."
Generat - Functia grad II,,"Fie f: R → R, f(x) = -3x² + 30x - 75. Calculati f(3).",f(3) = -3·(3)² + 30·(3) + -75 = -27 + 90 + -75 = -12,-12,1,Functia de gradul II,Funcția de gradul II,Funcții,1 - bază,alta,,"fie f: r → r, f(x) = -3x² + 30x - 75. calculati f(3).",f(3) = -3·(3)² + 30·(3) + -75 = -27 + 90 + -75 = -12,-12,53,14,52,3,6,8,0,0,0,0,1,0,"fie f: r → r, f(x) = -3x² + 30x - 75. calculati f(3)."
Generat - Functia grad II,,"Fie f: R → R, f(x) = 3x² + 6x - 7. Determinati numarul de puncte de intersectie ale graficului cu axa Ox.",Δ = b² - 4ac = 6² - 4·3·-7 = 36 - -84 = 120. Δ > 0 => 2 puncte de intersectie.,2 puncte,2,Functia de gradul II,Funcția de gradul II,Funcții,2 - mediu,alta,,"fie f: r → r, f(x) = 3x² + 6x - 7. determinati numarul de puncte de intersectie ale graficului cu axa ox.",δ = b² - 4ac = 6² - 4·3·-7 = 36 - -84 = 120. δ > 0 => 2 puncte de intersectie.,2 puncte,105,23,78,8,3,5,0,0,0,0,1,0,"fie f: r → r, f(x) = 3x² + 6x - 7. determinati numarul de puncte de intersectie ale graficului cu axa ox."
Generat - Functia grad II,,"Fie f: R → R, f(x) = -x² + 6x - 3. Calculati f(0).",f(0) = -1·(0)² + 6·(0) + -3 = 0 + 0 + -3 = -3,-3,1,Functia de gradul II,Funcția de gradul II,Funcții,1 - bază,alta,,"fie f: r → r, f(x) = -x² + 6x - 3. calculati f(0).",f(0) = -1·(0)² + 6·(0) + -3 = 0 + 0 + -3 = -3,-3,50,14,45,2,3,8,0,0,0,0,1,0,"fie f: r → r, f(x) = -x² + 6x - 3. calculati f(0)."
Generat - Functia grad II,,"Fie f: R → R, f(x) = -3x² - 6x + 7. Determinati daca parabola este deschisa in sus sau in jos si aflati varful parabolei.","a = -3 < 0 => parabola deschisa in jos. Varful: xv = -b/(2a) = 6/(2·-3) = -1. yv = f(-1) = 10. Varful: V(-1, 10)","Deschisa in jos, V(-1, 10)",2,Functia de gradul II,Funcția de gradul II,Funcții,2 - mediu,alta,,"fie f: r → r, f(x) = -3x² - 6x + 7. determinati daca parabola este deschisa in sus sau in jos si aflati varful parabolei.","a = -3 < 0 => parabola deschisa in jos. varful: xv = -b/(2a) = 6/(2·-3) = -1. yv = f(-1) = 10. varful: v(-1, 10)","deschisa in jos, v(-1, 10)",121,26,112,26,3,6,0,0,0,0,1,1,"fie f: r → r, f(x) = -3x² - 6x + 7. determinati daca parabola este deschisa in sus sau in jos si aflati varful parabolei."
Generat - Functia grad II,,"Fie f: R → R, f(x) = -x² + 6x - 17. Determinati daca parabola este deschisa in sus sau in jos si aflati varful parabolei.","a = -1 < 0 => parabola deschisa in jos. Varful: xv = -b/(2a) = -6/(2·-1) = 3. yv = f(3) = -8. Varful: V(3, -8)","Deschisa in jos, V(3, -8)",2,Functia de gradul II,Funcția de gradul II,Funcții,2 - mediu,alta,,"fie f: r → r, f(x) = -x² + 6x - 17. determinati daca parabola este deschisa in sus sau in jos si aflati varful parabolei.","a = -1 < 0 => parabola deschisa in jos. varful: xv = -b/(2a) = -6/(2·-1) = 3. yv = f(3) = -8. varful: v(3, -8)","deschisa in jos, v(3, -8)",121,26,110,25,3,6,0,0,0,0,1,1,"fie f: r → r, f(x) = -x² + 6x - 17. determinati daca parabola este deschisa in sus sau in jos si aflati varful parabolei."
Generat - Functia grad II,,"Fie f: R → R, f(x) = -2x² + 12x - 11. Determinati daca parabola este deschisa in sus sau in jos si aflati varful parabolei.","a = -2 < 0 => parabola deschisa in jos. Varful: xv = -b/(2a) = -12/(2·-2) = 3. yv = f(3) = 7. Varful: V(3, 7)","Deschisa in jos, V(3, 7)",2,Functia de gradul II,Funcția de gradul II,Funcții,2 - mediu,alta,,"fie f: r → r, f(x) = -2x² + 12x - 11. determinati daca parabola este deschisa in sus sau in jos si aflati varful parabolei.","a = -2 < 0 => parabola deschisa in jos. varful: xv = -b/(2a) = -12/(2·-2) = 3. yv = f(3) = 7. varful: v(3, 7)","deschisa in jos, v(3, 7)",123,26,109,24,5,6,0,0,0,0,1,1,"fie f: r → r, f(x) = -2x² + 12x - 11. determinati daca parabola este deschisa in sus sau in jos si aflati varful parabolei."
Generat - Functia grad II,,"Fie f: R → R, f(x) = 3x² + 24x + 44. Determinati numarul de puncte de intersectie ale graficului cu axa Ox.",Δ = b² - 4ac = 24² - 4·3·44 = 576 - 528 = 48. Δ > 0 => 2 puncte de intersectie.,2 puncte,2,Functia de gradul II,Funcția de gradul II,Funcții,2 - mediu,alta,,"fie f: r → r, f(x) = 3x² + 24x + 44. determinati numarul de puncte de intersectie ale graficului cu axa ox.",δ = b² - 4ac = 24² - 4·3·44 = 576 - 528 = 48. δ > 0 => 2 puncte de intersectie.,2 puncte,107,23,79,8,5,5,0,0,0,0,1,0,"fie f: r → r, f(x) = 3x² + 24x + 44. determinati numarul de puncte de intersectie ale graficului cu axa ox."
Generat - Functia grad II,,"Fie f: R → R, f(x) = 3x² + 12x + 15. Determinati daca parabola este deschisa in sus sau in jos si aflati varful parabolei.","a = 3 > 0 => parabola deschisa in sus. Varful: xv = -b/(2a) = -12/(2·3) = -2. yv = f(-2) = 3. Varful: V(-2, 3)","Deschisa in sus, V(-2, 3)",2,Functia de gradul II,Funcția de gradul II,Funcții,2 - mediu,alta,,"fie f: r → r, f(x) = 3x² + 12x + 15. determinati daca parabola este deschisa in sus sau in jos si aflati varful parabolei.","a = 3 > 0 => parabola deschisa in sus. varful: xv = -b/(2a) = -12/(2·3) = -2. yv = f(-2) = 3. varful: v(-2, 3)","deschisa in sus, v(-2, 3)",122,26,110,25,5,5,0,0,0,0,1,1,"fie f: r → r, f(x) = 3x² + 12x + 15. determinati daca parabola este deschisa in sus sau in jos si aflati varful parabolei."
Generat - Functia grad II,,"Fie f: R → R, f(x) = -2x² + 12x - 15. Determinati numarul de puncte de intersectie ale graficului cu axa Ox.",Δ = b² - 4ac = 12² - 4·-2·-15 = 144 - 120 = 24. Δ > 0 => 2 puncte de intersectie.,2 puncte,2,Functia de gradul II,Funcția de gradul II,Funcții,2 - mediu,alta,,"fie f: r → r, f(x) = -2x² + 12x - 15. determinati numarul de puncte de intersectie ale graficului cu axa ox.",δ = b² - 4ac = 12² - 4·-2·-15 = 144 - 120 = 24. δ > 0 => 2 puncte de intersectie.,2 puncte,108,23,81,8,5,6,0,0,0,0,1,0,"fie f: r → r, f(x) = -2x² + 12x - 15. determinati numarul de puncte de intersectie ale graficului cu axa ox."
Generat - Functia grad II,,"Fie f: R → R, f(x) = -3x² + 30x - 81. Determinati daca parabola este deschisa in sus sau in jos si aflati varful parabolei.","a = -3 < 0 => parabola deschisa in jos. Varful: xv = -b/(2a) = -30/(2·-3) = 5. yv = f(5) = -6. Varful: V(5, -6)","Deschisa in jos, V(5, -6)",2,Functia de gradul II,Funcția de gradul II,Funcții,2 - mediu,alta,,"fie f: r → r, f(x) = -3x² + 30x - 81. determinati daca parabola este deschisa in sus sau in jos si aflati varful parabolei.","a = -3 < 0 => parabola deschisa in jos. varful: xv = -b/(2a) = -30/(2·-3) = 5. yv = f(5) = -6. varful: v(5, -6)","deschisa in jos, v(5, -6)",123,26,111,25,5,6,0,0,0,0,1,1,"fie f: r → r, f(x) = -3x² + 30x - 81. determinati daca parabola este deschisa in sus sau in jos si aflati varful parabolei."
Generat - Functia grad II,,"Fie f: R → R, f(x) = x² - 9. Determinati daca parabola este deschisa in sus sau in jos si aflati varful parabolei.","a = 1 > 0 => parabola deschisa in sus. Varful: xv = -b/(2a) = 0/(2·1) = 0. yv = f(0) = -9. Varful: V(0, -9)","Deschisa in sus, V(0, -9)",2,Functia de gradul II,Funcția de gradul II,Funcții,2 - mediu,alta,,"fie f: r → r, f(x) = x² - 9. determinati daca parabola este deschisa in sus sau in jos si aflati varful parabolei.","a = 1 > 0 => parabola deschisa in sus. varful: xv = -b/(2a) = 0/(2·1) = 0. yv = f(0) = -9. varful: v(0, -9)","deschisa in sus, v(0, -9)",114,24,107,25,1,4,0,0,0,0,1,1,"fie f: r → r, f(x) = x² - 9. determinati daca parabola este deschisa in sus sau in jos si aflati varful parabolei."
Generat - Functia grad II,,"Fie f: R → R, f(x) = -3x² - 30x - 80. Calculati f(1).",f(1) = -3·(1)² + -30·(1) + -80 = -3 + -30 + -80 = -113,-113,1,Functia de gradul II,Funcția de gradul II,Funcții,1 - bază,alta,,"fie f: r → r, f(x) = -3x² - 30x - 80. calculati f(1).",f(1) = -3·(1)² + -30·(1) + -80 = -3 + -30 + -80 = -113,-113,53,14,54,4,6,8,0,0,0,0,1,0,"fie f: r → r, f(x) = -3x² - 30x - 80. calculati f(1)."
Generat - Functia grad II,,"Fie f: R → R, f(x) = -3x² + 24x - 51. Calculati f(0).",f(0) = -3·(0)² + 24·(0) + -51 = 0 + 0 + -51 = -51,-51,1,Functia de gradul II,Funcția de gradul II,Funcții,1 - bază,alta,,"fie f: r → r, f(x) = -3x² + 24x - 51. calculati f(0).",f(0) = -3·(0)² + 24·(0) + -51 = 0 + 0 + -51 = -51,-51,53,14,49,3,6,8,0,0,0,0,1,0,"fie f: r → r, f(x) = -3x² + 24x - 51. calculati f(0)."
Generat - Functia grad II,,"Fie f: R → R, f(x) = x² - 4x + 14. Calculati f(0).",f(0) = 1·(0)² + -4·(0) + 14 = 0 + 0 + 14 = 14,14,1,Functia de gradul II,Funcția de gradul II,Funcții,1 - bază,alta,,"fie f: r → r, f(x) = x² - 4x + 14. calculati f(0).",f(0) = 1·(0)² + -4·(0) + 14 = 0 + 0 + 14 = 14,14,50,14,45,2,4,7,0,0,0,0,1,0,"fie f: r → r, f(x) = x² - 4x + 14. calculati f(0)."
Generat - Functia grad II,,"Fie f: R → R, f(x) = -x² - 10x - 23. Determinati numarul de puncte de intersectie ale graficului cu axa Ox.",Δ = b² - 4ac = -10² - 4·-1·-23 = 100 - 92 = 8. Δ > 0 => 2 puncte de intersectie.,2 puncte,2,Functia de gradul II,Funcția de gradul II,Funcții,2 - mediu,alta,,"fie f: r → r, f(x) = -x² - 10x - 23. determinati numarul de puncte de intersectie ale graficului cu axa ox.",δ = b² - 4ac = -10² - 4·-1·-23 = 100 - 92 = 8. δ > 0 => 2 puncte de intersectie.,2 puncte,107,23,80,8,4,6,0,0,0,0,1,0,"fie f: r → r, f(x) = -x² - 10x - 23. determinati numarul de puncte de intersectie ale graficului cu axa ox."
Generat - Functia grad II,,"Fie f: R → R, f(x) = -3x² + 18x - 37. Determinati numarul de puncte de intersectie ale graficului cu axa Ox.",Δ = b² - 4ac = 18² - 4·-3·-37 = 324 - 444 = -120. Δ < 0 => 0 puncte de intersectie.,0 puncte,2,Functia de gradul II,Funcția de gradul II,Funcții,2 - mediu,alta,,"fie f: r → r, f(x) = -3x² + 18x - 37. determinati numarul de puncte de intersectie ale graficului cu axa ox.",δ = b² - 4ac = 18² - 4·-3·-37 = 324 - 444 = -120. δ < 0 => 0 puncte de intersectie.,0 puncte,108,23,83,8,5,6,0,0,0,0,1,0,"fie f: r → r, f(x) = -3x² + 18x - 37. determinati numarul de puncte de intersectie ale graficului cu axa ox."
Generat - Functia grad II,,"Fie f: R → R, f(x) = 3x² - 24x + 40. Determinati numarul de puncte de intersectie ale graficului cu axa Ox.",Δ = b² - 4ac = -24² - 4·3·40 = 576 - 480 = 96. Δ > 0 => 2 puncte de intersectie.,2 puncte,2,Functia de gradul II,Funcția de gradul II,Funcții,2 - mediu,alta,,"fie f: r → r, f(x) = 3x² - 24x + 40. determinati numarul de puncte de intersectie ale graficului cu axa ox.",δ = b² - 4ac = -24² - 4·3·40 = 576 - 480 = 96. δ > 0 => 2 puncte de intersectie.,2 puncte,107,23,80,8,5,5,0,0,0,0,1,0,"fie f: r → r, f(x) = 3x² - 24x + 40. determinati numarul de puncte de intersectie ale graficului cu axa ox."
Generat - Functia grad II,,"Fie f: R → R, f(x) = 2x² + 20x + 42. Calculati f(1).",f(1) = 2·(1)² + 20·(1) + 42 = 2 + 20 + 42 = 64,64,1,Functia de gradul II,Funcția de gradul II,Funcții,1 - bază,alta,,"fie f: r → r, f(x) = 2x² + 20x + 42. calculati f(1).",f(1) = 2·(1)² + 20·(1) + 42 = 2 + 20 + 42 = 64,64,52,14,46,2,6,7,0,0,0,0,1,0,"fie f: r → r, f(x) = 2x² + 20x + 42. calculati f(1)."
Generat - Functia grad II,,"Fie f: R → R, f(x) = -3x² - 6x - 4. Determinati numarul de puncte de intersectie ale graficului cu axa Ox.",Δ = b² - 4ac = -6² - 4·-3·-4 = 36 - 48 = -12. Δ < 0 => 0 puncte de intersectie.,0 puncte,2,Functia de gradul II,Funcția de gradul II,Funcții,2 - mediu,alta,,"fie f: r → r, f(x) = -3x² - 6x - 4. determinati numarul de puncte de intersectie ale graficului cu axa ox.",δ = b² - 4ac = -6² - 4·-3·-4 = 36 - 48 = -12. δ < 0 => 0 puncte de intersectie.,0 puncte,106,23,79,8,3,6,0,0,0,0,1,0,"fie f: r → r, f(x) = -3x² - 6x - 4. determinati numarul de puncte de intersectie ale graficului cu axa ox."
Generat - Functia grad II,,"Fie f: R → R, f(x) = -3x² - 6x + 1. Calculati f(0).",f(0) = -3·(0)² + -6·(0) + 1 = 0 + 0 + 1 = 1,1,1,Functia de gradul II,Funcția de gradul II,Funcții,1 - bază,alta,,"fie f: r → r, f(x) = -3x² - 6x + 1. calculati f(0).",f(0) = -3·(0)² + -6·(0) + 1 = 0 + 0 + 1 = 1,1,51,14,43,1,4,8,0,0,0,0,1,0,"fie f: r → r, f(x) = -3x² - 6x + 1. calculati f(0)."
Generat - Functia grad II,,"Fie f: R → R, f(x) = 3x² + 30x + 80. Determinati daca parabola este deschisa in sus sau in jos si aflati varful parabolei.","a = 3 > 0 => parabola deschisa in sus. Varful: xv = -b/(2a) = -30/(2·3) = -5. yv = f(-5) = 5. Varful: V(-5, 5)","Deschisa in sus, V(-5, 5)",2,Functia de gradul II,Funcția de gradul II,Funcții,2 - mediu,alta,,"fie f: r → r, f(x) = 3x² + 30x + 80. determinati daca parabola este deschisa in sus sau in jos si aflati varful parabolei.","a = 3 > 0 => parabola deschisa in sus. varful: xv = -b/(2a) = -30/(2·3) = -5. yv = f(-5) = 5. varful: v(-5, 5)","deschisa in sus, v(-5, 5)",122,26,110,25,5,5,0,0,0,0,1,1,"fie f: r → r, f(x) = 3x² + 30x + 80. determinati daca parabola este deschisa in sus sau in jos si aflati varful parabolei."
Generat - Functia grad II,,"Fie f: R → R, f(x) = 2x² + 8x + 2. Determinati numarul de puncte de intersectie ale graficului cu axa Ox.",Δ = b² - 4ac = 8² - 4·2·2 = 64 - 16 = 48. Δ > 0 => 2 puncte de intersectie.,2 puncte,2,Functia de gradul II,Funcția de gradul II,Funcții,2 - mediu,alta,,"fie f: r → r, f(x) = 2x² + 8x + 2. determinati numarul de puncte de intersectie ale graficului cu axa ox.",δ = b² - 4ac = 8² - 4·2·2 = 64 - 16 = 48. δ > 0 => 2 puncte de intersectie.,2 puncte,105,23,75,8,3,5,0,0,0,0,1,0,"fie f: r → r, f(x) = 2x² + 8x + 2. determinati numarul de puncte de intersectie ale graficului cu axa ox."
Generat - Functia grad II,,"Fie f: R → R, f(x) = x² - 6x + 8. Determinati numarul de puncte de intersectie ale graficului cu axa Ox.",Δ = b² - 4ac = -6² - 4·1·8 = 36 - 32 = 4. Δ > 0 => 2 puncte de intersectie.,2 puncte,2,Functia de gradul II,Funcția de gradul II,Funcții,2 - mediu,alta,,"fie f: r → r, f(x) = x² - 6x + 8. determinati numarul de puncte de intersectie ale graficului cu axa ox.",δ = b² - 4ac = -6² - 4·1·8 = 36 - 32 = 4. δ > 0 => 2 puncte de intersectie.,2 puncte,104,23,75,8,2,5,0,0,0,0,1,0,"fie f: r → r, f(x) = x² - 6x + 8. determinati numarul de puncte de intersectie ale graficului cu axa ox."
Generat - Functia grad II,,"Fie f: R → R, f(x) = -2x² - 4x + 8. Calculati f(-3).",f(-3) = -2·(-3)² + -4·(-3) + 8 = -18 + 12 + 8 = 2,2,1,Functia de gradul II,Funcția de gradul II,Funcții,1 - bază,alta,,"fie f: r → r, f(x) = -2x² - 4x + 8. calculati f(-3).",f(-3) = -2·(-3)² + -4·(-3) + 8 = -18 + 12 + 8 = 2,2,52,14,49,1,4,9,0,0,0,0,1,0,"fie f: r → r, f(x) = -2x² - 4x + 8. calculati f(-3)."
Generat - Functia grad II,,"Fie f: R → R, f(x) = 2x² - 12x + 12. Determinati daca parabola este deschisa in sus sau in jos si aflati varful parabolei.","a = 2 > 0 => parabola deschisa in sus. Varful: xv = -b/(2a) = 12/(2·2) = 3. yv = f(3) = -6. Varful: V(3, -6)","Deschisa in sus, V(3, -6)",2,Functia de gradul II,Funcția de gradul II,Funcții,2 - mediu,alta,,"fie f: r → r, f(x) = 2x² - 12x + 12. determinati daca parabola este deschisa in sus sau in jos si aflati varful parabolei.","a = 2 > 0 => parabola deschisa in sus. varful: xv = -b/(2a) = 12/(2·2) = 3. yv = f(3) = -6. varful: v(3, -6)","deschisa in sus, v(3, -6)",122,26,108,25,5,5,0,0,0,0,1,1,"fie f: r → r, f(x) = 2x² - 12x + 12. determinati daca parabola este deschisa in sus sau in jos si aflati varful parabolei."
Generat - Functia grad II,,"Fie f: R → R, f(x) = -3x² - 30x - 67. Determinati numarul de puncte de intersectie ale graficului cu axa Ox.",Δ = b² - 4ac = -30² - 4·-3·-67 = 900 - 804 = 96. Δ > 0 => 2 puncte de intersectie.,2 puncte,2,Functia de gradul II,Funcția de gradul II,Funcții,2 - mediu,alta,,"fie f: r → r, f(x) = -3x² - 30x - 67. determinati numarul de puncte de intersectie ale graficului cu axa ox.",δ = b² - 4ac = -30² - 4·-3·-67 = 900 - 804 = 96. δ > 0 => 2 puncte de intersectie.,2 puncte,108,23,82,8,5,6,0,0,0,0,1,0,"fie f: r → r, f(x) = -3x² - 30x - 67. determinati numarul de puncte de intersectie ale graficului cu axa ox."
Generat - Functia grad II,,"Fie f: R → R, f(x) = x² - 6x + 16. Determinati daca parabola este deschisa in sus sau in jos si aflati varful parabolei.","a = 1 > 0 => parabola deschisa in sus. Varful: xv = -b/(2a) = 6/(2·1) = 3. yv = f(3) = 7. Varful: V(3, 7)","Deschisa in sus, V(3, 7)",2,Functia de gradul II,Funcția de gradul II,Funcții,2 - mediu,alta,,"fie f: r → r, f(x) = x² - 6x + 16. determinati daca parabola este deschisa in sus sau in jos si aflati varful parabolei.","a = 1 > 0 => parabola deschisa in sus. varful: xv = -b/(2a) = 6/(2·1) = 3. yv = f(3) = 7. varful: v(3, 7)","deschisa in sus, v(3, 7)",120,26,105,24,3,5,0,0,0,0,1,1,"fie f: r → r, f(x) = x² - 6x + 16. determinati daca parabola este deschisa in sus sau in jos si aflati varful parabolei."
Generat - Functia grad II,,"Fie f: R → R, f(x) = -x² - 4x - 3. Determinati daca parabola este deschisa in sus sau in jos si aflati varful parabolei.","a = -1 < 0 => parabola deschisa in jos. Varful: xv = -b/(2a) = 4/(2·-1) = -2. yv = f(-2) = 1. Varful: V(-2, 1)","Deschisa in jos, V(-2, 1)",2,Functia de gradul II,Funcția de gradul II,Funcții,2 - mediu,alta,,"fie f: r → r, f(x) = -x² - 4x - 3. determinati daca parabola este deschisa in sus sau in jos si aflati varful parabolei.","a = -1 < 0 => parabola deschisa in jos. varful: xv = -b/(2a) = 4/(2·-1) = -2. yv = f(-2) = 1. varful: v(-2, 1)","deschisa in jos, v(-2, 1)",120,26,110,25,2,6,0,0,0,0,1,1,"fie f: r → r, f(x) = -x² - 4x - 3. determinati daca parabola este deschisa in sus sau in jos si aflati varful parabolei."
Generat - Functia grad II,,"Fie f: R → R, f(x) = x² - 10x + 31. Determinati daca parabola este deschisa in sus sau in jos si aflati varful parabolei.","a = 1 > 0 => parabola deschisa in sus. Varful: xv = -b/(2a) = 10/(2·1) = 5. yv = f(5) = 6. Varful: V(5, 6)","Deschisa in sus, V(5, 6)",2,Functia de gradul II,Funcția de gradul II,Funcții,2 - mediu,alta,,"fie f: r → r, f(x) = x² - 10x + 31. determinati daca parabola este deschisa in sus sau in jos si aflati varful parabolei.","a = 1 > 0 => parabola deschisa in sus. varful: xv = -b/(2a) = 10/(2·1) = 5. yv = f(5) = 6. varful: v(5, 6)","deschisa in sus, v(5, 6)",121,26,106,24,4,5,0,0,0,0,1,1,"fie f: r → r, f(x) = x² - 10x + 31. determinati daca parabola este deschisa in sus sau in jos si aflati varful parabolei."
Generat - Functia grad II,,"Fie f: R → R, f(x) = -2x² - 12x - 21. Determinati numarul de puncte de intersectie ale graficului cu axa Ox.",Δ = b² - 4ac = -12² - 4·-2·-21 = 144 - 168 = -24. Δ < 0 => 0 puncte de intersectie.,0 puncte,2,Functia de gradul II,Funcția de gradul II,Funcții,2 - mediu,alta,,"fie f: r → r, f(x) = -2x² - 12x - 21. determinati numarul de puncte de intersectie ale graficului cu axa ox.",δ = b² - 4ac = -12² - 4·-2·-21 = 144 - 168 = -24. δ < 0 => 0 puncte de intersectie.,0 puncte,108,23,83,8,5,6,0,0,0,0,1,0,"fie f: r → r, f(x) = -2x² - 12x - 21. determinati numarul de puncte de intersectie ale graficului cu axa ox."
Generat - Functia grad II,,"Fie f: R → R, f(x) = -x² - 4x - 11. Determinati daca parabola este deschisa in sus sau in jos si aflati varful parabolei.","a = -1 < 0 => parabola deschisa in jos. Varful: xv = -b/(2a) = 4/(2·-1) = -2. yv = f(-2) = -7. Varful: V(-2, -7)","Deschisa in jos, V(-2, -7)",2,Functia de gradul II,Funcția de gradul II,Funcții,2 - mediu,alta,,"fie f: r → r, f(x) = -x² - 4x - 11. determinati daca parabola este deschisa in sus sau in jos si aflati varful parabolei.","a = -1 < 0 => parabola deschisa in jos. varful: xv = -b/(2a) = 4/(2·-1) = -2. yv = f(-2) = -7. varful: v(-2, -7)","deschisa in jos, v(-2, -7)",121,26,112,26,3,6,0,0,0,0,1,1,"fie f: r → r, f(x) = -x² - 4x - 11. determinati daca parabola este deschisa in sus sau in jos si aflati varful parabolei."
Generat - Functia grad II,,"Fie f: R → R, f(x) = 3x² - 24x + 39. Determinati numarul de puncte de intersectie ale graficului cu axa Ox.",Δ = b² - 4ac = -24² - 4·3·39 = 576 - 468 = 108. Δ > 0 => 2 puncte de intersectie.,2 puncte,2,Functia de gradul II,Funcția de gradul II,Funcții,2 - mediu,alta,,"fie f: r → r, f(x) = 3x² - 24x + 39. determinati numarul de puncte de intersectie ale graficului cu axa ox.",δ = b² - 4ac = -24² - 4·3·39 = 576 - 468 = 108. δ > 0 => 2 puncte de intersectie.,2 puncte,107,23,81,8,5,5,0,0,0,0,1,0,"fie f: r → r, f(x) = 3x² - 24x + 39. determinati numarul de puncte de intersectie ale graficului cu axa ox."
Generat - Functia grad II,,"Fie f: R → R, f(x) = x² - 10x + 32. Determinati daca parabola este deschisa in sus sau in jos si aflati varful parabolei.","a = 1 > 0 => parabola deschisa in sus. Varful: xv = -b/(2a) = 10/(2·1) = 5. yv = f(5) = 7. Varful: V(5, 7)","Deschisa in sus, V(5, 7)",2,Functia de gradul II,Funcția de gradul II,Funcții,2 - mediu,alta,,"fie f: r → r, f(x) = x² - 10x + 32. determinati daca parabola este deschisa in sus sau in jos si aflati varful parabolei.","a = 1 > 0 => parabola deschisa in sus. varful: xv = -b/(2a) = 10/(2·1) = 5. yv = f(5) = 7. varful: v(5, 7)","deschisa in sus, v(5, 7)",121,26,106,24,4,5,0,0,0,0,1,1,"fie f: r → r, f(x) = x² - 10x + 32. determinati daca parabola este deschisa in sus sau in jos si aflati varful parabolei."
Generat - Functia grad II,,"Fie f: R → R, f(x) = -x² + 10x - 33. Calculati f(-3).",f(-3) = -1·(-3)² + 10·(-3) + -33 = -9 + -30 + -33 = -72,-72,1,Functia de gradul II,Funcția de gradul II,Funcții,1 - bază,alta,,"fie f: r → r, f(x) = -x² + 10x - 33. calculati f(-3).",f(-3) = -1·(-3)² + 10·(-3) + -33 = -9 + -30 + -33 = -72,-72,53,14,55,3,5,9,0,0,0,0,1,0,"fie f: r → r, f(x) = -x² + 10x - 33. calculati f(-3)."
Generat - Functia grad II,,"Fie f: R → R, f(x) = -2x² + 16x - 27. Calculati f(-1).",f(-1) = -2·(-1)² + 16·(-1) + -27 = -2 + -16 + -27 = -45,-45,1,Functia de gradul II,Funcția de gradul II,Funcții,1 - bază,alta,,"fie f: r → r, f(x) = -2x² + 16x - 27. calculati f(-1).",f(-1) = -2·(-1)² + 16·(-1) + -27 = -2 + -16 + -27 = -45,-45,54,14,55,3,6,9,0,0,0,0,1,0,"fie f: r → r, f(x) = -2x² + 16x - 27. calculati f(-1)."
Generat - Functia grad II,,"Fie f: R → R, f(x) = -2x² + 20x - 40. Determinati daca parabola este deschisa in sus sau in jos si aflati varful parabolei.","a = -2 < 0 => parabola deschisa in jos. Varful: xv = -b/(2a) = -20/(2·-2) = 5. yv = f(5) = 10. Varful: V(5, 10)","Deschisa in jos, V(5, 10)",2,Functia de gradul II,Funcția de gradul II,Funcții,2 - mediu,alta,,"fie f: r → r, f(x) = -2x² + 20x - 40. determinati daca parabola este deschisa in sus sau in jos si aflati varful parabolei.","a = -2 < 0 => parabola deschisa in jos. varful: xv = -b/(2a) = -20/(2·-2) = 5. yv = f(5) = 10. varful: v(5, 10)","deschisa in jos, v(5, 10)",123,26,111,25,5,6,0,0,0,0,1,1,"fie f: r → r, f(x) = -2x² + 20x - 40. determinati daca parabola este deschisa in sus sau in jos si aflati varful parabolei."
Generat - Functia grad II,,"Fie f: R → R, f(x) = -3x² - 6x + 6. Determinati daca parabola este deschisa in sus sau in jos si aflati varful parabolei.","a = -3 < 0 => parabola deschisa in jos. Varful: xv = -b/(2a) = 6/(2·-3) = -1. yv = f(-1) = 9. Varful: V(-1, 9)","Deschisa in jos, V(-1, 9)",2,Functia de gradul II,Funcția de gradul II,Funcții,2 - mediu,alta,,"fie f: r → r, f(x) = -3x² - 6x + 6. determinati daca parabola este deschisa in sus sau in jos si aflati varful parabolei.","a = -3 < 0 => parabola deschisa in jos. varful: xv = -b/(2a) = 6/(2·-3) = -1. yv = f(-1) = 9. varful: v(-1, 9)","deschisa in jos, v(-1, 9)",121,26,110,25,3,6,0,0,0,0,1,1,"fie f: r → r, f(x) = -3x² - 6x + 6. determinati daca parabola este deschisa in sus sau in jos si aflati varful parabolei."
Generat - Functia grad II,,"Fie f: R → R, f(x) = -2x² + 5. Calculati f(-1).",f(-1) = -2·(-1)² + 0·(-1) + 5 = -2 + 0 + 5 = 3,3,1,Functia de gradul II,Funcția de gradul II,Funcții,1 - bază,alta,,"fie f: r → r, f(x) = -2x² + 5. calculati f(-1).",f(-1) = -2·(-1)² + 0·(-1) + 5 = -2 + 0 + 5 = 3,3,47,12,46,1,3,8,0,0,0,0,1,0,"fie f: r → r, f(x) = -2x² + 5. calculati f(-1)."
Generat - Functia grad II,,"Fie f: R → R, f(x) = 2x² - 20x + 49. Determinati numarul de puncte de intersectie ale graficului cu axa Ox.",Δ = b² - 4ac = -20² - 4·2·49 = 400 - 392 = 8. Δ > 0 => 2 puncte de intersectie.,2 puncte,2,Functia de gradul II,Funcția de gradul II,Funcții,2 - mediu,alta,,"fie f: r → r, f(x) = 2x² - 20x + 49. determinati numarul de puncte de intersectie ale graficului cu axa ox.",δ = b² - 4ac = -20² - 4·2·49 = 400 - 392 = 8. δ > 0 => 2 puncte de intersectie.,2 puncte,107,23,79,8,5,5,0,0,0,0,1,0,"fie f: r → r, f(x) = 2x² - 20x + 49. determinati numarul de puncte de intersectie ale graficului cu axa ox."
Generat - Functia grad II,,"Fie f: R → R, f(x) = 2x² + 12x + 26. Determinati numarul de puncte de intersectie ale graficului cu axa Ox.",Δ = b² - 4ac = 12² - 4·2·26 = 144 - 208 = -64. Δ < 0 => 0 puncte de intersectie.,0 puncte,2,Functia de gradul II,Funcția de gradul II,Funcții,2 - mediu,alta,,"fie f: r → r, f(x) = 2x² + 12x + 26. determinati numarul de puncte de intersectie ale graficului cu axa ox.",δ = b² - 4ac = 12² - 4·2·26 = 144 - 208 = -64. δ < 0 => 0 puncte de intersectie.,0 puncte,107,23,80,8,5,5,0,0,0,0,1,0,"fie f: r → r, f(x) = 2x² + 12x + 26. determinati numarul de puncte de intersectie ale graficului cu axa ox."
Generat - Functia grad II,,"Fie f: R → R, f(x) = -x² + 3. Determinati daca parabola este deschisa in sus sau in jos si aflati varful parabolei.","a = -1 < 0 => parabola deschisa in jos. Varful: xv = -b/(2a) = 0/(2·-1) = 0. yv = f(0) = 3. Varful: V(0, 3)","Deschisa in jos, V(0, 3)",2,Functia de gradul II,Funcția de gradul II,Funcții,2 - mediu,alta,,"fie f: r → r, f(x) = -x² + 3. determinati daca parabola este deschisa in sus sau in jos si aflati varful parabolei.","a = -1 < 0 => parabola deschisa in jos. varful: xv = -b/(2a) = 0/(2·-1) = 0. yv = f(0) = 3. varful: v(0, 3)","deschisa in jos, v(0, 3)",115,24,107,24,1,5,0,0,0,0,1,1,"fie f: r → r, f(x) = -x² + 3. determinati daca parabola este deschisa in sus sau in jos si aflati varful parabolei."
Generat - Functia grad II,,"Fie f: R → R, f(x) = -3x² - 3. Determinati daca parabola este deschisa in sus sau in jos si aflati varful parabolei.","a = -3 < 0 => parabola deschisa in jos. Varful: xv = -b/(2a) = 0/(2·-3) = 0. yv = f(0) = -3. Varful: V(0, -3)","Deschisa in jos, V(0, -3)",2,Functia de gradul II,Funcția de gradul II,Funcții,2 - mediu,alta,,"fie f: r → r, f(x) = -3x² - 3. determinati daca parabola este deschisa in sus sau in jos si aflati varful parabolei.","a = -3 < 0 => parabola deschisa in jos. varful: xv = -b/(2a) = 0/(2·-3) = 0. yv = f(0) = -3. varful: v(0, -3)","deschisa in jos, v(0, -3)",116,24,109,25,2,5,0,0,0,0,1,1,"fie f: r → r, f(x) = -3x² - 3. determinati daca parabola este deschisa in sus sau in jos si aflati varful parabolei."
Generat - Functia grad II,,"Fie f: R → R, f(x) = 3x² - 30x + 78. Calculati f(3).",f(3) = 3·(3)² + -30·(3) + 78 = 27 + -90 + 78 = 15,15,1,Functia de gradul II,Funcția de gradul II,Funcții,1 - bază,alta,,"fie f: r → r, f(x) = 3x² - 30x + 78. calculati f(3).",f(3) = 3·(3)² + -30·(3) + 78 = 27 + -90 + 78 = 15,15,52,14,49,2,6,7,0,0,0,0,1,0,"fie f: r → r, f(x) = 3x² - 30x + 78. calculati f(3)."
Generat - Functia grad II,,"Fie f: R → R, f(x) = -x² - 6x - 9. Calculati f(0).",f(0) = -1·(0)² + -6·(0) + -9 = 0 + 0 + -9 = -9,-9,1,Functia de gradul II,Funcția de gradul II,Funcții,1 - bază,alta,,"fie f: r → r, f(x) = -x² - 6x - 9. calculati f(0).",f(0) = -1·(0)² + -6·(0) + -9 = 0 + 0 + -9 = -9,-9,50,14,46,2,3,8,0,0,0,0,1,0,"fie f: r → r, f(x) = -x² - 6x - 9. calculati f(0)."
Generat - Functia grad II,,"Fie f: R → R, f(x) = x² - 1. Calculati f(1).",f(1) = 1·(1)² + 0·(1) + -1 = 1 + 0 + -1 = 0,0,1,Functia de gradul II,Funcția de gradul II,Funcții,1 - bază,alta,,"fie f: r → r, f(x) = x² - 1. calculati f(1).",f(1) = 1·(1)² + 0·(1) + -1 = 1 + 0 + -1 = 0,0,44,12,43,1,2,6,0,0,0,0,1,0,"fie f: r → r, f(x) = x² - 1. calculati f(1)."
Generat - Functia grad II,,"Fie f: R → R, f(x) = -3x² - 18x - 17. Determinati numarul de puncte de intersectie ale graficului cu axa Ox.",Δ = b² - 4ac = -18² - 4·-3·-17 = 324 - 204 = 120. Δ > 0 => 2 puncte de intersectie.,2 puncte,2,Functia de gradul II,Funcția de gradul II,Funcții,2 - mediu,alta,,"fie f: r → r, f(x) = -3x² - 18x - 17. determinati numarul de puncte de intersectie ale graficului cu axa ox.",δ = b² - 4ac = -18² - 4·-3·-17 = 324 - 204 = 120. δ > 0 => 2 puncte de intersectie.,2 puncte,108,23,83,8,5,6,0,0,0,0,1,0,"fie f: r → r, f(x) = -3x² - 18x - 17. determinati numarul de puncte de intersectie ale graficului cu axa ox."
Generat - Functia grad II,,"Fie f: R → R, f(x) = -3x² - 6x - 9. Determinati numarul de puncte de intersectie ale graficului cu axa Ox.",Δ = b² - 4ac = -6² - 4·-3·-9 = 36 - 108 = -72. Δ < 0 => 0 puncte de intersectie.,0 puncte,2,Functia de gradul II,Funcția de gradul II,Funcții,2 - mediu,alta,,"fie f: r → r, f(x) = -3x² - 6x - 9. determinati numarul de puncte de intersectie ale graficului cu axa ox.",δ = b² - 4ac = -6² - 4·-3·-9 = 36 - 108 = -72. δ < 0 => 0 puncte de intersectie.,0 puncte,106,23,80,8,3,6,0,0,0,0,1,0,"fie f: r → r, f(x) = -3x² - 6x - 9. determinati numarul de puncte de intersectie ale graficului cu axa ox."
Generat - Functia grad II,,"Fie f: R → R, f(x) = -2x² - 4x + 8. Determinati daca parabola este deschisa in sus sau in jos si aflati varful parabolei.","a = -2 < 0 => parabola deschisa in jos. Varful: xv = -b/(2a) = 4/(2·-2) = -1. yv = f(-1) = 10. Varful: V(-1, 10)","Deschisa in jos, V(-1, 10)",2,Functia de gradul II,Funcția de gradul II,Funcții,2 - mediu,alta,,"fie f: r → r, f(x) = -2x² - 4x + 8. determinati daca parabola este deschisa in sus sau in jos si aflati varful parabolei.","a = -2 < 0 => parabola deschisa in jos. varful: xv = -b/(2a) = 4/(2·-2) = -1. yv = f(-1) = 10. varful: v(-1, 10)","deschisa in jos, v(-1, 10)",121,26,112,26,3,6,0,0,0,0,1,1,"fie f: r → r, f(x) = -2x² - 4x + 8. determinati daca parabola este deschisa in sus sau in jos si aflati varful parabolei."
Generat - Functia grad II,,"Fie f: R → R, f(x) = 3x² + 24x + 38. Determinati numarul de puncte de intersectie ale graficului cu axa Ox.",Δ = b² - 4ac = 24² - 4·3·38 = 576 - 456 = 120. Δ > 0 => 2 puncte de intersectie.,2 puncte,2,Functia de gradul II,Funcția de gradul II,Funcții,2 - mediu,alta,,"fie f: r → r, f(x) = 3x² + 24x + 38. determinati numarul de puncte de intersectie ale graficului cu axa ox.",δ = b² - 4ac = 24² - 4·3·38 = 576 - 456 = 120. δ > 0 => 2 puncte de intersectie.,2 puncte,107,23,80,8,5,5,0,0,0,0,1,0,"fie f: r → r, f(x) = 3x² + 24x + 38. determinati numarul de puncte de intersectie ale graficului cu axa ox."
Generat - Functia grad II,,"Fie f: R → R, f(x) = 3x² + 30x + 83. Determinati numarul de puncte de intersectie ale graficului cu axa Ox.",Δ = b² - 4ac = 30² - 4·3·83 = 900 - 996 = -96. Δ < 0 => 0 puncte de intersectie.,0 puncte,2,Functia de gradul II,Funcția de gradul II,Funcții,2 - mediu,alta,,"fie f: r → r, f(x) = 3x² + 30x + 83. determinati numarul de puncte de intersectie ale graficului cu axa ox.",δ = b² - 4ac = 30² - 4·3·83 = 900 - 996 = -96. δ < 0 => 0 puncte de intersectie.,0 puncte,107,23,80,8,5,5,0,0,0,0,1,0,"fie f: r → r, f(x) = 3x² + 30x + 83. determinati numarul de puncte de intersectie ale graficului cu axa ox."
Generat - Functia grad II,,"Fie f: R → R, f(x) = x² - 8x + 12. Determinati daca parabola este deschisa in sus sau in jos si aflati varful parabolei.","a = 1 > 0 => parabola deschisa in sus. Varful: xv = -b/(2a) = 8/(2·1) = 4. yv = f(4) = -4. Varful: V(4, -4)","Deschisa in sus, V(4, -4)",2,Functia de gradul II,Funcția de gradul II,Funcții,2 - mediu,alta,,"fie f: r → r, f(x) = x² - 8x + 12. determinati daca parabola este deschisa in sus sau in jos si aflati varful parabolei.","a = 1 > 0 => parabola deschisa in sus. varful: xv = -b/(2a) = 8/(2·1) = 4. yv = f(4) = -4. varful: v(4, -4)","deschisa in sus, v(4, -4)",120,26,107,25,3,5,0,0,0,0,1,1,"fie f: r → r, f(x) = x² - 8x + 12. determinati daca parabola este deschisa in sus sau in jos si aflati varful parabolei."
Generat - Functia grad II,,"Fie f: R → R, f(x) = 2x² + 4x + 9. Determinati numarul de puncte de intersectie ale graficului cu axa Ox.",Δ = b² - 4ac = 4² - 4·2·9 = 16 - 72 = -56. Δ < 0 => 0 puncte de intersectie.,0 puncte,2,Functia de gradul II,Funcția de gradul II,Funcții,2 - mediu,alta,,"fie f: r → r, f(x) = 2x² + 4x + 9. determinati numarul de puncte de intersectie ale graficului cu axa ox.",δ = b² - 4ac = 4² - 4·2·9 = 16 - 72 = -56. δ < 0 => 0 puncte de intersectie.,0 puncte,105,23,76,8,3,5,0,0,0,0,1,0,"fie f: r → r, f(x) = 2x² + 4x + 9. determinati numarul de puncte de intersectie ale graficului cu axa ox."
Generat - Functia grad II,,"Fie f: R → R, f(x) = x² - 10x + 19. Calculati f(0).",f(0) = 1·(0)² + -10·(0) + 19 = 0 + 0 + 19 = 19,19,1,Functia de gradul II,Funcția de gradul II,Funcții,1 - bază,alta,,"fie f: r → r, f(x) = x² - 10x + 19. calculati f(0).",f(0) = 1·(0)² + -10·(0) + 19 = 0 + 0 + 19 = 19,19,51,14,46,2,5,7,0,0,0,0,1,0,"fie f: r → r, f(x) = x² - 10x + 19. calculati f(0)."
Generat - Functia grad II,,"Fie f: R → R, f(x) = -2x² + 16x - 33. Determinati daca parabola este deschisa in sus sau in jos si aflati varful parabolei.","a = -2 < 0 => parabola deschisa in jos. Varful: xv = -b/(2a) = -16/(2·-2) = 4. yv = f(4) = -1. Varful: V(4, -1)","Deschisa in jos, V(4, -1)",2,Functia de gradul II,Funcția de gradul II,Funcții,2 - mediu,alta,,"fie f: r → r, f(x) = -2x² + 16x - 33. determinati daca parabola este deschisa in sus sau in jos si aflati varful parabolei.","a = -2 < 0 => parabola deschisa in jos. varful: xv = -b/(2a) = -16/(2·-2) = 4. yv = f(4) = -1. varful: v(4, -1)","deschisa in jos, v(4, -1)",123,26,111,25,5,6,0,0,0,0,1,1,"fie f: r → r, f(x) = -2x² + 16x - 33. determinati daca parabola este deschisa in sus sau in jos si aflati varful parabolei."
Generat - Functia grad II,,"Fie f: R → R, f(x) = x² - 6x + 15. Determinati daca parabola este deschisa in sus sau in jos si aflati varful parabolei.","a = 1 > 0 => parabola deschisa in sus. Varful: xv = -b/(2a) = 6/(2·1) = 3. yv = f(3) = 6. Varful: V(3, 6)","Deschisa in sus, V(3, 6)",2,Functia de gradul II,Funcția de gradul II,Funcții,2 - mediu,alta,,"fie f: r → r, f(x) = x² - 6x + 15. determinati daca parabola este deschisa in sus sau in jos si aflati varful parabolei.","a = 1 > 0 => parabola deschisa in sus. varful: xv = -b/(2a) = 6/(2·1) = 3. yv = f(3) = 6. varful: v(3, 6)","deschisa in sus, v(3, 6)",120,26,105,24,3,5,0,0,0,0,1,1,"fie f: r → r, f(x) = x² - 6x + 15. determinati daca parabola este deschisa in sus sau in jos si aflati varful parabolei."
Generat - Functia grad II,,"Fie f: R → R, f(x) = x² + 6. Determinati daca parabola este deschisa in sus sau in jos si aflati varful parabolei.","a = 1 > 0 => parabola deschisa in sus. Varful: xv = -b/(2a) = 0/(2·1) = 0. yv = f(0) = 6. Varful: V(0, 6)","Deschisa in sus, V(0, 6)",2,Functia de gradul II,Funcția de gradul II,Funcții,2 - mediu,alta,,"fie f: r → r, f(x) = x² + 6. determinati daca parabola este deschisa in sus sau in jos si aflati varful parabolei.","a = 1 > 0 => parabola deschisa in sus. varful: xv = -b/(2a) = 0/(2·1) = 0. yv = f(0) = 6. varful: v(0, 6)","deschisa in sus, v(0, 6)",114,24,105,24,1,4,0,0,0,0,1,1,"fie f: r → r, f(x) = x² + 6. determinati daca parabola este deschisa in sus sau in jos si aflati varful parabolei."
Generat - Functia grad II,,"Fie f: R → R, f(x) = 3x² + 12x + 21. Determinati numarul de puncte de intersectie ale graficului cu axa Ox.",Δ = b² - 4ac = 12² - 4·3·21 = 144 - 252 = -108. Δ < 0 => 0 puncte de intersectie.,0 puncte,2,Functia de gradul II,Funcția de gradul II,Funcții,2 - mediu,alta,,"fie f: r → r, f(x) = 3x² + 12x + 21. determinati numarul de puncte de intersectie ale graficului cu axa ox.",δ = b² - 4ac = 12² - 4·3·21 = 144 - 252 = -108. δ < 0 => 0 puncte de intersectie.,0 puncte,107,23,81,8,5,5,0,0,0,0,1,0,"fie f: r → r, f(x) = 3x² + 12x + 21. determinati numarul de puncte de intersectie ale graficului cu axa ox."
Generat - Functia grad II,,"Fie f: R → R, f(x) = -2x² + 12x - 24. Calculati f(-2).",f(-2) = -2·(-2)² + 12·(-2) + -24 = -8 + -24 + -24 = -56,-56,1,Functia de gradul II,Funcția de gradul II,Funcții,1 - bază,alta,,"fie f: r → r, f(x) = -2x² + 12x - 24. calculati f(-2).",f(-2) = -2·(-2)² + 12·(-2) + -24 = -8 + -24 + -24 = -56,-56,54,14,55,3,6,9,0,0,0,0,1,0,"fie f: r → r, f(x) = -2x² + 12x - 24. calculati f(-2)."
Generat - Functia grad II,,"Fie f: R → R, f(x) = -2x² + 16x - 24. Determinati numarul de puncte de intersectie ale graficului cu axa Ox.",Δ = b² - 4ac = 16² - 4·-2·-24 = 256 - 192 = 64. Δ > 0 => 2 puncte de intersectie.,2 puncte,2,Functia de gradul II,Funcția de gradul II,Funcții,2 - mediu,alta,,"fie f: r → r, f(x) = -2x² + 16x - 24. determinati numarul de puncte de intersectie ale graficului cu axa ox.",δ = b² - 4ac = 16² - 4·-2·-24 = 256 - 192 = 64. δ > 0 => 2 puncte de intersectie.,2 puncte,108,23,81,8,5,6,0,0,0,0,1,0,"fie f: r → r, f(x) = -2x² + 16x - 24. determinati numarul de puncte de intersectie ale graficului cu axa ox."
Generat - Functia grad II,,"Fie f: R → R, f(x) = -2x² + 8x - 7. Determinati daca parabola este deschisa in sus sau in jos si aflati varful parabolei.","a = -2 < 0 => parabola deschisa in jos. Varful: xv = -b/(2a) = -8/(2·-2) = 2. yv = f(2) = 1. Varful: V(2, 1)","Deschisa in jos, V(2, 1)",2,Functia de gradul II,Funcția de gradul II,Funcții,2 - mediu,alta,,"fie f: r → r, f(x) = -2x² + 8x - 7. determinati daca parabola este deschisa in sus sau in jos si aflati varful parabolei.","a = -2 < 0 => parabola deschisa in jos. varful: xv = -b/(2a) = -8/(2·-2) = 2. yv = f(2) = 1. varful: v(2, 1)","deschisa in jos, v(2, 1)",121,26,108,24,3,6,0,0,0,0,1,1,"fie f: r → r, f(x) = -2x² + 8x - 7. determinati daca parabola este deschisa in sus sau in jos si aflati varful parabolei."
Generat - Functia grad II,,"Fie f: R → R, f(x) = -2x² + 8x - 11. Determinati daca parabola este deschisa in sus sau in jos si aflati varful parabolei.","a = -2 < 0 => parabola deschisa in jos. Varful: xv = -b/(2a) = -8/(2·-2) = 2. yv = f(2) = -3. Varful: V(2, -3)","Deschisa in jos, V(2, -3)",2,Functia de gradul II,Funcția de gradul II,Funcții,2 - mediu,alta,,"fie f: r → r, f(x) = -2x² + 8x - 11. determinati daca parabola este deschisa in sus sau in jos si aflati varful parabolei.","a = -2 < 0 => parabola deschisa in jos. varful: xv = -b/(2a) = -8/(2·-2) = 2. yv = f(2) = -3. varful: v(2, -3)","deschisa in jos, v(2, -3)",122,26,110,25,4,6,0,0,0,0,1,1,"fie f: r → r, f(x) = -2x² + 8x - 11. determinati daca parabola este deschisa in sus sau in jos si aflati varful parabolei."
Generat - Functia grad II,,"Fie f: R → R, f(x) = -x² - 3. Determinati daca parabola este deschisa in sus sau in jos si aflati varful parabolei.","a = -1 < 0 => parabola deschisa in jos. Varful: xv = -b/(2a) = 0/(2·-1) = 0. yv = f(0) = -3. Varful: V(0, -3)","Deschisa in jos, V(0, -3)",2,Functia de gradul II,Funcția de gradul II,Funcții,2 - mediu,alta,,"fie f: r → r, f(x) = -x² - 3. determinati daca parabola este deschisa in sus sau in jos si aflati varful parabolei.","a = -1 < 0 => parabola deschisa in jos. varful: xv = -b/(2a) = 0/(2·-1) = 0. yv = f(0) = -3. varful: v(0, -3)","deschisa in jos, v(0, -3)",115,24,109,25,1,5,0,0,0,0,1,1,"fie f: r → r, f(x) = -x² - 3. determinati daca parabola este deschisa in sus sau in jos si aflati varful parabolei."
Generat - Functia grad II,,"Fie f: R → R, f(x) = 3x² + 12x + 18. Calculati f(0).",f(0) = 3·(0)² + 12·(0) + 18 = 0 + 0 + 18 = 18,18,1,Functia de gradul II,Funcția de gradul II,Funcții,1 - bază,alta,,"fie f: r → r, f(x) = 3x² + 12x + 18. calculati f(0).",f(0) = 3·(0)² + 12·(0) + 18 = 0 + 0 + 18 = 18,18,52,14,45,2,6,7,0,0,0,0,1,0,"fie f: r → r, f(x) = 3x² + 12x + 18. calculati f(0)."
Generat - Functia grad II,,"Fie f: R → R, f(x) = x² - 4x - 5. Determinati daca parabola este deschisa in sus sau in jos si aflati varful parabolei.","a = 1 > 0 => parabola deschisa in sus. Varful: xv = -b/(2a) = 4/(2·1) = 2. yv = f(2) = -9. Varful: V(2, -9)","Deschisa in sus, V(2, -9)",2,Functia de gradul II,Funcția de gradul II,Funcții,2 - mediu,alta,,"fie f: r → r, f(x) = x² - 4x - 5. determinati daca parabola este deschisa in sus sau in jos si aflati varful parabolei.","a = 1 > 0 => parabola deschisa in sus. varful: xv = -b/(2a) = 4/(2·1) = 2. yv = f(2) = -9. varful: v(2, -9)","deschisa in sus, v(2, -9)",119,26,107,25,2,5,0,0,0,0,1,1,"fie f: r → r, f(x) = x² - 4x - 5. determinati daca parabola este deschisa in sus sau in jos si aflati varful parabolei."
Generat - Paralelogram,,Fie ABCD un paralelogram. Unul dintre unghiuri este (4x + 25)° iar unghiul adiacent este (x)°. Determinati valoarea lui x.,Unghiuri consecutive suplimentare: (4x + 25) + (x) = 180 => 5x + 25 = 180 => 5x = 155 => x = 31,x = 31,2,Geometrie - Paralelogram,Geometrie - Paralelograme,Geometrie,2 - mediu,alta,,fie abcd un paralelogram. unul dintre unghiuri este (4x + 25)° iar unghiul adiacent este (x)°. determinati valoarea lui x.,unghiuri consecutive suplimentare: (4x + 25) + (x) = 180 => 5x + 25 = 180 => 5x = 155 => x = 31,x = 31,122,20,95,6,3,5,0,1,0,0,0,0,fie abcd un paralelogram. unul dintre unghiuri este (4x + 25)° iar unghiul adiacent este (x)°. determinati valoarea lui x.
Generat - Paralelogram,,Fie ABCD un paralelogram. Unul dintre unghiuri este (4x + 10)° iar unghiul adiacent este (x)°. Determinati valoarea lui x.,Unghiuri consecutive suplimentare: (4x + 10) + (x) = 180 => 5x + 10 = 180 => 5x = 170 => x = 34,x = 34,2,Geometrie - Paralelogram,Geometrie - Paralelograme,Geometrie,2 - mediu,alta,,fie abcd un paralelogram. unul dintre unghiuri este (4x + 10)° iar unghiul adiacent este (x)°. determinati valoarea lui x.,unghiuri consecutive suplimentare: (4x + 10) + (x) = 180 => 5x + 10 = 180 => 5x = 170 => x = 34,x = 34,122,20,95,6,3,5,0,1,0,0,0,0,fie abcd un paralelogram. unul dintre unghiuri este (4x + 10)° iar unghiul adiacent este (x)°. determinati valoarea lui x.
Generat - Paralelogram,,Fie ABCD un paralelogram. Unul dintre unghiuri este (2x + 15)° iar unghiul adiacent este (x)°. Determinati valoarea lui x.,Unghiuri consecutive suplimentare: (2x + 15) + (x) = 180 => 3x + 15 = 180 => 3x = 165 => x = 55,x = 55,2,Geometrie - Paralelogram,Geometrie - Paralelograme,Geometrie,2 - mediu,alta,,fie abcd un paralelogram. unul dintre unghiuri este (2x + 15)° iar unghiul adiacent este (x)°. determinati valoarea lui x.,unghiuri consecutive suplimentare: (2x + 15) + (x) = 180 => 3x + 15 = 180 => 3x = 165 => x = 55,x = 55,122,20,95,6,3,5,0,1,0,0,0,0,fie abcd un paralelogram. unul dintre unghiuri este (2x + 15)° iar unghiul adiacent este (x)°. determinati valoarea lui x.
Generat - Paralelogram,,Fie ABCD un paralelogram. Unul dintre unghiuri este (x + 30)° iar unghiul adiacent este (2x)°. Determinati valoarea lui x.,Unghiuri consecutive suplimentare: (x + 30) + (2x) = 180 => 3x + 30 = 180 => 3x = 150 => x = 50,x = 50,2,Geometrie - Paralelogram,Geometrie - Paralelograme,Geometrie,2 - mediu,alta,,fie abcd un paralelogram. unul dintre unghiuri este (x + 30)° iar unghiul adiacent este (2x)°. determinati valoarea lui x.,unghiuri consecutive suplimentare: (x + 30) + (2x) = 180 => 3x + 30 = 180 => 3x = 150 => x = 50,x = 50,122,20,95,6,3,5,0,1,0,0,0,0,fie abcd un paralelogram. unul dintre unghiuri este (x + 30)° iar unghiul adiacent este (2x)°. determinati valoarea lui x.
Generat - Paralelogram,,Fie ABCD un paralelogram. Unul dintre unghiuri este (5x + 30)° iar unghiul adiacent este (x)°. Determinati valoarea lui x.,Unghiuri consecutive suplimentare: (5x + 30) + (x) = 180 => 6x + 30 = 180 => 6x = 150 => x = 25,x = 25,2,Geometrie - Paralelogram,Geometrie - Paralelograme,Geometrie,2 - mediu,alta,,fie abcd un paralelogram. unul dintre unghiuri este (5x + 30)° iar unghiul adiacent este (x)°. determinati valoarea lui x.,unghiuri consecutive suplimentare: (5x + 30) + (x) = 180 => 6x + 30 = 180 => 6x = 150 => x = 25,x = 25,122,20,95,6,3,5,0,1,0,0,0,0,fie abcd un paralelogram. unul dintre unghiuri este (5x + 30)° iar unghiul adiacent este (x)°. determinati valoarea lui x.
Generat - Paralelogram,,Fie ABCD un paralelogram. Unul dintre unghiuri este (3x + 25)° iar unghiul adiacent este (2x)°. Determinati valoarea lui x.,Unghiuri consecutive suplimentare: (3x + 25) + (2x) = 180 => 5x + 25 = 180 => 5x = 155 => x = 31,x = 31,2,Geometrie - Paralelogram,Geometrie - Paralelograme,Geometrie,2 - mediu,alta,,fie abcd un paralelogram. unul dintre unghiuri este (3x + 25)° iar unghiul adiacent este (2x)°. determinati valoarea lui x.,unghiuri consecutive suplimentare: (3x + 25) + (2x) = 180 => 5x + 25 = 180 => 5x = 155 => x = 31,x = 31,123,20,96,6,4,5,0,1,0,0,0,0,fie abcd un paralelogram. unul dintre unghiuri este (3x + 25)° iar unghiul adiacent este (2x)°. determinati valoarea lui x.
Generat - Paralelogram,,Fie ABCD un paralelogram. Unul dintre unghiuri este (x + 10)° iar unghiul adiacent este (x)°. Determinati valoarea lui x.,Unghiuri consecutive suplimentare: (x + 10) + (x) = 180 => 2x + 10 = 180 => 2x = 170 => x = 85,x = 85,2,Geometrie - Paralelogram,Geometrie - Paralelograme,Geometrie,2 - mediu,alta,,fie abcd un paralelogram. unul dintre unghiuri este (x + 10)° iar unghiul adiacent este (x)°. determinati valoarea lui x.,unghiuri consecutive suplimentare: (x + 10) + (x) = 180 => 2x + 10 = 180 => 2x = 170 => x = 85,x = 85,121,20,94,6,2,5,0,1,0,0,0,0,fie abcd un paralelogram. unul dintre unghiuri este (x + 10)° iar unghiul adiacent este (x)°. determinati valoarea lui x.
Generat - Paralelogram,,Fie ABCD un paralelogram. Unul dintre unghiuri este (x + 20)° iar unghiul adiacent este (x)°. Determinati valoarea lui x.,Unghiuri consecutive suplimentare: (x + 20) + (x) = 180 => 2x + 20 = 180 => 2x = 160 => x = 80,x = 80,2,Geometrie - Paralelogram,Geometrie - Paralelograme,Geometrie,2 - mediu,alta,,fie abcd un paralelogram. unul dintre unghiuri este (x + 20)° iar unghiul adiacent este (x)°. determinati valoarea lui x.,unghiuri consecutive suplimentare: (x + 20) + (x) = 180 => 2x + 20 = 180 => 2x = 160 => x = 80,x = 80,121,20,94,6,2,5,0,1,0,0,0,0,fie abcd un paralelogram. unul dintre unghiuri este (x + 20)° iar unghiul adiacent este (x)°. determinati valoarea lui x.
Generat - Paralelogram,,Fie ABCD un paralelogram. Unul dintre unghiuri este (2x + 25)° iar unghiul adiacent este (3x)°. Determinati valoarea lui x.,Unghiuri consecutive suplimentare: (2x + 25) + (3x) = 180 => 5x + 25 = 180 => 5x = 155 => x = 31,x = 31,2,Geometrie - Paralelogram,Geometrie - Paralelograme,Geometrie,2 - mediu,alta,,fie abcd un paralelogram. unul dintre unghiuri este (2x + 25)° iar unghiul adiacent este (3x)°. determinati valoarea lui x.,unghiuri consecutive suplimentare: (2x + 25) + (3x) = 180 => 5x + 25 = 180 => 5x = 155 => x = 31,x = 31,123,20,96,6,4,5,0,1,0,0,0,0,fie abcd un paralelogram. unul dintre unghiuri este (2x + 25)° iar unghiul adiacent este (3x)°. determinati valoarea lui x.
Generat - Proportii,,"Gheorghe parcurge 68 km in 2 ore. Cati km va parcurge in 10 ore, pastrand aceeasi viteza?",Viteza = 68/2 = 34 km/h. Distanta in 10 ore = 34 × 10 = 340 km,340 km,1,Proportii,Rapoarte și proporții,Rapoarte și proporții,1 - bază,alta,,"gheorghe parcurge 68 km in 2 ore. cati km va parcurge in 10 ore, pastrand aceeasi viteza?",viteza = 68/2 = 34 km/h. distanta in 10 ore = 34 × 10 = 340 km,340 km,89,17,62,6,5,0,0,0,0,0,0,1,"gheorghe parcurge 68 km in 2 ore. cati km va parcurge in 10 ore, pastrand aceeasi viteza?"
Generat - Proportii,,"Radu parcurge 153 km in 2 ore. Cati km va parcurge in 8 ore, pastrand aceeasi viteza?",Viteza = 153/2 = 76 km/h. Distanta in 8 ore = 76 × 8 = 612 km,612 km,1,Proportii,Rapoarte și proporții,Rapoarte și proporții,1 - bază,alta,,"radu parcurge 153 km in 2 ore. cati km va parcurge in 8 ore, pastrand aceeasi viteza?",viteza = 153/2 = 76 km/h. distanta in 8 ore = 76 × 8 = 612 km,612 km,85,17,61,6,5,0,0,0,0,0,0,1,"radu parcurge 153 km in 2 ore. cati km va parcurge in 8 ore, pastrand aceeasi viteza?"
Generat - Proportii,,"Cosmin parcurge 196 km in 7 ore. Cati km va parcurge in 8 ore, pastrand aceeasi viteza?",Viteza = 196/7 = 28 km/h. Distanta in 8 ore = 28 × 8 = 224 km,224 km,1,Proportii,Rapoarte și proporții,Rapoarte și proporții,1 - bază,alta,,"cosmin parcurge 196 km in 7 ore. cati km va parcurge in 8 ore, pastrand aceeasi viteza?",viteza = 196/7 = 28 km/h. distanta in 8 ore = 28 × 8 = 224 km,224 km,87,17,61,6,5,0,0,0,0,0,0,1,"cosmin parcurge 196 km in 7 ore. cati km va parcurge in 8 ore, pastrand aceeasi viteza?"
Generat - Proportii,,"Ioana parcurge 47 km in 4 ore. Cati km va parcurge in 8 ore, pastrand aceeasi viteza?",Viteza = 47/4 = 11 km/h. Distanta in 8 ore = 11 × 8 = 94 km,94 km,1,Proportii,Rapoarte și proporții,Rapoarte și proporții,1 - bază,alta,,"ioana parcurge 47 km in 4 ore. cati km va parcurge in 8 ore, pastrand aceeasi viteza?",viteza = 47/4 = 11 km/h. distanta in 8 ore = 11 × 8 = 94 km,94 km,85,17,59,5,4,0,0,0,0,0,0,1,"ioana parcurge 47 km in 4 ore. cati km va parcurge in 8 ore, pastrand aceeasi viteza?"
Generat - Proportii,,"Camelia parcurge 84 km in 6 ore. Cati km va parcurge in 10 ore, pastrand aceeasi viteza?",Viteza = 84/6 = 14 km/h. Distanta in 10 ore = 14 × 10 = 140 km,140 km,1,Proportii,Rapoarte și proporții,Rapoarte și proporții,1 - bază,alta,,"camelia parcurge 84 km in 6 ore. cati km va parcurge in 10 ore, pastrand aceeasi viteza?",viteza = 84/6 = 14 km/h. distanta in 10 ore = 14 × 10 = 140 km,140 km,88,17,62,6,5,0,0,0,0,0,0,1,"camelia parcurge 84 km in 6 ore. cati km va parcurge in 10 ore, pastrand aceeasi viteza?"
Generat - Proportii,,"Diana parcurge 72 km in 8 ore. Cati km va parcurge in 10 ore, pastrand aceeasi viteza?",Viteza = 72/8 = 9 km/h. Distanta in 10 ore = 9 × 10 = 90 km,90 km,1,Proportii,Rapoarte și proporții,Rapoarte și proporții,1 - bază,alta,,"diana parcurge 72 km in 8 ore. cati km va parcurge in 10 ore, pastrand aceeasi viteza?",viteza = 72/8 = 9 km/h. distanta in 10 ore = 9 × 10 = 90 km,90 km,86,17,59,5,5,0,0,0,0,0,0,1,"diana parcurge 72 km in 8 ore. cati km va parcurge in 10 ore, pastrand aceeasi viteza?"
Generat - Proportii,,"Roxana parcurge 162 km in 9 ore. Cati km va parcurge in 6 ore, pastrand aceeasi viteza?",Viteza = 162/9 = 18 km/h. Distanta in 6 ore = 18 × 6 = 108 km,108 km,1,Proportii,Rapoarte și proporții,Rapoarte și proporții,1 - bază,alta,,"roxana parcurge 162 km in 9 ore. cati km va parcurge in 6 ore, pastrand aceeasi viteza?",viteza = 162/9 = 18 km/h. distanta in 6 ore = 18 × 6 = 108 km,108 km,87,17,61,6,5,0,0,0,0,0,0,1,"roxana parcurge 162 km in 9 ore. cati km va parcurge in 6 ore, pastrand aceeasi viteza?"
Generat - Proportii,,"Roxana parcurge 177 km in 2 ore. Cati km va parcurge in 4 ore, pastrand aceeasi viteza?",Viteza = 177/2 = 88 km/h. Distanta in 4 ore = 88 × 4 = 354 km,354 km,1,Proportii,Rapoarte și proporții,Rapoarte și proporții,1 - bază,alta,,"roxana parcurge 177 km in 2 ore. cati km va parcurge in 4 ore, pastrand aceeasi viteza?",viteza = 177/2 = 88 km/h. distanta in 4 ore = 88 × 4 = 354 km,354 km,87,17,61,6,5,0,0,0,0,0,0,1,"roxana parcurge 177 km in 2 ore. cati km va parcurge in 4 ore, pastrand aceeasi viteza?"
Generat - Proportii,,"Alina parcurge 182 km in 2 ore. Cati km va parcurge in 3 ore, pastrand aceeasi viteza?",Viteza = 182/2 = 91 km/h. Distanta in 3 ore = 91 × 3 = 273 km,273 km,1,Proportii,Rapoarte și proporții,Rapoarte și proporții,1 - bază,alta,,"alina parcurge 182 km in 2 ore. cati km va parcurge in 3 ore, pastrand aceeasi viteza?",viteza = 182/2 = 91 km/h. distanta in 3 ore = 91 × 3 = 273 km,273 km,86,17,61,6,5,0,0,0,0,0,0,1,"alina parcurge 182 km in 2 ore. cati km va parcurge in 3 ore, pastrand aceeasi viteza?"
Generat - Proportii,,"Dan parcurge 175 km in 2 ore. Cati km va parcurge in 8 ore, pastrand aceeasi viteza?",Viteza = 175/2 = 87 km/h. Distanta in 8 ore = 87 × 8 = 700 km,700 km,1,Proportii,Rapoarte și proporții,Rapoarte și proporții,1 - bază,alta,,"dan parcurge 175 km in 2 ore. cati km va parcurge in 8 ore, pastrand aceeasi viteza?",viteza = 175/2 = 87 km/h. distanta in 8 ore = 87 × 8 = 700 km,700 km,84,17,61,6,5,0,0,0,0,0,0,1,"dan parcurge 175 km in 2 ore. cati km va parcurge in 8 ore, pastrand aceeasi viteza?"
Generat - Proportii,,"Simona parcurge 22 km in 5 ore. Cati km va parcurge in 10 ore, pastrand aceeasi viteza?",Viteza = 22/5 = 4 km/h. Distanta in 10 ore = 4 × 10 = 44 km,44 km,1,Proportii,Rapoarte și proporții,Rapoarte și proporții,1 - bază,alta,,"simona parcurge 22 km in 5 ore. cati km va parcurge in 10 ore, pastrand aceeasi viteza?",viteza = 22/5 = 4 km/h. distanta in 10 ore = 4 × 10 = 44 km,44 km,87,17,59,5,5,0,0,0,0,0,0,1,"simona parcurge 22 km in 5 ore. cati km va parcurge in 10 ore, pastrand aceeasi viteza?"
Generat - Proportii,,"Liviu parcurge 69 km in 2 ore. Cati km va parcurge in 10 ore, pastrand aceeasi viteza?",Viteza = 69/2 = 34 km/h. Distanta in 10 ore = 34 × 10 = 345 km,345 km,1,Proportii,Rapoarte și proporții,Rapoarte și proporții,1 - bază,alta,,"liviu parcurge 69 km in 2 ore. cati km va parcurge in 10 ore, pastrand aceeasi viteza?",viteza = 69/2 = 34 km/h. distanta in 10 ore = 34 × 10 = 345 km,345 km,86,17,62,6,5,0,0,0,0,0,0,1,"liviu parcurge 69 km in 2 ore. cati km va parcurge in 10 ore, pastrand aceeasi viteza?"
Generat - Proportii,,"Cristian parcurge 42 km in 6 ore. Cati km va parcurge in 8 ore, pastrand aceeasi viteza?",Viteza = 42/6 = 7 km/h. Distanta in 8 ore = 7 × 8 = 56 km,56 km,1,Proportii,Rapoarte și proporții,Rapoarte și proporții,1 - bază,alta,,"cristian parcurge 42 km in 6 ore. cati km va parcurge in 8 ore, pastrand aceeasi viteza?",viteza = 42/6 = 7 km/h. distanta in 8 ore = 7 × 8 = 56 km,56 km,88,17,57,5,4,0,0,0,0,0,0,1,"cristian parcurge 42 km in 6 ore. cati km va parcurge in 8 ore, pastrand aceeasi viteza?"
Generat - Proportii,,"Dragos parcurge 175 km in 5 ore. Cati km va parcurge in 9 ore, pastrand aceeasi viteza?",Viteza = 175/5 = 35 km/h. Distanta in 9 ore = 35 × 9 = 315 km,315 km,1,Proportii,Rapoarte și proporții,Rapoarte și proporții,1 - bază,alta,,"dragos parcurge 175 km in 5 ore. cati km va parcurge in 9 ore, pastrand aceeasi viteza?",viteza = 175/5 = 35 km/h. distanta in 9 ore = 35 × 9 = 315 km,315 km,87,17,61,6,5,0,0,0,0,0,0,1,"dragos parcurge 175 km in 5 ore. cati km va parcurge in 9 ore, pastrand aceeasi viteza?"
Generat - Proportii,,"Diana parcurge 167 km in 2 ore. Cati km va parcurge in 6 ore, pastrand aceeasi viteza?",Viteza = 167/2 = 83 km/h. Distanta in 6 ore = 83 × 6 = 501 km,501 km,1,Proportii,Rapoarte și proporții,Rapoarte și proporții,1 - bază,alta,,"diana parcurge 167 km in 2 ore. cati km va parcurge in 6 ore, pastrand aceeasi viteza?",viteza = 167/2 = 83 km/h. distanta in 6 ore = 83 × 6 = 501 km,501 km,86,17,61,6,5,0,0,0,0,0,0,1,"diana parcurge 167 km in 2 ore. cati km va parcurge in 6 ore, pastrand aceeasi viteza?"
Generat - Proportii,,"Andreea parcurge 110 km in 10 ore. Cati km va parcurge in 2 ore, pastrand aceeasi viteza?",Viteza = 110/10 = 11 km/h. Distanta in 2 ore = 11 × 2 = 22 km,22 km,1,Proportii,Rapoarte și proporții,Rapoarte și proporții,1 - bază,alta,,"andreea parcurge 110 km in 10 ore. cati km va parcurge in 2 ore, pastrand aceeasi viteza?",viteza = 110/10 = 11 km/h. distanta in 2 ore = 11 × 2 = 22 km,22 km,89,17,61,5,6,0,0,0,0,0,0,1,"andreea parcurge 110 km in 10 ore. cati km va parcurge in 2 ore, pastrand aceeasi viteza?"
Generat - Proportii,,"Elena parcurge 75 km in 6 ore. Cati km va parcurge in 4 ore, pastrand aceeasi viteza?",Viteza = 75/6 = 12 km/h. Distanta in 4 ore = 12 × 4 = 50 km,50 km,1,Proportii,Rapoarte și proporții,Rapoarte și proporții,1 - bază,alta,,"elena parcurge 75 km in 6 ore. cati km va parcurge in 4 ore, pastrand aceeasi viteza?",viteza = 75/6 = 12 km/h. distanta in 4 ore = 12 × 4 = 50 km,50 km,85,17,59,5,4,0,0,0,0,0,0,1,"elena parcurge 75 km in 6 ore. cati km va parcurge in 4 ore, pastrand aceeasi viteza?"
Generat - Proportii,,"Marius parcurge 47 km in 3 ore. Cati km va parcurge in 9 ore, pastrand aceeasi viteza?",Viteza = 47/3 = 15 km/h. Distanta in 9 ore = 15 × 9 = 141 km,141 km,1,Proportii,Rapoarte și proporții,Rapoarte și proporții,1 - bază,alta,,"marius parcurge 47 km in 3 ore. cati km va parcurge in 9 ore, pastrand aceeasi viteza?",viteza = 47/3 = 15 km/h. distanta in 9 ore = 15 × 9 = 141 km,141 km,86,17,60,6,4,0,0,0,0,0,0,1,"marius parcurge 47 km in 3 ore. cati km va parcurge in 9 ore, pastrand aceeasi viteza?"
Generat - Puteri,,Calculati 4^(-3),4^(-3) = 1/4^3 = 1/64 = 1/64,1/64,2,Puteri si radicali,Radicali,Mulțimi numerice,2 - mediu,alta,,calculati 4^(-3),4^(-3) = 1/4^3 = 1/64 = 1/64,1/64,16,2,28,4,2,4,0,0,0,0,0,0,calculati 4^(-3)
Generat - Puteri,,Calculati 7^8 : 7^7,7^8 : 7^7 = 7^(8-7) = 7^1 = 7,7,1,Puteri si radicali,Radicali,Mulțimi numerice,1 - bază,alta,,calculati 7^8 : 7^7,7^8 : 7^7 = 7^(8-7) = 7^1 = 7,7,19,4,29,1,4,2,0,0,0,0,0,0,calculati 7^8 : 7^7
Generat - Puteri,,Calculati 7^5 : 7^3,7^5 : 7^3 = 7^(5-3) = 7^2 = 49,49,1,Puteri si radicali,Radicali,Mulțimi numerice,1 - bază,alta,,calculati 7^5 : 7^3,7^5 : 7^3 = 7^(5-3) = 7^2 = 49,49,19,4,30,2,4,2,0,0,0,0,0,0,calculati 7^5 : 7^3
Generat - Puteri,,Calculati 3^(-3),3^(-3) = 1/3^3 = 1/27 = 1/27,1/27,2,Puteri si radicali,Radicali,Mulțimi numerice,2 - mediu,alta,,calculati 3^(-3),3^(-3) = 1/3^3 = 1/27 = 1/27,1/27,16,2,28,4,2,4,0,0,0,0,0,0,calculati 3^(-3)
Generat - Puteri,,Calculati (2^4)^3,(2^4)^3 = 2^(4×3) = 2^12 = 4096,4096,1,Puteri si radicali,Radicali,Mulțimi numerice,1 - bază,alta,,calculati (2^4)^3,(2^4)^3 = 2^(4×3) = 2^12 = 4096,4096,17,2,31,4,3,4,0,0,0,0,0,0,calculati (2^4)^3
Generat - Puteri,,Calculati 5^5 × 5^3,5^5 × 5^3 = 5^(5+3) = 5^8 = 390625,390625,1,Puteri si radicali,Radicali,Mulțimi numerice,1 - bază,alta,,calculati 5^5 × 5^3,5^5 × 5^3 = 5^(5+3) = 5^8 = 390625,390625,19,4,34,6,4,2,0,0,0,0,0,0,calculati 5^5 × 5^3
Generat - Puteri,,Calculati 2^(-3),2^(-3) = 1/2^3 = 1/8 = 1/8,1/8,2,Puteri si radicali,Radicali,Mulțimi numerice,2 - mediu,alta,,calculati 2^(-3),2^(-3) = 1/2^3 = 1/8 = 1/8,1/8,16,2,26,3,2,4,0,0,0,0,0,0,calculati 2^(-3)
Generat - Puteri,,Calculati 2^3 × 2^5,2^3 × 2^5 = 2^(3+5) = 2^8 = 256,256,1,Puteri si radicali,Radicali,Mulțimi numerice,1 - bază,alta,,calculati 2^3 × 2^5,2^3 × 2^5 = 2^(3+5) = 2^8 = 256,256,19,4,31,3,4,2,0,0,0,0,0,0,calculati 2^3 × 2^5
Generat - Puteri,,Calculati 5^4 × 5^6,5^4 × 5^6 = 5^(4+6) = 5^10 = 9765625,9765625,1,Puteri si radicali,Radicali,Mulțimi numerice,1 - bază,alta,,calculati 5^4 × 5^6,5^4 × 5^6 = 5^(4+6) = 5^10 = 9765625,9765625,19,4,36,7,4,2,0,0,0,0,0,0,calculati 5^4 × 5^6
Generat - Puteri,,Calculati 3^8 : 3^3,3^8 : 3^3 = 3^(8-3) = 3^5 = 243,243,1,Puteri si radicali,Radicali,Mulțimi numerice,1 - bază,alta,,calculati 3^8 : 3^3,3^8 : 3^3 = 3^(8-3) = 3^5 = 243,243,19,4,31,3,4,2,0,0,0,0,0,0,calculati 3^8 : 3^3
Generat - Puteri,,Calculati (3^4)^3,(3^4)^3 = 3^(4×3) = 3^12 = 531441,531441,1,Puteri si radicali,Radicali,Mulțimi numerice,1 - bază,alta,,calculati (3^4)^3,(3^4)^3 = 3^(4×3) = 3^12 = 531441,531441,17,2,33,6,3,4,0,0,0,0,0,0,calculati (3^4)^3
Generat - Puteri,,Calculati 3^7 : 3^4,3^7 : 3^4 = 3^(7-4) = 3^3 = 27,27,1,Puteri si radicali,Radicali,Mulțimi numerice,1 - bază,alta,,calculati 3^7 : 3^4,3^7 : 3^4 = 3^(7-4) = 3^3 = 27,27,19,4,30,2,4,2,0,0,0,0,0,0,calculati 3^7 : 3^4
Generat - Puteri,,Calculati (3^3)^3,(3^3)^3 = 3^(3×3) = 3^9 = 19683,19683,1,Puteri si radicali,Radicali,Mulțimi numerice,1 - bază,alta,,calculati (3^3)^3,(3^3)^3 = 3^(3×3) = 3^9 = 19683,19683,17,2,31,5,3,4,0,0,0,0,0,0,calculati (3^3)^3
Generat - Puteri,,Calculati 4^(-2),4^(-2) = 1/4^2 = 1/16 = 1/16,1/16,2,Puteri si radicali,Radicali,Mulțimi numerice,2 - mediu,alta,,calculati 4^(-2),4^(-2) = 1/4^2 = 1/16 = 1/16,1/16,16,2,28,4,2,4,0,0,0,0,0,0,calculati 4^(-2)
Generat - Puteri,,Calculati (5^2)^2,(5^2)^2 = 5^(2×2) = 5^4 = 625,625,1,Puteri si radicali,Radicali,Mulțimi numerice,1 - bază,alta,,calculati (5^2)^2,(5^2)^2 = 5^(2×2) = 5^4 = 625,625,17,2,29,3,3,4,0,0,0,0,0,0,calculati (5^2)^2
Generat - Puteri,,Calculati 5^3 × 5^6,5^3 × 5^6 = 5^(3+6) = 5^9 = 1953125,1953125,1,Puteri si radicali,Radicali,Mulțimi numerice,1 - bază,alta,,calculati 5^3 × 5^6,5^3 × 5^6 = 5^(3+6) = 5^9 = 1953125,1953125,19,4,35,7,4,2,0,0,0,0,0,0,calculati 5^3 × 5^6
Generat - Puteri,,Calculati 5^(-1),5^(-1) = 1/5^1 = 1/5 = 1/5,1/5,2,Puteri si radicali,Radicali,Mulțimi numerice,2 - mediu,alta,,calculati 5^(-1),5^(-1) = 1/5^1 = 1/5 = 1/5,1/5,16,2,26,3,2,4,0,0,0,0,0,0,calculati 5^(-1)
Generat - Puteri,,Calculati (5^2)^3,(5^2)^3 = 5^(2×3) = 5^6 = 15625,15625,1,Puteri si radicali,Radicali,Mulțimi numerice,1 - bază,alta,,calculati (5^2)^3,(5^2)^3 = 5^(2×3) = 5^6 = 15625,15625,17,2,31,5,3,4,0,0,0,0,0,0,calculati (5^2)^3
Generat - Puteri,,Calculati 3^5 × 3^5,3^5 × 3^5 = 3^(5+5) = 3^10 = 59049,59049,1,Puteri si radicali,Radicali,Mulțimi numerice,1 - bază,alta,,calculati 3^5 × 3^5,3^5 × 3^5 = 3^(5+5) = 3^10 = 59049,59049,19,4,34,5,4,2,0,0,0,0,0,0,calculati 3^5 × 3^5
Generat - Puteri,,Calculati (5^3)^3,(5^3)^3 = 5^(3×3) = 5^9 = 1953125,1953125,1,Puteri si radicali,Radicali,Mulțimi numerice,1 - bază,alta,,calculati (5^3)^3,(5^3)^3 = 5^(3×3) = 5^9 = 1953125,1953125,17,2,33,7,3,4,0,0,0,0,0,0,calculati (5^3)^3
Generat - Puteri,,Calculati 5^8 : 5^7,5^8 : 5^7 = 5^(8-7) = 5^1 = 5,5,1,Puteri si radicali,Radicali,Mulțimi numerice,1 - bază,alta,,calculati 5^8 : 5^7,5^8 : 5^7 = 5^(8-7) = 5^1 = 5,5,19,4,29,1,4,2,0,0,0,0,0,0,calculati 5^8 : 5^7
Generat - Puteri,,Calculati 7^2 × 7^3,7^2 × 7^3 = 7^(2+3) = 7^5 = 16807,16807,1,Puteri si radicali,Radicali,Mulțimi numerice,1 - bază,alta,,calculati 7^2 × 7^3,7^2 × 7^3 = 7^(2+3) = 7^5 = 16807,16807,19,4,33,5,4,2,0,0,0,0,0,0,calculati 7^2 × 7^3
Generat - Puteri,,Calculati 3^4 × 3^5,3^4 × 3^5 = 3^(4+5) = 3^9 = 19683,19683,1,Puteri si radicali,Radicali,Mulțimi numerice,1 - bază,alta,,calculati 3^4 × 3^5,3^4 × 3^5 = 3^(4+5) = 3^9 = 19683,19683,19,4,33,5,4,2,0,0,0,0,0,0,calculati 3^4 × 3^5
Generat - Puteri,,Calculati 7^4 × 7^4,7^4 × 7^4 = 7^(4+4) = 7^8 = 5764801,5764801,1,Puteri si radicali,Radicali,Mulțimi numerice,1 - bază,alta,,calculati 7^4 × 7^4,7^4 × 7^4 = 7^(4+4) = 7^8 = 5764801,5764801,19,4,35,7,4,2,0,0,0,0,0,0,calculati 7^4 × 7^4
Generat - Puteri,,Calculati 5^8 : 5^5,5^8 : 5^5 = 5^(8-5) = 5^3 = 125,125,1,Puteri si radicali,Radicali,Mulțimi numerice,1 - bază,alta,,calculati 5^8 : 5^5,5^8 : 5^5 = 5^(8-5) = 5^3 = 125,125,19,4,31,3,4,2,0,0,0,0,0,0,calculati 5^8 : 5^5
Generat - Puteri,,Calculati 5^4 : 5^2,5^4 : 5^2 = 5^(4-2) = 5^2 = 25,25,1,Puteri si radicali,Radicali,Mulțimi numerice,1 - bază,alta,,calculati 5^4 : 5^2,5^4 : 5^2 = 5^(4-2) = 5^2 = 25,25,19,4,30,2,4,2,0,0,0,0,0,0,calculati 5^4 : 5^2
Generat - Puteri,,Calculati 5^6 × 5^3,5^6 × 5^3 = 5^(6+3) = 5^9 = 1953125,1953125,1,Puteri si radicali,Radicali,Mulțimi numerice,1 - bază,alta,,calculati 5^6 × 5^3,5^6 × 5^3 = 5^(6+3) = 5^9 = 1953125,1953125,19,4,35,7,4,2,0,0,0,0,0,0,calculati 5^6 × 5^3
Generat - Puteri,,Calculati (2^3)^3,(2^3)^3 = 2^(3×3) = 2^9 = 512,512,1,Puteri si radicali,Radicali,Mulțimi numerice,1 - bază,alta,,calculati (2^3)^3,(2^3)^3 = 2^(3×3) = 2^9 = 512,512,17,2,29,3,3,4,0,0,0,0,0,0,calculati (2^3)^3
Generat - Puteri,,Calculati 2^(-1),2^(-1) = 1/2^1 = 1/2 = 1/2,1/2,2,Puteri si radicali,Radicali,Mulțimi numerice,2 - mediu,alta,,calculati 2^(-1),2^(-1) = 1/2^1 = 1/2 = 1/2,1/2,16,2,26,3,2,4,0,0,0,0,0,0,calculati 2^(-1)
Generat - Puteri,,Calculati (3^2)^3,(3^2)^3 = 3^(2×3) = 3^6 = 729,729,1,Puteri si radicali,Radicali,Mulțimi numerice,1 - bază,alta,,calculati (3^2)^3,(3^2)^3 = 3^(2×3) = 3^6 = 729,729,17,2,29,3,3,4,0,0,0,0,0,0,calculati (3^2)^3
Generat - Puteri,,Calculati 5^6 : 5^5,5^6 : 5^5 = 5^(6-5) = 5^1 = 5,5,1,Puteri si radicali,Radicali,Mulțimi numerice,1 - bază,alta,,calculati 5^6 : 5^5,5^6 : 5^5 = 5^(6-5) = 5^1 = 5,5,19,4,29,1,4,2,0,0,0,0,0,0,calculati 5^6 : 5^5
Generat - Puteri,,Calculati 7^7 : 7^2,7^7 : 7^2 = 7^(7-2) = 7^5 = 16807,16807,1,Puteri si radicali,Radicali,Mulțimi numerice,1 - bază,alta,,calculati 7^7 : 7^2,7^7 : 7^2 = 7^(7-2) = 7^5 = 16807,16807,19,4,33,5,4,2,0,0,0,0,0,0,calculati 7^7 : 7^2
Generat - Puteri,,Calculati (2^2)^2,(2^2)^2 = 2^(2×2) = 2^4 = 16,16,1,Puteri si radicali,Radicali,Mulțimi numerice,1 - bază,alta,,calculati (2^2)^2,(2^2)^2 = 2^(2×2) = 2^4 = 16,16,17,2,28,2,3,4,0,0,0,0,0,0,calculati (2^2)^2
Generat - Puteri,,Calculati 2^5 : 2^2,2^5 : 2^2 = 2^(5-2) = 2^3 = 8,8,1,Puteri si radicali,Radicali,Mulțimi numerice,1 - bază,alta,,calculati 2^5 : 2^2,2^5 : 2^2 = 2^(5-2) = 2^3 = 8,8,19,4,29,1,4,2,0,0,0,0,0,0,calculati 2^5 : 2^2
Generat - Puteri,,Calculati 7^6 × 7^2,7^6 × 7^2 = 7^(6+2) = 7^8 = 5764801,5764801,1,Puteri si radicali,Radicali,Mulțimi numerice,1 - bază,alta,,calculati 7^6 × 7^2,7^6 × 7^2 = 7^(6+2) = 7^8 = 5764801,5764801,19,4,35,7,4,2,0,0,0,0,0,0,calculati 7^6 × 7^2
Generat - Puteri,,Calculati 7^4 × 7^3,7^4 × 7^3 = 7^(4+3) = 7^7 = 823543,823543,1,Puteri si radicali,Radicali,Mulțimi numerice,1 - bază,alta,,calculati 7^4 × 7^3,7^4 × 7^3 = 7^(4+3) = 7^7 = 823543,823543,19,4,34,6,4,2,0,0,0,0,0,0,calculati 7^4 × 7^3
Generat - Puteri,,Calculati 5^4 × 5^5,5^4 × 5^5 = 5^(4+5) = 5^9 = 1953125,1953125,1,Puteri si radicali,Radicali,Mulțimi numerice,1 - bază,alta,,calculati 5^4 × 5^5,5^4 × 5^5 = 5^(4+5) = 5^9 = 1953125,1953125,19,4,35,7,4,2,0,0,0,0,0,0,calculati 5^4 × 5^5
Generat - Puteri,,Calculati (5^4)^3,(5^4)^3 = 5^(4×3) = 5^12 = 244140625,244140625,1,Puteri si radicali,Radicali,Mulțimi numerice,1 - bază,alta,,calculati (5^4)^3,(5^4)^3 = 5^(4×3) = 5^12 = 244140625,244140625,17,2,36,9,3,4,0,0,0,0,0,0,calculati (5^4)^3
Generat - Puteri,,Calculati 5^7 : 5^5,5^7 : 5^5 = 5^(7-5) = 5^2 = 25,25,1,Puteri si radicali,Radicali,Mulțimi numerice,1 - bază,alta,,calculati 5^7 : 5^5,5^7 : 5^5 = 5^(7-5) = 5^2 = 25,25,19,4,30,2,4,2,0,0,0,0,0,0,calculati 5^7 : 5^5
Generat - Puteri,,Calculati 7^6 : 7^2,7^6 : 7^2 = 7^(6-2) = 7^4 = 2401,2401,1,Puteri si radicali,Radicali,Mulțimi numerice,1 - bază,alta,,calculati 7^6 : 7^2,7^6 : 7^2 = 7^(6-2) = 7^4 = 2401,2401,19,4,32,4,4,2,0,0,0,0,0,0,calculati 7^6 : 7^2
Generat - Puteri,,Calculati 2^4 : 2^3,2^4 : 2^3 = 2^(4-3) = 2^1 = 2,2,1,Puteri si radicali,Radicali,Mulțimi numerice,1 - bază,alta,,calculati 2^4 : 2^3,2^4 : 2^3 = 2^(4-3) = 2^1 = 2,2,19,4,29,1,4,2,0,0,0,0,0,0,calculati 2^4 : 2^3
Generat - Puteri,,Calculati 7^5 × 7^4,7^5 × 7^4 = 7^(5+4) = 7^9 = 40353607,40353607,1,Puteri si radicali,Radicali,Mulțimi numerice,1 - bază,alta,,calculati 7^5 × 7^4,7^5 × 7^4 = 7^(5+4) = 7^9 = 40353607,40353607,19,4,36,8,4,2,0,0,0,0,0,0,calculati 7^5 × 7^4
Generat - Puteri,,Calculati 7^4 × 7^6,7^4 × 7^6 = 7^(4+6) = 7^10 = 282475249,282475249,1,Puteri si radicali,Radicali,Mulțimi numerice,1 - bază,alta,,calculati 7^4 × 7^6,7^4 × 7^6 = 7^(4+6) = 7^10 = 282475249,282475249,19,4,38,9,4,2,0,0,0,0,0,0,calculati 7^4 × 7^6
Generat - Puteri,,Calculati (2^3)^2,(2^3)^2 = 2^(3×2) = 2^6 = 64,64,1,Puteri si radicali,Radicali,Mulțimi numerice,1 - bază,alta,,calculati (2^3)^2,(2^3)^2 = 2^(3×2) = 2^6 = 64,64,17,2,28,2,3,4,0,0,0,0,0,0,calculati (2^3)^2
Generat - Puteri,,Calculati 5^(-2),5^(-2) = 1/5^2 = 1/25 = 1/25,1/25,2,Puteri si radicali,Radicali,Mulțimi numerice,2 - mediu,alta,,calculati 5^(-2),5^(-2) = 1/5^2 = 1/25 = 1/25,1/25,16,2,28,4,2,4,0,0,0,0,0,0,calculati 5^(-2)
Generat - Functii parametru,,"Fie f: R → R, f(x) = ax + -2. Determinati valoarea lui a, stiind ca graficul trece prin punctul (-4; -2).",f(-4) = -2 => a·-4 + -2 = -2 => a·-4 = 0 => a = 0,a = 0,2,Functii cu parametru,Funcții,Funcții,2 - mediu,alta,,"fie f: r → r, f(x) = ax + -2. determinati valoarea lui a, stiind ca graficul trece prin punctul (-4; -2).",f(-4) = -2 => a·-4 + -2 = -2 => a·-4 = 0 => a = 0,a = 0,105,22,49,5,3,9,0,0,0,0,1,0,"fie f: r → r, f(x) = ax + -2. determinati valoarea lui a, stiind ca graficul trece prin punctul (-4; -2)."
Generat - Functii parametru,,"Fie f: R → R, f(x) = ax + 6. Determinati valoarea lui a, stiind ca graficul trece prin punctul (4; 10).",f(4) = 10 => a·4 + 6 = 10 => a·4 = 4 => a = 1,a = 1,2,Functii cu parametru,Funcții,Funcții,2 - mediu,alta,,"fie f: r → r, f(x) = ax + 6. determinati valoarea lui a, stiind ca graficul trece prin punctul (4; 10).",f(4) = 10 => a·4 + 6 = 10 => a·4 = 4 => a = 1,a = 1,103,22,45,5,4,6,0,0,0,0,1,0,"fie f: r → r, f(x) = ax + 6. determinati valoarea lui a, stiind ca graficul trece prin punctul (4; 10)."
Generat - Functii parametru,,"Fie f: R → R, f(x) = ax² + -1. Determinati valoarea lui a, stiind ca graficul trece prin punctul (3; 13).",f(3) = 13 => a·(3)² + -1 = 13 => a·9 = 14 => a = 14/9,a = 14/9,2,Functii cu parametru,Funcții,Funcții,2 - mediu,alta,,"fie f: r → r, f(x) = ax² + -1. determinati valoarea lui a, stiind ca graficul trece prin punctul (3; 13).",f(3) = 13 => a·(3)² + -1 = 13 => a·9 = 14 => a = 14/9,a = 14/9,105,22,53,8,4,7,0,0,0,0,1,0,"fie f: r → r, f(x) = ax² + -1. determinati valoarea lui a, stiind ca graficul trece prin punctul (3; 13)."
Generat - Functii parametru,,"Fie f: R → R, f(x) = ax² + 1. Determinati valoarea lui a, stiind ca graficul trece prin punctul (-2; -8).",f(-2) = -8 => a·(-2)² + 1 = -8 => a·4 = -9 => a = -9/4,a = -9/4,2,Functii cu parametru,Funcții,Funcții,2 - mediu,alta,,"fie f: r → r, f(x) = ax² + 1. determinati valoarea lui a, stiind ca graficul trece prin punctul (-2; -8).",f(-2) = -8 => a·(-2)² + 1 = -8 => a·4 = -9 => a = -9/4,a = -9/4,105,22,54,8,3,8,0,0,0,0,1,0,"fie f: r → r, f(x) = ax² + 1. determinati valoarea lui a, stiind ca graficul trece prin punctul (-2; -8)."
Generat - Functii parametru,,"Fie f: R → R, f(x) = ax + -6. Determinati valoarea lui a, stiind ca graficul trece prin punctul (-1; -12).",f(-1) = -12 => a·-1 + -6 = -12 => a·-1 = -6 => a = 6,a = 6,2,Functii cu parametru,Funcții,Funcții,2 - mediu,alta,,"fie f: r → r, f(x) = ax + -6. determinati valoarea lui a, stiind ca graficul trece prin punctul (-1; -12).",f(-1) = -12 => a·-1 + -6 = -12 => a·-1 = -6 => a = 6,a = 6,106,22,52,5,4,9,0,0,0,0,1,0,"fie f: r → r, f(x) = ax + -6. determinati valoarea lui a, stiind ca graficul trece prin punctul (-1; -12)."
Generat - Functii parametru,,"Fie f: R → R, f(x) = ax² + 4. Determinati valoarea lui a, stiind ca graficul trece prin punctul (1; -2).",f(1) = -2 => a·(1)² + 4 = -2 => a·1 = -6 => a = -6,a = -6,2,Functii cu parametru,Funcții,Funcții,2 - mediu,alta,,"fie f: r → r, f(x) = ax² + 4. determinati valoarea lui a, stiind ca graficul trece prin punctul (1; -2).",f(1) = -2 => a·(1)² + 4 = -2 => a·1 = -6 => a = -6,a = -6,104,22,50,6,3,7,0,0,0,0,1,0,"fie f: r → r, f(x) = ax² + 4. determinati valoarea lui a, stiind ca graficul trece prin punctul (1; -2)."
Generat - Functii parametru,,"Fie f: R → R, f(x) = ax² + -2. Determinati valoarea lui a, stiind ca graficul trece prin punctul (-1; -10).",f(-1) = -10 => a·(-1)² + -2 = -10 => a·1 = -8 => a = -8,a = -8,2,Functii cu parametru,Funcții,Funcții,2 - mediu,alta,,"fie f: r → r, f(x) = ax² + -2. determinati valoarea lui a, stiind ca graficul trece prin punctul (-1; -10).",f(-1) = -10 => a·(-1)² + -2 = -10 => a·1 = -8 => a = -8,a = -8,107,22,55,6,4,9,0,0,0,0,1,0,"fie f: r → r, f(x) = ax² + -2. determinati valoarea lui a, stiind ca graficul trece prin punctul (-1; -10)."
Generat - Functii parametru,,"Fie f: R → R, f(x) = ax + -9. Determinati valoarea lui a, stiind ca graficul trece prin punctul (3; -15).",f(3) = -15 => a·3 + -9 = -15 => a·3 = -6 => a = -2,a = -2,2,Functii cu parametru,Funcții,Funcții,2 - mediu,alta,,"fie f: r → r, f(x) = ax + -9. determinati valoarea lui a, stiind ca graficul trece prin punctul (3; -15).",f(3) = -15 => a·3 + -9 = -15 => a·3 = -6 => a = -2,a = -2,105,22,50,6,4,8,0,0,0,0,1,0,"fie f: r → r, f(x) = ax + -9. determinati valoarea lui a, stiind ca graficul trece prin punctul (3; -15)."
Generat - Functii parametru,,"Fie f: R → R, f(x) = ax + -7. Determinati valoarea lui a, stiind ca graficul trece prin punctul (-1; -7).",f(-1) = -7 => a·-1 + -7 = -7 => a·-1 = 0 => a = 0,a = 0,2,Functii cu parametru,Funcții,Funcții,2 - mediu,alta,,"fie f: r → r, f(x) = ax + -7. determinati valoarea lui a, stiind ca graficul trece prin punctul (-1; -7).",f(-1) = -7 => a·-1 + -7 = -7 => a·-1 = 0 => a = 0,a = 0,105,22,49,5,3,9,0,0,0,0,1,0,"fie f: r → r, f(x) = ax + -7. determinati valoarea lui a, stiind ca graficul trece prin punctul (-1; -7)."
Generat - Functii parametru,,"Fie f: R → R, f(x) = ax + 4. Determinati valoarea lui a, stiind ca graficul trece prin punctul (-5; -8).",f(-5) = -8 => a·-5 + 4 = -8 => a·-5 = -12 => a = 12/5,a = 12/5,2,Functii cu parametru,Funcții,Funcții,2 - mediu,alta,,"fie f: r → r, f(x) = ax + 4. determinati valoarea lui a, stiind ca graficul trece prin punctul (-5; -8).",f(-5) = -8 => a·-5 + 4 = -8 => a·-5 = -12 => a = 12/5,a = 12/5,104,22,53,8,3,8,0,0,0,0,1,0,"fie f: r → r, f(x) = ax + 4. determinati valoarea lui a, stiind ca graficul trece prin punctul (-5; -8)."
Generat - Functii parametru,,"Fie f: R → R, f(x) = ax + -6. Determinati valoarea lui a, stiind ca graficul trece prin punctul (-5; 0).",f(-5) = 0 => a·-5 + -6 = 0 => a·-5 = 6 => a = -6/5,a = -6/5,2,Functii cu parametru,Funcții,Funcții,2 - mediu,alta,,"fie f: r → r, f(x) = ax + -6. determinati valoarea lui a, stiind ca graficul trece prin punctul (-5; 0).",f(-5) = 0 => a·-5 + -6 = 0 => a·-5 = 6 => a = -6/5,a = -6/5,104,22,50,8,3,8,0,0,0,0,1,0,"fie f: r → r, f(x) = ax + -6. determinati valoarea lui a, stiind ca graficul trece prin punctul (-5; 0)."
Generat - Functii parametru,,"Fie f: R → R, f(x) = ax + 0. Determinati valoarea lui a, stiind ca graficul trece prin punctul (1; -6).",f(1) = -6 => a·1 + 0 = -6 => a·1 = -6 => a = -6,a = -6,2,Functii cu parametru,Funcții,Funcții,2 - mediu,alta,,"fie f: r → r, f(x) = ax + 0. determinati valoarea lui a, stiind ca graficul trece prin punctul (1; -6).",f(1) = -6 => a·1 + 0 = -6 => a·1 = -6 => a = -6,a = -6,103,22,47,6,3,7,0,0,0,0,1,0,"fie f: r → r, f(x) = ax + 0. determinati valoarea lui a, stiind ca graficul trece prin punctul (1; -6)."
Generat - Functii parametru,,"Fie f: R → R, f(x) = ax² + 0. Determinati valoarea lui a, stiind ca graficul trece prin punctul (1; 12).",f(1) = 12 => a·(1)² + 0 = 12 => a·1 = 12 => a = 12,a = 12,2,Functii cu parametru,Funcții,Funcții,2 - mediu,alta,,"fie f: r → r, f(x) = ax² + 0. determinati valoarea lui a, stiind ca graficul trece prin punctul (1; 12).",f(1) = 12 => a·(1)² + 0 = 12 => a·1 = 12 => a = 12,a = 12,104,22,50,6,4,6,0,0,0,0,1,0,"fie f: r → r, f(x) = ax² + 0. determinati valoarea lui a, stiind ca graficul trece prin punctul (1; 12)."
Generat - Functii parametru,,"Fie f: R → R, f(x) = ax + 0. Determinati valoarea lui a, stiind ca graficul trece prin punctul (-4; 11).",f(-4) = 11 => a·-4 + 0 = 11 => a·-4 = 11 => a = -11/4,a = -11/4,2,Functii cu parametru,Funcții,Funcții,2 - mediu,alta,,"fie f: r → r, f(x) = ax + 0. determinati valoarea lui a, stiind ca graficul trece prin punctul (-4; 11).",f(-4) = 11 => a·-4 + 0 = 11 => a·-4 = 11 => a = -11/4,a = -11/4,104,22,53,9,4,7,0,0,0,0,1,0,"fie f: r → r, f(x) = ax + 0. determinati valoarea lui a, stiind ca graficul trece prin punctul (-4; 11)."
Generat - Functii parametru,,"Fie f: R → R, f(x) = ax + -9. Determinati valoarea lui a, stiind ca graficul trece prin punctul (-1; 9).",f(-1) = 9 => a·-1 + -9 = 9 => a·-1 = 18 => a = -18,a = -18,2,Functii cu parametru,Funcții,Funcții,2 - mediu,alta,,"fie f: r → r, f(x) = ax + -9. determinati valoarea lui a, stiind ca graficul trece prin punctul (-1; 9).",f(-1) = 9 => a·-1 + -9 = 9 => a·-1 = 18 => a = -18,a = -18,104,22,50,7,3,8,0,0,0,0,1,0,"fie f: r → r, f(x) = ax + -9. determinati valoarea lui a, stiind ca graficul trece prin punctul (-1; 9)."
Generat - Functii parametru,,"Fie f: R → R, f(x) = ax² + -4. Determinati valoarea lui a, stiind ca graficul trece prin punctul (2; 5).",f(2) = 5 => a·(2)² + -4 = 5 => a·4 = 9 => a = 9/4,a = 9/4,2,Functii cu parametru,Funcții,Funcții,2 - mediu,alta,,"fie f: r → r, f(x) = ax² + -4. determinati valoarea lui a, stiind ca graficul trece prin punctul (2; 5).",f(2) = 5 => a·(2)² + -4 = 5 => a·4 = 9 => a = 9/4,a = 9/4,104,22,49,7,3,7,0,0,0,0,1,0,"fie f: r → r, f(x) = ax² + -4. determinati valoarea lui a, stiind ca graficul trece prin punctul (2; 5)."
Generat - Functii parametru,,"Fie f: R → R, f(x) = ax + -4. Determinati valoarea lui a, stiind ca graficul trece prin punctul (-1; 11).",f(-1) = 11 => a·-1 + -4 = 11 => a·-1 = 15 => a = -15,a = -15,2,Functii cu parametru,Funcții,Funcții,2 - mediu,alta,,"fie f: r → r, f(x) = ax + -4. determinati valoarea lui a, stiind ca graficul trece prin punctul (-1; 11).",f(-1) = 11 => a·-1 + -4 = 11 => a·-1 = 15 => a = -15,a = -15,105,22,52,7,4,8,0,0,0,0,1,0,"fie f: r → r, f(x) = ax + -4. determinati valoarea lui a, stiind ca graficul trece prin punctul (-1; 11)."
Generat - Functii parametru,,"Fie f: R → R, f(x) = ax² + -5. Determinati valoarea lui a, stiind ca graficul trece prin punctul (-3; 14).",f(-3) = 14 => a·(-3)² + -5 = 14 => a·9 = 19 => a = 19/9,a = 19/9,2,Functii cu parametru,Funcții,Funcții,2 - mediu,alta,,"fie f: r → r, f(x) = ax² + -5. determinati valoarea lui a, stiind ca graficul trece prin punctul (-3; 14).",f(-3) = 14 => a·(-3)² + -5 = 14 => a·9 = 19 => a = 19/9,a = 19/9,106,22,55,8,4,8,0,0,0,0,1,0,"fie f: r → r, f(x) = ax² + -5. determinati valoarea lui a, stiind ca graficul trece prin punctul (-3; 14)."
Generat - Functii parametru,,"Fie f: R → R, f(x) = ax + 2. Determinati valoarea lui a, stiind ca graficul trece prin punctul (2; -8).",f(2) = -8 => a·2 + 2 = -8 => a·2 = -10 => a = -5,a = -5,2,Functii cu parametru,Funcții,Funcții,2 - mediu,alta,,"fie f: r → r, f(x) = ax + 2. determinati valoarea lui a, stiind ca graficul trece prin punctul (2; -8).",f(2) = -8 => a·2 + 2 = -8 => a·2 = -10 => a = -5,a = -5,103,22,48,6,3,7,0,0,0,0,1,0,"fie f: r → r, f(x) = ax + 2. determinati valoarea lui a, stiind ca graficul trece prin punctul (2; -8)."
Generat - Functii parametru,,"Fie f: R → R, f(x) = ax + -4. Determinati valoarea lui a, stiind ca graficul trece prin punctul (2; 8).",f(2) = 8 => a·2 + -4 = 8 => a·2 = 12 => a = 6,a = 6,2,Functii cu parametru,Funcții,Funcții,2 - mediu,alta,,"fie f: r → r, f(x) = ax + -4. determinati valoarea lui a, stiind ca graficul trece prin punctul (2; 8).",f(2) = 8 => a·2 + -4 = 8 => a·2 = 12 => a = 6,a = 6,103,22,45,5,3,7,0,0,0,0,1,0,"fie f: r → r, f(x) = ax + -4. determinati valoarea lui a, stiind ca graficul trece prin punctul (2; 8)."
Generat - Functii parametru,,"Fie f: R → R, f(x) = ax + 6. Determinati valoarea lui a, stiind ca graficul trece prin punctul (5; -9).",f(5) = -9 => a·5 + 6 = -9 => a·5 = -15 => a = -3,a = -3,2,Functii cu parametru,Funcții,Funcții,2 - mediu,alta,,"fie f: r → r, f(x) = ax + 6. determinati valoarea lui a, stiind ca graficul trece prin punctul (5; -9).",f(5) = -9 => a·5 + 6 = -9 => a·5 = -15 => a = -3,a = -3,103,22,48,6,3,7,0,0,0,0,1,0,"fie f: r → r, f(x) = ax + 6. determinati valoarea lui a, stiind ca graficul trece prin punctul (5; -9)."
Generat - Functii parametru,,"Fie f: R → R, f(x) = ax² + 1. Determinati valoarea lui a, stiind ca graficul trece prin punctul (3; -1).",f(3) = -1 => a·(3)² + 1 = -1 => a·9 = -2 => a = -2/9,a = -2/9,2,Functii cu parametru,Funcții,Funcții,2 - mediu,alta,,"fie f: r → r, f(x) = ax² + 1. determinati valoarea lui a, stiind ca graficul trece prin punctul (3; -1).",f(3) = -1 => a·(3)² + 1 = -1 => a·9 = -2 => a = -2/9,a = -2/9,104,22,52,8,3,7,0,0,0,0,1,0,"fie f: r → r, f(x) = ax² + 1. determinati valoarea lui a, stiind ca graficul trece prin punctul (3; -1)."
Generat - Functii parametru,,"Fie f: R → R, f(x) = ax² + -3. Determinati valoarea lui a, stiind ca graficul trece prin punctul (3; 13).",f(3) = 13 => a·(3)² + -3 = 13 => a·9 = 16 => a = 16/9,a = 16/9,2,Functii cu parametru,Funcții,Funcții,2 - mediu,alta,,"fie f: r → r, f(x) = ax² + -3. determinati valoarea lui a, stiind ca graficul trece prin punctul (3; 13).",f(3) = 13 => a·(3)² + -3 = 13 => a·9 = 16 => a = 16/9,a = 16/9,105,22,53,8,4,7,0,0,0,0,1,0,"fie f: r → r, f(x) = ax² + -3. determinati valoarea lui a, stiind ca graficul trece prin punctul (3; 13)."
Generat - Functii parametru,,"Fie f: R → R, f(x) = ax + 7. Determinati valoarea lui a, stiind ca graficul trece prin punctul (3; -12).",f(3) = -12 => a·3 + 7 = -12 => a·3 = -19 => a = -19/3,a = -19/3,2,Functii cu parametru,Funcții,Funcții,2 - mediu,alta,,"fie f: r → r, f(x) = ax + 7. determinati valoarea lui a, stiind ca graficul trece prin punctul (3; -12).",f(3) = -12 => a·3 + 7 = -12 => a·3 = -19 => a = -19/3,a = -19/3,104,22,53,9,4,7,0,0,0,0,1,0,"fie f: r → r, f(x) = ax + 7. determinati valoarea lui a, stiind ca graficul trece prin punctul (3; -12)."
Generat - Functii parametru,,"Fie f: R → R, f(x) = ax² + 2. Determinati valoarea lui a, stiind ca graficul trece prin punctul (3; -1).",f(3) = -1 => a·(3)² + 2 = -1 => a·9 = -3 => a = -1/3,a = -1/3,2,Functii cu parametru,Funcții,Funcții,2 - mediu,alta,,"fie f: r → r, f(x) = ax² + 2. determinati valoarea lui a, stiind ca graficul trece prin punctul (3; -1).",f(3) = -1 => a·(3)² + 2 = -1 => a·9 = -3 => a = -1/3,a = -1/3,104,22,52,8,3,7,0,0,0,0,1,0,"fie f: r → r, f(x) = ax² + 2. determinati valoarea lui a, stiind ca graficul trece prin punctul (3; -1)."
Generat - Functii parametru,,"Fie f: R → R, f(x) = ax + 1. Determinati valoarea lui a, stiind ca graficul trece prin punctul (-5; 12).",f(-5) = 12 => a·-5 + 1 = 12 => a·-5 = 11 => a = -11/5,a = -11/5,2,Functii cu parametru,Funcții,Funcții,2 - mediu,alta,,"fie f: r → r, f(x) = ax + 1. determinati valoarea lui a, stiind ca graficul trece prin punctul (-5; 12).",f(-5) = 12 => a·-5 + 1 = 12 => a·-5 = 11 => a = -11/5,a = -11/5,104,22,53,9,4,7,0,0,0,0,1,0,"fie f: r → r, f(x) = ax + 1. determinati valoarea lui a, stiind ca graficul trece prin punctul (-5; 12)."
Generat - Functii parametru,,"Fie f: R → R, f(x) = ax + -7. Determinati valoarea lui a, stiind ca graficul trece prin punctul (-2; 5).",f(-2) = 5 => a·-2 + -7 = 5 => a·-2 = 12 => a = -6,a = -6,2,Functii cu parametru,Funcții,Funcții,2 - mediu,alta,,"fie f: r → r, f(x) = ax + -7. determinati valoarea lui a, stiind ca graficul trece prin punctul (-2; 5).",f(-2) = 5 => a·-2 + -7 = 5 => a·-2 = 12 => a = -6,a = -6,104,22,49,6,3,8,0,0,0,0,1,0,"fie f: r → r, f(x) = ax + -7. determinati valoarea lui a, stiind ca graficul trece prin punctul (-2; 5)."
Generat - Functii parametru,,"Fie f: R → R, f(x) = ax² + 0. Determinati valoarea lui a, stiind ca graficul trece prin punctul (-3; -5).",f(-3) = -5 => a·(-3)² + 0 = -5 => a·9 = -5 => a = -5/9,a = -5/9,2,Functii cu parametru,Funcții,Funcții,2 - mediu,alta,,"fie f: r → r, f(x) = ax² + 0. determinati valoarea lui a, stiind ca graficul trece prin punctul (-3; -5).",f(-3) = -5 => a·(-3)² + 0 = -5 => a·9 = -5 => a = -5/9,a = -5/9,105,22,54,8,3,8,0,0,0,0,1,0,"fie f: r → r, f(x) = ax² + 0. determinati valoarea lui a, stiind ca graficul trece prin punctul (-3; -5)."
Generat - Functii parametru,,"Fie f: R → R, f(x) = ax² + 4. Determinati valoarea lui a, stiind ca graficul trece prin punctul (-3; 2).",f(-3) = 2 => a·(-3)² + 4 = 2 => a·9 = -2 => a = -2/9,a = -2/9,2,Functii cu parametru,Funcții,Funcții,2 - mediu,alta,,"fie f: r → r, f(x) = ax² + 4. determinati valoarea lui a, stiind ca graficul trece prin punctul (-3; 2).",f(-3) = 2 => a·(-3)² + 4 = 2 => a·9 = -2 => a = -2/9,a = -2/9,104,22,52,8,3,7,0,0,0,0,1,0,"fie f: r → r, f(x) = ax² + 4. determinati valoarea lui a, stiind ca graficul trece prin punctul (-3; 2)."
Generat - Functii parametru,,"Fie f: R → R, f(x) = ax + -10. Determinati valoarea lui a, stiind ca graficul trece prin punctul (-5; 3).",f(-5) = 3 => a·-5 + -10 = 3 => a·-5 = 13 => a = -13/5,a = -13/5,2,Functii cu parametru,Funcții,Funcții,2 - mediu,alta,,"fie f: r → r, f(x) = ax + -10. determinati valoarea lui a, stiind ca graficul trece prin punctul (-5; 3).",f(-5) = 3 => a·-5 + -10 = 3 => a·-5 = 13 => a = -13/5,a = -13/5,105,22,53,9,4,8,0,0,0,0,1,0,"fie f: r → r, f(x) = ax + -10. determinati valoarea lui a, stiind ca graficul trece prin punctul (-5; 3)."
Generat - Functii parametru,,"Fie f: R → R, f(x) = ax² + 4. Determinati valoarea lui a, stiind ca graficul trece prin punctul (-2; 1).",f(-2) = 1 => a·(-2)² + 4 = 1 => a·4 = -3 => a = -3/4,a = -3/4,2,Functii cu parametru,Funcții,Funcții,2 - mediu,alta,,"fie f: r → r, f(x) = ax² + 4. determinati valoarea lui a, stiind ca graficul trece prin punctul (-2; 1).",f(-2) = 1 => a·(-2)² + 4 = 1 => a·4 = -3 => a = -3/4,a = -3/4,104,22,52,8,3,7,0,0,0,0,1,0,"fie f: r → r, f(x) = ax² + 4. determinati valoarea lui a, stiind ca graficul trece prin punctul (-2; 1)."
Generat - Functii parametru,,"Fie f: R → R, f(x) = ax + -3. Determinati valoarea lui a, stiind ca graficul trece prin punctul (-3; 0).",f(-3) = 0 => a·-3 + -3 = 0 => a·-3 = 3 => a = -1,a = -1,2,Functii cu parametru,Funcții,Funcții,2 - mediu,alta,,"fie f: r → r, f(x) = ax + -3. determinati valoarea lui a, stiind ca graficul trece prin punctul (-3; 0).",f(-3) = 0 => a·-3 + -3 = 0 => a·-3 = 3 => a = -1,a = -1,104,22,48,6,3,8,0,0,0,0,1,0,"fie f: r → r, f(x) = ax + -3. determinati valoarea lui a, stiind ca graficul trece prin punctul (-3; 0)."
Generat - Functii parametru,,"Fie f: R → R, f(x) = ax + 7. Determinati valoarea lui a, stiind ca graficul trece prin punctul (-4; -11).",f(-4) = -11 => a·-4 + 7 = -11 => a·-4 = -18 => a = 9/2,a = 9/2,2,Functii cu parametru,Funcții,Funcții,2 - mediu,alta,,"fie f: r → r, f(x) = ax + 7. determinati valoarea lui a, stiind ca graficul trece prin punctul (-4; -11).",f(-4) = -11 => a·-4 + 7 = -11 => a·-4 = -18 => a = 9/2,a = 9/2,105,22,54,7,4,8,0,0,0,0,1,0,"fie f: r → r, f(x) = ax + 7. determinati valoarea lui a, stiind ca graficul trece prin punctul (-4; -11)."
Generat - Functii parametru,,"Fie f: R → R, f(x) = ax² + -2. Determinati valoarea lui a, stiind ca graficul trece prin punctul (-1; 7).",f(-1) = 7 => a·(-1)² + -2 = 7 => a·1 = 9 => a = 9,a = 9,2,Functii cu parametru,Funcții,Funcții,2 - mediu,alta,,"fie f: r → r, f(x) = ax² + -2. determinati valoarea lui a, stiind ca graficul trece prin punctul (-1; 7).",f(-1) = 7 => a·(-1)² + -2 = 7 => a·1 = 9 => a = 9,a = 9,105,22,49,5,3,8,0,0,0,0,1,0,"fie f: r → r, f(x) = ax² + -2. determinati valoarea lui a, stiind ca graficul trece prin punctul (-1; 7)."
Generat - Functii parametru,,"Fie f: R → R, f(x) = ax² + 2. Determinati valoarea lui a, stiind ca graficul trece prin punctul (3; -4).",f(3) = -4 => a·(3)² + 2 = -4 => a·9 = -6 => a = -2/3,a = -2/3,2,Functii cu parametru,Funcții,Funcții,2 - mediu,alta,,"fie f: r → r, f(x) = ax² + 2. determinati valoarea lui a, stiind ca graficul trece prin punctul (3; -4).",f(3) = -4 => a·(3)² + 2 = -4 => a·9 = -6 => a = -2/3,a = -2/3,104,22,52,8,3,7,0,0,0,0,1,0,"fie f: r → r, f(x) = ax² + 2. determinati valoarea lui a, stiind ca graficul trece prin punctul (3; -4)."
Generat - Functii parametru,,"Fie f: R → R, f(x) = ax + -2. Determinati valoarea lui a, stiind ca graficul trece prin punctul (-5; 0).",f(-5) = 0 => a·-5 + -2 = 0 => a·-5 = 2 => a = -2/5,a = -2/5,2,Functii cu parametru,Funcții,Funcții,2 - mediu,alta,,"fie f: r → r, f(x) = ax + -2. determinati valoarea lui a, stiind ca graficul trece prin punctul (-5; 0).",f(-5) = 0 => a·-5 + -2 = 0 => a·-5 = 2 => a = -2/5,a = -2/5,104,22,50,8,3,8,0,0,0,0,1,0,"fie f: r → r, f(x) = ax + -2. determinati valoarea lui a, stiind ca graficul trece prin punctul (-5; 0)."
Generat - Functii parametru,,"Fie f: R → R, f(x) = ax² + 3. Determinati valoarea lui a, stiind ca graficul trece prin punctul (-1; 7).",f(-1) = 7 => a·(-1)² + 3 = 7 => a·1 = 4 => a = 4,a = 4,2,Functii cu parametru,Funcții,Funcții,2 - mediu,alta,,"fie f: r → r, f(x) = ax² + 3. determinati valoarea lui a, stiind ca graficul trece prin punctul (-1; 7).",f(-1) = 7 => a·(-1)² + 3 = 7 => a·1 = 4 => a = 4,a = 4,104,22,48,5,3,7,0,0,0,0,1,0,"fie f: r → r, f(x) = ax² + 3. determinati valoarea lui a, stiind ca graficul trece prin punctul (-1; 7)."
Generat - Functii parametru,,"Fie f: R → R, f(x) = ax² + -2. Determinati valoarea lui a, stiind ca graficul trece prin punctul (2; -5).",f(2) = -5 => a·(2)² + -2 = -5 => a·4 = -3 => a = -3/4,a = -3/4,2,Functii cu parametru,Funcții,Funcții,2 - mediu,alta,,"fie f: r → r, f(x) = ax² + -2. determinati valoarea lui a, stiind ca graficul trece prin punctul (2; -5).",f(2) = -5 => a·(2)² + -2 = -5 => a·4 = -3 => a = -3/4,a = -3/4,105,22,53,8,3,8,0,0,0,0,1,0,"fie f: r → r, f(x) = ax² + -2. determinati valoarea lui a, stiind ca graficul trece prin punctul (2; -5)."
Generat - Functii parametru,,"Fie f: R → R, f(x) = ax² + 0. Determinati valoarea lui a, stiind ca graficul trece prin punctul (3; 4).",f(3) = 4 => a·(3)² + 0 = 4 => a·9 = 4 => a = 4/9,a = 4/9,2,Functii cu parametru,Funcții,Funcții,2 - mediu,alta,,"fie f: r → r, f(x) = ax² + 0. determinati valoarea lui a, stiind ca graficul trece prin punctul (3; 4).",f(3) = 4 => a·(3)² + 0 = 4 => a·9 = 4 => a = 4/9,a = 4/9,103,22,48,7,3,6,0,0,0,0,1,0,"fie f: r → r, f(x) = ax² + 0. determinati valoarea lui a, stiind ca graficul trece prin punctul (3; 4)."
Generat - Functii parametru,,"Fie f: R → R, f(x) = ax² + 4. Determinati valoarea lui a, stiind ca graficul trece prin punctul (2; -5).",f(2) = -5 => a·(2)² + 4 = -5 => a·4 = -9 => a = -9/4,a = -9/4,2,Functii cu parametru,Funcții,Funcții,2 - mediu,alta,,"fie f: r → r, f(x) = ax² + 4. determinati valoarea lui a, stiind ca graficul trece prin punctul (2; -5).",f(2) = -5 => a·(2)² + 4 = -5 => a·4 = -9 => a = -9/4,a = -9/4,104,22,52,8,3,7,0,0,0,0,1,0,"fie f: r → r, f(x) = ax² + 4. determinati valoarea lui a, stiind ca graficul trece prin punctul (2; -5)."
Generat - Functii parametru,,"Fie f: R → R, f(x) = ax + 6. Determinati valoarea lui a, stiind ca graficul trece prin punctul (-3; -1).",f(-3) = -1 => a·-3 + 6 = -1 => a·-3 = -7 => a = 7/3,a = 7/3,2,Functii cu parametru,Funcții,Funcții,2 - mediu,alta,,"fie f: r → r, f(x) = ax + 6. determinati valoarea lui a, stiind ca graficul trece prin punctul (-3; -1).",f(-3) = -1 => a·-3 + 6 = -1 => a·-3 = -7 => a = 7/3,a = 7/3,104,22,51,7,3,8,0,0,0,0,1,0,"fie f: r → r, f(x) = ax + 6. determinati valoarea lui a, stiind ca graficul trece prin punctul (-3; -1)."
Generat - Functii parametru,,"Fie f: R → R, f(x) = ax² + -1. Determinati valoarea lui a, stiind ca graficul trece prin punctul (2; 1).",f(2) = 1 => a·(2)² + -1 = 1 => a·4 = 2 => a = 1/2,a = 1/2,2,Functii cu parametru,Funcții,Funcții,2 - mediu,alta,,"fie f: r → r, f(x) = ax² + -1. determinati valoarea lui a, stiind ca graficul trece prin punctul (2; 1).",f(2) = 1 => a·(2)² + -1 = 1 => a·4 = 2 => a = 1/2,a = 1/2,104,22,49,7,3,7,0,0,0,0,1,0,"fie f: r → r, f(x) = ax² + -1. determinati valoarea lui a, stiind ca graficul trece prin punctul (2; 1)."
Generat - Functii parametru,,"Fie f: R → R, f(x) = ax² + -5. Determinati valoarea lui a, stiind ca graficul trece prin punctul (3; 6).",f(3) = 6 => a·(3)² + -5 = 6 => a·9 = 11 => a = 11/9,a = 11/9,2,Functii cu parametru,Funcții,Funcții,2 - mediu,alta,,"fie f: r → r, f(x) = ax² + -5. determinati valoarea lui a, stiind ca graficul trece prin punctul (3; 6).",f(3) = 6 => a·(3)² + -5 = 6 => a·9 = 11 => a = 11/9,a = 11/9,104,22,51,8,3,7,0,0,0,0,1,0,"fie f: r → r, f(x) = ax² + -5. determinati valoarea lui a, stiind ca graficul trece prin punctul (3; 6)."
Generat - Functii parametru,,"Fie f: R → R, f(x) = ax² + -3. Determinati valoarea lui a, stiind ca graficul trece prin punctul (-3; 9).",f(-3) = 9 => a·(-3)² + -3 = 9 => a·9 = 12 => a = 4/3,a = 4/3,2,Functii cu parametru,Funcții,Funcții,2 - mediu,alta,,"fie f: r → r, f(x) = ax² + -3. determinati valoarea lui a, stiind ca graficul trece prin punctul (-3; 9).",f(-3) = 9 => a·(-3)² + -3 = 9 => a·9 = 12 => a = 4/3,a = 4/3,105,22,52,7,3,8,0,0,0,0,1,0,"fie f: r → r, f(x) = ax² + -3. determinati valoarea lui a, stiind ca graficul trece prin punctul (-3; 9)."
Generat - Functii parametru,,"Fie f: R → R, f(x) = ax² + 4. Determinati valoarea lui a, stiind ca graficul trece prin punctul (-2; 0).",f(-2) = 0 => a·(-2)² + 4 = 0 => a·4 = -4 => a = -1,a = -1,2,Functii cu parametru,Funcții,Funcții,2 - mediu,alta,,"fie f: r → r, f(x) = ax² + 4. determinati valoarea lui a, stiind ca graficul trece prin punctul (-2; 0).",f(-2) = 0 => a·(-2)² + 4 = 0 => a·4 = -4 => a = -1,a = -1,104,22,50,6,3,7,0,0,0,0,1,0,"fie f: r → r, f(x) = ax² + 4. determinati valoarea lui a, stiind ca graficul trece prin punctul (-2; 0)."
Generat - Functii parametru,,"Fie f: R → R, f(x) = ax + 7. Determinati valoarea lui a, stiind ca graficul trece prin punctul (1; -9).",f(1) = -9 => a·1 + 7 = -9 => a·1 = -16 => a = -16,a = -16,2,Functii cu parametru,Funcții,Funcții,2 - mediu,alta,,"fie f: r → r, f(x) = ax + 7. determinati valoarea lui a, stiind ca graficul trece prin punctul (1; -9).",f(1) = -9 => a·1 + 7 = -9 => a·1 = -16 => a = -16,a = -16,103,22,49,7,3,7,0,0,0,0,1,0,"fie f: r → r, f(x) = ax + 7. determinati valoarea lui a, stiind ca graficul trece prin punctul (1; -9)."
Generat - Functii parametru,,"Fie f: R → R, f(x) = ax² + 3. Determinati valoarea lui a, stiind ca graficul trece prin punctul (-2; 9).",f(-2) = 9 => a·(-2)² + 3 = 9 => a·4 = 6 => a = 3/2,a = 3/2,2,Functii cu parametru,Funcții,Funcții,2 - mediu,alta,,"fie f: r → r, f(x) = ax² + 3. determinati valoarea lui a, stiind ca graficul trece prin punctul (-2; 9).",f(-2) = 9 => a·(-2)² + 3 = 9 => a·4 = 6 => a = 3/2,a = 3/2,104,22,50,7,3,7,0,0,0,0,1,0,"fie f: r → r, f(x) = ax² + 3. determinati valoarea lui a, stiind ca graficul trece prin punctul (-2; 9)."
Generat - Functii parametru,,"Fie f: R → R, f(x) = ax² + 0. Determinati valoarea lui a, stiind ca graficul trece prin punctul (1; 10).",f(1) = 10 => a·(1)² + 0 = 10 => a·1 = 10 => a = 10,a = 10,2,Functii cu parametru,Funcții,Funcții,2 - mediu,alta,,"fie f: r → r, f(x) = ax² + 0. determinati valoarea lui a, stiind ca graficul trece prin punctul (1; 10).",f(1) = 10 => a·(1)² + 0 = 10 => a·1 = 10 => a = 10,a = 10,104,22,50,6,4,6,0,0,0,0,1,0,"fie f: r → r, f(x) = ax² + 0. determinati valoarea lui a, stiind ca graficul trece prin punctul (1; 10)."
Generat - Functii parametru,,"Fie f: R → R, f(x) = ax² + -4. Determinati valoarea lui a, stiind ca graficul trece prin punctul (-3; 6).",f(-3) = 6 => a·(-3)² + -4 = 6 => a·9 = 10 => a = 10/9,a = 10/9,2,Functii cu parametru,Funcții,Funcții,2 - mediu,alta,,"fie f: r → r, f(x) = ax² + -4. determinati valoarea lui a, stiind ca graficul trece prin punctul (-3; 6).",f(-3) = 6 => a·(-3)² + -4 = 6 => a·9 = 10 => a = 10/9,a = 10/9,105,22,53,8,3,8,0,0,0,0,1,0,"fie f: r → r, f(x) = ax² + -4. determinati valoarea lui a, stiind ca graficul trece prin punctul (-3; 6)."
Generat - Functii parametru,,"Fie f: R → R, f(x) = ax + -9. Determinati valoarea lui a, stiind ca graficul trece prin punctul (-3; -10).",f(-3) = -10 => a·-3 + -9 = -10 => a·-3 = -1 => a = 1/3,a = 1/3,2,Functii cu parametru,Funcții,Funcții,2 - mediu,alta,,"fie f: r → r, f(x) = ax + -9. determinati valoarea lui a, stiind ca graficul trece prin punctul (-3; -10).",f(-3) = -10 => a·-3 + -9 = -10 => a·-3 = -1 => a = 1/3,a = 1/3,106,22,54,7,4,9,0,0,0,0,1,0,"fie f: r → r, f(x) = ax + -9. determinati valoarea lui a, stiind ca graficul trece prin punctul (-3; -10)."
Generat - Functii parametru,,"Fie f: R → R, f(x) = ax + -4. Determinati valoarea lui a, stiind ca graficul trece prin punctul (-4; 0).",f(-4) = 0 => a·-4 + -4 = 0 => a·-4 = 4 => a = -1,a = -1,2,Functii cu parametru,Funcții,Funcții,2 - mediu,alta,,"fie f: r → r, f(x) = ax + -4. determinati valoarea lui a, stiind ca graficul trece prin punctul (-4; 0).",f(-4) = 0 => a·-4 + -4 = 0 => a·-4 = 4 => a = -1,a = -1,104,22,48,6,3,8,0,0,0,0,1,0,"fie f: r → r, f(x) = ax + -4. determinati valoarea lui a, stiind ca graficul trece prin punctul (-4; 0)."
Generat - Functii parametru,,"Fie f: R → R, f(x) = ax + -7. Determinati valoarea lui a, stiind ca graficul trece prin punctul (-5; 3).",f(-5) = 3 => a·-5 + -7 = 3 => a·-5 = 10 => a = -2,a = -2,2,Functii cu parametru,Funcții,Funcții,2 - mediu,alta,,"fie f: r → r, f(x) = ax + -7. determinati valoarea lui a, stiind ca graficul trece prin punctul (-5; 3).",f(-5) = 3 => a·-5 + -7 = 3 => a·-5 = 10 => a = -2,a = -2,104,22,49,6,3,8,0,0,0,0,1,0,"fie f: r → r, f(x) = ax + -7. determinati valoarea lui a, stiind ca graficul trece prin punctul (-5; 3)."
Generat - Functii parametru,,"Fie f: R → R, f(x) = ax² + 5. Determinati valoarea lui a, stiind ca graficul trece prin punctul (1; 6).",f(1) = 6 => a·(1)² + 5 = 6 => a·1 = 1 => a = 1,a = 1,2,Functii cu parametru,Funcții,Funcții,2 - mediu,alta,,"fie f: r → r, f(x) = ax² + 5. determinati valoarea lui a, stiind ca graficul trece prin punctul (1; 6).",f(1) = 6 => a·(1)² + 5 = 6 => a·1 = 1 => a = 1,a = 1,103,22,46,5,3,6,0,0,0,0,1,0,"fie f: r → r, f(x) = ax² + 5. determinati valoarea lui a, stiind ca graficul trece prin punctul (1; 6)."
Generat - Functii parametru,,"Fie f: R → R, f(x) = ax² + -5. Determinati valoarea lui a, stiind ca graficul trece prin punctul (-1; -3).",f(-1) = -3 => a·(-1)² + -5 = -3 => a·1 = 2 => a = 2,a = 2,2,Functii cu parametru,Funcții,Funcții,2 - mediu,alta,,"fie f: r → r, f(x) = ax² + -5. determinati valoarea lui a, stiind ca graficul trece prin punctul (-1; -3).",f(-1) = -3 => a·(-1)² + -5 = -3 => a·1 = 2 => a = 2,a = 2,106,22,51,5,3,9,0,0,0,0,1,0,"fie f: r → r, f(x) = ax² + -5. determinati valoarea lui a, stiind ca graficul trece prin punctul (-1; -3)."
Generat - Functii parametru,,"Fie f: R → R, f(x) = ax + -10. Determinati valoarea lui a, stiind ca graficul trece prin punctul (-2; 5).",f(-2) = 5 => a·-2 + -10 = 5 => a·-2 = 15 => a = -15/2,a = -15/2,2,Functii cu parametru,Funcții,Funcții,2 - mediu,alta,,"fie f: r → r, f(x) = ax + -10. determinati valoarea lui a, stiind ca graficul trece prin punctul (-2; 5).",f(-2) = 5 => a·-2 + -10 = 5 => a·-2 = 15 => a = -15/2,a = -15/2,105,22,53,9,4,8,0,0,0,0,1,0,"fie f: r → r, f(x) = ax + -10. determinati valoarea lui a, stiind ca graficul trece prin punctul (-2; 5)."
Generat - Functii parametru,,"Fie f: R → R, f(x) = ax² + -4. Determinati valoarea lui a, stiind ca graficul trece prin punctul (1; 15).",f(1) = 15 => a·(1)² + -4 = 15 => a·1 = 19 => a = 19,a = 19,2,Functii cu parametru,Funcții,Funcții,2 - mediu,alta,,"fie f: r → r, f(x) = ax² + -4. determinati valoarea lui a, stiind ca graficul trece prin punctul (1; 15).",f(1) = 15 => a·(1)² + -4 = 15 => a·1 = 19 => a = 19,a = 19,105,22,51,6,4,7,0,0,0,0,1,0,"fie f: r → r, f(x) = ax² + -4. determinati valoarea lui a, stiind ca graficul trece prin punctul (1; 15)."
Generat - Functii parametru,,"Fie f: R → R, f(x) = ax + 1. Determinati valoarea lui a, stiind ca graficul trece prin punctul (3; 8).",f(3) = 8 => a·3 + 1 = 8 => a·3 = 7 => a = 7/3,a = 7/3,2,Functii cu parametru,Funcții,Funcții,2 - mediu,alta,,"fie f: r → r, f(x) = ax + 1. determinati valoarea lui a, stiind ca graficul trece prin punctul (3; 8).",f(3) = 8 => a·3 + 1 = 8 => a·3 = 7 => a = 7/3,a = 7/3,102,22,45,7,3,6,0,0,0,0,1,0,"fie f: r → r, f(x) = ax + 1. determinati valoarea lui a, stiind ca graficul trece prin punctul (3; 8)."
Generat - Geometrie cerc,,Intr-un cerc cu raza de 8 cm este dusa coarda AB congruenta cu raza. Determinati distanta de la centrul cercului la coarda AB.,Triunghiul OAB este echilateral (OA = OB = AB = 8). Distanta = inaltimea = 8√3/2 = 4√3,4√3 cm,3,Geometrie - Cercul,Geometrie - Cercul,Geometrie,3 - consolidare,alta,,intr-un cerc cu raza de 8 cm este dusa coarda ab congruenta cu raza. determinati distanta de la centrul cercului la coarda ab.,triunghiul oab este echilateral (oa = ob = ab = 8). distanta = inaltimea = 8√3/2 = 4√3,4√3 cm,126,23,86,6,1,1,0,1,0,0,0,0,intr-un cerc cu raza de 8 cm este dusa coarda ab congruenta cu raza. determinati distanta de la centrul cercului la coarda ab.
Generat - Geometrie cerc,,"Intr-un cerc cu raza de 12 cm, arcul AB are masura de 120°. Determinati masura unghiului inscris care subintinde arcul AB.",Unghiul inscris = jumatate din arcul corespunzator. Unghi inscris = 120°/2 = 60°,60°,2,Geometrie - Cercul,Geometrie - Cercul,Geometrie,2 - mediu,alta,,"intr-un cerc cu raza de 12 cm, arcul ab are masura de 120°. determinati masura unghiului inscris care subintinde arcul ab.",unghiul inscris = jumatate din arcul corespunzator. unghi inscris = 120°/2 = 60°,60°,122,21,80,3,5,1,0,1,0,0,0,0,"intr-un cerc cu raza de 12 cm, arcul ab are masura de 120°. determinati masura unghiului inscris care subintinde arcul ab."
Generat - Geometrie cerc,,"Intr-un cerc cu raza de 14 cm, arcul AB are masura de 60°. Determinati masura unghiului inscris care subintinde arcul AB.",Unghiul inscris = jumatate din arcul corespunzator. Unghi inscris = 60°/2 = 30°,30°,2,Geometrie - Cercul,Geometrie - Cercul,Geometrie,2 - mediu,alta,,"intr-un cerc cu raza de 14 cm, arcul ab are masura de 60°. determinati masura unghiului inscris care subintinde arcul ab.",unghiul inscris = jumatate din arcul corespunzator. unghi inscris = 60°/2 = 30°,30°,121,21,79,3,4,1,0,1,0,0,0,0,"intr-un cerc cu raza de 14 cm, arcul ab are masura de 60°. determinati masura unghiului inscris care subintinde arcul ab."
Generat - Geometrie cerc,,Intr-un cerc cu raza de 4 cm este dusa coarda AB congruenta cu raza. Determinati distanta de la centrul cercului la coarda AB.,Triunghiul OAB este echilateral (OA = OB = AB = 4). Distanta = inaltimea = 4√3/2 = 2√3,2√3 cm,3,Geometrie - Cercul,Geometrie - Cercul,Geometrie,3 - consolidare,alta,,intr-un cerc cu raza de 4 cm este dusa coarda ab congruenta cu raza. determinati distanta de la centrul cercului la coarda ab.,triunghiul oab este echilateral (oa = ob = ab = 4). distanta = inaltimea = 4√3/2 = 2√3,2√3 cm,126,23,86,6,1,1,0,1,0,0,0,0,intr-un cerc cu raza de 4 cm este dusa coarda ab congruenta cu raza. determinati distanta de la centrul cercului la coarda ab.
Generat - Geometrie cerc,,"Intr-un cerc cu raza de 11 cm, arcul AB are masura de 60°. Determinati masura unghiului inscris care subintinde arcul AB.",Unghiul inscris = jumatate din arcul corespunzator. Unghi inscris = 60°/2 = 30°,30°,2,Geometrie - Cercul,Geometrie - Cercul,Geometrie,2 - mediu,alta,,"intr-un cerc cu raza de 11 cm, arcul ab are masura de 60°. determinati masura unghiului inscris care subintinde arcul ab.",unghiul inscris = jumatate din arcul corespunzator. unghi inscris = 60°/2 = 30°,30°,121,21,79,3,4,1,0,1,0,0,0,0,"intr-un cerc cu raza de 11 cm, arcul ab are masura de 60°. determinati masura unghiului inscris care subintinde arcul ab."
Generat - Geometrie cerc,,"Intr-un cerc cu raza de 14 cm, arcul AB are masura de 90°. Determinati masura unghiului inscris care subintinde arcul AB.",Unghiul inscris = jumatate din arcul corespunzator. Unghi inscris = 90°/2 = 45°,45°,2,Geometrie - Cercul,Geometrie - Cercul,Geometrie,2 - mediu,alta,,"intr-un cerc cu raza de 14 cm, arcul ab are masura de 90°. determinati masura unghiului inscris care subintinde arcul ab.",unghiul inscris = jumatate din arcul corespunzator. unghi inscris = 90°/2 = 45°,45°,121,21,79,3,4,1,0,1,0,0,0,0,"intr-un cerc cu raza de 14 cm, arcul ab are masura de 90°. determinati masura unghiului inscris care subintinde arcul ab."
Generat - Geometrie cerc,,"Intr-un cerc cu raza de 11 cm, arcul AB are masura de 90°. Determinati masura unghiului inscris care subintinde arcul AB.",Unghiul inscris = jumatate din arcul corespunzator. Unghi inscris = 90°/2 = 45°,45°,2,Geometrie - Cercul,Geometrie - Cercul,Geometrie,2 - mediu,alta,,"intr-un cerc cu raza de 11 cm, arcul ab are masura de 90°. determinati masura unghiului inscris care subintinde arcul ab.",unghiul inscris = jumatate din arcul corespunzator. unghi inscris = 90°/2 = 45°,45°,121,21,79,3,4,1,0,1,0,0,0,0,"intr-un cerc cu raza de 11 cm, arcul ab are masura de 90°. determinati masura unghiului inscris care subintinde arcul ab."
Generat - Geometrie cerc,,Intr-un cerc cu raza de 14 cm este dusa coarda AB congruenta cu raza. Determinati distanta de la centrul cercului la coarda AB.,Triunghiul OAB este echilateral (OA = OB = AB = 14). Distanta = inaltimea = 14√3/2 = 7√3,7√3 cm,3,Geometrie - Cercul,Geometrie - Cercul,Geometrie,3 - consolidare,alta,,intr-un cerc cu raza de 14 cm este dusa coarda ab congruenta cu raza. determinati distanta de la centrul cercului la coarda ab.,triunghiul oab este echilateral (oa = ob = ab = 14). distanta = inaltimea = 14√3/2 = 7√3,7√3 cm,127,23,88,6,2,1,0,1,0,0,0,0,intr-un cerc cu raza de 14 cm este dusa coarda ab congruenta cu raza. determinati distanta de la centrul cercului la coarda ab.
Generat - Geometrie cerc,,Intr-un cerc cu raza de 13 cm este dusa coarda AB congruenta cu raza. Determinati distanta de la centrul cercului la coarda AB.,Triunghiul OAB este echilateral (OA = OB = AB = 13). Distanta = inaltimea = 13√3/2 = 13√3/2,13√3/2 cm,3,Geometrie - Cercul,Geometrie - Cercul,Geometrie,3 - consolidare,alta,,intr-un cerc cu raza de 13 cm este dusa coarda ab congruenta cu raza. determinati distanta de la centrul cercului la coarda ab.,triunghiul oab este echilateral (oa = ob = ab = 13). distanta = inaltimea = 13√3/2 = 13√3/2,13√3/2 cm,127,23,91,9,2,1,0,1,0,0,0,0,intr-un cerc cu raza de 13 cm este dusa coarda ab congruenta cu raza. determinati distanta de la centrul cercului la coarda ab.
Generat - Geometrie cerc,,"Intr-un cerc cu raza de 15 cm, arcul AB are masura de 90°. Determinati masura unghiului inscris care subintinde arcul AB.",Unghiul inscris = jumatate din arcul corespunzator. Unghi inscris = 90°/2 = 45°,45°,2,Geometrie - Cercul,Geometrie - Cercul,Geometrie,2 - mediu,alta,,"intr-un cerc cu raza de 15 cm, arcul ab are masura de 90°. determinati masura unghiului inscris care subintinde arcul ab.",unghiul inscris = jumatate din arcul corespunzator. unghi inscris = 90°/2 = 45°,45°,121,21,79,3,4,1,0,1,0,0,0,0,"intr-un cerc cu raza de 15 cm, arcul ab are masura de 90°. determinati masura unghiului inscris care subintinde arcul ab."
Generat - Geometrie cerc,,Intr-un cerc cu raza de 11 cm este dusa coarda AB congruenta cu raza. Determinati distanta de la centrul cercului la coarda AB.,Triunghiul OAB este echilateral (OA = OB = AB = 11). Distanta = inaltimea = 11√3/2 = 11√3/2,11√3/2 cm,3,Geometrie - Cercul,Geometrie - Cercul,Geometrie,3 - consolidare,alta,,intr-un cerc cu raza de 11 cm este dusa coarda ab congruenta cu raza. determinati distanta de la centrul cercului la coarda ab.,triunghiul oab este echilateral (oa = ob = ab = 11). distanta = inaltimea = 11√3/2 = 11√3/2,11√3/2 cm,127,23,91,9,2,1,0,1,0,0,0,0,intr-un cerc cu raza de 11 cm este dusa coarda ab congruenta cu raza. determinati distanta de la centrul cercului la coarda ab.
Generat - Geometrie cerc,,Intr-un cerc cu raza de 15 cm este dusa coarda AB congruenta cu raza. Determinati distanta de la centrul cercului la coarda AB.,Triunghiul OAB este echilateral (OA = OB = AB = 15). Distanta = inaltimea = 15√3/2 = 15√3/2,15√3/2 cm,3,Geometrie - Cercul,Geometrie - Cercul,Geometrie,3 - consolidare,alta,,intr-un cerc cu raza de 15 cm este dusa coarda ab congruenta cu raza. determinati distanta de la centrul cercului la coarda ab.,triunghiul oab este echilateral (oa = ob = ab = 15). distanta = inaltimea = 15√3/2 = 15√3/2,15√3/2 cm,127,23,91,9,2,1,0,1,0,0,0,0,intr-un cerc cu raza de 15 cm este dusa coarda ab congruenta cu raza. determinati distanta de la centrul cercului la coarda ab.
Generat - Geometrie cerc,,Intr-un cerc cu raza de 12 cm este dusa coarda AB congruenta cu raza. Determinati distanta de la centrul cercului la coarda AB.,Triunghiul OAB este echilateral (OA = OB = AB = 12). Distanta = inaltimea = 12√3/2 = 6√3,6√3 cm,3,Geometrie - Cercul,Geometrie - Cercul,Geometrie,3 - consolidare,alta,,intr-un cerc cu raza de 12 cm este dusa coarda ab congruenta cu raza. determinati distanta de la centrul cercului la coarda ab.,triunghiul oab este echilateral (oa = ob = ab = 12). distanta = inaltimea = 12√3/2 = 6√3,6√3 cm,127,23,88,6,2,1,0,1,0,0,0,0,intr-un cerc cu raza de 12 cm este dusa coarda ab congruenta cu raza. determinati distanta de la centrul cercului la coarda ab.
Generat - Geometrie cerc,,Intr-un cerc cu raza de 10 cm este dusa coarda AB congruenta cu raza. Determinati distanta de la centrul cercului la coarda AB.,Triunghiul OAB este echilateral (OA = OB = AB = 10). Distanta = inaltimea = 10√3/2 = 5√3,5√3 cm,3,Geometrie - Cercul,Geometrie - Cercul,Geometrie,3 - consolidare,alta,,intr-un cerc cu raza de 10 cm este dusa coarda ab congruenta cu raza. determinati distanta de la centrul cercului la coarda ab.,triunghiul oab este echilateral (oa = ob = ab = 10). distanta = inaltimea = 10√3/2 = 5√3,5√3 cm,127,23,88,6,2,1,0,1,0,0,0,0,intr-un cerc cu raza de 10 cm este dusa coarda ab congruenta cu raza. determinati distanta de la centrul cercului la coarda ab.
Generat - Geometrie cerc,,Intr-un cerc cu raza de 3 cm este dusa coarda AB congruenta cu raza. Determinati distanta de la centrul cercului la coarda AB.,Triunghiul OAB este echilateral (OA = OB = AB = 3). Distanta = inaltimea = 3√3/2 = 3√3/2,3√3/2 cm,3,Geometrie - Cercul,Geometrie - Cercul,Geometrie,3 - consolidare,alta,,intr-un cerc cu raza de 3 cm este dusa coarda ab congruenta cu raza. determinati distanta de la centrul cercului la coarda ab.,triunghiul oab este echilateral (oa = ob = ab = 3). distanta = inaltimea = 3√3/2 = 3√3/2,3√3/2 cm,126,23,88,8,1,1,0,1,0,0,0,0,intr-un cerc cu raza de 3 cm este dusa coarda ab congruenta cu raza. determinati distanta de la centrul cercului la coarda ab.
Generat - Geometrie cerc,,"Intr-un cerc cu raza de 8 cm, arcul AB are masura de 60°. Determinati masura unghiului inscris care subintinde arcul AB.",Unghiul inscris = jumatate din arcul corespunzator. Unghi inscris = 60°/2 = 30°,30°,2,Geometrie - Cercul,Geometrie - Cercul,Geometrie,2 - mediu,alta,,"intr-un cerc cu raza de 8 cm, arcul ab are masura de 60°. determinati masura unghiului inscris care subintinde arcul ab.",unghiul inscris = jumatate din arcul corespunzator. unghi inscris = 60°/2 = 30°,30°,120,21,79,3,3,1,0,1,0,0,0,0,"intr-un cerc cu raza de 8 cm, arcul ab are masura de 60°. determinati masura unghiului inscris care subintinde arcul ab."
Generat - Geometrie cerc,,"Intr-un cerc cu raza de 4 cm, arcul AB are masura de 60°. Determinati masura unghiului inscris care subintinde arcul AB.",Unghiul inscris = jumatate din arcul corespunzator. Unghi inscris = 60°/2 = 30°,30°,2,Geometrie - Cercul,Geometrie - Cercul,Geometrie,2 - mediu,alta,,"intr-un cerc cu raza de 4 cm, arcul ab are masura de 60°. determinati masura unghiului inscris care subintinde arcul ab.",unghiul inscris = jumatate din arcul corespunzator. unghi inscris = 60°/2 = 30°,30°,120,21,79,3,3,1,0,1,0,0,0,0,"intr-un cerc cu raza de 4 cm, arcul ab are masura de 60°. determinati masura unghiului inscris care subintinde arcul ab."
Generat - Geometrie cerc,,"Intr-un cerc cu raza de 5 cm, arcul AB are masura de 120°. Determinati masura unghiului inscris care subintinde arcul AB.",Unghiul inscris = jumatate din arcul corespunzator. Unghi inscris = 120°/2 = 60°,60°,2,Geometrie - Cercul,Geometrie - Cercul,Geometrie,2 - mediu,alta,,"intr-un cerc cu raza de 5 cm, arcul ab are masura de 120°. determinati masura unghiului inscris care subintinde arcul ab.",unghiul inscris = jumatate din arcul corespunzator. unghi inscris = 120°/2 = 60°,60°,121,21,80,3,4,1,0,1,0,0,0,0,"intr-un cerc cu raza de 5 cm, arcul ab are masura de 120°. determinati masura unghiului inscris care subintinde arcul ab."
Generat - Geometrie cerc,,"Intr-un cerc cu raza de 6 cm, arcul AB are masura de 120°. Determinati masura unghiului inscris care subintinde arcul AB.",Unghiul inscris = jumatate din arcul corespunzator. Unghi inscris = 120°/2 = 60°,60°,2,Geometrie - Cercul,Geometrie - Cercul,Geometrie,2 - mediu,alta,,"intr-un cerc cu raza de 6 cm, arcul ab are masura de 120°. determinati masura unghiului inscris care subintinde arcul ab.",unghiul inscris = jumatate din arcul corespunzator. unghi inscris = 120°/2 = 60°,60°,121,21,80,3,4,1,0,1,0,0,0,0,"intr-un cerc cu raza de 6 cm, arcul ab are masura de 120°. determinati masura unghiului inscris care subintinde arcul ab."
Generat - Geometrie cerc,,Intr-un cerc cu raza de 5 cm este dusa coarda AB congruenta cu raza. Determinati distanta de la centrul cercului la coarda AB.,Triunghiul OAB este echilateral (OA = OB = AB = 5). Distanta = inaltimea = 5√3/2 = 5√3/2,5√3/2 cm,3,Geometrie - Cercul,Geometrie - Cercul,Geometrie,3 - consolidare,alta,,intr-un cerc cu raza de 5 cm este dusa coarda ab congruenta cu raza. determinati distanta de la centrul cercului la coarda ab.,triunghiul oab este echilateral (oa = ob = ab = 5). distanta = inaltimea = 5√3/2 = 5√3/2,5√3/2 cm,126,23,88,8,1,1,0,1,0,0,0,0,intr-un cerc cu raza de 5 cm este dusa coarda ab congruenta cu raza. determinati distanta de la centrul cercului la coarda ab.
Generat - Geometrie cerc,,"Intr-un cerc cu raza de 15 cm, arcul AB are masura de 120°. Determinati masura unghiului inscris care subintinde arcul AB.",Unghiul inscris = jumatate din arcul corespunzator. Unghi inscris = 120°/2 = 60°,60°,2,Geometrie - Cercul,Geometrie - Cercul,Geometrie,2 - mediu,alta,,"intr-un cerc cu raza de 15 cm, arcul ab are masura de 120°. determinati masura unghiului inscris care subintinde arcul ab.",unghiul inscris = jumatate din arcul corespunzator. unghi inscris = 120°/2 = 60°,60°,122,21,80,3,5,1,0,1,0,0,0,0,"intr-un cerc cu raza de 15 cm, arcul ab are masura de 120°. determinati masura unghiului inscris care subintinde arcul ab."
