time_spent_seconds,hint_count,attempt_count,is_correct,mistake_count,exercise_difficulty_encoded,previous_mastery,consecutive_errors,help_level_requested,learner_state
90,2,2,1,1.4,1,0.5116218454308532,2,2,progres
130,2,2,1,1.0,4,0.3122683501016816,0,3,progres
105,1,1,1,1.7,3,0.7192528894728425,1,1,progres
65,0,1,1,0.0,2,0.98,0,0,autonomie_buna
110,4,1,0,3.8,2,0.4479316341221692,4,3,blocaj
168,2,2,0,4.1,4,0.4903949893264068,3,3,progres
74,1,1,1,1.4,1,0.33226630134234575,2,1,progres
162,2,1,1,4.8,3,0.4979699116710689,4,3,progres
96,0,2,0,2.8,1,0.05,4,0,blocaj
145,1,6,0,4.8,1,0.23495754156254536,4,3,blocaj
178,0,5,1,2.0,3,0.5525657785352185,0,1,progres
147,1,2,1,4.1,4,0.844672542074009,3,3,supraincarcare
161,2,2,1,6.5,3,0.9433264361176449,5,3,supraincarcare
172,2,2,1,4.8,4,0.4400764199121011,4,3,progres
113,1,1,1,1.7,3,0.98,1,2,autonomie_buna
137,2,2,1,3.4,4,0.553705185545208,2,3,supraincarcare
137,1,1,0,5.5,3,0.49702399309125,5,3,progres
59,3,2,1,1.0,1,0.6699932874449969,0,3,supraincarcare
157,2,1,0,4.1,4,0.6095413478421496,3,3,progres
97,1,1,1,1.0,2,0.5381902103837307,0,1,progres
133,1,2,1,4.5,3,0.41626908438049093,5,3,progres
96,0,2,0,0.0,2,0.320455272456295,0,0,progres
76,1,1,1,1.0,1,0.21001173758534178,0,1,progres
150,3,2,0,3.7,4,0.697372631734749,1,3,supraincarcare
114,1,2,1,1.7,4,0.4595503379770772,1,2,progres
136,1,3,1,3.4,3,0.42746925121725887,2,3,progres
128,2,4,0,2.7,2,0.6204750649407009,1,3,progres
173,1,2,0,3.4,4,0.7350597063957154,2,3,supraincarcare
164,1,3,1,5.1,3,0.6322785974313814,3,3,progres
133,1,2,0,6.1,2,0.3068272682004402,3,3,blocaj
167,1,5,0,4.5,2,0.7787523226178111,5,3,supraincarcare
87,0,3,0,2.4,1,0.8700913438842394,2,0,progres
104,1,2,0,3.0999999999999996,1,0.6140903771588345,3,2,supraincarcare
117,1,1,0,3.8,3,0.7729174358391673,4,3,supraincarcare
140,2,3,1,1.7,4,0.98,1,3,autonomie_buna
121,0,3,1,3.8,1,0.805062287295026,4,2,supraincarcare
175,1,1,0,4.5,4,0.6727905462195666,5,3,supraincarcare
164,2,2,1,1.7,4,0.6500507602649793,1,3,supraincarcare
67,1,1,1,0.7,2,0.6785431606500376,1,1,progres
139,0,2,0,4.4,3,0.15906042948790547,2,2,blocaj
68,1,1,0,0.7,1,0.6587950513785867,1,1,progres
166,4,2,0,3.0999999999999996,4,0.18772745705778146,3,3,blocaj
146,1,4,1,4.5,3,0.36407871737886405,5,3,progres
95,2,1,0,2.0999999999999996,2,0.824886147197112,3,2,supraincarcare
49,1,1,0,0.0,1,0.7280857951402135,0,1,progres
126,2,3,1,1.7,4,0.98,1,3,autonomie_buna
96,2,2,0,2.8,2,0.49685174250977043,4,2,progres
129,2,1,1,2.7,4,0.26678199725247465,1,3,progres
132,0,1,1,4.1,3,0.46882012796658457,3,2,progres
181,3,2,0,4.8,4,0.5646424529590449,4,3,progres
170,1,1,1,5.7,4,0.5794663073025478,1,3,progres
107,1,1,1,4.1,1,0.7979893075865574,3,2,supraincarcare
135,1,5,0,1.4,2,0.46554089905231866,2,2,progres
74,0,1,0,1.0,2,0.629298926159049,0,0,progres
142,1,5,1,2.4,2,0.3310530509206194,2,2,progres
111,1,3,1,2.4,1,0.6178544850670813,2,2,supraincarcare
135,3,2,1,2.0,3,0.5949659175343911,0,3,progres
98,2,1,0,4.5,1,0.3657486073697328,5,3,progres
110,0,1,0,3.0999999999999996,3,0.5032863623488948,3,1,progres
105,1,1,1,1.0,3,0.42706792592511655,0,1,progres
159,3,1,1,4.5,4,0.4819589000235063,5,3,progres
172,1,2,0,5.5,3,0.8957115067623692,5,3,supraincarcare
64,0,1,1,0.0,2,0.48918100870429493,0,0,progres
144,2,3,1,2.0,4,0.5932302936396571,0,3,progres
120,1,3,0,1.4,2,0.09854182535100325,2,2,progres
99,0,1,1,3.0999999999999996,2,0.40231526968646975,3,1,progres
161,2,1,1,5.8,4,0.5263359899524339,4,3,progres
158,1,4,0,3.4,2,0.4384421265210612,2,3,progres
93,4,3,0,3.0999999999999996,1,0.7460128040793915,3,3,blocaj
119,3,2,0,1.0,2,0.5779697698892932,0,3,progres
180,2,5,0,3.0999999999999996,4,0.8673252267930753,3,3,supraincarcare
134,2,3,1,4.5,1,0.5652284175631731,5,3,progres
102,0,1,0,3.0999999999999996,2,0.5687217089910513,3,1,progres
96,2,3,1,1.4,1,0.5249954848447499,2,2,progres
104,0,1,1,1.7,3,0.5529247427513762,1,0,progres
128,1,1,1,4.5,2,0.9263908712674994,5,3,supraincarcare
92,4,3,0,0.0,2,0.05,0,3,blocaj
67,1,2,1,0.7,1,0.17925888827990924,1,1,progres
156,0,3,0,2.0,3,0.3822938524893056,0,1,progres
156,2,1,0,6.5,3,0.5988903245666175,5,3,progres
146,2,2,0,3.4,4,0.687093594099632,2,3,supraincarcare
90,0,1,1,3.5,2,0.7048657094966367,5,1,progres
120,0,2,1,3.0999999999999996,1,0.45212808464570825,3,2,progres
201,1,5,0,5.1,4,0.7906997595747979,3,3,supraincarcare
202,1,4,1,5.1,3,0.7702892187417864,3,3,supraincarcare
132,1,1,1,3.7,3,0.5212690379446141,1,3,progres
125,3,5,0,2.0999999999999996,1,0.8313437409988645,3,3,supraincarcare
113,2,1,1,3.8,2,0.5722718134141896,4,3,supraincarcare
180,1,1,1,4.5,4,0.42982904855401827,5,3,progres
157,1,3,1,5.1,4,0.6614228331329981,3,3,supraincarcare
134,0,3,0,3.5,2,0.520854820907811,5,2,progres
150,2,1,0,4.5,4,0.5420971726984218,5,3,progres
137,1,1,1,3.0999999999999996,4,0.8503093353988956,3,3,supraincarcare
100,1,2,0,1.4,2,0.05,2,1,progres
137,2,2,1,2.0,4,0.2366921779758073,0,3,progres
92,0,1,1,1.7,2,0.2295682372737254,1,0,progres
133,0,3,0,5.5,1,0.37510160947144366,5,2,blocaj
105,0,1,0,3.0,3,0.48889312989157424,0,0,progres
119,0,1,1,2.4,3,0.11917211610987852,2,1,progres
91,1,1,0,2.8,1,0.21234083676962448,4,1,blocaj
165,1,4,1,2.7,4,0.3793512311338847,1,2,progres
134,2,2,1,4.5,1,0.9374581646017391,5,3,supraincarcare
190,1,3,0,4.1,4,0.9668549162818046,3,3,supraincarcare
75,2,1,0,1.0,1,0.4767222965059203,0,2,progres
135,1,1,1,1.7,4,0.4293028190544161,1,2,progres
169,1,2,0,4.8,4,0.19668382848633592,4,3,blocaj
191,3,3,0,4.5,4,0.06321095242434761,5,3,blocaj
198,0,3,1,6.5,3,0.4892294697717041,5,2,progres
127,1,1,0,4.5,2,0.22224014138306283,5,3,blocaj
94,2,1,1,1.0,3,0.5773424477536035,0,2,progres
122,0,2,0,3.8,2,0.06364943062006659,4,2,blocaj
159,2,3,0,2.0,4,0.40073195060382805,0,3,progres
131,1,1,0,3.0,3,0.5395303166349319,0,2,progres
132,1,2,0,4.8,2,0.6241276353846661,4,3,supraincarcare
130,0,2,1,3.4,3,0.659712899506199,2,2,supraincarcare
165,0,3,0,3.0999999999999996,3,0.06331135188798354,3,2,blocaj
77,0,1,1,3.5,1,0.7166579373850782,5,1,progres
67,0,3,1,0.0,1,0.3911267038350481,0,0,progres
118,1,5,0,3.0999999999999996,1,0.6982625055815433,3,3,supraincarcare
112,0,3,1,4.5,1,0.5267643557585127,5,2,progres
113,0,2,1,1.4,2,0.20301146997960473,2,1,progres
137,0,1,1,3.0999999999999996,3,0.5055751002799086,3,2,progres
138,2,3,1,2.4,3,0.6174837537531562,2,3,supraincarcare
179,3,4,0,6.5,2,0.6066662717695721,5,3,blocaj
118,1,1,0,1.0,4,0.5341915879829282,0,2,progres
145,2,3,1,4.5,3,0.8690946245094922,5,3,supraincarcare
157,1,5,0,2.8,1,0.8145548393368289,4,2,supraincarcare
209,3,4,1,4.8,4,0.469764989990608,4,3,progres
143,1,3,1,2.4,3,0.762644957636204,2,2,supraincarcare
133,1,2,0,4.1,3,0.98,3,3,supraincarcare
134,3,2,1,3.4,3,0.98,2,3,supraincarcare
145,1,4,1,2.7,3,0.27261758008439874,1,2,progres
123,0,2,0,5.5,1,0.3480458813201464,5,2,blocaj
145,0,1,1,5.1,3,0.882755911445017,3,2,supraincarcare
162,2,1,0,5.8,4,0.22682042796957824,4,3,blocaj
67,1,2,1,0.0,2,0.2581584968663063,0,1,progres
178,0,3,0,3.8,3,0.397846632163956,4,2,progres
98,2,1,1,4.1,1,0.6942528055797995,3,3,supraincarcare
137,0,3,0,3.5,2,0.5045765873590013,5,2,progres
99,1,2,0,2.0,2,0.44366044455226233,0,1,progres
155,2,3,0,4.1,4,0.4480553827533498,3,3,progres
97,1,2,1,3.0999999999999996,1,0.4174187010511756,3,2,progres
100,0,1,0,3.0999999999999996,2,0.32882911065910053,3,1,progres
93,1,2,1,0.0,2,0.98,0,1,autonomie_buna
187,2,3,1,4.4,4,0.5083693884335693,2,3,supraincarcare
135,1,1,1,1.7,4,0.8604282857143787,1,2,autonomie_buna
131,1,3,1,4.1,1,0.4745113645218362,3,3,progres
83,0,1,0,0.7,1,0.49958932785579235,1,0,progres
159,2,2,1,3.4,4,0.3694149124082288,2,3,progres
111,0,2,0,3.0999999999999996,1,0.05,3,2,blocaj
136,4,2,0,1.0,4,0.19545259790623018,0,3,blocaj
88,0,1,0,3.8,2,0.05,4,1,blocaj
155,2,1,0,4.8,4,0.05,4,3,blocaj
86,0,3,1,0.0,2,0.26419168545902855,0,0,progres
99,1,3,1,0.0,2,0.8501795208692094,0,1,progres
150,0,3,0,4.5,3,0.5228879660799609,5,2,progres
105,0,4,1,0.7,1,0.9169034842609779,1,0,progres
191,1,3,1,6.5,3,0.647604379370567,5,3,supraincarcare
139,1,1,0,3.4,3,0.8072859871453824,2,3,supraincarcare
162,1,1,1,3.4,4,0.33499755883690074,2,3,progres
105,2,1,0,1.7,4,0.7263723769565901,1,2,supraincarcare
119,2,2,1,3.0999999999999996,3,0.7150372663872959,3,3,supraincarcare
120,2,2,0,0.0,2,0.4566038194904115,0,3,progres
133,2,3,1,2.4,2,0.6243104424191946,2,3,supraincarcare
89,2,1,1,1.4,2,0.6884978648548356,2,2,supraincarcare
141,1,2,0,2.0,4,0.3863336058317538,0,2,progres
96,2,1,0,2.4,2,0.3132748009285823,2,2,progres
96,2,3,0,4.1,1,0.12875616486085403,3,3,blocaj
101,0,1,1,3.8,2,0.5652678984398645,4,1,progres
65,1,2,0,0.0,1,0.6657666526187174,0,1,progres
101,0,1,0,5.5,1,0.2975464724590271,5,1,blocaj
94,1,2,0,3.5,1,0.5064907731081064,5,2,progres
189,1,2,0,3.8,4,0.5995826926369829,4,3,supraincarcare
188,1,4,0,6.5,3,0.705879740444797,5,3,supraincarcare
152,5,3,0,3.4,3,0.9546615782412841,2,3,supraincarcare
133,1,1,0,5.8,2,0.6923779416087629,4,3,blocaj
172,2,4,0,3.8,3,0.3136120479206148,4,3,blocaj
82,0,2,1,2.0999999999999996,1,0.98,3,0,autonomie_buna
160,2,1,0,3.7,4,0.35483742765076814,1,3,progres
127,0,1,0,3.0999999999999996,3,0.7174368044714341,3,2,supraincarcare
138,1,1,0,4.5,4,0.5957550237060961,5,3,progres
98,2,1,0,4.5,1,0.46450985837286857,5,3,progres
84,1,1,0,1.4,2,0.21159552948124535,2,1,progres
127,0,2,1,2.7,3,0.464330817084476,1,1,progres
129,2,2,0,3.8,2,0.11167548015931726,4,3,blocaj
80,1,1,1,0.0,2,0.8830762743409443,0,1,autonomie_buna
95,1,3,1,1.0,1,0.877973803648345,0,1,progres
98,2,1,0,2.0999999999999996,2,0.3593752932088485,3,2,progres
101,2,1,1,4.5,1,0.6019255883327005,5,3,supraincarcare
78,0,3,0,0.7,2,0.3973996981294604,1,0,progres
144,1,1,0,4.4,3,0.4238366004834349,2,3,progres
133,2,1,0,3.7,3,0.7304917488545115,1,3,supraincarcare
113,2,1,1,3.4,3,0.589761082750734,2,3,progres
96,1,1,1,2.0,2,0.98,0,1,autonomie_buna
169,2,2,0,4.1,4,0.37144151330516795,3,3,progres
112,2,2,1,3.0999999999999996,1,0.8105325953199022,3,3,supraincarcare
86,2,1,1,0.7,2,0.5336899492143524,1,2,progres
75,1,1,1,1.7,1,0.7098921293991243,1,1,progres
156,0,3,0,4.8,2,0.42714132979210073,4,2,progres
122,1,1,0,1.7,4,0.513756562854981,1,2,progres
111,0,3,1,1.0,2,0.4662596850252374,0,1,progres
145,3,3,1,2.0,4,0.3432863312245383,0,3,progres
167,1,4,1,4.5,2,0.7216311820991669,5,3,supraincarcare
119,0,3,0,2.4,3,0.6928975236428412,2,1,progres
92,0,1,1,1.0,2,0.7007623180195013,0,0,progres
138,1,1,0,6.5,2,0.7682891639640879,5,3,blocaj
150,2,1,1,3.0,4,0.98,0,3,autonomie_buna
147,3,3,1,2.4,4,0.44717769321944884,2,3,progres
122,0,5,0,0.0,2,0.5477292180344835,0,1,progres
207,3,6,0,3.8,4,0.4254728000802452,4,3,progres
128,0,2,1,3.8,2,0.5858335603063495,4,2,progres
150,0,3,0,4.8,3,0.3956855606970807,4,2,progres
145,3,2,1,1.7,4,0.98,1,3,autonomie_buna
67,2,1,1,1.7,2,0.5959859055672587,1,2,supraincarcare
161,0,3,0,5.5,3,0.5288626643317206,5,2,progres
82,0,1,1,2.8,2,0.98,4,0,autonomie_buna
76,1,2,0,0.0,1,0.0739338492198715,0,1,progres
133,1,4,0,3.8,1,0.05,4,3,blocaj
138,2,2,1,4.8,2,0.7208576371293878,4,3,supraincarcare
181,2,3,1,3.0999999999999996,4,0.6284348740638929,3,3,progres
120,1,5,1,2.0999999999999996,1,0.6212094890090145,3,2,supraincarcare
126,1,4,1,1.0,2,0.3439609643586662,0,2,progres
125,2,3,1,1.0,3,0.5560586391306803,0,3,progres
63,2,1,0,1.0,1,0.9538481336038502,0,2,supraincarcare
138,1,2,1,2.0,3,0.7079836389465615,0,2,supraincarcare
132,1,1,1,3.5,2,0.5897997305511365,5,3,progres
146,1,2,1,3.0999999999999996,4,0.3717552351381263,3,3,progres
159,1,1,0,5.8,3,0.4441943791199083,4,3,progres
111,1,1,1,1.7,3,0.06346455101400542,1,2,progres
103,0,1,0,4.5,1,0.61627248281941,5,1,progres
116,3,3,0,1.7,2,0.813679012682066,1,3,supraincarcare
150,1,1,0,4.5,4,0.10555640755883187,5,3,blocaj
21,0,1,1,1.0,1,0.3275819202074459,0,0,progres
147,4,1,0,2.0,4,0.15880147491356872,0,3,blocaj
76,0,2,0,0.0,2,0.34811425161690857,0,0,progres
136,1,1,1,4.8,3,0.5654857482879659,4,3,progres
173,0,5,1,3.7,3,0.15640974679503902,1,2,progres
89,1,2,1,1.4,2,0.723542588373409,2,1,progres
89,1,1,0,1.4,2,0.7530527343365189,2,1,progres
128,4,1,1,3.8,3,0.48607210694577885,4,3,progres
70,1,1,0,2.4,1,0.09396484146203513,2,1,progres
126,0,3,1,1.0,3,0.29495097723158265,0,1,progres
90,2,2,1,2.4,1,0.8599701978743427,2,2,supraincarcare
129,0,1,1,2.7,3,0.05,1,1,progres
144,2,2,0,5.8,3,0.41562511307900474,4,3,progres
107,3,3,0,3.8,1,0.214129296761798,4,3,blocaj
127,2,1,1,1.0,4,0.9029072110932395,0,3,autonomie_buna
123,1,1,0,5.8,2,0.2852108556758,4,3,blocaj
120,2,2,1,1.0,4,0.701380354571573,0,3,supraincarcare
104,1,4,0,2.0999999999999996,1,0.6081636556443386,3,1,progres
79,2,2,1,1.4,1,0.9060979552695501,2,2,supraincarcare
114,3,4,1,0.7,2,0.4994837307213331,1,3,progres
90,1,3,1,1.4,1,0.6178992058798668,2,1,progres
67,1,1,0,0.7,2,0.19660245914959518,1,1,progres
150,1,2,0,3.8,3,0.8172380926773527,4,3,supraincarcare
127,0,2,0,4.5,1,0.3615444351110856,5,2,progres
116,1,1,0,4.8,3,0.41227509734858664,4,3,progres
72,1,2,1,2.4,1,0.5562424879471886,2,1,progres
132,0,3,0,4.1,1,0.07946396872637865,3,2,blocaj
133,0,1,1,2.4,3,0.5960886799116074,2,1,progres
121,2,1,0,3.8,4,0.7370210181891188,4,3,supraincarcare
119,0,3,0,3.0999999999999996,1,0.566220624499003,3,2,supraincarcare
138,0,2,1,3.4,2,0.23099062286762867,2,2,progres
164,2,2,0,5.4,4,0.5910737328811555,2,3,progres
151,1,1,0,2.4,4,0.7558292384584446,2,2,supraincarcare
161,2,2,0,6.1,3,0.05011111476195299,3,3,blocaj
104,0,1,0,2.8,2,0.1878903392506643,4,0,blocaj
88,2,1,1,2.4,2,0.7313628439306248,2,2,supraincarcare
151,1,1,0,4.8,3,0.6517018459420962,4,3,supraincarcare
139,3,1,0,3.8,3,0.5493742773869492,4,3,supraincarcare
107,0,1,1,1.4,2,0.98,2,0,autonomie_buna
117,0,1,0,4.5,1,0.6824462480611353,5,2,supraincarcare
105,0,3,0,2.7,1,0.6492041470079194,1,0,progres
203,1,2,0,4.5,4,0.98,5,3,supraincarcare
108,1,2,0,0.7,2,0.5180425680507197,1,1,progres
122,1,2,0,3.0999999999999996,2,0.31629249479343147,3,3,progres
80,0,2,1,0.7,2,0.6475943320200865,1,0,progres
124,3,1,0,3.4,4,0.6218802157454961,2,3,supraincarcare
87,1,4,0,1.4,1,0.4507665608071756,2,1,progres
93,0,2,0,3.8,1,0.2496642031335841,4,1,blocaj
113,1,3,1,0.0,2,0.98,0,2,supraincarcare
125,1,2,1,3.5,2,0.6248092564550889,5,3,supraincarcare
175,2,2,0,8.0,3,0.40045206698844626,5,3,progres
102,0,1,0,3.0999999999999996,2,0.7044620629448716,3,1,progres
134,2,3,1,4.1,2,0.5247579953019775,3,3,progres
176,2,1,0,5.8,4,0.46250675194119695,4,3,progres
71,0,1,1,2.7,1,0.7149615819606705,1,0,progres
145,1,2,0,3.8,3,0.19311542722828587,4,3,blocaj
121,1,1,1,2.7,3,0.6547940388665727,1,2,supraincarcare
102,0,2,1,2.8,2,0.98,4,0,autonomie_buna
155,2,1,0,2.7,4,0.6393599870913944,1,3,supraincarcare
97,1,1,0,2.8,2,0.4452730430792039,4,1,progres
135,5,1,0,3.8,4,0.42429272965548914,4,3,progres
124,1,3,0,1.7,2,0.39563574955054787,1,2,progres
142,0,1,0,5.1,3,0.4331848859956479,3,2,progres
149,1,1,1,5.4,3,0.49172668315190465,2,3,progres
111,1,1,1,1.7,4,0.8157829117994516,1,2,autonomie_buna
133,1,1,0,5.1,2,0.05,3,3,blocaj
144,1,1,1,4.5,2,0.7355712160064711,5,3,supraincarcare
69,0,1,1,3.0,1,0.44997986035912996,0,0,progres
134,1,2,0,4.5,2,0.6683546071648245,5,3,supraincarcare
166,3,2,0,5.5,4,0.20448111195586982,5,3,blocaj
130,0,2,1,3.0999999999999996,1,0.8103600875399881,3,2,supraincarcare
164,1,1,0,4.1,4,0.8629050116275352,3,3,supraincarcare
118,1,1,1,2.4,3,0.9102615710585675,2,2,autonomie_buna
62,1,2,0,1.0,1,0.16031461182246545,0,1,progres
116,1,3,0,3.0999999999999996,2,0.742497301420933,3,3,supraincarcare
161,1,3,1,3.8,3,0.61046504769645,4,3,supraincarcare
121,1,5,0,1.7,2,0.16718281391882844,1,2,progres
89,0,2,0,3.8,1,0.619435162022921,4,1,progres
153,1,3,1,3.8,3,0.6351684431253893,4,3,supraincarcare
142,1,2,0,3.8,3,0.6636350207005354,4,3,supraincarcare
73,1,1,0,1.4,1,0.5923955497405732,2,1,progres
103,0,2,1,2.4,2,0.6490405222195953,2,0,progres
80,0,1,1,1.4,1,0.9661303272575433,2,0,autonomie_buna
147,0,2,1,5.5,3,0.7984934614027095,5,2,supraincarcare
165,0,2,0,5.5,3,0.05,5,2,blocaj
117,2,1,1,2.4,3,0.4195079463160952,2,3,progres
161,2,1,0,4.5,4,0.5534076475767024,5,3,progres
176,2,2,0,4.1,4,0.05,3,3,blocaj
113,1,2,1,3.4,2,0.5608896004680923,2,3,progres
69,2,2,0,1.0,1,0.760773395003618,0,2,supraincarcare
123,1,2,0,4.1,3,0.16870500441269645,3,3,blocaj
127,2,2,0,3.0999999999999996,4,0.6759148808559701,3,3,supraincarcare
183,1,2,0,6.5,4,0.2902971499481726,5,3,blocaj
93,1,2,0,2.8,1,0.44823224678159534,4,1,progres
63,0,2,1,1.0,1,0.9370670681758716,0,0,autonomie_buna
65,2,1,1,2.0999999999999996,1,0.388595033247332,3,2,progres
147,2,4,1,3.8,1,0.6652816503355827,4,3,supraincarcare
135,1,1,0,3.4,3,0.1669447140737568,2,3,progres
109,1,1,0,3.4,3,0.9277293161029287,2,2,supraincarcare
149,3,3,0,5.8,2,0.5594266828856729,4,3,blocaj
110,3,2,0,2.0999999999999996,2,0.46459612877459705,3,3,progres
149,1,1,0,4.8,4,0.7429500438232386,4,3,supraincarcare
99,2,2,1,2.4,2,0.22084149366934108,2,2,progres
153,1,2,1,3.7,4,0.9314084553300952,1,3,autonomie_buna
177,1,3,0,3.0999999999999996,4,0.4820691334796905,3,3,progres
174,2,2,0,7.5,2,0.4493295248282968,5,3,blocaj
67,3,1,0,2.0999999999999996,1,0.4037371021222971,3,3,progres
164,4,2,1,3.8,4,0.4689871247650176,4,3,progres
170,1,6,1,2.0,3,0.6516787059333823,0,2,supraincarcare
95,0,1,0,3.5,2,0.6529283173340381,5,1,progres
114,1,1,0,2.7,3,0.624772607704479,1,2,supraincarcare
130,1,1,1,5.5,3,0.5438829422384501,5,3,progres
146,2,1,0,2.4,4,0.7279214473050957,2,3,supraincarcare
126,2,1,0,3.5,2,0.48574352066631776,5,3,progres
181,1,2,0,6.5,4,0.98,5,3,supraincarcare
149,1,1,0,4.8,4,0.06311870272032344,4,3,blocaj
102,2,1,1,3.5,1,0.7980141614171223,5,3,supraincarcare
100,0,1,1,3.0999999999999996,1,0.9047154719998599,3,1,progres
154,0,2,1,6.5,3,0.3814186423378486,5,2,progres
82,0,2,1,1.7,1,0.98,1,0,autonomie_buna
92,2,1,1,2.0,2,0.7719596147471997,0,2,supraincarcare
94,0,1,0,3.0999999999999996,2,0.7523813221405011,3,1,progres
181,2,1,1,6.8,4,0.5868313463647102,4,3,progres
172,4,3,0,4.8,4,0.5125843665701301,4,3,progres
69,0,1,1,2.0999999999999996,1,0.4971316580077645,3,0,progres
148,2,1,1,4.1,4,0.5793564489286377,3,3,supraincarcare
70,1,2,1,2.0999999999999996,1,0.98,3,1,autonomie_buna
111,0,1,1,4.5,3,0.6074901803950876,5,2,progres
233,1,5,0,6.5,4,0.22523192094388203,5,3,blocaj
158,1,5,1,1.0,4,0.8985440630898176,0,2,autonomie_buna
111,1,1,1,3.0999999999999996,1,0.7624056641695194,3,3,supraincarcare
210,1,3,0,5.4,4,0.704561049822316,2,3,supraincarcare
108,2,2,1,4.8,1,0.7493655824852896,4,3,supraincarcare
172,1,2,0,4.1,3,0.5171440761774942,3,3,progres
139,1,1,0,5.5,2,0.2573693623965063,5,3,blocaj
113,1,3,1,2.4,2,0.3514540431172286,2,2,progres
52,0,1,0,2.8,1,0.16954465150865244,4,0,blocaj
185,4,5,1,2.0,4,0.5727766617055484,0,3,supraincarcare
118,0,1,0,4.5,2,0.5614801412499126,5,2,progres
162,0,4,0,3.0,3,0.449848338348571,0,1,progres
114,0,1,0,4.4,2,0.05,2,2,blocaj
106,0,2,0,3.5,2,0.22492708940209377,5,1,blocaj
148,2,1,0,4.5,4,0.7841218062299451,5,3,supraincarcare
89,1,2,0,1.4,1,0.4278557336714578,2,1,progres
154,0,3,1,4.4,3,0.639952460304896,2,2,supraincarcare
106,1,1,1,2.0,3,0.21839714563431098,0,1,progres
147,1,5,0,4.5,2,0.9168391660677992,5,3,supraincarcare
86,2,2,1,0.0,2,0.5467614266149269,0,2,progres
51,2,1,0,1.0,1,0.5964268899659111,0,2,supraincarcare
200,4,4,1,4.4,4,0.98,2,3,supraincarcare
110,2,1,1,1.0,4,0.9703600361267475,0,2,autonomie_buna
75,1,3,1,0.0,1,0.481398192801442,0,1,progres
113,0,2,0,2.0999999999999996,1,0.4023226059462764,3,1,progres
113,0,3,0,3.8,1,0.5084325770265027,4,2,progres
56,1,1,0,0.7,1,0.6429902804435126,1,1,progres
196,1,2,1,6.8,4,0.5571900151432502,4,3,progres
152,1,3,1,4.1,4,0.48682469380279764,3,3,progres
77,1,1,1,0.7,1,0.9777699092594625,1,1,autonomie_buna
140,0,1,0,3.8,3,0.5980625274671281,4,2,progres
102,1,1,0,4.1,1,0.9501906140110614,3,2,supraincarcare
80,3,1,1,4.8,2,0.5136028005832076,4,3,progres
107,1,1,1,2.0,3,0.98,0,1,autonomie_buna
92,0,1,1,1.7,3,0.5426339553648396,1,0,progres
161,1,2,1,2.7,4,0.9415239991681041,1,2,autonomie_buna
115,0,3,1,2.4,1,0.39465572372715535,2,1,progres
128,1,3,0,4.5,1,0.3050935680385599,5,3,progres
116,0,1,0,5.8,2,0.5131967300042024,4,2,blocaj
123,1,2,1,2.0999999999999996,2,0.8221181663217688,3,2,autonomie_buna
158,1,2,0,4.1,4,0.5741717485482436,3,3,progres
175,1,1,0,4.5,4,0.11391689944189633,5,3,blocaj
112,0,2,1,2.4,2,0.27082672064418606,2,1,progres
132,1,1,1,1.7,4,0.22383702546088402,1,2,progres
87,2,1,1,2.0,2,0.14210856954485243,0,2,progres
136,1,2,0,1.7,3,0.594460617752823,1,2,progres
113,1,2,1,2.0999999999999996,2,0.9424501159608893,3,2,autonomie_buna
108,0,2,0,2.4,1,0.5928806417583603,2,0,progres
145,2,1,1,3.4,4,0.05,2,3,progres
104,0,4,1,1.4,1,0.5068403202199622,2,0,progres
97,0,1,0,3.5,1,0.48877113543957007,5,1,progres
119,0,2,0,3.5,1,0.98,5,2,supraincarcare
85,0,1,0,0.0,2,0.19829807174689237,0,0,progres
78,1,2,0,1.0,1,0.4470870582081563,0,1,progres
51,1,2,1,0.7,1,0.98,1,1,autonomie_buna
155,0,1,0,5.5,3,0.660729672857329,5,2,supraincarcare
115,3,1,0,2.4,4,0.6740470748629966,2,3,supraincarcare
110,0,1,0,5.5,1,0.49546064037600207,5,1,blocaj
116,3,3,0,2.0999999999999996,2,0.6183077152187615,3,3,supraincarcare
116,1,2,1,3.0999999999999996,3,0.6978839899888993,3,3,supraincarcare
140,1,1,1,2.7,4,0.3795643257338904,1,2,progres
160,2,1,1,4.4,3,0.7064855296241705,2,3,supraincarcare
125,2,1,0,2.0,4,0.27070564891635557,0,3,progres
179,0,5,0,3.0999999999999996,3,0.6108223465043447,3,2,supraincarcare
132,0,3,0,0.7,2,0.5975037883109734,1,1,progres
94,4,2,0,1.7,1,0.3232164807955467,1,3,blocaj
143,3,2,0,3.0,4,0.6090710588037793,0,3,progres
171,3,2,1,4.8,4,0.4283045144760895,4,3,progres
129,0,3,0,4.5,1,0.21715446621320716,5,2,blocaj
132,2,1,1,2.4,3,0.4445099240505801,2,3,progres
100,2,1,0,3.0999999999999996,1,0.23921790641545468,3,3,blocaj
150,0,5,0,4.5,3,0.6102072212840137,5,2,supraincarcare
163,3,3,0,4.1,4,0.1359619854494221,3,3,blocaj
75,1,1,0,2.0999999999999996,1,0.6988314161675782,3,1,progres
86,2,2,1,1.4,2,0.2977341968303882,2,2,progres
53,3,2,1,3.0999999999999996,1,0.39267489066607125,3,3,progres
125,0,2,0,3.0999999999999996,3,0.40786003798827125,3,2,progres
156,1,1,1,4.8,4,0.8386729668865004,4,3,supraincarcare
79,2,1,1,3.0999999999999996,1,0.6204274722646175,3,3,supraincarcare
92,1,1,0,3.0999999999999996,2,0.5528042382288515,3,2,progres
151,3,2,0,3.0,4,0.6072559625879507,0,3,supraincarcare
134,0,2,0,4.5,2,0.06776978195489121,5,2,blocaj
94,0,1,0,4.5,1,0.5391971974713521,5,1,progres
144,1,5,0,0.7,2,0.98,1,2,supraincarcare
120,1,2,0,1.7,3,0.5842296820701023,1,2,progres
161,1,4,0,4.5,3,0.4958999543466462,5,3,progres
86,0,1,0,2.7,2,0.6283251373218481,1,0,progres
178,3,3,0,4.8,4,0.7260621183436445,4,3,supraincarcare
154,0,2,0,3.8,3,0.05030612028890951,4,2,blocaj
122,2,3,0,3.5,2,0.05,5,3,blocaj
136,1,1,0,2.0,4,0.5620345869573089,0,2,progres
156,1,2,0,3.4,4,0.39932118999367816,2,3,progres
165,2,5,0,2.0999999999999996,2,0.8575598155996985,3,3,supraincarcare
124,1,1,0,6.5,1,0.39837046929851083,5,3,blocaj
141,1,2,0,4.7,3,0.05,1,3,blocaj
180,0,3,0,5.7,3,0.10711728388666701,1,2,blocaj
91,1,1,1,2.7,1,0.0715623857285213,1,1,progres
160,3,4,0,3.8,3,0.5558173394593484,4,3,progres
152,2,2,1,4.5,4,0.49474342738680827,5,3,progres
107,2,4,0,1.0,1,0.4108307444686212,0,2,progres
108,0,1,1,1.7,3,0.8901581756879489,1,0,autonomie_buna
65,3,2,0,1.7,1,0.8294368669690619,1,3,supraincarcare
159,3,1,1,6.5,3,0.5031888205905902,5,3,progres
139,3,6,0,1.4,2,0.05,2,3,blocaj
99,1,4,0,2.7,1,0.7228007764844685,1,1,progres
121,2,1,1,1.7,4,0.6795527729200567,1,3,supraincarcare
121,0,1,0,5.1,1,0.4398932294493535,3,2,blocaj
161,3,2,0,4.4,3,0.7382349996941407,2,3,supraincarcare
118,2,2,0,4.0,1,0.1718169257247446,0,3,blocaj
172,1,2,1,4.8,4,0.9501353607340802,4,3,supraincarcare
144,1,2,1,3.4,3,0.34655874518338603,2,3,progres
163,3,4,0,1.7,4,0.7232867272255972,1,3,supraincarcare
97,0,1,0,3.8,2,0.05,4,1,blocaj
136,1,4,0,3.8,2,0.2775256912830349,4,3,blocaj
105,1,2,1,1.0,3,0.98,0,1,autonomie_buna
171,3,4,1,1.0,4,0.5069076954801576,0,3,progres
155,1,3,1,1.0,4,0.8845760265239566,0,2,autonomie_buna
104,1,3,1,3.8,1,0.5714513967446275,4,2,supraincarcare
132,0,1,1,4.1,3,0.5772654332525948,3,2,progres
90,2,2,1,2.8,1,0.8443753292017049,4,2,supraincarcare
104,2,2,0,2.0999999999999996,2,0.5584369476392594,3,2,progres
126,2,1,0,2.4,4,0.12248031892478956,2,3,progres
110,0,1,1,2.0999999999999996,2,0.43081704404786053,3,0,progres
158,1,2,0,3.8,4,0.6351028193396705,4,3,supraincarcare
109,1,1,1,3.4,2,0.7389632548639754,2,2,supraincarcare
102,1,1,0,4.5,1,0.06717383441283971,5,2,blocaj
107,1,2,0,3.5,2,0.4329081145484115,5,2,progres
154,2,3,1,3.8,3,0.4075255342278057,4,3,progres
176,1,1,0,5.5,4,0.49819758464153246,5,3,progres
132,0,1,1,2.4,3,0.24567800782263202,2,1,progres
151,2,4,0,2.0,4,0.36810914119920624,0,3,progres
114,2,1,0,2.4,4,0.2778324869504072,2,3,progres
193,1,4,0,4.8,4,0.820040648995338,4,3,supraincarcare
154,2,2,1,3.8,3,0.7309276574424541,4,3,supraincarcare
91,1,1,0,1.4,2,0.4001804961031382,2,1,progres
100,1,2,0,0.7,2,0.47585558916703535,1,1,progres
72,2,1,0,3.4,1,0.608366814909798,2,3,progres
94,5,1,0,2.8,2,0.24175024501921366,4,3,blocaj
92,2,1,0,1.0,4,0.26936276040701884,0,2,progres
100,1,2,1,1.7,2,0.342357660154743,1,1,progres
36,1,1,1,0.7,1,0.4584448731567665,1,1,progres
184,1,1,0,7.8,3,0.1980341688386215,4,3,blocaj
171,2,1,0,4.4,4,0.6441821151675319,2,3,progres
120,1,1,0,1.0,4,0.7557862151336254,0,2,supraincarcare
73,4,2,0,0.7,2,0.09168698285384645,1,3,blocaj
131,1,3,1,3.0,2,0.4927073660998006,0,2,progres
159,1,2,1,3.4,3,0.4925472914895521,2,3,progres
107,0,2,1,3.5,1,0.6461912068338975,5,1,progres
152,2,3,0,4.1,2,0.5495492100723894,3,3,progres
108,2,3,0,3.5,1,0.15558515168269305,5,3,blocaj
136,2,1,0,3.8,4,0.20681115329741245,4,3,blocaj
145,0,1,0,5.5,3,0.5777075287653295,5,2,progres
112,2,1,1,2.7,4,0.8853186601819191,1,3,autonomie_buna
181,1,1,0,4.5,4,0.05,5,3,blocaj
139,2,2,0,1.7,4,0.7154792168175053,1,3,supraincarcare
111,2,2,1,3.4,1,0.7521216587364411,2,3,supraincarcare
141,2,1,1,3.8,4,0.5358258059102915,4,3,progres
87,1,3,1,2.7,1,0.7443246805280463,1,1,progres
109,1,2,0,0.7,2,0.34834120235910593,1,1,progres
107,1,1,0,3.0,3,0.5637834398329238,0,1,progres
77,0,1,1,0.0,2,0.2387877157548718,0,0,progres
81,1,1,0,2.0999999999999996,1,0.05,3,1,blocaj
114,1,3,1,3.5,1,0.7859029448462882,5,3,supraincarcare
128,1,2,1,1.7,4,0.3224484798541776,1,2,progres
97,1,2,1,1.4,2,0.44736604223885124,2,1,progres
120,3,3,0,3.5,2,0.13198451527176955,5,3,blocaj
156,2,1,0,3.8,4,0.19231422897893263,4,3,blocaj
71,0,1,1,1.0,1,0.5072708651632073,0,0,progres
161,2,2,1,4.1,4,0.37096047590413256,3,3,progres
178,1,4,0,4.0,4,0.6152985990251453,0,3,supraincarcare
145,1,2,1,1.7,3,0.6359188539399466,1,2,supraincarcare
68,1,2,1,1.7,1,0.5774055013941922,1,1,progres
57,0,1,1,2.0999999999999996,1,0.5836068117014787,3,0,progres
103,0,3,0,0.7,2,0.9018157900731518,1,0,progres
124,0,1,1,3.7,3,0.3313046276094256,1,2,progres
119,1,3,0,2.7,1,0.5860758917490704,1,2,progres
106,2,2,0,1.4,2,0.8088309164959798,2,2,supraincarcare
76,0,1,1,2.0999999999999996,1,0.9292199688704933,3,0,autonomie_buna
199,1,5,0,5.4,3,0.09677039739159567,2,3,blocaj
103,1,4,0,0.7,1,0.49306127806797273,1,1,progres
177,1,1,0,6.1,3,0.8440918098604838,3,3,supraincarcare
91,0,2,1,2.0999999999999996,1,0.6584047133832274,3,0,progres
58,0,2,0,0.0,1,0.603459047611474,0,0,progres
116,1,3,1,3.5,1,0.5228849306941648,5,3,progres
176,1,3,0,7.5,4,0.4763532053097549,5,3,progres
87,0,2,0,2.0999999999999996,1,0.6065874697500833,3,0,progres
119,1,2,1,2.0999999999999996,2,0.46242242034167647,3,2,progres
168,0,2,0,5.8,3,0.5161213126151809,4,2,progres
128,1,1,1,3.4,3,0.6012221083503255,2,3,progres
146,0,3,1,2.4,3,0.3838808141955614,2,1,progres
170,2,3,0,2.4,4,0.6132267505564181,2,3,supraincarcare
90,0,1,1,0.0,2,0.98,0,0,autonomie_buna
183,3,3,0,4.5,4,0.05,5,3,blocaj
110,2,3,0,1.7,2,0.6226926394740766,1,2,supraincarcare
132,3,3,0,2.7,4,0.4024047039122189,1,3,progres
203,1,4,1,6.5,3,0.6771573020757462,5,3,supraincarcare
138,0,1,0,4.1,3,0.461117128303668,3,2,progres
175,3,3,1,4.1,4,0.7332275701536111,3,3,supraincarcare
129,2,2,1,1.7,4,0.98,1,3,autonomie_buna
149,1,2,1,1.7,4,0.6237939350289942,1,2,progres
157,3,2,1,5.8,3,0.7140917441713005,4,3,supraincarcare
104,0,4,0,1.4,1,0.13508977292010804,2,0,progres
82,0,1,1,1.0,2,0.9668654434641528,0,0,autonomie_buna
95,1,1,1,3.5,1,0.589376895030533,5,2,supraincarcare
189,3,6,0,3.4,4,0.8184006420054317,2,3,supraincarcare
99,1,1,0,3.8,1,0.19974099417055796,4,2,blocaj
96,0,4,1,1.4,1,0.37044403025641853,2,0,progres
99,2,2,1,4.1,1,0.5593301750239926,3,3,progres
161,0,2,0,4.8,3,0.5994859334749509,4,2,progres
170,1,4,0,5.5,3,0.6107020553549322,5,3,supraincarcare
172,2,4,1,1.7,4,0.8459606550196105,1,3,autonomie_buna
112,0,1,0,3.8,2,0.11094352863251175,4,2,blocaj
110,1,2,1,4.5,2,0.773011595496495,5,2,supraincarcare
116,0,3,1,2.0999999999999996,1,0.5964222884822628,3,1,progres
88,2,1,1,3.0,1,0.5280699354908325,0,2,progres
108,0,3,0,0.7,2,0.32201955828355167,1,0,progres
198,5,6,1,1.7,4,0.6482718961712212,1,3,supraincarcare
130,1,2,0,1.0,3,0.05064372965284877,0,2,progres
183,4,3,1,4.8,4,0.7214399082309085,4,3,supraincarcare
97,0,1,0,3.5,1,0.1095850247636735,5,1,blocaj
90,1,1,1,3.0999999999999996,1,0.5938662491290561,3,2,progres
181,3,4,1,4.1,4,0.40588633314835054,3,3,progres
63,0,1,1,2.8,1,0.9243870621716274,4,0,autonomie_buna
95,2,3,0,1.4,1,0.5065761640702859,2,2,progres
115,1,2,0,1.4,2,0.3917209080084281,2,2,progres
156,2,1,1,4.1,4,0.40347032894599755,3,3,progres
115,0,1,1,3.7,3,0.866279122667878,1,2,supraincarcare
124,3,4,0,2.0,1,0.6478075402689193,0,3,supraincarcare
158,1,2,1,4.1,4,0.473172380067784,3,3,progres
155,2,3,1,4.8,4,0.4964952420192329,4,3,progres
219,2,5,0,5.0,4,0.1252356083853536,0,3,blocaj
148,2,3,0,2.7,4,0.6927027561434945,1,3,supraincarcare
95,2,2,0,0.7,1,0.17064469851553227,1,2,progres
208,3,5,1,3.8,4,0.7490511035390601,4,3,supraincarcare
111,0,1,1,4.1,2,0.584091557221662,3,2,progres
165,2,1,1,5.1,4,0.9597596722429403,3,3,supraincarcare
197,2,4,0,4.1,3,0.2023078767182551,3,3,blocaj
184,4,4,1,2.7,4,0.5160726447141483,1,3,progres
153,0,2,0,4.8,3,0.9683497794798552,4,2,supraincarcare
145,1,1,1,2.0,3,0.9363718025548785,0,2,autonomie_buna
102,1,1,0,1.0,3,0.36506276534994203,0,1,progres
153,1,1,1,3.8,4,0.5903943436776303,4,3,progres
144,1,3,1,4.1,3,0.4894031904482758,3,3,progres
77,1,4,1,0.7,1,0.604646163280698,1,1,progres
153,2,3,1,2.4,4,0.3963425387995074,2,3,progres
111,2,1,0,2.0,3,0.602687439421276,0,3,progres
140,1,4,0,2.8,2,0.152366559872902,4,2,blocaj
135,1,3,1,3.8,3,0.5383641755051227,4,3,progres
155,2,2,1,2.7,4,0.6570753249260742,1,3,supraincarcare
135,3,2,0,2.4,4,0.5087401417832288,2,3,progres
153,2,1,0,3.7,4,0.18547130996075517,1,3,progres
142,0,3,1,3.4,2,0.7608094688320731,2,2,supraincarcare
185,3,3,1,5.7,4,0.6160375186267287,1,3,supraincarcare
88,1,1,1,2.7,2,0.46518501798111744,1,1,progres
145,0,2,0,2.4,3,0.47162053155826816,2,1,progres
146,1,1,0,4.5,3,0.1334902171319662,5,3,blocaj
116,0,2,0,4.8,1,0.1232485665396944,4,2,blocaj
107,1,1,0,1.7,2,0.46462423913742357,1,1,progres
112,3,2,0,4.5,1,0.8676227709917307,5,3,supraincarcare
76,1,2,0,1.7,1,0.36722805284073046,1,1,progres
119,1,3,1,3.5,2,0.6703715350487902,5,3,supraincarcare
78,1,1,1,0.7,2,0.44963057617550767,1,1,progres
129,2,3,0,4.1,1,0.6053268911639104,3,3,supraincarcare
106,1,1,0,1.7,2,0.5375477731491325,1,1,progres
129,0,1,0,3.8,3,0.7305828094374128,4,2,supraincarcare
110,1,3,1,1.7,1,0.5068721210739782,1,1,progres
105,0,1,0,3.5,2,0.07725417971390264,5,1,blocaj
97,0,3,0,1.0,2,0.3536342016219295,0,0,progres
106,0,1,0,3.0999999999999996,3,0.48266390802655884,3,1,progres
66,3,1,0,0.0,2,0.20849141794620135,0,3,blocaj
154,3,3,0,5.5,3,0.5986275380752093,5,3,supraincarcare
111,0,1,1,1.4,2,0.4839182990790218,2,1,progres
150,2,3,0,4.8,2,0.98,4,3,supraincarcare
106,1,1,0,3.5,2,0.05,5,2,blocaj
106,0,1,1,3.0999999999999996,1,0.5386152870273073,3,1,progres
117,2,2,0,3.0,3,0.3161554518853728,0,3,progres
82,2,2,1,1.7,1,0.4361197162491784,1,2,progres
123,2,1,0,2.7,2,0.5604531557528866,1,3,progres
176,3,3,0,4.5,4,0.05,5,3,blocaj
205,1,2,1,5.5,4,0.566750574156593,5,3,supraincarcare
124,2,1,1,2.4,3,0.9504300039796746,2,3,supraincarcare
181,1,2,1,4.5,4,0.42436238283823136,5,3,progres
142,2,1,0,1.7,4,0.6275644988124013,1,3,supraincarcare
123,0,2,1,3.8,2,0.7067044444947476,4,2,supraincarcare
163,5,4,0,2.4,4,0.4940233559200446,2,3,progres
90,1,2,0,0.7,2,0.35327814969656623,1,1,progres
88,0,1,1,2.7,2,0.05,1,0,progres
170,3,4,0,4.4,3,0.719939918657195,2,3,supraincarcare
168,5,4,1,2.4,4,0.5547388096695272,2,3,progres
182,4,4,0,1.7,4,0.1981056193839057,1,3,blocaj
106,1,2,0,1.4,2,0.5991841543777299,2,1,progres
139,0,1,0,2.0,3,0.4141837846128426,0,1,progres
86,3,2,1,4.5,1,0.48818965007772075,5,3,progres
128,2,1,0,3.4,4,0.6781855398849579,2,3,supraincarcare
120,1,3,1,1.0,3,0.1366339750174254,0,2,progres
163,1,3,0,3.0999999999999996,3,0.8161966032846658,3,3,supraincarcare
162,2,1,0,5.5,4,0.12414507614438769,5,3,blocaj
129,0,2,0,4.4,3,0.3932376920758647,2,2,progres
133,0,4,0,4.5,1,0.98,5,2,supraincarcare
115,3,4,1,2.0999999999999996,2,0.7410297310383436,3,3,supraincarcare
66,1,1,0,2.8,1,0.5744590213441428,4,1,progres
177,1,4,0,2.7,3,0.3644632323851531,1,2,progres
82,3,2,1,2.0,1,0.4481226601045463,0,3,progres
91,1,1,1,3.4,1,0.5421633191675164,2,2,progres
134,0,1,0,4.5,3,0.5979323896555615,5,2,progres
125,2,1,0,3.8,3,0.4901085575124504,4,3,progres
118,0,1,1,3.8,3,0.5181959816063462,4,2,progres
160,5,1,1,5.5,4,0.49739741844378915,5,3,progres
149,5,2,0,2.4,4,0.14458341253007115,2,3,blocaj
157,2,5,1,3.7,1,0.4233859039903772,1,3,progres
223,1,5,0,5.5,4,0.80036076783717,5,3,supraincarcare
141,2,3,0,4.1,3,0.1607779030828003,3,3,blocaj
119,2,1,1,1.7,3,0.5113241060093535,1,3,progres
123,1,4,1,2.7,1,0.38005958203534124,1,2,progres
162,2,3,1,5.5,3,0.6038133317060526,5,3,progres
103,3,1,0,1.0,3,0.47413169589094073,0,3,progres
143,2,4,1,1.0,3,0.8026459329684639,0,3,supraincarcare
143,2,6,0,2.8,1,0.7050286484830107,4,3,supraincarcare
106,1,1,1,1.0,3,0.26619031185205744,0,1,progres
127,1,2,1,1.7,4,0.7250642748438836,1,2,supraincarcare
229,1,6,0,5.5,3,0.36333885058101983,5,3,progres
89,3,3,1,3.4,1,0.34999213645346633,2,3,progres
163,2,1,1,4.8,4,0.5278837996285934,4,3,supraincarcare
171,2,3,1,3.4,4,0.40404085608505963,2,3,progres
98,2,4,0,0.0,1,0.7671200490653522,0,2,supraincarcare
117,1,1,0,1.7,4,0.43152342466562416,1,2,progres
125,0,1,1,3.8,2,0.42591060744093684,4,2,progres
121,2,2,1,2.0,3,0.36350930704444956,0,3,progres
89,2,1,1,3.0999999999999996,2,0.3941945096161456,3,3,progres
119,1,1,1,2.4,4,0.966253466166566,2,2,autonomie_buna
134,2,1,0,2.4,4,0.6359039497726047,2,3,supraincarcare
134,1,1,0,4.5,4,0.98,5,3,supraincarcare
205,2,3,1,5.1,4,0.98,3,3,supraincarcare
186,3,3,0,4.1,4,0.3086311357696807,3,3,blocaj
166,0,4,0,5.4,1,0.4807202675113814,2,2,blocaj
131,3,3,0,1.4,2,0.17757493763450502,2,3,blocaj
158,0,3,1,4.8,3,0.39318054654144274,4,2,progres
114,0,3,1,1.0,3,0.44772524578583045,0,1,progres
53,2,3,0,0.7,1,0.29139489145796693,1,2,progres
125,1,3,0,5.1,1,0.17453667044930254,3,3,blocaj
143,1,1,0,3.0999999999999996,3,0.5068999769643174,3,3,progres
139,2,5,0,1.0,3,0.25142963685369585,0,3,progres
90,0,1,0,3.8,1,0.7849033901562936,4,1,progres
113,2,3,0,4.1,1,0.2234370412189743,3,3,blocaj
88,0,2,1,1.7,1,0.98,1,0,autonomie_buna
190,1,4,1,4.8,3,0.4900170416121468,4,3,progres
127,0,4,0,5.5,1,0.5170375736355851,5,2,blocaj
134,0,4,1,2.4,3,0.27336731069166115,2,1,progres
137,0,1,0,4.7,2,0.9407120362526108,1,2,supraincarcare
100,1,2,1,0.7,2,0.8756105246765026,1,1,autonomie_buna
140,0,2,0,4.1,3,0.656243757438901,3,2,supraincarcare
143,1,2,0,2.0,3,0.30424436896038626,0,2,progres
110,0,2,1,2.4,3,0.5215325902026517,2,0,progres
130,1,1,1,1.0,4,0.37380300269762884,0,2,progres
172,4,3,1,4.0,4,0.9636917792893268,0,3,autonomie_buna
150,1,1,0,3.4,4,0.751808076533109,2,3,supraincarcare
100,0,1,0,3.8,3,0.5740990574599375,4,1,progres
138,1,3,0,4.5,2,0.05,5,3,blocaj
73,2,1,1,1.0,1,0.3253877655639387,0,2,progres
107,1,1,1,1.7,3,0.6616049156710297,1,1,progres
118,1,3,1,2.4,1,0.8377875326050134,2,2,supraincarcare
190,3,4,0,3.0999999999999996,4,0.7825755717780417,3,3,supraincarcare
178,2,4,0,4.5,4,0.05,5,3,blocaj
104,0,2,1,2.8,1,0.5749413199608775,4,0,progres
150,3,2,1,4.1,4,0.7217154970785893,3,3,supraincarcare
65,2,1,0,1.0,1,0.1641825535598254,0,2,progres
130,0,2,1,2.0,3,0.5676649789551824,0,1,progres
88,1,3,1,2.0,1,0.5818006056039052,0,1,progres
125,1,2,0,3.0999999999999996,2,0.5228494536031832,3,3,progres
111,0,1,1,2.7,3,0.1377558126350412,1,1,progres
113,3,2,0,1.7,3,0.46677021891012493,1,3,progres
121,0,2,1,2.8,2,0.4786634225557375,4,1,progres
136,2,1,1,3.8,4,0.5732302682697471,4,3,progres
146,2,3,1,2.4,4,0.3711827387287924,2,3,progres
112,1,1,0,4.5,1,0.518792005143643,5,3,progres
174,3,3,0,5.8,3,0.5796710222406503,4,3,progres
111,1,1,0,3.8,3,0.6464737532918405,4,3,supraincarcare
130,0,2,1,3.5,2,0.5303471395623378,5,2,progres
125,0,2,1,2.7,3,0.4469783216760671,1,1,progres
166,1,4,0,3.8,4,0.5817450234290599,4,3,progres
143,2,1,0,6.5,4,0.05,5,3,blocaj
184,2,1,1,6.5,4,0.6936067345452326,5,3,supraincarcare
111,3,1,0,3.0999999999999996,3,0.5215858944235223,3,3,progres
96,1,1,0,3.8,2,0.556677864291394,4,2,progres
171,1,1,0,5.5,4,0.7885271004037899,5,3,supraincarcare
147,0,1,0,6.5,2,0.06230816904891274,5,2,blocaj
126,1,1,0,4.5,3,0.05,5,3,blocaj
111,1,1,0,2.8,2,0.640362375375989,4,2,supraincarcare
133,1,2,0,2.4,2,0.5091548886266793,2,2,progres
99,0,1,0,2.8,1,0.501425694477868,4,0,progres
169,2,2,1,3.4,4,0.4184094975728305,2,3,progres
86,1,1,0,2.8,1,0.7295442073758376,4,1,progres
121,1,3,1,4.8,1,0.7546918702989326,4,3,supraincarcare
153,1,1,0,4.5,4,0.6350761857990883,5,3,supraincarcare
171,0,3,1,5.1,3,0.4948368720906321,3,2,progres
127,1,4,0,3.4,2,0.08720432164550161,2,3,progres
115,1,3,0,1.0,3,0.7441079077227414,0,2,supraincarcare
86,1,1,0,3.0999999999999996,2,0.7543119095908446,3,2,supraincarcare
90,2,2,1,2.0999999999999996,1,0.6877087323630949,3,2,supraincarcare
146,0,3,1,3.0999999999999996,3,0.36144975684080954,3,2,progres
97,3,2,0,3.8,1,0.6436199600527365,4,3,supraincarcare
165,1,1,0,6.5,3,0.6841532389021325,5,3,supraincarcare
150,1,3,1,3.0,4,0.98,0,2,autonomie_buna
154,3,1,0,5.4,4,0.3575967880006544,2,3,progres
130,1,1,0,4.8,2,0.5006618324025107,4,3,progres
158,2,1,1,3.8,4,0.6921459119978304,4,3,supraincarcare
129,0,1,1,4.8,3,0.5387368319977097,4,2,progres
103,2,1,0,2.8,2,0.1883808746895488,4,2,blocaj
80,0,1,0,3.5,1,0.6531564531598245,5,1,progres
125,4,1,0,5.5,2,0.6270903997110694,5,3,blocaj
159,4,4,1,3.0999999999999996,3,0.48053596173505564,3,3,progres
144,1,2,0,1.7,4,0.6232287688316608,1,2,progres
79,1,1,0,2.0999999999999996,1,0.4886386351814002,3,1,progres
142,0,1,0,4.8,3,0.8962502571014865,4,2,supraincarcare
116,2,1,1,2.0,4,0.39926945307365075,0,3,progres
187,5,4,1,3.8,4,0.3905843891593057,4,3,progres
122,0,2,1,3.0999999999999996,2,0.5901890000919456,3,2,progres
98,1,1,1,3.5,1,0.6932081715210793,5,2,supraincarcare
71,0,1,0,0.7,2,0.2256818718898922,1,0,progres
198,1,3,0,5.5,4,0.15203404427816405,5,3,blocaj
159,6,2,0,5.4,4,0.05,2,3,blocaj
172,3,4,1,5.1,3,0.5176315781617397,3,3,progres
104,0,2,0,4.1,1,0.22144805845656845,3,1,blocaj
70,1,1,1,3.0999999999999996,1,0.5288504664166496,3,2,progres
138,1,3,0,4.5,2,0.6566289269435206,5,3,supraincarcare
110,0,1,1,1.7,3,0.41644642229430273,1,0,progres
61,0,1,0,2.8,1,0.6351169698467007,4,0,progres
155,3,3,1,4.5,3,0.4722760311680032,5,3,progres
87,0,1,0,1.7,3,0.7522808661834824,1,0,progres
86,1,1,1,0.7,1,0.6373406411598134,1,1,progres
81,0,1,1,2.4,1,0.39312279871363404,2,0,progres
134,3,2,1,4.8,2,0.47317044639483763,4,3,progres
162,1,3,0,4.5,3,0.7846871617813004,5,3,supraincarcare
154,1,1,1,3.8,4,0.6366638292758602,4,3,supraincarcare
112,1,1,0,2.8,2,0.16810439708854577,4,2,blocaj
90,2,2,0,2.4,2,0.6687877318408125,2,2,supraincarcare
165,1,1,0,4.1,4,0.18410583808200467,3,3,blocaj
116,0,2,1,1.7,2,0.98,1,1,autonomie_buna
106,0,1,1,3.4,2,0.8311893643680082,2,1,progres
110,3,2,0,2.7,2,0.6389352146072876,1,3,supraincarcare
17,1,1,0,0.0,1,0.6584877155004083,0,1,progres
103,1,1,0,4.5,2,0.5262252025228458,5,2,progres
135,2,1,1,3.8,3,0.720046983542181,4,3,supraincarcare
176,1,2,1,4.1,4,0.49560051794514326,3,3,progres
145,0,4,1,1.0,3,0.6613522017719432,0,1,progres
140,2,2,1,2.0,4,0.9113283632789667,0,3,autonomie_buna
134,0,1,0,2.0,3,0.3830074311000195,0,1,progres
131,0,4,0,2.8,1,0.4464608727064501,4,1,progres
155,2,6,1,2.7,2,0.2978538544725594,1,3,progres
182,2,1,0,4.7,4,0.20805459521668507,1,3,blocaj
76,1,1,0,3.5,1,0.05,5,2,blocaj
156,1,1,0,6.5,4,0.6489558971730054,5,3,supraincarcare
135,1,2,0,3.8,3,0.9333825104536856,4,3,supraincarcare
80,0,1,1,1.7,2,0.9249887072260774,1,0,autonomie_buna
147,3,2,0,3.0999999999999996,4,0.07851113975200985,3,3,blocaj
145,2,1,1,2.7,4,0.7380416778528424,1,3,supraincarcare
111,0,2,1,4.5,1,0.8396251440449363,5,2,supraincarcare
86,0,2,0,2.0,1,0.45284030834754346,0,0,progres
139,3,1,0,4.8,3,0.5295203564118482,4,3,progres
124,1,2,0,3.0999999999999996,4,0.05,3,3,blocaj
132,2,5,0,4.8,1,0.6290073726136438,4,3,supraincarcare
120,1,1,1,3.4,3,0.25909948924379655,2,3,progres
44,2,1,1,0.0,1,0.5638442520766137,0,2,progres
126,2,1,0,3.8,3,0.05584854642215211,4,3,blocaj
158,1,1,0,5.1,3,0.6897974012577852,3,3,supraincarcare
68,0,1,1,1.4,1,0.901953051015799,2,0,autonomie_buna
99,1,1,1,2.4,3,0.37571195865324,2,1,progres
169,3,4,0,3.4,4,0.19474577056405168,2,3,blocaj
165,2,2,1,2.4,4,0.08858834805630786,2,3,progres
80,1,1,0,0.7,1,0.5051030821839173,1,1,progres
79,0,1,1,1.7,1,0.4022262347055052,1,0,progres
53,1,1,1,1.7,1,0.1833518571286114,1,1,progres
98,1,2,1,1.0,2,0.647304318587203,0,1,progres
104,0,1,0,4.5,1,0.443417120069788,5,1,progres
150,1,3,0,1.7,4,0.39576537810002166,1,2,progres
134,1,2,1,2.0,4,0.41263828386425844,0,2,progres
148,2,3,1,2.0,4,0.9172736110490907,0,3,autonomie_buna
82,0,1,1,3.5,1,0.701283187157475,5,1,progres
65,2,1,1,2.4,1,0.5774152380948999,2,2,progres
142,1,1,0,1.7,4,0.6537557203924222,1,2,supraincarcare
119,0,2,0,2.4,2,0.3481852827605843,2,1,progres
119,1,2,0,2.0,3,0.5512255991871131,0,2,progres
162,1,2,0,3.7,4,0.6824647218928797,1,3,progres
76,1,1,1,1.7,1,0.4611400568993261,1,1,progres
121,0,1,0,3.8,1,0.5966436687365972,4,2,supraincarcare
105,0,1,1,4.0,1,0.3704182930725054,0,1,progres
111,2,2,1,3.4,1,0.7156113300038761,2,3,supraincarcare
129,1,4,0,3.8,1,0.6746705759133333,4,3,supraincarcare
194,5,4,0,5.5,4,0.05,5,3,blocaj
158,0,1,1,5.1,3,0.8406271413269333,3,2,supraincarcare
145,2,2,0,1.7,4,0.05,1,3,progres
133,2,1,0,3.4,4,0.406039887346335,2,3,progres
141,1,1,1,2.7,4,0.8577895871394441,1,2,autonomie_buna
96,3,1,1,3.0999999999999996,1,0.5493497516831187,3,3,progres
112,2,5,1,1.7,2,0.17853463268679953,1,3,progres
182,2,3,0,6.1,4,0.21615651281287204,3,3,blocaj
80,1,1,1,2.0999999999999996,1,0.9151146461138137,3,1,autonomie_buna
86,2,1,0,5.5,1,0.05,5,3,blocaj
115,1,2,1,3.4,3,0.7482235303920509,2,3,supraincarcare
150,3,1,1,4.5,4,0.49792697710225103,5,3,progres
168,2,1,0,5.4,4,0.20857370403692943,2,3,blocaj
163,1,1,1,4.8,4,0.39051951174956184,4,3,progres
140,2,4,0,3.0999999999999996,1,0.14332995605810037,3,3,blocaj
169,1,2,1,4.8,4,0.7560486771004403,4,3,supraincarcare
160,3,2,1,4.4,4,0.6762343029495932,2,3,supraincarcare
113,2,1,0,3.8,3,0.09703332149007982,4,3,blocaj
138,1,1,0,3.4,4,0.45314488199677516,2,3,progres
153,1,2,1,2.4,4,0.350106661143707,2,2,progres
120,1,3,1,1.4,2,0.8366617203817445,2,2,supraincarcare
96,1,1,0,3.8,1,0.10743846080977215,4,2,blocaj
110,0,1,1,3.0999999999999996,2,0.8699122795267986,3,1,progres
70,2,1,0,0.0,1,0.5322781953560872,0,2,progres
93,1,1,0,3.8,1,0.14860071360555793,4,2,blocaj
121,0,2,0,3.8,1,0.42955238589642464,4,2,progres
116,0,3,1,1.0,3,0.36134869581141726,0,1,progres
159,1,3,0,4.5,3,0.11160648749055244,5,3,blocaj
126,0,1,1,4.1,3,0.5485007499891216,3,2,progres
110,0,1,1,1.0,3,0.28390668144467085,0,0,progres
102,1,1,1,2.4,3,0.05247581593712303,2,1,progres
142,1,1,0,5.5,3,0.48246381186922954,5,3,progres
59,1,1,1,2.7,1,0.17633309076857137,1,1,progres
219,1,5,1,5.5,4,0.4805926200632702,5,3,progres
143,2,2,0,4.4,2,0.29602313256169077,2,3,blocaj
126,1,3,0,3.7,1,0.2928776503797874,1,3,progres
162,1,1,1,4.4,4,0.965590700600053,2,3,supraincarcare
162,1,1,1,6.1,3,0.5517448930793869,3,3,progres
101,1,1,0,3.8,1,0.6269844588759587,4,2,supraincarcare
97,1,1,0,3.5,1,0.05,5,2,blocaj
90,1,1,1,2.7,1,0.38487802403194366,1,1,progres
146,3,4,0,4.5,2,0.5475901035507599,5,3,progres
105,1,2,0,4.1,1,0.20051301021947832,3,2,blocaj
123,1,2,1,2.0,3,0.7271752036838737,0,2,supraincarcare
131,2,1,0,4.5,3,0.17288651858751777,5,3,blocaj
136,1,2,1,3.4,4,0.43953894063287113,2,3,progres
119,0,2,0,3.0999999999999996,3,0.46034966878141287,3,2,progres
131,1,1,0,3.8,3,0.6050390995773569,4,3,progres
143,0,2,1,3.0,3,0.35113899328322834,0,1,progres
86,3,3,1,0.7,1,0.4914423196110909,1,3,progres
116,1,1,1,2.8,1,0.4354411846191413,4,2,progres
108,1,2,1,1.7,3,0.4421249224149791,1,1,progres
108,3,5,1,0.0,1,0.72128498599563,0,3,supraincarcare
80,1,1,1,1.0,1,0.6002159507086918,0,1,progres
95,1,1,0,2.8,1,0.49639912535011654,4,1,progres
146,1,1,0,3.0,4,0.4287283935345462,0,2,progres
85,1,1,1,0.0,2,0.7070900034233673,0,1,progres
156,1,3,0,4.1,3,0.4938433769238962,3,3,progres
134,1,2,1,3.0,2,0.537345382574547,0,2,progres
103,0,2,1,2.0999999999999996,1,0.6112558789877504,3,0,progres
105,1,2,0,3.0999999999999996,2,0.962089250402951,3,2,supraincarcare
91,1,2,0,2.0999999999999996,1,0.1619447650622491,3,1,blocaj
136,1,2,0,3.4,4,0.6732240475145094,2,3,supraincarcare
169,1,5,0,4.8,1,0.05,4,3,blocaj
106,2,1,0,3.0999999999999996,2,0.6002289453363945,3,3,progres
171,2,2,0,3.4,4,0.848474218200157,2,3,supraincarcare
145,1,4,0,2.0,3,0.6696663934048919,0,2,supraincarcare
69,2,2,0,0.7,2,0.6197424581351684,1,2,progres
142,1,1,0,2.0,3,0.4485149325416564,0,2,progres
156,6,4,0,1.0,4,0.5770379630242153,0,3,progres
89,3,2,0,1.7,2,0.4198948746130056,1,3,progres
155,1,3,1,2.7,3,0.4304193781219457,1,2,progres
163,2,1,1,3.0,4,0.4235319513942481,0,3,progres
115,0,1,0,2.7,3,0.5875338867839838,1,1,progres
104,1,2,0,2.0999999999999996,2,0.4059539866747021,3,1,progres
64,2,1,1,0.7,1,0.3869619004887625,1,2,progres
60,1,2,0,0.7,1,0.1996329906478832,1,1,progres
110,3,1,1,1.0,4,0.5920264808234094,0,3,supraincarcare
162,2,1,0,5.0,3,0.6814539825290246,0,3,supraincarcare
83,2,2,0,0.0,2,0.6213990982828135,0,2,supraincarcare
76,0,1,1,1.4,2,0.8380493546157934,2,0,autonomie_buna
148,1,2,1,5.1,3,0.5850345857163591,3,3,progres
141,0,1,0,3.8,3,0.575631467032704,4,2,supraincarcare
98,1,1,0,3.0999999999999996,3,0.6418198039324154,3,2,supraincarcare
107,2,1,1,3.0999999999999996,2,0.4945075228573131,3,3,progres
187,0,2,0,5.5,3,0.43643973612820586,5,2,progres
104,2,1,0,0.7,2,0.9765040923081798,1,2,supraincarcare
165,3,2,0,3.8,4,0.49699707754867894,4,3,progres
137,1,2,0,5.5,1,0.3131921047015176,5,3,blocaj
115,0,3,1,2.0999999999999996,1,0.6215180869734029,3,1,progres
142,4,4,0,3.5,2,0.5197916795866682,5,3,blocaj
112,0,1,0,1.0,3,0.3266423890945671,0,1,progres
157,3,1,0,4.5,3,0.8265941328554959,5,3,supraincarcare
114,4,4,0,2.0999999999999996,2,0.426910512873469,3,3,blocaj
176,1,3,1,3.7,4,0.27225064019902245,1,3,progres
119,1,2,0,3.0,2,0.7868728451335437,0,2,supraincarcare
84,2,1,0,2.8,1,0.7148483426165632,4,2,supraincarcare
69,1,1,0,1.4,1,0.23636865887859196,2,1,progres
162,2,3,1,2.7,4,0.98,1,3,autonomie_buna
72,1,1,1,1.4,1,0.7524401775341389,2,1,progres
189,2,2,1,5.5,4,0.5537725502834361,5,3,progres
112,3,1,1,3.4,2,0.8566828655848943,2,3,supraincarcare
86,2,3,0,1.0,1,0.6721594265494254,0,2,progres
113,0,3,1,2.7,2,0.6143196553949494,1,1,progres
159,0,3,1,5.0,3,0.4247810368103262,0,2,progres
128,1,3,0,2.8,2,0.7290373131011207,4,2,supraincarcare
138,2,1,0,3.8,4,0.6441734655659034,4,3,supraincarcare
218,3,4,0,8.0,3,0.5822078098823545,5,3,progres
147,1,5,0,2.0999999999999996,2,0.3592614099418973,3,2,progres
142,0,1,0,3.8,3,0.5243679667183382,4,2,progres
135,2,1,1,3.4,4,0.6383211715659568,2,3,progres
84,0,1,0,2.0999999999999996,2,0.10037412721354366,3,0,blocaj
88,1,1,0,2.0,1,0.23810360795099547,0,1,progres
163,0,5,1,4.1,2,0.6857688107452762,3,2,supraincarcare
149,4,2,0,3.0999999999999996,4,0.05,3,3,blocaj
63,2,1,0,0.0,1,0.5916029452838033,0,2,progres
159,1,2,0,3.0999999999999996,4,0.44165173356503434,3,3,progres
147,0,3,1,4.8,3,0.8433507228491933,4,2,supraincarcare
151,1,1,1,4.4,3,0.4606317332397788,2,3,progres
123,2,3,1,3.0999999999999996,2,0.695013872678208,3,3,supraincarcare
170,2,3,0,1.7,4,0.4599445090946901,1,3,progres
97,0,2,0,4.7,1,0.5221801960493766,1,1,progres
76,1,1,0,0.0,2,0.7926513355903064,0,1,progres
77,2,1,0,0.7,2,0.4696657083806871,1,2,progres
111,1,3,0,3.8,2,0.7775983450418151,4,3,supraincarcare
139,2,3,0,3.5,2,0.20640777526298928,5,3,blocaj
110,2,5,1,3.0999999999999996,1,0.5746658576488497,3,3,supraincarcare
106,0,3,0,3.0999999999999996,1,0.7873801969352291,3,1,progres
101,0,2,1,2.0999999999999996,1,0.6888137527904922,3,0,progres
128,0,1,0,4.4,3,0.98,2,2,supraincarcare
100,1,3,1,1.4,2,0.3279573448436087,2,1,progres
175,0,3,0,5.1,3,0.20846135846237598,3,2,blocaj
148,1,2,0,4.8,3,0.26730137354745126,4,3,blocaj
122,0,2,1,2.4,3,0.6920548569300705,2,1,progres
137,2,1,1,3.0999999999999996,3,0.6782480622761796,3,3,supraincarcare
120,1,1,1,4.4,3,0.6021366395038241,2,3,progres
112,2,1,0,2.7,3,0.24947022717985268,1,3,progres
152,3,3,1,2.7,3,0.7858238801879103,1,3,supraincarcare
86,0,1,1,1.0,3,0.29989538884019984,0,0,progres
120,1,2,1,1.4,2,0.8968048166216098,2,2,autonomie_buna
110,2,1,0,5.8,1,0.8361363337334176,4,3,blocaj
167,1,1,1,4.8,4,0.670103161901103,4,3,supraincarcare
128,1,1,1,4.5,2,0.6867301577337837,5,3,supraincarcare
109,2,1,0,2.0,3,0.46087488696026074,0,2,progres
101,2,3,0,2.8,1,0.05281965154315163,4,2,blocaj
110,0,1,1,3.8,2,0.3772919925663091,4,1,progres
135,2,2,1,2.4,3,0.3299077585553999,2,3,progres
106,2,1,1,2.7,3,0.22375758762267833,1,2,progres
144,3,3,0,4.4,3,0.9280515421793173,2,3,supraincarcare
154,3,4,1,2.8,2,0.7051098621938932,4,3,supraincarcare
155,1,1,0,5.5,4,0.6682940332456647,5,3,supraincarcare
150,2,3,0,3.0999999999999996,3,0.5190856760471422,3,3,progres
181,2,3,0,5.1,4,0.6207892869599463,3,3,progres
132,2,2,1,3.0999999999999996,3,0.7775841049798581,3,3,supraincarcare
164,2,4,1,2.0,3,0.5476741353450252,0,3,progres
148,2,1,0,4.1,4,0.6395843723897916,3,3,supraincarcare
50,1,1,1,0.0,1,0.4887769801450027,0,1,progres
194,3,3,0,6.5,4,0.3928422133770212,5,3,progres
181,2,3,0,5.5,4,0.1720958171198534,5,3,blocaj
113,1,1,0,3.0999999999999996,3,0.05,3,3,blocaj
119,1,1,1,3.4,3,0.5285658210436218,2,3,progres
158,1,1,0,4.8,3,0.5607082315600883,4,3,progres
124,3,2,0,3.0999999999999996,2,0.17217374051464068,3,3,blocaj
162,2,1,0,5.8,4,0.5407208124866049,4,3,progres
123,2,4,1,2.0999999999999996,1,0.6172685410132291,3,3,progres
106,0,4,1,1.7,2,0.12405593306439378,1,0,progres
161,0,3,0,3.0,3,0.34751691868832485,0,1,progres
141,2,1,1,1.7,4,0.6036378935652713,1,3,supraincarcare
120,2,1,1,2.0999999999999996,2,0.6721084846803453,3,3,supraincarcare
99,0,1,1,1.4,2,0.25720851953544227,2,0,progres
93,0,2,1,2.0999999999999996,1,0.5226641194652153,3,0,progres
77,2,1,0,0.7,1,0.794863584318813,1,2,supraincarcare
152,0,6,0,4.5,1,0.7696956478501267,5,2,supraincarcare
76,2,2,1,1.4,1,0.5128337201451795,2,2,progres
153,1,1,1,4.5,4,0.4632259185980461,5,3,progres
149,2,1,0,2.4,4,0.39491726097690105,2,3,progres
144,1,2,1,3.4,4,0.6818000861875573,2,3,supraincarcare
96,2,2,1,4.1,1,0.636724061547924,3,3,progres
74,1,1,1,1.7,1,0.6779542727632033,1,1,progres
88,0,1,0,0.7,2,0.5379081125777523,1,0,progres
174,1,5,1,4.4,3,0.6718468449719757,2,3,supraincarcare
131,2,2,0,3.8,2,0.607837894549104,4,3,progres
99,2,1,0,1.0,2,0.677168857880658,0,2,supraincarcare
83,1,1,1,1.4,1,0.7564619791287553,2,1,progres
165,2,2,0,5.8,3,0.4041004240882417,4,3,progres
119,1,1,0,4.8,2,0.05,4,3,blocaj
99,1,1,1,2.4,1,0.98,2,1,autonomie_buna
123,0,2,1,2.0,3,0.6464266586569686,0,1,progres
172,2,2,0,4.0,4,0.05,0,3,blocaj
114,0,2,0,2.4,1,0.35657124641051974,2,1,progres
147,1,4,0,2.8,2,0.7104366954729995,4,2,supraincarcare
143,2,4,0,1.0,4,0.5395876036338185,0,3,progres
167,0,4,1,5.5,3,0.5017757315339362,5,2,progres
177,3,3,0,4.8,4,0.8542426884512233,4,3,supraincarcare
91,1,1,1,1.0,2,0.29111196267376976,0,1,progres
162,3,6,0,2.4,2,0.41697084593072004,2,3,progres
182,2,5,0,1.7,3,0.5297332012441999,1,3,progres
139,1,3,0,5.5,1,0.5458045192177777,5,3,blocaj
84,5,2,0,2.0999999999999996,1,0.5574389238413927,3,3,blocaj
114,0,1,0,3.7,3,0.8022254835461435,1,2,supraincarcare
144,1,2,0,2.7,3,0.6494880381354688,1,2,progres
97,0,2,0,3.0999999999999996,1,0.619963324248559,3,1,progres
130,3,5,1,1.0,3,0.49968108436968073,0,3,progres
90,1,1,1,1.7,2,0.5409694530224156,1,1,progres
99,2,1,0,2.0,3,0.56192442421553,0,2,progres
146,1,2,1,3.0999999999999996,4,0.622017100862507,3,3,progres
103,0,1,0,4.8,1,0.70656299278453,4,1,progres
144,1,2,0,3.4,4,0.6798890682889839,2,3,supraincarcare
89,1,2,1,1.0,2,0.5980186272492308,0,1,progres
146,1,2,0,3.4,4,0.4325987522648083,2,3,progres
129,0,1,0,6.5,2,0.47643488256617433,5,2,blocaj
67,0,1,0,0.7,2,0.5485467036045419,1,0,progres
125,2,2,0,1.0,4,0.5482083411796298,0,3,progres
100,1,1,1,2.0,3,0.98,0,1,autonomie_buna
100,0,1,0,3.8,1,0.4545980314340542,4,1,progres
123,0,1,0,3.0,3,0.6483525891870469,0,1,progres
196,2,2,1,6.1,4,0.7884636236816135,3,3,supraincarcare
164,1,3,0,4.5,2,0.5859865600440746,5,3,progres
148,2,1,1,3.0999999999999996,4,0.98,3,3,supraincarcare
140,2,1,1,4.4,3,0.5026533770242989,2,3,progres
112,0,3,0,0.7,2,0.6857317047426745,1,1,progres
70,1,1,1,1.0,1,0.38397027646404863,0,1,progres
133,0,2,0,3.0,3,0.5428326070390916,0,1,progres
101,1,2,0,3.5,1,0.6470743914665672,5,2,supraincarcare
130,4,3,1,1.0,4,0.8537816384609216,0,3,autonomie_buna
111,2,1,0,1.0,3,0.5535059143474533,0,3,supraincarcare
132,3,2,1,4.8,2,0.8304277574255212,4,3,supraincarcare
110,0,3,0,1.4,1,0.5914467438652251,2,0,progres
135,2,1,1,3.4,3,0.44591239823013046,2,3,progres
85,0,1,0,3.8,1,0.98,4,1,progres
154,1,4,0,3.0999999999999996,2,0.6433410392501179,3,3,supraincarcare
123,2,1,1,4.5,4,0.42939912355796755,5,3,progres
178,1,2,0,3.4,4,0.38174951039409305,2,3,progres
142,1,2,0,3.8,4,0.20783506886489359,4,3,blocaj
193,1,3,1,5.5,4,0.7788453443374427,5,3,supraincarcare
132,1,2,0,2.4,3,0.44010151480198273,2,2,progres
75,3,1,1,0.7,1,0.5045995305587424,1,3,progres
162,2,2,0,4.5,4,0.6096429686006954,5,3,progres
156,4,4,0,3.7,4,0.7480095562325078,1,3,supraincarcare
115,1,1,1,1.0,4,0.43905181098220314,0,2,progres
163,1,3,0,5.1,3,0.24833460716915806,3,3,blocaj
99,1,3,0,4.5,1,0.6265600044476489,5,2,progres
125,2,3,1,1.0,3,0.6969924679707916,0,3,supraincarcare
115,0,1,0,5.5,2,0.5157159776189899,5,2,blocaj
184,2,1,1,6.8,4,0.3924044428747918,4,3,progres
137,0,2,0,5.5,2,0.5769173658851426,5,2,blocaj
120,1,1,1,2.4,2,0.3435814291397918,2,2,progres
104,1,4,0,1.7,1,0.42197246547015277,1,1,progres
181,3,4,0,3.0999999999999996,4,0.2939899162152153,3,3,blocaj
162,2,4,1,2.0,4,0.9069585692264368,0,3,autonomie_buna
70,3,1,1,3.5,1,0.6406920729940128,5,3,supraincarcare
103,1,2,1,2.0999999999999996,2,0.7067509091578651,3,1,progres
106,2,1,0,2.4,2,0.8077833644738724,2,2,supraincarcare
113,1,2,1,2.0999999999999996,2,0.98,3,2,autonomie_buna
163,4,1,0,5.8,4,0.11356455441494363,4,3,blocaj
70,1,2,0,2.0999999999999996,1,0.40601845157735134,3,1,progres
157,2,2,0,6.5,2,0.2891516583344669,5,3,blocaj
119,2,3,0,3.5,1,0.4141370354169518,5,3,progres
110,1,1,0,4.5,1,0.24261659283132375,5,2,blocaj
148,1,2,0,3.0999999999999996,4,0.4851494400754027,3,3,progres
126,2,1,0,3.8,4,0.1814838700803937,4,3,blocaj
68,0,1,0,0.7,1,0.6386690224373105,1,0,progres
110,0,1,0,2.0,3,0.5488942827039631,0,0,progres
105,1,1,1,3.4,1,0.5905781184592018,2,2,supraincarcare
90,2,1,1,3.5,1,0.6917065692108825,5,3,supraincarcare
120,3,5,1,0.0,2,0.710291228548716,0,3,supraincarcare
81,1,1,1,2.0999999999999996,1,0.3758073952708769,3,1,progres
104,1,2,1,2.7,2,0.98,1,1,autonomie_buna
159,2,3,1,3.4,4,0.67183418718165,2,3,supraincarcare
145,0,4,1,2.0,3,0.09514782029560356,0,1,progres
139,0,2,0,4.8,3,0.22654568429580374,4,2,blocaj
110,3,2,0,2.8,2,0.059810049848518274,4,3,blocaj
128,2,2,1,3.8,1,0.620230095788123,4,3,progres
95,1,1,1,2.8,1,0.5680407324745451,4,1,progres
119,2,4,1,0.7,2,0.41180970060162214,1,3,progres
116,1,2,0,3.0999999999999996,1,0.98,3,3,supraincarcare
119,1,1,0,2.0,4,0.7628831175880214,0,2,supraincarcare
162,1,1,0,2.4,4,0.6847533235525481,2,2,supraincarcare
154,1,1,0,5.1,4,0.244717681306364,3,3,blocaj
163,0,1,0,4.8,3,0.2507284160466821,4,2,blocaj
146,1,2,1,2.0,3,0.5336950278125597,0,2,progres
151,1,3,0,5.8,3,0.6585896941231996,4,3,progres
128,0,3,1,1.4,2,0.12270472322347863,2,1,progres
144,0,2,0,4.5,3,0.45477104980813476,5,2,progres
169,3,4,0,3.0999999999999996,4,0.5320965766755196,3,3,progres
178,1,2,1,5.1,4,0.5287879869777985,3,3,progres
126,2,1,0,4.8,3,0.3391271442535611,4,3,progres
99,0,1,0,3.8,1,0.4433902355320333,4,1,progres
89,0,1,1,1.0,3,0.5335929950196515,0,0,progres
106,3,1,0,3.0999999999999996,2,0.5216186435110244,3,3,progres
117,2,1,1,1.0,3,0.660506059457356,0,3,supraincarcare
129,1,1,1,3.4,3,0.8017471994707144,2,3,supraincarcare
142,2,1,0,3.8,4,0.5133399872241456,4,3,progres
124,2,1,0,4.5,2,0.4280942760639158,5,3,progres
157,2,5,1,1.7,4,0.6523551405874685,1,3,supraincarcare
134,2,2,0,2.4,4,0.6730284316205576,2,3,supraincarcare
88,1,1,0,2.0999999999999996,2,0.48358991151506897,3,1,progres
96,1,1,0,1.4,2,0.7446631080991821,2,1,progres
136,0,3,0,1.7,3,0.7505694544464873,1,1,progres
142,2,1,1,2.7,4,0.9733087764927545,1,3,autonomie_buna
182,1,5,0,4.4,3,0.924726664606653,2,3,supraincarcare
170,3,1,1,7.1,4,0.37768292766918266,3,3,progres
125,0,1,1,3.5,2,0.571909387866936,5,2,progres
157,2,3,1,5.1,3,0.6473229543988457,3,3,progres
102,2,1,1,2.4,2,0.514973325238684,2,2,progres
138,2,1,0,3.0999999999999996,4,0.40151141820723035,3,3,progres
141,1,3,0,3.8,2,0.09728709527347931,4,3,blocaj
151,1,3,0,4.4,3,0.529076530214813,2,3,progres
129,4,5,0,1.4,1,0.2627033351557625,2,3,blocaj
174,2,2,0,3.7,4,0.595522593573327,1,3,progres
119,0,1,0,3.5,2,0.4048088820802246,5,2,progres
109,1,1,0,3.5,2,0.21990235770173813,5,2,blocaj
102,1,1,1,1.7,3,0.589715044061721,1,1,progres
120,1,1,1,1.4,2,0.5634677364601968,2,2,progres
126,1,2,0,1.7,4,0.6407688132721243,1,2,supraincarcare
180,3,3,1,5.5,3,0.9577244959614797,5,3,supraincarcare
146,0,2,1,4.0,3,0.5591985745010953,0,2,supraincarcare
61,1,1,0,0.7,1,0.7110323212291351,1,1,progres
74,0,1,0,1.7,1,0.38642256710207024,1,0,progres
87,3,1,0,2.0999999999999996,2,0.08944585294200055,3,3,blocaj
141,2,1,1,2.7,4,0.98,1,3,autonomie_buna
155,3,2,0,3.0999999999999996,4,0.2577421266289143,3,3,blocaj
171,0,1,0,4.8,3,0.22868465586050407,4,2,blocaj
189,5,5,0,3.8,3,0.517688464483838,4,3,progres
79,1,1,1,0.0,2,0.5710582274072022,0,1,progres
85,0,3,0,0.0,1,0.36786766064561827,0,0,progres
87,0,1,1,1.0,1,0.5242707620416713,0,0,progres
132,1,4,1,3.5,2,0.7909621787065108,5,3,supraincarcare
123,3,2,0,4.1,2,0.31735409387068736,3,3,progres
87,1,3,0,3.0999999999999996,1,0.16078827462272305,3,2,blocaj
127,1,1,0,4.8,2,0.7188528475652243,4,3,supraincarcare
86,0,1,0,2.0999999999999996,1,0.700489304859723,3,0,progres
120,0,3,1,1.7,3,0.3284210508822212,1,1,progres
167,1,1,0,4.1,4,0.08318166065599036,3,3,blocaj
166,0,4,1,4.8,3,0.36154598767739343,4,2,progres
78,1,1,0,1.0,2,0.5246699582198738,0,1,progres
129,0,3,0,3.0999999999999996,2,0.8168918226529684,3,2,supraincarcare
140,1,3,0,2.4,2,0.33780139496873135,2,2,progres
44,1,1,0,0.0,1,0.5569951301600637,0,1,progres
141,2,1,0,4.7,3,0.7287312797484629,1,3,supraincarcare
134,1,1,0,3.4,3,0.05,2,3,progres
95,1,1,0,3.4,1,0.8617811314148164,2,2,supraincarcare
87,1,1,1,0.7,2,0.3453444874728634,1,1,progres
115,0,2,1,2.0999999999999996,2,0.6105594799340712,3,1,progres
82,1,1,0,3.4,1,0.5987953452286846,2,2,supraincarcare
155,0,1,0,4.4,3,0.7752870944140358,2,2,supraincarcare
161,1,3,0,4.8,3,0.685735308351002,4,3,supraincarcare
130,3,2,0,3.0,3,0.05,0,3,blocaj
175,0,3,1,4.4,3,0.3457670671887239,2,2,progres
131,3,1,0,3.0,4,0.4937104786411466,0,3,progres
181,1,3,0,4.5,4,0.4911580199027199,5,3,progres
111,0,2,1,1.7,3,0.6976647279054496,1,1,progres
199,1,2,0,4.8,4,0.7175766014413566,4,3,supraincarcare
119,0,2,1,0.7,2,0.6800129043553428,1,1,progres
164,1,1,0,5.7,4,0.5139858783922381,1,3,progres
182,2,4,0,3.0999999999999996,4,0.05,3,3,blocaj
139,2,1,0,4.8,3,0.45080557375770974,4,3,progres
145,3,3,0,1.7,4,0.6772141724105232,1,3,supraincarcare
119,2,1,0,2.7,3,0.32236413110337425,1,3,progres
145,2,1,0,5.5,3,0.7280070298772152,5,3,supraincarcare
71,2,1,0,1.7,2,0.8004118016495534,1,2,supraincarcare
165,4,4,0,1.7,4,0.6044143252505977,1,3,progres
160,1,2,0,5.8,3,0.05,4,3,blocaj
146,4,3,0,1.0,4,0.15505514565859288,0,3,blocaj
141,1,3,0,4.5,2,0.98,5,3,supraincarcare
161,1,2,0,4.5,4,0.4423284260668968,5,3,progres
100,0,1,0,3.5,1,0.05,5,1,blocaj
68,1,1,1,0.7,1,0.9073560518133018,1,1,autonomie_buna
117,1,1,1,1.0,3,0.5492797839149952,0,2,progres
156,2,4,1,2.4,3,0.8217418510168111,2,3,supraincarcare
176,4,4,1,3.4,4,0.611524736968119,2,3,supraincarcare
175,0,6,1,3.5,2,0.6301078805726512,5,2,supraincarcare
110,0,2,1,3.0999999999999996,3,0.6183665879792969,3,1,progres
171,2,1,1,5.5,3,0.751120441343264,5,3,supraincarcare
150,2,1,1,3.8,4,0.98,4,3,supraincarcare
177,3,2,0,4.8,3,0.7849830029855109,4,3,supraincarcare
84,3,2,0,1.0,2,0.11996063563192885,0,3,blocaj
153,3,5,0,1.0,4,0.6009443349919499,0,3,supraincarcare
59,0,1,1,0.0,1,0.9320197324526786,0,0,autonomie_buna
178,2,3,0,4.1,4,0.8573144765271571,3,3,supraincarcare
66,1,1,0,0.7,1,0.4457100420781884,1,1,progres
134,0,3,0,3.5,2,0.8453849004358212,5,2,supraincarcare
121,2,1,1,2.0,4,0.8959123966421143,0,3,autonomie_buna
118,0,1,1,4.5,3,0.98,5,2,supraincarcare
194,2,3,0,5.8,4,0.38703707748761074,4,3,progres
107,0,2,0,2.0,3,0.4738352956406062,0,0,progres
118,2,3,0,2.0,3,0.42406654480198464,0,3,progres
104,1,2,1,2.4,2,0.4434769557984046,2,1,progres
96,2,2,1,2.4,1,0.3827160294951082,2,2,progres
85,1,1,1,0.7,1,0.06185198104983815,1,1,progres
141,4,4,0,2.0999999999999996,2,0.3981910620210721,3,3,blocaj
82,1,1,0,1.0,1,0.6249748201261333,0,1,progres
118,2,1,1,2.0,3,0.41959298306849735,0,3,progres
161,1,1,0,4.8,4,0.9102208604099098,4,3,supraincarcare
218,1,3,1,5.5,4,0.5420240187825739,5,3,progres
120,0,4,0,2.7,2,0.8547013900133082,1,1,progres
183,1,3,0,5.5,4,0.6379528313505575,5,3,supraincarcare
152,4,3,0,2.4,4,0.675842184910276,2,3,supraincarcare
143,2,1,1,2.4,4,0.658446146918449,2,3,supraincarcare
93,4,2,0,2.0,2,0.7121557861735953,0,3,blocaj
142,2,4,0,2.4,2,0.5574607313773416,2,3,progres
149,2,1,1,3.4,4,0.6363939005132313,2,3,supraincarcare
105,0,1,1,4.1,1,0.6472832407563052,3,1,progres
94,1,2,1,0.0,2,0.4903401879136637,0,1,progres
90,1,1,1,1.7,1,0.6662148523782225,1,1,progres
188,2,4,0,4.4,4,0.98,2,3,supraincarcare
107,2,1,0,1.0,3,0.5064267716592726,0,2,progres
80,0,3,1,1.0,1,0.6192150908823447,0,0,progres
76,3,2,1,2.0999999999999996,1,0.8451541302934997,3,3,supraincarcare
167,1,1,1,5.5,3,0.8786612916772367,5,3,supraincarcare
134,1,2,1,4.1,3,0.5788312224514187,3,3,progres
126,1,1,1,1.0,4,0.0878277443623996,0,2,progres
124,2,1,1,4.5,2,0.5999315621067339,5,3,supraincarcare
164,1,1,0,4.1,4,0.05,3,3,blocaj
91,0,1,0,3.8,2,0.8626654808100447,4,1,progres
158,1,2,1,2.7,4,0.5600792571796207,1,2,progres
97,0,2,0,3.0999999999999996,1,0.7690355912814805,3,1,progres
71,1,3,0,0.0,1,0.3558809088520547,0,1,progres
82,4,1,0,3.0999999999999996,1,0.0834726797943092,3,3,blocaj
126,0,3,1,1.7,2,0.614904514919406,1,1,progres
162,1,1,1,4.5,4,0.5356677592976934,5,3,progres
87,3,3,0,1.0,1,0.46995857322606827,0,3,progres
124,1,3,0,4.1,2,0.577728475394031,3,3,progres
42,1,1,1,0.0,1,0.98,0,1,autonomie_buna
188,2,2,0,5.8,4,0.7727711391686592,4,3,supraincarcare
99,0,1,1,2.4,3,0.9230879276834987,2,0,autonomie_buna
176,2,3,1,4.5,4,0.7354227404373731,5,3,supraincarcare
174,0,1,0,5.1,3,0.7920046736468265,3,2,supraincarcare
178,1,5,0,3.4,3,0.5287333517136366,2,3,progres
149,1,2,0,2.0,4,0.06147558022115373,0,2,progres
75,0,2,1,2.0999999999999996,1,0.5050615377506661,3,0,progres
118,1,1,0,2.4,4,0.7434237356096216,2,2,supraincarcare
120,0,1,0,2.0,3,0.3899650740263323,0,1,progres
130,1,2,1,3.0999999999999996,3,0.5848924029503563,3,3,progres
104,2,1,0,1.7,2,0.36096192506463454,1,2,progres
163,3,4,1,1.7,4,0.9478119203509902,1,3,autonomie_buna
139,0,3,0,0.0,2,0.7279092301569171,0,1,progres
99,2,4,1,1.4,1,0.7030360467031868,2,2,supraincarcare
154,1,3,1,1.7,4,0.6386772537696498,1,2,supraincarcare
45,1,1,1,0.0,1,0.5411410443613288,0,1,progres
118,4,4,0,1.4,1,0.5173640199859211,2,3,blocaj
126,3,2,0,1.7,3,0.14005332339573312,1,3,blocaj
64,0,1,1,2.0,1,0.05,0,0,progres
140,1,1,1,3.4,4,0.5572514512614152,2,3,progres
134,1,3,0,2.0,2,0.6127874464197351,0,2,supraincarcare
176,3,6,1,4.5,1,0.8437970652846016,5,3,supraincarcare
117,2,1,1,2.4,4,0.8826346525951105,2,3,supraincarcare
153,0,2,0,5.5,3,0.8976123397407485,5,2,supraincarcare
165,0,3,0,4.5,2,0.32028192268494526,5,2,blocaj
135,1,1,1,4.5,3,0.43424928100390087,5,3,progres
169,1,3,0,5.1,3,0.629553809201852,3,3,supraincarcare
104,0,2,1,2.4,1,0.98,2,0,autonomie_buna
144,1,2,1,3.8,4,0.9151435524623719,4,3,supraincarcare
72,2,1,0,1.0,2,0.8128594105854835,0,2,supraincarcare
133,0,1,0,4.5,3,0.5370453525297695,5,2,progres
163,4,2,1,2.7,4,0.3683943185407522,1,3,progres
126,2,2,1,1.0,3,0.6445155870039204,0,3,supraincarcare
117,1,1,0,1.7,3,0.3117343493663352,1,2,progres
123,1,3,0,2.7,2,0.4747046578204331,1,2,progres
91,0,2,1,1.0,1,0.5801013211738014,0,0,progres
110,2,1,0,3.8,2,0.9390256221756189,4,3,supraincarcare
151,2,3,1,1.0,4,0.40837896229044657,0,3,progres
168,2,1,0,6.5,3,0.05,5,3,blocaj
120,1,2,0,1.4,2,0.698552533237693,2,2,supraincarcare
157,1,1,0,4.8,4,0.3832367071531031,4,3,progres
139,2,1,1,3.4,4,0.5562411496016753,2,3,progres
159,2,3,1,1.0,4,0.5866120474601937,0,3,progres
97,0,1,1,0.7,2,0.4109246442890929,1,0,progres
116,1,1,0,3.0999999999999996,3,0.7416908481942227,3,3,supraincarcare
128,1,2,0,3.8,3,0.1565061121674058,4,3,blocaj
105,1,1,1,1.7,2,0.43270834928155943,1,1,progres
80,2,2,1,1.4,2,0.7264047334114955,2,2,supraincarcare
104,3,3,1,4.5,1,0.419027530886552,5,3,progres
165,4,6,0,3.5,2,0.06470095317212954,5,3,blocaj
150,2,3,0,3.4,3,0.6647209748199119,2,3,supraincarcare
135,1,2,1,2.7,4,0.9455579893923031,1,2,autonomie_buna
148,2,1,0,3.7,4,0.5146727852970125,1,3,progres
101,3,2,0,3.0999999999999996,1,0.05,3,3,blocaj
128,1,2,0,3.0999999999999996,3,0.7102092919425995,3,3,supraincarcare
86,1,1,0,0.7,1,0.16430140924892817,1,1,progres
148,1,2,1,4.0,3,0.569971515897008,0,3,supraincarcare
100,2,1,0,1.4,2,0.35762785587944035,2,2,progres
113,0,1,0,5.8,2,0.22552642673474751,4,2,blocaj
93,0,1,1,2.0,3,0.45358579881012495,0,0,progres
122,2,1,0,4.4,2,0.46702490334337293,2,3,progres
165,1,3,0,1.0,4,0.42754632741112353,0,2,progres
135,1,1,0,5.7,3,0.7209209764903913,1,3,supraincarcare
163,2,2,0,4.1,4,0.5403861032709334,3,3,progres
117,1,3,1,1.7,3,0.8233157529784283,1,2,supraincarcare
93,0,2,1,1.7,2,0.5716437608336179,1,0,progres
156,1,1,1,4.5,4,0.4308607240725961,5,3,progres
84,2,1,1,1.7,2,0.369754182383201,1,2,progres
114,1,2,0,2.7,3,0.14146684777479232,1,2,progres
96,2,2,1,4.5,1,0.6253131076035798,5,3,supraincarcare
75,3,2,0,3.0999999999999996,1,0.5487378075209849,3,3,progres
130,1,3,1,1.0,3,0.09783456842876685,0,2,progres
76,2,1,1,1.4,1,0.3916047357412665,2,2,progres
171,2,3,1,3.0999999999999996,4,0.35232120223930813,3,3,progres
115,1,1,1,1.7,4,0.98,1,2,autonomie_buna
134,1,1,0,3.0999999999999996,3,0.05,3,3,blocaj
142,2,2,0,3.0999999999999996,3,0.06508531351092475,3,3,blocaj
118,1,1,1,2.7,3,0.9203784352476004,1,2,autonomie_buna
81,2,1,1,2.8,1,0.8551948966394327,4,2,supraincarcare
79,0,1,0,1.4,2,0.31255099614184884,2,0,progres
120,0,1,0,4.5,2,0.4264600600103447,5,2,progres
160,1,2,0,2.0,4,0.7290502953816655,0,2,supraincarcare
109,1,3,0,1.7,1,0.05,1,1,progres
121,1,3,0,2.8,2,0.05,4,2,blocaj
136,0,2,0,4.5,2,0.5110951204802133,5,2,progres
68,0,1,1,2.7,1,0.98,1,0,autonomie_buna
118,0,1,0,5.5,1,0.28739448051670863,5,2,blocaj
70,1,1,1,0.7,2,0.5360012464971893,1,1,progres
133,0,4,1,3.4,1,0.7835995025165383,2,2,supraincarcare
97,0,1,1,0.7,1,0.98,1,0,autonomie_buna
80,1,1,0,1.4,2,0.48177207582645665,2,1,progres
183,1,5,1,4.5,1,0.5716749583093417,5,3,progres
134,1,1,1,3.8,3,0.9064631324635614,4,3,supraincarcare
74,2,1,0,2.8,1,0.10654272914610562,4,2,blocaj
114,2,3,0,2.7,2,0.821283521003854,1,3,supraincarcare
146,2,1,0,4.5,2,0.20012100722498927,5,3,blocaj
170,3,2,0,4.4,4,0.6066072749364648,2,3,progres
171,2,4,0,5.1,3,0.5519509971943659,3,3,progres
144,2,1,0,3.8,4,0.28788308643159227,4,3,blocaj
121,2,2,0,3.0999999999999996,2,0.24093374169853268,3,3,blocaj
103,0,1,1,3.0999999999999996,2,0.6608521600284376,3,1,progres
133,3,2,0,4.4,2,0.7481291315323777,2,3,supraincarcare
193,2,2,1,5.1,4,0.6208932888163732,3,3,progres
186,1,4,1,5.5,4,0.5750588765786893,5,3,progres
162,3,2,0,3.4,4,0.7215300610684262,2,3,supraincarcare
163,3,3,0,3.0999999999999996,4,0.22176351557654433,3,3,blocaj
136,0,3,0,2.7,3,0.7327089331809027,1,1,progres
149,2,2,1,3.4,3,0.7519940205795993,2,3,supraincarcare
129,3,1,0,3.8,4,0.9428466530293993,4,3,supraincarcare
75,1,1,0,3.0999999999999996,2,0.42891934328042164,3,2,progres
138,0,4,1,2.7,2,0.44104190137611027,1,1,progres
138,1,1,1,3.0999999999999996,4,0.7633857935000637,3,3,supraincarcare
108,3,3,1,2.8,2,0.6569458114068698,4,3,supraincarcare
44,1,1,1,1.0,1,0.41776685746941555,0,1,progres
144,1,1,1,3.0,3,0.5136991159900366,0,2,progres
102,1,1,1,2.4,2,0.6197636086704614,2,1,progres
150,4,1,0,4.1,4,0.41808749356860453,3,3,progres
186,3,3,0,2.7,4,0.41457080357398984,1,3,progres
123,2,1,0,3.8,2,0.5330487442576796,4,3,progres
189,1,2,1,6.5,3,0.7632176395458575,5,3,supraincarcare
171,1,4,1,4.1,4,0.4919266671757385,3,3,progres
110,1,1,0,3.4,3,0.11907513049675958,2,2,progres
108,1,4,0,1.0,1,0.05903004561150446,0,1,progres
133,0,1,0,3.8,3,0.11685168342548569,4,2,blocaj
172,1,2,0,5.5,3,0.19838102960691426,5,3,blocaj
117,0,2,0,3.4,3,0.46179602169992884,2,2,progres
96,0,2,0,2.0999999999999996,1,0.23596494922777358,3,0,blocaj
134,3,2,1,3.8,2,0.39818554168335935,4,3,progres
192,1,3,0,4.8,4,0.3784102562393513,4,3,progres
50,0,1,1,0.0,1,0.4649804404518198,0,0,progres
107,2,1,1,2.8,2,0.8089141394992161,4,2,supraincarcare
110,2,2,1,3.5,2,0.7011433465345214,5,3,supraincarcare
113,0,3,1,3.8,1,0.5058255514912388,4,2,progres
100,1,3,1,3.4,1,0.5025298554583782,2,2,progres
106,1,2,0,3.0999999999999996,2,0.4135970063465086,3,2,progres
133,2,1,0,2.7,4,0.6396594487863768,1,3,supraincarcare
80,2,1,0,3.0999999999999996,1,0.6371271840470794,3,3,supraincarcare
94,0,3,1,0.7,2,0.3289959651982116,1,0,progres
77,2,3,1,1.4,1,0.5430724848687386,2,2,progres
143,1,2,0,1.7,3,0.2222976141309881,1,2,progres
114,0,3,1,2.4,2,0.5959991890481227,2,1,progres
168,2,2,0,4.4,4,0.6848116413493028,2,3,supraincarcare
79,1,1,0,1.0,3,0.4706026776152524,0,1,progres
175,1,2,0,3.8,4,0.8894490370793221,4,3,supraincarcare
127,0,1,1,3.4,3,0.3496161047058666,2,2,progres
124,0,2,0,4.5,2,0.6718803579430723,5,2,progres
156,3,4,1,1.7,4,0.5555601369726909,1,3,progres
147,1,4,0,2.8,2,0.5640705511515244,4,2,progres
100,1,1,0,2.7,4,0.48845137744675143,1,1,progres
140,1,1,1,4.1,4,0.5654294198324155,3,3,progres
113,1,1,0,2.4,3,0.7447070289722608,2,2,supraincarcare
159,3,4,0,3.4,3,0.8240896987633938,2,3,supraincarcare
134,0,1,0,3.0999999999999996,2,0.5655052156783288,3,2,progres
164,1,2,1,4.8,4,0.7539866724853099,4,3,supraincarcare
153,3,3,0,2.7,3,0.4173251938547695,1,3,progres
221,4,4,0,5.5,4,0.7124668685062375,5,3,supraincarcare
118,0,1,0,3.7,2,0.4259983167841646,1,2,progres
117,1,1,1,1.7,4,0.89964048839865,1,2,autonomie_buna
96,2,2,0,2.7,2,0.9660471684889088,1,2,supraincarcare
98,1,1,0,3.5,1,0.5808031049303122,5,2,progres
86,1,2,0,0.0,1,0.05,0,1,progres
145,0,3,0,2.4,3,0.36130519785471976,2,1,progres
123,2,2,0,2.4,2,0.7862998768941231,2,3,supraincarcare
126,0,2,1,2.8,1,0.6871665702126755,4,1,progres
129,0,2,0,3.4,2,0.656104632287114,2,2,supraincarcare
134,0,2,1,4.5,3,0.7454862979828,5,2,supraincarcare
101,0,1,0,2.8,2,0.7291732574462697,4,0,progres
185,1,2,1,4.8,4,0.8189874354103025,4,3,supraincarcare
178,4,3,1,4.8,4,0.7476520269744092,4,3,supraincarcare
129,0,1,1,2.0,3,0.9707765739693485,0,1,autonomie_buna
152,4,1,0,4.4,4,0.7069893452048013,2,3,supraincarcare
108,0,1,1,3.0999999999999996,2,0.7431455132079107,3,1,progres
79,1,2,1,1.7,1,0.4291525228734588,1,1,progres
56,0,1,1,0.0,1,0.5159853682102371,0,0,progres
143,3,2,1,2.0,4,0.98,0,3,autonomie_buna
137,1,1,1,4.8,4,0.6295182468151626,4,3,progres
126,2,1,0,4.1,3,0.7943361333233523,3,3,supraincarcare
71,2,3,0,0.7,1,0.6018013064686836,1,2,progres
130,0,3,1,3.8,2,0.4599621310793861,4,2,progres
143,2,6,0,3.8,1,0.5545892392612505,4,3,progres
95,0,1,1,2.8,1,0.98,4,0,autonomie_buna
112,0,1,0,4.5,1,0.6707865037592082,5,2,supraincarcare
162,0,1,0,6.5,3,0.07266750142565648,5,2,blocaj
76,2,1,1,3.7,1,0.5074348898146038,1,3,progres
177,2,2,0,5.8,4,0.9262320285531893,4,3,supraincarcare
106,3,4,0,1.4,2,0.5231398038064464,2,3,progres
85,1,1,1,1.4,2,0.17396849482708457,2,1,progres
171,0,2,0,6.1,3,0.98,3,2,supraincarcare
163,2,2,0,3.0999999999999996,4,0.7257106127602334,3,3,supraincarcare
102,1,1,1,2.4,2,0.614598893125825,2,1,progres
105,4,1,0,3.5,1,0.4103932876474076,5,3,blocaj
113,0,5,1,0.7,1,0.7798273489375981,1,1,progres
138,3,2,0,2.0,4,0.44888651210327424,0,3,progres
99,1,3,1,1.0,1,0.859124337959918,0,1,progres
139,0,1,1,3.8,3,0.6312840352987152,4,2,supraincarcare
126,0,4,1,2.4,2,0.6843996953318638,2,1,progres
149,2,2,0,2.4,4,0.5510276798238382,2,3,progres
82,3,1,0,3.0999999999999996,1,0.5475180476523918,3,3,progres
128,1,1,0,4.4,4,0.7803048440550182,2,3,supraincarcare
127,1,1,1,3.0999999999999996,3,0.3575872809410189,3,3,progres
57,1,1,0,0.0,2,0.14105995715144098,0,1,progres
104,2,4,0,1.0,1,0.7214768308331706,0,2,supraincarcare
135,1,1,0,4.5,4,0.6373381047705456,5,3,supraincarcare
98,0,1,0,3.4,2,0.5979422442381199,2,1,progres
84,2,1,0,1.7,2,0.6860883620522317,1,2,supraincarcare
111,1,1,0,2.4,2,0.5510653405974627,2,2,progres
72,1,1,1,2.4,1,0.6965563643155759,2,1,progres
113,1,4,0,1.7,2,0.5801015810602105,1,2,progres
76,0,1,1,1.7,1,0.474696070756568,1,0,progres
134,2,3,0,5.8,1,0.377723163499353,4,3,blocaj
118,3,4,0,0.0,2,0.98,0,3,supraincarcare
93,1,3,1,2.7,1,0.16176037473894228,1,1,progres
99,0,1,0,2.4,2,0.6806547487578368,2,0,progres
179,1,1,0,4.1,4,0.05,3,3,blocaj
87,0,1,0,3.5,1,0.47774748036290304,5,1,progres
136,3,3,0,5.5,1,0.40136375185763,5,3,blocaj
52,2,1,1,1.7,1,0.11334198319336339,1,2,progres
111,1,1,0,3.0999999999999996,3,0.6298899948579112,3,3,supraincarcare
98,0,1,0,2.0,2,0.5427054343562959,0,0,progres
90,2,1,0,2.0999999999999996,2,0.06406723150980927,3,2,blocaj
86,1,3,0,0.0,1,0.752271699960741,0,1,progres
114,4,4,0,0.0,2,0.7074751544282373,0,3,blocaj
95,1,1,0,3.8,2,0.8733633957852324,4,2,supraincarcare
102,0,1,1,1.7,2,0.5956671437434929,1,0,progres
122,2,2,0,3.4,3,0.5637133341194838,2,3,progres
143,3,3,1,2.0,4,0.924742569933974,0,3,autonomie_buna
103,0,1,1,2.8,2,0.98,4,0,autonomie_buna
177,1,2,0,3.8,4,0.7088805848836154,4,3,supraincarcare
121,1,2,0,3.0999999999999996,3,0.24955202004948257,3,3,blocaj
129,0,1,0,5.5,2,0.40234534303611913,5,2,blocaj
92,0,2,1,2.4,1,0.63388392539407,2,0,progres
141,0,3,1,3.7,2,0.1796601457687814,1,2,progres
115,2,1,1,1.0,3,0.624375517628408,0,3,supraincarcare
67,0,1,1,1.7,1,0.98,1,0,autonomie_buna
168,1,1,0,4.7,4,0.688072078173826,1,3,supraincarcare
115,0,1,1,2.7,2,0.9610066567781644,1,1,autonomie_buna
181,2,3,0,2.7,4,0.59766755754801,1,3,progres
148,1,1,1,5.1,3,0.4925787741030885,3,3,progres
98,2,3,1,0.0,2,0.6296999487704936,0,2,supraincarcare
82,0,2,0,2.0999999999999996,1,0.3566613085698265,3,0,progres
117,2,1,0,4.4,3,0.2375085941879707,2,3,blocaj
139,2,2,0,5.8,2,0.793993066337948,4,3,blocaj
133,1,4,1,4.1,1,0.8599077504273205,3,3,supraincarcare
194,1,2,0,7.5,4,0.25213437546114403,5,3,blocaj
116,0,2,1,2.4,2,0.8579680136479042,2,1,autonomie_buna
68,2,3,1,0.7,1,0.5397990621224094,1,2,progres
91,0,1,1,2.0999999999999996,2,0.6137657487795775,3,0,progres
149,2,2,0,4.1,2,0.6524343423040483,3,3,supraincarcare
144,1,1,1,2.4,4,0.9147149258219719,2,2,autonomie_buna
175,3,4,1,4.1,3,0.5481886508000243,3,3,progres
85,0,2,1,1.4,1,0.9643138215260902,2,0,autonomie_buna
57,1,1,0,0.7,1,0.5986142379759082,1,1,progres
96,1,1,1,2.7,3,0.667091754207018,1,1,progres
105,5,1,0,4.5,1,0.2736116390847504,5,3,blocaj
71,1,1,1,2.8,2,0.98,4,1,autonomie_buna
83,2,2,0,2.0,1,0.7132797376482356,0,2,supraincarcare
143,0,3,0,6.5,1,0.7140259420236885,5,2,blocaj
141,2,1,0,3.8,4,0.07348143012596842,4,3,blocaj
81,1,1,1,0.0,1,0.38076566925078553,0,1,progres
124,2,1,0,4.8,1,0.8638547143843301,4,3,supraincarcare
152,1,1,0,3.0999999999999996,4,0.6024860835434139,3,3,supraincarcare
90,2,2,0,3.5,1,0.05,5,3,blocaj
200,3,3,1,4.4,4,0.8479507168350305,2,3,supraincarcare
105,3,2,1,3.0999999999999996,1,0.45781407479460895,3,3,progres
70,1,1,1,2.7,1,0.98,1,1,autonomie_buna
116,3,3,0,3.7,1,0.5886970467124236,1,3,progres
157,4,3,0,3.0999999999999996,3,0.6258447978774659,3,3,progres
143,0,2,0,4.8,3,0.8074526058517387,4,2,supraincarcare
145,4,4,0,3.5,2,0.21348631178183336,5,3,blocaj
108,1,2,0,3.8,1,0.2118404324995607,4,2,blocaj
96,0,3,1,3.0999999999999996,1,0.554963275725957,3,1,progres
178,3,6,0,3.0999999999999996,3,0.7592614421090669,3,3,supraincarcare
66,1,1,1,2.4,1,0.24974033964992515,2,1,progres
159,0,1,0,5.8,3,0.15369491580421663,4,2,blocaj
117,1,1,0,3.7,3,0.7249297524940018,1,3,supraincarcare
199,3,6,0,2.7,4,0.45684548966450556,1,3,progres
91,2,1,0,3.5,2,0.4725118390490071,5,3,progres
72,2,1,0,3.0999999999999996,1,0.11881983307007356,3,3,blocaj
104,0,2,0,3.4,2,0.43074637032501706,2,1,progres
160,3,1,0,5.5,4,0.5501815739896694,5,3,progres
138,1,1,0,4.5,3,0.7475310695263627,5,3,supraincarcare
112,1,1,0,1.7,3,0.3797144633858923,1,2,progres
84,2,2,0,2.0999999999999996,2,0.8856068556054556,3,2,supraincarcare
66,0,1,0,1.4,1,0.34472954917889925,2,0,progres
215,2,5,1,6.8,4,0.4120692192556287,4,3,progres
170,3,1,1,5.5,4,0.8668779208829415,5,3,supraincarcare
156,2,1,0,5.1,4,0.5750742248142463,3,3,progres
178,1,2,0,5.8,4,0.42500095015555905,4,3,progres
129,3,3,0,4.1,2,0.5179596486761602,3,3,progres
140,1,2,1,3.5,2,0.8479712275226493,5,3,supraincarcare
63,3,1,1,2.4,1,0.942096434389988,2,3,supraincarcare
128,3,1,1,2.4,4,0.39680067927699986,2,3,progres
126,1,1,0,3.4,3,0.6249771849158079,2,3,progres
144,1,1,0,7.5,2,0.45227488729228554,5,3,blocaj
140,3,1,0,4.1,4,0.2643760014114783,3,3,blocaj
139,1,6,1,1.0,3,0.5224127867918071,0,2,progres
168,6,5,0,2.0,4,0.5287257549823785,0,3,progres
128,2,1,1,3.0999999999999996,4,0.8866677904223367,3,3,supraincarcare
123,2,1,0,4.8,1,0.7849075754526517,4,3,supraincarcare
114,1,1,1,1.4,2,0.3883045722321148,2,2,progres
133,0,2,1,3.0999999999999996,3,0.4746123359840273,3,2,progres
130,2,1,0,3.8,4,0.615811359982345,4,3,supraincarcare
96,0,2,0,2.0999999999999996,1,0.38320556119318416,3,0,progres
106,0,1,1,4.5,2,0.6451542005482278,5,1,progres
115,1,1,1,3.0999999999999996,3,0.5320718433728348,3,3,progres
163,2,3,0,3.8,4,0.15474844780628805,4,3,blocaj
110,1,3,0,3.8,1,0.2873340122097231,4,2,blocaj
117,1,1,1,3.0999999999999996,3,0.7933221425905258,3,3,supraincarcare
57,1,1,1,0.0,2,0.510477241682319,0,1,progres
82,1,2,1,2.4,1,0.98,2,1,autonomie_buna
173,1,6,1,1.0,3,0.47001403703877154,0,2,progres
113,1,1,0,4.1,2,0.6281268752449569,3,3,supraincarcare
122,1,1,0,3.0,3,0.98,0,2,supraincarcare
79,0,2,0,2.0999999999999996,2,0.2029167844949576,3,0,blocaj
144,1,1,1,2.4,4,0.11389094083532651,2,2,progres
58,0,2,1,0.0,1,0.9695614682853186,0,0,autonomie_buna
144,4,2,1,1.0,4,0.40927007199463605,0,3,progres
77,0,1,0,2.0999999999999996,1,0.5784473637399108,3,0,progres
114,1,1,1,3.0,3,0.43397056223935515,0,2,progres
109,2,2,1,4.5,2,0.6183023119008816,5,3,supraincarcare
137,0,1,0,3.8,2,0.239430469467118,4,2,blocaj
104,0,2,0,2.8,1,0.5268103872449501,4,0,progres
130,1,2,0,1.7,3,0.7303567496216059,1,2,supraincarcare
148,1,3,0,4.8,1,0.21846910975738726,4,3,blocaj
136,1,2,1,3.0999999999999996,3,0.3814019070212876,3,3,progres
155,1,3,0,2.4,3,0.45593354197019603,2,2,progres
137,2,3,1,1.0,4,0.2512355147951154,0,3,progres
140,0,1,1,4.1,3,0.3721667730203977,3,2,progres
93,1,1,0,2.8,2,0.570732770653265,4,1,progres
126,3,2,1,3.0,3,0.4973251069005448,0,3,progres
142,2,2,0,2.0,4,0.4692479398005318,0,3,progres
93,1,2,1,2.4,2,0.5530898175931052,2,1,progres
89,2,1,0,3.0999999999999996,1,0.4901098567971493,3,3,progres
193,3,3,1,6.4,4,0.7152977594898628,2,3,supraincarcare
45,1,1,1,1.4,1,0.8963461226049069,2,1,autonomie_buna
102,0,1,1,1.7,3,0.391440939054709,1,0,progres
74,1,3,1,0.0,1,0.6467034808681963,0,1,progres
87,1,2,1,1.0,1,0.4651311894758847,0,1,progres
152,1,1,1,4.0,4,0.6345425441404967,0,3,supraincarcare
130,0,1,0,5.8,1,0.7826884559734454,4,2,blocaj
135,1,1,1,3.8,3,0.7085479607772338,4,3,supraincarcare
108,1,1,1,2.4,3,0.11619554357480852,2,1,progres
84,2,1,0,3.0,1,0.6415790636312575,0,2,supraincarcare
104,0,1,0,5.4,1,0.7299203630189897,2,1,blocaj
171,1,2,0,4.5,4,0.514894220340496,5,3,progres
132,2,3,0,1.7,3,0.7749118676890433,1,3,supraincarcare
61,0,1,1,1.4,1,0.3017236440122471,2,0,progres
160,2,1,0,5.1,4,0.1265130680254224,3,3,blocaj
97,2,2,0,0.7,2,0.5750270092281706,1,2,progres
66,1,1,0,2.4,1,0.19813951155232518,2,1,progres
170,3,3,0,3.4,4,0.526169189506186,2,3,progres
74,2,3,1,1.4,1,0.8427390782217433,2,2,supraincarcare
152,2,1,0,4.8,3,0.05,4,3,blocaj
166,2,1,0,5.1,4,0.2226060288681292,3,3,blocaj
144,1,3,1,1.0,3,0.36896475034828063,0,2,progres
87,1,1,1,1.0,3,0.5470829109540353,0,1,progres
100,0,1,0,1.4,2,0.5553590386628742,2,0,progres
125,0,3,1,3.5,1,0.8326821509908596,5,2,supraincarcare
110,1,2,1,1.0,3,0.8325389080764443,0,1,autonomie_buna
126,2,2,1,1.0,4,0.6585265278595598,0,3,supraincarcare
79,2,1,0,3.8,1,0.5670862746706153,4,3,progres
138,2,2,1,3.4,4,0.5378968985579382,2,3,supraincarcare
82,0,2,1,0.7,2,0.3342686494314021,1,0,progres
92,2,1,1,1.7,3,0.7523296839346457,1,2,supraincarcare
95,1,1,0,2.0999999999999996,1,0.2030291542107618,3,1,blocaj
139,3,4,0,3.0999999999999996,3,0.7027244821907219,3,3,supraincarcare
109,2,2,1,4.1,1,0.8126443712483857,3,3,supraincarcare
109,0,3,0,0.7,2,0.6013131116291047,1,0,progres
126,1,1,1,3.0999999999999996,3,0.539836102382819,3,3,progres
105,1,1,0,4.5,1,0.6124081540069843,5,2,supraincarcare
91,1,1,1,0.7,2,0.08495427162065827,1,1,progres
163,2,3,0,5.4,3,0.5728710890964277,2,3,supraincarcare
56,2,1,0,0.0,1,0.5049270437072554,0,2,progres
90,0,1,0,2.0999999999999996,2,0.6068215431914904,3,0,progres
120,2,2,1,2.0,2,0.6644820421336347,0,3,supraincarcare
179,1,4,0,2.7,3,0.5072001447505277,1,2,progres
142,1,1,0,4.8,4,0.14903004911297252,4,3,blocaj
118,2,3,0,1.0,4,0.4858007570859406,0,3,progres
96,0,1,1,3.5,1,0.5703967328189322,5,1,progres
103,1,2,0,2.4,1,0.6035471522615408,2,1,progres
92,0,1,1,1.4,1,0.5848767354619682,2,0,progres
186,2,4,1,5.1,3,0.7656735959132551,3,3,supraincarcare
136,1,3,0,4.1,1,0.16136144288768867,3,3,blocaj
100,0,2,0,1.4,1,0.5595688821489893,2,0,progres
207,2,4,1,4.5,4,0.771943101747175,5,3,supraincarcare
164,1,1,0,4.5,4,0.09784785566919865,5,3,blocaj
134,4,3,0,1.7,4,0.6217651977175003,1,3,progres
122,0,2,0,3.8,2,0.41959882559266864,4,2,progres
135,2,3,0,1.7,3,0.4861017547713011,1,3,progres
154,0,1,1,6.5,3,0.3859916522267164,5,2,progres
71,0,1,0,1.7,1,0.5167471980532039,1,0,progres
126,2,1,1,1.7,3,0.98,1,3,supraincarcare
119,0,1,0,3.8,3,0.1308736126913451,4,2,blocaj
132,0,2,0,3.8,2,0.17873899033265334,4,2,blocaj
180,1,5,1,2.0,4,0.24486470784212463,0,2,progres
121,1,1,1,4.1,3,0.9559215468193626,3,3,supraincarcare
114,4,2,1,2.4,3,0.39091961161227384,2,3,progres
169,0,5,1,5.1,3,0.6022783910080938,3,2,progres
167,1,2,1,4.1,4,0.48385872817642944,3,3,progres
147,1,2,0,4.5,3,0.31223874565603876,5,3,blocaj
120,1,2,1,4.5,2,0.4966440092094355,5,3,progres
117,1,1,0,3.0999999999999996,4,0.9579872280406497,3,3,supraincarcare
134,2,1,0,3.8,3,0.8825398462047748,4,3,supraincarcare
173,2,2,1,5.5,4,0.40357628320227107,5,3,progres
63,0,1,1,1.7,1,0.6638894690547091,1,0,progres
101,1,2,0,2.8,2,0.28716112971005103,4,1,progres
156,2,2,0,3.8,4,0.05,4,3,blocaj
106,1,1,1,1.0,3,0.9047477989200977,0,1,autonomie_buna
162,2,2,1,4.5,4,0.866828001776478,5,3,supraincarcare
90,3,2,1,3.8,1,0.7280979485882174,4,3,supraincarcare
68,2,1,0,1.4,1,0.43573499144263705,2,2,progres
181,3,4,0,2.4,4,0.4993713564302854,2,3,progres
111,2,3,1,1.4,2,0.7917697044937811,2,3,supraincarcare
158,2,2,1,5.5,3,0.7264769583400801,5,3,supraincarcare
162,2,5,1,4.5,2,0.48037786384595427,5,3,progres
100,1,1,0,3.8,2,0.1297242142508631,4,2,blocaj
152,3,3,1,3.0999999999999996,4,0.6098605024839039,3,3,progres
45,0,1,1,1.0,1,0.8561692578465179,0,0,autonomie_buna
168,2,1,0,4.5,4,0.2144714970299201,5,3,blocaj
134,2,1,0,2.0,4,0.6497428051167113,0,3,supraincarcare
140,1,2,0,3.7,3,0.6160777397703479,1,3,supraincarcare
88,0,2,0,0.0,2,0.7606220997144387,0,0,progres
104,1,1,1,4.5,1,0.7450719429704559,5,2,supraincarcare
116,0,1,1,3.4,3,0.44131750441883727,2,2,progres
76,0,1,1,0.7,2,0.24623946964325455,1,0,progres
59,0,1,1,1.0,1,0.3623483565365988,0,0,progres
137,1,1,1,3.4,2,0.6585001073407165,2,3,supraincarcare
159,2,1,0,3.8,4,0.47724283941753104,4,3,progres
122,1,2,0,3.5,2,0.44540676354996683,5,3,progres
92,0,1,0,2.0999999999999996,1,0.059566709428701986,3,0,blocaj
136,2,1,1,3.0999999999999996,3,0.9512711026786919,3,3,supraincarcare
107,3,3,1,4.5,1,0.7673789090368786,5,3,supraincarcare
151,1,1,1,4.5,4,0.7543534723345225,5,3,supraincarcare
171,3,4,1,2.7,4,0.870732225787802,1,3,autonomie_buna
171,1,1,1,5.5,4,0.7151098489531301,5,3,supraincarcare
137,1,1,0,3.0999999999999996,4,0.4823887259370148,3,3,progres
108,1,1,0,5.5,1,0.42371394112637945,5,2,blocaj
97,0,5,0,0.0,1,0.46393673801031854,0,0,progres
85,2,1,1,0.0,2,0.9456224360550507,0,2,supraincarcare
136,3,4,1,4.5,2,0.6425811554375177,5,3,supraincarcare
187,1,4,1,4.8,4,0.5373282579739443,4,3,progres
121,1,4,0,1.7,3,0.6167338602056117,1,2,supraincarcare
159,1,4,0,4.5,3,0.24240720873783173,5,3,blocaj
144,6,2,1,2.0,4,0.98,0,3,autonomie_buna
167,2,3,0,4.8,3,0.40239614727115325,4,3,progres
110,2,3,1,1.7,2,0.6870983925914688,1,2,supraincarcare
118,4,2,0,2.0,2,0.6976744091863969,0,3,blocaj
157,1,2,1,3.8,3,0.5998390178004034,4,3,supraincarcare
111,1,2,0,4.5,1,0.5922560899658638,5,3,progres
126,1,2,1,2.0,3,0.5305882017585494,0,2,progres
107,1,2,0,1.0,3,0.6072097260182295,0,1,progres
185,3,4,1,5.1,3,0.44029134352463295,3,3,progres
98,0,2,0,1.0,3,0.423107504407255,0,0,progres
216,3,5,1,3.8,4,0.8892014643611514,4,3,supraincarcare
213,5,4,0,5.5,4,0.48912776325288077,5,3,progres
124,1,1,1,4.8,3,0.38743598393553363,4,3,progres
94,0,3,1,0.7,2,0.4273866171038077,1,0,progres
67,0,1,1,0.7,1,0.8790067030176507,1,0,autonomie_buna
154,3,2,0,3.8,4,0.6650558035147063,4,3,supraincarcare
125,2,1,0,1.0,4,0.77066978953762,0,3,supraincarcare
129,0,2,0,3.0999999999999996,3,0.4970010275079135,3,2,progres
161,3,1,0,3.4,4,0.6588701768528801,2,3,supraincarcare
159,2,2,1,3.8,4,0.3842198085211836,4,3,progres
165,4,1,1,2.7,4,0.511731557220033,1,3,progres
160,1,3,0,3.8,3,0.7378171458440537,4,3,supraincarcare
122,0,4,1,4.8,1,0.6985563706864443,4,2,supraincarcare
99,0,2,1,0.7,1,0.3326832580146539,1,0,progres
140,2,5,0,2.4,1,0.36018541679406,2,3,progres
99,0,2,1,1.0,2,0.557233074489893,0,0,progres
122,1,1,1,2.4,3,0.98,2,2,autonomie_buna
75,2,1,0,1.7,2,0.11293679978468157,1,2,progres
91,1,5,1,1.0,1,0.5924477521328978,0,1,progres
109,3,3,0,3.0999999999999996,1,0.1229359000245914,3,3,blocaj
192,2,4,0,3.0999999999999996,4,0.4215071841539279,3,3,progres
135,5,2,0,1.0,4,0.5588748673448364,0,3,progres
122,0,2,1,1.7,2,0.5107587712573787,1,1,progres
146,4,2,1,1.0,4,0.5102416720465147,0,3,progres
151,3,2,0,4.8,3,0.5288779009214398,4,3,progres
179,1,2,0,4.4,4,0.4992313048401204,2,3,progres
161,2,3,1,1.0,4,0.23735040798685314,0,3,progres
119,2,2,0,1.7,3,0.7610258544238014,1,3,supraincarcare
115,0,1,1,4.5,2,0.73394003509468,5,2,supraincarcare
131,2,2,0,2.7,3,0.7217676595565814,1,3,supraincarcare
94,0,2,0,3.8,2,0.13981831556614382,4,1,blocaj
114,0,3,0,1.4,2,0.6351592157132523,2,1,progres
126,2,1,1,2.7,3,0.6279878883010074,1,3,supraincarcare
133,1,3,0,1.7,3,0.3181705756987662,1,2,progres
117,1,2,1,1.0,3,0.5869142820631996,0,2,progres
136,2,4,0,2.8,2,0.535518202559475,4,3,progres
109,1,4,0,2.4,2,0.9740519837249298,2,1,progres
110,1,2,1,2.4,1,0.98,2,1,autonomie_buna
128,0,2,1,3.0,3,0.1940900177235431,0,1,progres
155,1,3,1,4.8,3,0.9761462955523624,4,3,supraincarcare
166,2,3,0,1.7,4,0.3405122119621445,1,3,progres
155,1,2,0,4.1,3,0.7385778676306987,3,3,supraincarcare
131,1,1,0,5.5,2,0.7001040499765474,5,3,blocaj
114,0,2,0,3.8,1,0.2447668934086298,4,2,blocaj
108,3,4,1,3.0999999999999996,1,0.6683008256421755,3,3,supraincarcare
141,0,3,0,4.5,2,0.6083739627611291,5,2,progres
137,2,2,1,3.7,2,0.6909045677998246,1,3,supraincarcare
145,0,4,0,4.5,2,0.6487677740294734,5,2,supraincarcare
104,0,2,0,3.0999999999999996,2,0.8241119998838983,3,1,progres
201,3,5,0,4.4,4,0.5524613519716661,2,3,progres
85,2,2,0,1.7,1,0.4707022118604372,1,2,progres
108,1,1,1,2.8,2,0.920789736392491,4,1,autonomie_buna
95,1,2,0,4.5,1,0.5711475307506325,5,2,supraincarcare
130,1,6,1,2.8,2,0.7218976297862431,4,2,supraincarcare
132,2,1,0,3.0,3,0.41640686782290326,0,3,progres
66,2,1,1,2.4,1,0.31133948489845265,2,2,progres
129,4,4,0,2.8,2,0.32140647404739053,4,3,blocaj
78,1,4,1,1.4,1,0.36337251442790686,2,1,progres
183,1,3,0,3.8,4,0.7783879839064702,4,3,supraincarcare
173,1,1,0,7.8,3,0.7512264528203104,4,3,supraincarcare
116,0,5,1,1.0,1,0.47698762644673726,0,1,progres
101,0,2,1,3.0999999999999996,1,0.8865886267506972,3,1,progres
49,0,2,1,0.7,1,0.975493510939942,1,0,autonomie_buna
99,1,3,1,1.4,2,0.589214370227015,2,1,progres
127,2,1,1,2.4,4,0.35062247563943366,2,3,progres
142,0,2,0,4.8,3,0.8963573151661665,4,2,supraincarcare
160,2,1,0,5.5,4,0.5904088215951648,5,3,progres
89,1,1,0,1.4,2,0.5965381996342762,2,1,progres
140,2,3,1,3.0999999999999996,2,0.47391056314625535,3,3,progres
76,2,1,1,2.0999999999999996,2,0.3883434832434661,3,2,progres
155,0,6,0,4.1,1,0.12800060097576552,3,2,blocaj
182,2,3,0,4.1,4,0.7052931222160175,3,3,supraincarcare
91,1,1,1,4.8,1,0.3836968774222104,4,2,progres
117,0,2,1,3.5,2,0.98,5,2,supraincarcare
156,1,2,0,4.8,3,0.19329804485697716,4,3,blocaj
77,2,2,0,1.0,1,0.22780214096159562,0,2,progres
129,2,3,1,2.4,2,0.698504443451549,2,3,supraincarcare
98,1,1,1,2.4,2,0.98,2,1,autonomie_buna
124,0,3,0,3.0999999999999996,2,0.520534481177121,3,2,progres
73,2,2,1,2.0999999999999996,1,0.6830649994070632,3,2,supraincarcare
131,1,4,0,3.8,1,0.05,4,3,blocaj
104,0,3,1,2.4,1,0.4362826076278418,2,0,progres
114,2,4,0,1.7,2,0.32367036898287066,1,3,progres
95,2,1,1,3.4,1,0.26618880446866405,2,3,progres
181,2,2,1,4.5,4,0.5636783120728348,5,3,progres
74,3,1,0,2.7,1,0.05,1,3,blocaj
102,3,1,0,2.0,3,0.2245021132748067,0,3,blocaj
136,0,1,1,5.5,3,0.45316126367905063,5,2,progres
71,1,2,0,0.7,2,0.36860044886589105,1,1,progres
240,1,6,1,5.1,4,0.6410033783851561,3,3,supraincarcare
99,1,2,1,3.8,1,0.617635836302772,4,2,supraincarcare
51,1,1,1,0.7,1,0.7919677126023262,1,1,progres
115,1,2,0,4.4,2,0.6806189693136809,2,3,supraincarcare
57,1,1,1,0.7,1,0.914539454736388,1,1,autonomie_buna
76,3,2,1,0.0,2,0.5382905136890678,0,3,progres
102,1,2,1,0.0,2,0.5477149413347089,0,1,progres
121,1,1,1,2.7,4,0.6968896108127186,1,2,supraincarcare
78,2,1,1,2.4,2,0.6236812486817593,2,2,progres
182,2,4,1,3.0999999999999996,4,0.4372485144757811,3,3,progres
129,2,2,0,1.0,4,0.5180679407114404,0,3,progres
173,2,2,1,5.5,4,0.30679084352591623,5,3,progres
145,0,4,0,4.8,1,0.64371388270826,4,2,supraincarcare
142,2,2,0,2.0,4,0.5242663228737169,0,3,progres
159,2,3,1,4.5,3,0.40761172319589545,5,3,progres
102,1,1,1,1.0,4,0.4076079465586735,0,1,progres
93,3,1,0,4.1,2,0.1806306133589301,3,3,blocaj
156,3,2,1,4.4,4,0.7498341784555428,2,3,supraincarcare
130,1,2,0,4.1,3,0.5629476485586827,3,3,progres
115,3,2,0,4.5,1,0.41471284525793717,5,3,progres
120,0,3,0,4.5,2,0.704731746916088,5,2,supraincarcare
88,0,2,0,2.7,1,0.5169148623726967,1,0,progres
185,1,5,0,3.0999999999999996,4,0.11516328394877912,3,3,blocaj
149,1,2,0,6.5,2,0.6842712723048858,5,3,blocaj
99,1,2,1,2.8,1,0.45468692242225106,4,1,progres
180,3,5,1,4.5,3,0.4483719639399287,5,3,progres
112,1,3,0,2.4,2,0.6143541329748605,2,2,progres
98,2,2,1,1.7,1,0.8231781003489455,1,2,supraincarcare
172,1,4,0,3.0999999999999996,4,0.5462121096272309,3,3,progres
234,6,6,0,4.8,4,0.241044823169842,4,3,blocaj
154,1,2,1,5.5,3,0.6290332696839506,5,3,supraincarcare
162,1,3,0,4.8,3,0.4206829198810145,4,3,progres
131,2,2,0,4.8,2,0.98,4,3,supraincarcare
158,1,3,0,4.1,3,0.5818123181770456,3,3,progres
112,2,1,1,2.7,3,0.07119706586851154,1,3,progres
94,1,3,0,1.4,1,0.623532600987977,2,1,progres
97,1,1,1,2.4,1,0.98,2,1,autonomie_buna
113,0,1,1,2.8,2,0.98,4,1,autonomie_buna
128,0,2,1,3.0999999999999996,2,0.9624257295078941,3,2,supraincarcare
124,2,5,0,3.8,1,0.19076320832005,4,3,blocaj
64,0,3,0,0.0,1,0.7134774325870877,0,0,progres
197,3,5,0,3.8,4,0.45169965376168064,4,3,progres
115,0,2,0,2.0999999999999996,2,0.5705932033921729,3,1,progres
141,1,2,0,4.5,3,0.1808597083606514,5,3,blocaj
106,1,1,1,2.4,3,0.46225598911528515,2,1,progres
131,0,1,0,2.4,3,0.42291001821118435,2,1,progres
133,1,3,1,1.0,3,0.7173764653245722,0,2,supraincarcare
113,1,1,1,2.8,2,0.6855304429599757,4,2,supraincarcare
153,3,2,1,3.8,4,0.685695879366635,4,3,supraincarcare
137,2,4,0,3.5,2,0.11126070435037569,5,3,blocaj
154,3,3,0,1.0,4,0.45930855517501207,0,3,progres
88,0,2,0,0.7,2,0.4007545192973149,1,0,progres
82,0,1,1,3.5,1,0.7325735285097286,5,1,progres
132,1,3,1,1.0,4,0.9521528758156056,0,2,autonomie_buna
69,3,1,0,2.0999999999999996,1,0.7236939439098132,3,3,supraincarcare
153,2,1,1,3.4,4,0.37543575237199955,2,3,progres
71,1,1,0,3.5,1,0.05,5,2,blocaj
119,2,2,0,4.5,1,0.08851130549208033,5,3,blocaj
139,2,2,0,4.5,3,0.8398598041259248,5,3,supraincarcare
163,2,1,0,5.7,4,0.4208555115657255,1,3,progres
114,1,2,0,3.0999999999999996,2,0.39338910827843027,3,3,progres
100,1,1,1,4.8,1,0.8588867587310096,4,2,supraincarcare
98,2,2,1,3.5,1,0.8797060118459882,5,3,supraincarcare
135,2,2,1,2.0,4,0.5616750693919916,0,3,progres
151,0,2,1,5.5,3,0.4575788569170471,5,2,progres
94,2,1,0,2.4,1,0.4787576768856687,2,2,progres
131,2,5,1,1.0,2,0.5746535490135477,0,3,progres
152,0,6,1,2.0999999999999996,2,0.8395331591832043,3,1,progres
75,0,1,1,2.8,1,0.6627339961403892,4,0,progres
126,1,2,0,1.0,4,0.6776125236304534,0,2,supraincarcare
129,3,4,1,1.0,3,0.8232262944656802,0,3,supraincarcare
109,2,1,0,4.5,1,0.21417310847312282,5,3,blocaj
146,0,1,0,6.5,3,0.7547095056196022,5,2,supraincarcare
112,1,4,1,3.0,2,0.49526877785424106,0,2,progres
110,0,1,0,5.5,1,0.05,5,1,blocaj
104,2,1,0,3.5,2,0.05,5,3,blocaj
128,2,4,0,4.5,1,0.23634273228548866,5,3,blocaj
94,1,2,1,1.7,1,0.6796101732860463,1,1,progres
119,1,2,1,3.0999999999999996,4,0.552736952416924,3,3,progres
164,1,1,0,5.5,3,0.5510556875562856,5,3,progres
102,0,1,1,3.5,1,0.98,5,1,progres
164,2,2,0,5.1,4,0.19503003322842893,3,3,blocaj
138,3,4,1,1.7,3,0.5714378243295419,1,3,progres
169,2,3,1,3.0,4,0.5933474307484198,0,3,supraincarcare
126,1,2,0,1.7,3,0.45297677450605595,1,2,progres
77,0,2,1,0.0,2,0.5470873269380592,0,0,progres
98,0,1,1,2.7,3,0.16593751798869724,1,0,progres
126,2,1,0,1.0,3,0.8372324027926459,0,3,supraincarcare
150,1,1,0,4.8,3,0.4628924631120742,4,3,progres
77,1,1,1,2.0999999999999996,1,0.98,3,1,autonomie_buna
106,1,1,1,3.0999999999999996,2,0.5128107483359134,3,2,progres
122,0,2,1,4.8,1,0.8921121571317352,4,2,supraincarcare
127,1,2,1,3.4,2,0.575914878274941,2,3,progres
87,3,3,1,3.4,1,0.513914123085675,2,3,progres
67,0,1,1,1.7,1,0.37825565234400665,1,0,progres
193,5,4,1,5.4,4,0.509299376726659,2,3,progres
84,3,3,0,0.7,1,0.6238442786199523,1,3,supraincarcare
181,2,2,0,5.1,4,0.40658394221687966,3,3,progres
68,0,1,0,3.5,1,0.5832421569068641,5,1,progres
133,1,1,1,4.1,4,0.34001890622089753,3,3,progres
71,3,1,1,0.7,2,0.9269847398970893,1,3,supraincarcare
142,0,2,1,3.8,3,0.5254772075167691,4,2,progres
170,0,6,0,2.8,2,0.98,4,1,supraincarcare
128,3,2,1,2.4,2,0.5423991873182088,2,3,progres
86,2,1,0,1.7,2,0.6219552720878828,1,2,supraincarcare
150,2,2,0,3.8,3,0.11030296061697865,4,3,blocaj
110,0,2,0,1.7,2,0.36684461782512046,1,0,progres
154,4,2,0,4.5,3,0.597871614997255,5,3,progres
135,3,1,1,2.7,4,0.98,1,3,autonomie_buna
104,1,2,0,2.4,2,0.5881239102667289,2,1,progres
88,0,1,1,2.8,2,0.9592011327564816,4,0,autonomie_buna
53,2,2,1,0.0,1,0.6610262434270505,0,2,supraincarcare
106,1,2,1,1.7,2,0.98,1,1,autonomie_buna
74,0,1,1,2.0,1,0.5925910241220145,0,0,progres
74,2,1,0,2.4,1,0.944538868139385,2,2,supraincarcare
157,1,1,1,4.1,4,0.43216691300815857,3,3,progres
105,1,4,1,1.7,1,0.37981527224786615,1,1,progres
88,0,2,0,1.4,2,0.3120395864696643,2,0,progres
167,4,3,1,3.8,4,0.9459267863521449,4,3,supraincarcare
163,5,1,1,4.5,4,0.7694011868359484,5,3,supraincarcare
82,1,1,1,4.0,1,0.45330678419420106,0,2,progres
122,1,3,1,4.1,1,0.8183091065419124,3,3,supraincarcare
94,1,2,1,1.0,2,0.7670162241523049,0,1,progres
134,2,2,0,4.1,3,0.9412308914760532,3,3,supraincarcare
180,1,1,0,7.5,4,0.13831296529484655,5,3,blocaj
64,0,1,0,2.8,1,0.5318052108932461,4,0,progres
85,2,2,0,1.7,1,0.4606412076221914,1,2,progres
87,1,3,0,0.7,2,0.11108857830270079,1,1,progres
169,1,1,1,4.8,4,0.8683001464548195,4,3,supraincarcare
117,3,4,1,2.8,1,0.4899589419464869,4,3,progres
83,1,1,0,1.7,2,0.7208819650983559,1,1,progres
78,2,1,0,1.0,1,0.9665389290448988,0,2,supraincarcare
80,3,3,0,1.4,1,0.478329662093115,2,3,progres
167,2,4,0,3.0999999999999996,4,0.4959110629636841,3,3,progres
59,2,2,0,1.4,1,0.5650939037028321,2,2,progres
123,0,1,1,3.5,2,0.6828531992058011,5,2,supraincarcare
201,2,2,0,5.8,4,0.4458659417444399,4,3,progres
120,2,2,1,3.8,3,0.36805507098657875,4,3,progres
67,1,2,1,1.0,1,0.9322566971314674,0,1,autonomie_buna
108,2,1,1,3.5,2,0.6332476619752997,5,3,supraincarcare
152,2,2,0,3.8,4,0.05,4,3,blocaj
86,2,1,1,1.4,2,0.24248005340010778,2,2,progres
130,1,1,1,4.1,3,0.8588630418886133,3,3,supraincarcare
155,1,2,1,4.8,3,0.6248227812376047,4,3,supraincarcare
124,1,1,0,4.5,3,0.3230256070671214,5,3,progres
124,2,4,1,3.0999999999999996,1,0.556966683756919,3,3,progres
159,5,3,0,4.0,4,0.48789515137191425,0,3,progres
147,2,2,1,3.0999999999999996,4,0.7557538839807632,3,3,supraincarcare
98,0,4,0,2.8,1,0.16815799227801265,4,0,blocaj
148,3,3,0,2.0,4,0.35703649619878514,0,3,progres
152,1,2,0,3.8,4,0.6238549120153368,4,3,supraincarcare
167,1,5,1,1.7,3,0.5407457238242139,1,2,progres
107,0,1,0,3.5,2,0.6597919037169553,5,1,progres
155,0,6,0,2.0999999999999996,2,0.19143436515528062,3,1,blocaj
137,1,2,0,1.7,4,0.657815641920371,1,2,supraincarcare
49,0,1,1,2.0,1,0.8723610882702032,0,0,autonomie_buna
119,3,3,1,1.0,4,0.6709478784664255,0,3,supraincarcare
155,3,2,0,3.8,4,0.4755515788976597,4,3,progres
154,2,4,0,2.4,3,0.45172161143948397,2,3,progres
115,3,1,0,4.5,2,0.3889138124525269,5,3,progres
117,2,1,1,3.7,3,0.5174471403894786,1,3,progres
117,1,1,0,6.5,1,0.6929977607339486,5,3,blocaj
208,1,5,1,5.5,4,0.5216927096056946,5,3,progres
118,1,4,0,0.0,2,0.3384050561483808,0,2,progres
106,1,2,0,3.0999999999999996,1,0.4021613285590958,3,2,progres
147,3,1,0,4.5,4,0.5286251049233726,5,3,progres
107,4,1,1,1.7,3,0.38910062179087107,1,3,progres
104,2,1,0,1.0,3,0.6863184176842853,0,2,supraincarcare
119,0,3,0,3.5,1,0.648125645265694,5,2,supraincarcare
152,2,1,0,2.4,4,0.7843582722464193,2,3,supraincarcare
110,1,1,1,2.0,3,0.9658770773141848,0,1,autonomie_buna
168,2,1,1,4.5,4,0.7832877174620545,5,3,supraincarcare
213,2,6,0,5.8,4,0.23945122823806764,4,3,blocaj
91,0,3,1,2.0,1,0.353000290907584,0,0,progres
56,1,1,0,2.7,1,0.5370517476032776,1,1,progres
132,3,2,1,1.0,4,0.4329131511340697,0,3,progres
163,2,1,0,6.5,3,0.15038325955341392,5,3,blocaj
62,2,1,0,2.0,2,0.48347307510488946,0,2,progres
115,1,2,1,2.8,2,0.5093490262914937,4,2,progres
163,1,3,0,4.1,3,0.4685621136514957,3,3,progres
158,1,2,1,3.0999999999999996,4,0.4583955166031797,3,3,progres
126,2,5,0,3.8,1,0.779932356751206,4,3,supraincarcare
175,0,1,1,7.5,3,0.5716610711614196,5,2,progres
119,2,1,1,1.0,4,0.98,0,3,autonomie_buna
150,0,6,1,1.0,2,0.5854133623592707,0,1,progres
105,0,3,0,1.0,2,0.44626839140351254,0,0,progres
173,3,2,1,4.8,4,0.4917198003222544,4,3,progres
101,0,2,1,2.0999999999999996,1,0.6084259275178747,3,0,progres
82,2,2,1,0.0,2,0.5045395065417724,0,2,supraincarcare
83,0,1,1,0.7,2,0.98,1,0,autonomie_buna
214,4,6,0,3.0999999999999996,4,0.3262395933684924,3,3,progres
105,1,3,0,2.8,1,0.7701963138636155,4,1,progres
103,0,1,0,4.4,2,0.6376105265593132,2,1,progres
110,0,2,0,3.5,1,0.1472083270443815,5,1,blocaj
217,3,4,0,5.5,4,0.7056958568092224,5,3,supraincarcare
212,1,5,0,5.8,3,0.7834714228983227,4,3,supraincarcare
151,0,4,1,3.4,2,0.3288374984943007,2,2,progres
99,1,1,0,5.5,2,0.4595389763910225,5,2,blocaj
117,1,2,0,5.8,1,0.05,4,3,blocaj
132,2,1,0,3.0999999999999996,4,0.22880455844800748,3,3,blocaj
137,0,2,0,3.4,3,0.7673413058039024,2,2,supraincarcare
121,0,1,0,2.8,2,0.4673953155760818,4,1,progres
105,1,3,0,2.0999999999999996,2,0.13480630096415774,3,1,blocaj
134,0,1,0,1.7,3,0.5634419991505206,1,1,progres
141,0,1,0,5.5,3,0.3588420992589198,5,2,progres
63,1,1,0,0.0,2,0.4872668150414282,0,1,progres
121,0,1,0,3.8,2,0.706243536053478,4,2,supraincarcare
145,1,2,0,3.0999999999999996,3,0.21727085917189323,3,3,blocaj
151,0,2,1,4.1,3,0.3533562005032,3,2,progres
139,2,5,1,1.0,3,0.6026366004292455,0,3,progres
97,1,2,1,2.4,1,0.8697724795482641,2,1,autonomie_buna
129,0,3,1,4.5,2,0.8142534427488107,5,2,supraincarcare
108,1,1,1,2.7,3,0.4000171247680733,1,1,progres
157,2,2,1,3.8,4,0.7724481989194116,4,3,supraincarcare
182,0,4,0,6.5,3,0.3947734322852312,5,2,progres
140,2,1,0,5.5,2,0.9642235316797898,5,3,blocaj
125,1,1,0,4.1,3,0.267834459502844,3,3,blocaj
101,3,2,0,3.7,1,0.7711149869385954,1,3,supraincarcare
94,2,2,0,3.8,1,0.3998488373827906,4,3,progres
139,0,2,1,2.4,3,0.98,2,1,autonomie_buna
154,4,2,0,4.1,4,0.7312957795799465,3,3,supraincarcare
182,2,2,0,4.8,4,0.21384644502614258,4,3,blocaj
165,3,3,1,3.8,3,0.45367908959851516,4,3,progres
68,0,2,0,0.7,1,0.6283773999380184,1,0,progres
169,2,2,1,4.8,4,0.7210377394196924,4,3,supraincarcare
112,0,3,0,2.0999999999999996,2,0.6181342969847167,3,1,progres
144,2,1,0,6.5,2,0.4618345977402926,5,3,blocaj
149,1,2,1,3.0999999999999996,4,0.6768992662429337,3,3,supraincarcare
152,0,2,1,5.5,3,0.588710488791282,5,2,progres
172,2,4,0,4.5,3,0.12330657280745676,5,3,blocaj
123,1,3,0,4.5,2,0.35981077290333296,5,3,progres
168,1,2,0,4.8,4,0.5436216699236058,4,3,supraincarcare
101,0,1,1,2.0999999999999996,2,0.9058572829177555,3,0,autonomie_buna
138,1,4,0,1.0,3,0.8888626657373054,0,2,supraincarcare
164,2,1,0,4.4,4,0.7663244451431875,2,3,supraincarcare
110,1,1,0,2.4,3,0.6317658077353265,2,1,progres
109,0,2,1,4.8,1,0.7402800163538287,4,1,progres
100,0,1,1,4.1,2,0.4022838268999326,3,1,progres
82,1,1,1,1.4,2,0.5492031526779764,2,1,progres
152,1,1,0,2.0,4,0.3337504705315855,0,2,progres
142,2,1,0,4.8,3,0.14596838784503663,4,3,blocaj
91,0,2,1,1.4,2,0.6396844254182403,2,0,progres
88,0,1,1,1.0,3,0.5796470318475566,0,0,progres
122,0,3,0,2.7,3,0.7007297126574696,1,1,progres
142,1,3,0,5.5,2,0.5635791916797547,5,3,blocaj
92,2,1,0,1.0,2,0.6535197562737087,0,2,supraincarcare
173,5,4,1,3.4,4,0.7246777837562168,2,3,supraincarcare
168,0,5,0,4.1,3,0.5155630884074053,3,2,progres
76,1,2,1,2.0,1,0.5704413330732988,0,1,progres
120,1,2,1,1.0,3,0.36178835537349524,0,2,progres
157,2,2,0,5.5,3,0.5954568977778903,5,3,supraincarcare
138,1,3,0,3.0999999999999996,3,0.7303218243948851,3,3,supraincarcare
104,2,1,1,1.7,3,0.43948998489509367,1,2,progres
186,2,3,1,2.7,4,0.5201600944569073,1,3,progres
121,2,1,0,3.4,2,0.382627257539347,2,3,progres
176,3,5,1,3.8,2,0.37500808327625057,4,3,progres
61,1,1,0,2.8,1,0.20789068281843645,4,1,blocaj
130,2,3,1,1.7,3,0.8266738264399459,1,3,supraincarcare
105,0,2,1,2.8,2,0.9360156111359677,4,0,autonomie_buna
138,0,3,0,3.5,2,0.6881206997123915,5,2,supraincarcare
144,0,3,1,1.7,3,0.98,1,1,progres
98,1,2,0,1.0,2,0.4466858651635243,0,1,progres
97,1,1,1,3.5,2,0.9549469585363097,5,2,supraincarcare
96,0,1,1,3.0999999999999996,2,0.5378994208098197,3,1,progres
118,1,1,1,3.8,2,0.5845994926478179,4,3,supraincarcare
80,2,1,1,1.7,1,0.3973862239543926,1,2,progres
127,2,1,0,1.7,4,0.6642312064081334,1,3,supraincarcare
73,0,1,1,1.7,1,0.7107446843343975,1,0,progres
80,4,1,0,0.7,2,0.46744387327339676,1,3,blocaj
142,2,3,1,2.4,3,0.9401417775322641,2,3,supraincarcare
97,0,3,1,1.0,1,0.5915240649033183,0,0,progres
153,1,1,0,5.5,3,0.6640344205891785,5,3,supraincarcare
142,1,1,1,5.1,3,0.29791428244149537,3,3,progres
145,1,1,1,5.5,3,0.6994386435863282,5,3,supraincarcare
102,2,1,1,3.0999999999999996,2,0.4949397716001027,3,3,progres
62,3,1,1,1.7,1,0.42268205395843733,1,3,progres
162,3,2,0,5.1,4,0.3860484380243832,3,3,progres
89,1,1,1,1.0,2,0.98,0,1,autonomie_buna
194,1,4,1,5.8,4,0.4615504973575346,4,3,progres
126,1,3,0,3.8,1,0.11467031986951556,4,3,blocaj
64,0,1,0,1.0,1,0.3558087715071221,0,0,progres
159,1,1,0,4.1,4,0.6171335010331542,3,3,progres
157,1,1,1,4.1,4,0.6510215083481379,3,3,supraincarcare
196,3,6,1,1.7,4,0.7184131249567667,1,3,supraincarcare
137,6,3,1,1.0,4,0.7399421197338881,0,3,supraincarcare
111,2,3,1,2.8,1,0.422647922098062,4,3,progres
144,5,1,1,2.7,4,0.6194697362076889,1,3,supraincarcare
113,1,1,0,4.1,3,0.365018191778888,3,3,progres
128,5,4,0,1.7,1,0.33656533442708414,1,3,blocaj
103,1,1,0,2.0999999999999996,1,0.2521227640338049,3,1,blocaj
142,2,2,1,1.0,4,0.22588449236263536,0,3,progres
108,1,2,1,1.4,2,0.8313936348987576,2,1,autonomie_buna
179,1,2,0,5.1,4,0.7618541031678262,3,3,supraincarcare
95,2,1,0,4.4,1,0.6594778252665698,2,3,supraincarcare
104,1,2,1,2.0999999999999996,2,0.5664762806704193,3,1,progres
115,0,3,1,0.7,2,0.7114985731705956,1,1,progres
95,0,1,0,3.4,2,0.16894837681280414,2,1,progres
116,2,1,0,3.8,3,0.6942805843206166,4,3,supraincarcare
174,5,4,1,3.4,4,0.6029934621184716,2,3,progres
126,1,1,1,1.0,4,0.6962047693998195,0,2,supraincarcare
157,0,2,0,6.5,3,0.7440455956818851,5,2,supraincarcare
80,1,1,0,2.8,1,0.23804706786257884,4,1,blocaj
155,1,1,0,4.8,4,0.17436065368709536,4,3,blocaj
116,2,1,1,3.8,3,0.3334006564218264,4,3,progres
133,0,3,1,4.8,3,0.7150856146018559,4,2,supraincarcare
128,0,2,1,3.8,3,0.7108710434568608,4,2,supraincarcare
177,2,3,0,4.1,4,0.15984224633711364,3,3,blocaj
136,2,2,1,1.0,4,0.345500880895408,0,3,progres
139,1,2,1,3.0999999999999996,3,0.45914167594540095,3,3,progres
127,1,2,0,1.7,3,0.48159706537020347,1,2,progres
121,2,1,0,3.8,3,0.1189839352449857,4,3,blocaj
86,0,1,1,2.4,2,0.21251108987831305,2,0,progres
158,1,4,0,4.5,2,0.40188133454492636,5,3,progres
177,0,5,0,4.1,3,0.5868740622983064,3,2,progres
106,2,1,0,4.1,1,0.12905029877315133,3,3,blocaj
144,2,2,0,5.5,2,0.44510890076058374,5,3,blocaj
152,1,2,1,3.4,3,0.7395879252789318,2,3,supraincarcare
187,2,6,0,2.4,4,0.28113877855959146,2,3,progres
151,0,3,1,2.4,3,0.4723597716089377,2,1,progres
142,2,1,0,4.5,2,0.7641872120381943,5,3,supraincarcare
137,3,4,0,2.8,2,0.43618861580838353,4,3,progres
128,1,2,1,2.0,3,0.48454918734056324,0,2,progres
113,0,1,0,3.4,3,0.8220429891598251,2,2,supraincarcare
101,0,2,0,2.4,1,0.5330800627185527,2,0,progres
145,0,1,0,4.1,3,0.9087974080837402,3,2,supraincarcare
91,0,3,0,0.0,2,0.6462445997251813,0,0,progres
160,0,3,1,3.8,3,0.5346537838118849,4,2,progres
206,3,4,0,5.8,4,0.6275536901077449,4,3,supraincarcare
176,2,4,1,2.7,4,0.6706940174433035,1,3,supraincarcare
132,1,2,1,2.0,3,0.8622938667233752,0,2,autonomie_buna
134,1,3,1,3.0999999999999996,2,0.42862737640811116,3,3,progres
78,1,1,1,0.7,2,0.5805404409653601,1,1,progres
111,1,2,0,3.5,1,0.5642357996892708,5,3,progres
160,2,1,1,3.8,4,0.6540105254757091,4,3,supraincarcare
169,2,2,0,5.5,4,0.18977970026796961,5,3,blocaj
151,3,2,0,3.0999999999999996,4,0.7981929537631641,3,3,supraincarcare
110,1,3,1,3.5,2,0.6378836673489677,5,2,supraincarcare
126,1,4,1,1.0,2,0.2043825434462967,0,2,progres
210,4,6,1,2.7,4,0.9329787522254146,1,3,autonomie_buna
97,1,1,1,1.0,3,0.98,0,1,autonomie_buna
142,0,2,1,3.8,3,0.7774800725532259,4,2,supraincarcare
101,0,1,1,3.0999999999999996,2,0.8851063016277152,3,1,progres
111,3,4,1,0.7,2,0.5874077583159036,1,3,progres
110,0,1,1,1.7,3,0.1537419938771841,1,0,progres
152,3,2,0,4.1,4,0.05,3,3,blocaj
111,0,3,0,1.7,2,0.6432295973824199,1,1,progres
141,1,2,1,3.0999999999999996,4,0.39803726761768254,3,3,progres
107,3,3,0,2.0999999999999996,1,0.2329895364216203,3,3,blocaj
116,1,3,0,1.7,2,0.47602496631664426,1,2,progres
120,1,1,1,1.7,4,0.684281544525434,1,2,supraincarcare
155,1,2,0,3.4,4,0.24420415830274983,2,3,progres
149,2,2,1,3.0999999999999996,4,0.3722271948004377,3,3,progres
129,2,4,0,0.7,2,0.8393615350227449,1,3,supraincarcare
173,3,4,0,3.4,4,0.15656744693156252,2,3,blocaj
179,2,2,1,5.1,4,0.7728815506576402,3,3,supraincarcare
117,2,1,0,1.7,4,0.3668651815213527,1,3,progres
127,1,2,0,5.1,1,0.5669272432824822,3,3,blocaj
155,0,2,1,4.0,3,0.8201265377824528,0,2,supraincarcare
162,2,1,0,4.0,4,0.7205948547014789,0,3,supraincarcare
189,4,4,1,2.7,4,0.8524167659494948,1,3,autonomie_buna
65,1,1,0,0.7,1,0.3105081581212765,1,1,progres
169,1,4,1,1.0,4,0.9564840675029981,0,2,autonomie_buna
119,0,1,0,4.5,1,0.3581030503581721,5,2,progres
96,0,1,0,3.7,2,0.5175416991083798,1,1,progres
167,3,4,0,4.8,3,0.6527234728252164,4,3,supraincarcare
100,2,1,1,4.5,2,0.6727375491537202,5,3,supraincarcare
163,2,2,0,4.8,3,0.6228074141328781,4,3,supraincarcare
76,1,2,1,2.8,1,0.28514693079512143,4,1,progres
89,2,1,1,2.0,3,0.24109682516826056,0,2,progres
111,0,1,0,3.4,3,0.7068976203893205,2,2,supraincarcare
154,1,4,0,4.8,3,0.5422324365355825,4,3,progres
153,4,4,0,4.1,2,0.6974049277827111,3,3,blocaj
71,1,2,0,0.0,2,0.5187200790587637,0,1,progres
83,1,1,0,3.0999999999999996,2,0.12205988854527011,3,2,blocaj
110,0,1,0,3.8,2,0.7921335844847476,4,1,progres
151,1,2,0,4.8,3,0.47874135147933045,4,3,progres
74,2,1,1,2.4,2,0.6054201677079668,2,2,supraincarcare
71,1,1,0,0.7,2,0.3826636769005142,1,1,progres
89,1,1,1,1.7,2,0.98,1,1,autonomie_buna
123,3,4,1,3.7,1,0.34725796947565646,1,3,progres
131,2,1,1,4.4,3,0.4991274614716754,2,3,progres
164,4,3,0,1.7,4,0.5319363094083497,1,3,progres
132,2,1,0,3.4,2,0.36805745674109325,2,3,progres
163,1,5,0,1.0,4,0.6461051759343766,0,2,supraincarcare
112,0,1,1,3.7,3,0.7951031854078893,1,2,supraincarcare
81,1,2,1,1.7,1,0.44551229402452547,1,1,progres
